user_id,event,timestamp
USR003521,app_open,2023-01-19T17:10:26Z
USR001366,app_open,2023-01-24T16:37:40Z
USR001111,card_payment_viewed,2023-01-28T21:59:09Z
USR002499,app_open,2023-02-04T12:52:10Z
USR003107,transfer_started,2023-02-07T01:46:50Z
USR002930,crypto_trade_started,2023-02-08T03:01:32Z
USR002819,crypto_trade_started,2023-02-09T00:20:18Z
USR000259,card_payment_viewed,2023-02-09T12:52:37Z
USR004433,app_open,2023-02-16T23:41:57Z
USR002544,app_open,2023-02-18T06:56:49Z
USR000194,app_open,2023-02-23T22:58:40Z
USR004825,savings_vault_opened,2023-02-28T20:20:08Z
USR003907,card_payment_viewed,2023-03-04T10:01:07Z
USR003363,transfer_started,2023-03-06T13:26:02Z
USR004733,app_open,2023-03-06T23:09:59Z
USR004325,fx_rate_viewed,2023-03-10T11:46:09Z
USR003907,card_payment_viewed,2023-03-12T16:51:33Z
USR001422,app_open,2023-03-13T08:11:11Z
USR001413,crypto_trade_started,2023-03-13T12:03:50Z
USR002045,app_open,2023-03-15T12:04:51Z
USR000693,transfer_started,2023-03-15T21:31:57Z
USR003379,card_payment_viewed,2023-03-17T15:24:23Z
USR000095,card_payment_viewed,2023-03-19T19:59:43Z
USR000940,card_payment_viewed,2023-03-20T16:25:10Z
USR004291,app_open,2023-03-22T17:55:04Z
USR002089,app_open,2023-03-24T18:22:14Z
USR003621,savings_vault_opened,2023-03-25T14:10:27Z
USR000356,transfer_started,2023-03-25T19:24:47Z
USR003039,plan_screen_viewed,2023-03-26T18:18:54Z
USR003401,transfer_completed,2023-03-27T21:59:36Z
USR003521,transfer_completed,2023-03-31T10:04:43Z
USR001413,stock_order_started,2023-03-31T11:48:28Z
USR004536,stock_order_started,2023-04-08T04:24:27Z
USR004536,transfer_completed,2023-04-09T02:36:45Z
USR003078,transfer_completed,2023-04-09T04:28:09Z
USR004222,card_payment_viewed,2023-04-16T21:23:13Z
USR002926,savings_vault_opened,2023-04-17T05:24:17Z
USR002915,transfer_started,2023-04-19T18:42:32Z
USR002729,savings_vault_opened,2023-04-21T21:40:15Z
USR003688,card_payment_viewed,2023-04-22T02:38:59Z
USR004311,app_open,2023-04-22T19:00:49Z
USR002820,card_payment_viewed,2023-04-22T22:39:43Z
USR004851,fx_rate_viewed,2023-04-22T22:40:30Z
USR000527,crypto_trade_started,2023-04-25T14:21:14Z
USR000875,transfer_completed,2023-04-26T06:55:39Z
USR001981,card_payment_viewed,2023-04-26T15:11:15Z
USR004669,card_payment_viewed,2023-04-27T11:38:04Z
USR004339,crypto_trade_started,2023-04-27T16:41:52Z
USR004534,app_open,2023-04-28T20:14:45Z
USR003354,app_open,2023-05-01T06:21:31Z
USR001666,app_open,2023-05-02T05:02:06Z
USR001060,app_open,2023-05-03T04:42:50Z
USR000289,app_open,2023-05-04T03:39:33Z
USR001954,card_payment_viewed,2023-05-04T08:56:18Z
USR004341,transfer_completed,2023-05-04T10:15:13Z
USR003754,fx_rate_viewed,2023-05-04T10:57:13Z
USR004851,support_opened,2023-05-05T07:15:18Z
USR001451,card_payment_viewed,2023-05-05T08:08:40Z
USR000693,app_open,2023-05-05T15:27:59Z
USR000116,plan_screen_viewed,2023-05-05T23:48:00Z
USR003139,card_payment_viewed,2023-05-07T00:16:45Z
USR004488,stock_order_started,2023-05-10T12:29:42Z
USR003401,card_payment_viewed,2023-05-10T22:42:08Z
USR001312,card_payment_viewed,2023-05-14T07:40:00Z
USR001875,support_opened,2023-05-16T00:08:48Z
USR004527,app_open,2023-05-17T13:36:27Z
USR000330,crypto_trade_started,2023-05-18T06:33:02Z
USR000330,fx_rate_viewed,2023-05-19T22:37:57Z
USR003167,app_open,2023-05-20T15:15:14Z
USR001111,stock_order_started,2023-05-21T06:28:25Z
USR000408,card_payment_viewed,2023-05-24T13:36:59Z
USR001296,plan_screen_viewed,2023-05-26T21:20:50Z
USR004180,card_payment_viewed,2023-05-30T19:35:46Z
USR001750,fx_rate_viewed,2023-05-31T18:38:46Z
USR000805,app_open,2023-06-02T06:33:31Z
USR004122,fx_rate_viewed,2023-06-03T11:09:43Z
USR000806,app_open,2023-06-04T23:58:16Z
USR004427,transfer_completed,2023-06-05T15:01:23Z
USR003207,transfer_started,2023-06-08T05:14:48Z
USR000511,app_open,2023-06-09T00:16:31Z
USR003181,transfer_started,2023-06-09T04:21:37Z
USR003108,crypto_trade_started,2023-06-10T02:35:07Z
USR004279,card_payment_viewed,2023-06-10T05:29:51Z
USR001032,app_open,2023-06-12T08:05:13Z
USR002291,savings_vault_opened,2023-06-13T09:18:16Z
USR000232,fx_rate_viewed,2023-06-14T04:55:34Z
USR004124,transfer_completed,2023-06-15T04:38:50Z
USR004895,transfer_started,2023-06-15T05:11:16Z
USR000393,transfer_completed,2023-06-15T11:41:40Z
USR004436,plan_screen_viewed,2023-06-15T12:05:33Z
USR003295,app_open,2023-06-17T06:48:58Z
USR003576,app_open,2023-06-19T16:05:14Z
USR002774,app_open,2023-06-21T14:54:35Z
USR000648,transfer_completed,2023-06-22T11:01:24Z
USR002900,savings_vault_opened,2023-06-22T19:05:36Z
USR001981,fx_rate_viewed,2023-06-22T23:12:26Z
USR001024,transfer_started,2023-06-23T08:01:35Z
USR004832,app_open,2023-06-23T14:47:26Z
USR000394,transfer_started,2023-06-27T23:26:11Z
USR004812,transfer_started,2023-06-28T01:24:55Z
USR000440,transfer_started,2023-06-30T09:51:22Z
USR002232,fx_rate_viewed,2023-07-02T07:18:59Z
USR001060,crypto_trade_started,2023-07-03T03:29:39Z
USR003523,app_open,2023-07-04T14:39:36Z
USR004726,app_open,2023-07-04T17:43:23Z
USR000232,app_open,2023-07-05T13:03:15Z
USR004527,card_payment_viewed,2023-07-06T02:31:44Z
USR002307,transfer_started,2023-07-06T04:48:40Z
USR001105,card_payment_viewed,2023-07-06T12:29:15Z
USR001752,stock_order_started,2023-07-06T21:26:01Z
USR004072,card_payment_viewed,2023-07-10T13:07:32Z
USR000095,transfer_started,2023-07-13T06:46:28Z
USR000438,app_open,2023-07-15T14:22:03Z
USR001440,card_payment_viewed,2023-07-15T20:51:55Z
USR003721,plan_screen_viewed,2023-07-16T17:49:12Z
USR004316,stock_order_started,2023-07-17T00:19:17Z
USR002417,transfer_completed,2023-07-17T06:14:13Z
USR004857,transfer_completed,2023-07-17T19:56:23Z
USR004668,fx_rate_viewed,2023-07-18T11:27:43Z
USR000533,crypto_trade_started,2023-07-19T07:54:02Z
USR001204,fx_rate_viewed,2023-07-19T14:37:39Z
USR004323,transfer_started,2023-07-23T02:18:41Z
USR001700,savings_vault_opened,2023-07-23T20:35:22Z
USR002059,app_open,2023-07-24T03:08:36Z
USR001501,app_open,2023-07-24T04:10:11Z
USR004869,transfer_completed,2023-07-27T07:31:56Z
USR001867,transfer_completed,2023-07-29T03:40:10Z
USR001304,plan_screen_viewed,2023-07-29T21:13:11Z
USR000262,app_open,2023-07-30T03:15:04Z
USR001677,card_payment_viewed,2023-07-30T11:35:48Z
USR004139,app_open,2023-07-31T13:23:09Z
USR004367,app_open,2023-08-01T18:16:25Z
USR002962,app_open,2023-08-02T00:06:59Z
USR000812,transfer_started,2023-08-05T15:18:33Z
USR002944,card_payment_viewed,2023-08-05T22:02:38Z
USR004847,transfer_completed,2023-08-06T00:48:08Z
USR000720,app_open,2023-08-06T11:26:55Z
USR004812,stock_order_started,2023-08-06T23:01:05Z
USR003120,card_payment_viewed,2023-08-07T07:49:51Z
USR000952,card_payment_viewed,2023-08-07T09:43:18Z
USR002584,transfer_started,2023-08-07T11:36:14Z
USR001603,support_opened,2023-08-09T08:31:09Z
USR002072,app_open,2023-08-09T13:38:20Z
USR000867,transfer_started,2023-08-10T02:56:08Z
USR000349,savings_vault_opened,2023-08-10T06:07:24Z
USR001808,transfer_completed,2023-08-10T06:10:55Z
USR002724,savings_vault_opened,2023-08-10T09:14:01Z
USR001853,app_open,2023-08-10T16:55:14Z
USR001099,app_open,2023-08-10T18:17:43Z
USR003020,transfer_completed,2023-08-11T08:46:30Z
USR000511,stock_order_started,2023-08-11T13:56:24Z
USR001842,app_open,2023-08-11T14:10:32Z
USR001453,savings_vault_opened,2023-08-11T20:41:14Z
USR003446,crypto_trade_started,2023-08-12T20:02:20Z
USR003163,fx_rate_viewed,2023-08-13T01:11:17Z
USR003188,app_open,2023-08-13T01:36:45Z
USR000222,app_open,2023-08-13T05:41:42Z
USR003458,card_payment_viewed,2023-08-14T01:13:46Z
USR004912,transfer_started,2023-08-14T11:55:46Z
USR002474,app_open,2023-08-15T19:03:03Z
USR002976,plan_screen_viewed,2023-08-16T00:54:45Z
USR000594,transfer_completed,2023-08-20T08:18:02Z
USR004254,transfer_completed,2023-08-20T10:18:10Z
USR002770,fx_rate_viewed,2023-08-21T19:15:41Z
USR004109,app_open,2023-08-22T21:48:38Z
USR000596,fx_rate_viewed,2023-08-24T06:35:40Z
USR003078,transfer_completed,2023-08-25T00:31:09Z
USR004297,card_payment_viewed,2023-08-25T00:39:53Z
USR001785,savings_vault_opened,2023-08-25T16:18:14Z
USR000090,transfer_started,2023-08-25T20:28:59Z
USR002973,app_open,2023-08-25T21:47:52Z
USR002533,app_open,2023-08-26T14:05:11Z
USR001043,crypto_trade_started,2023-08-27T14:13:37Z
USR003991,transfer_started,2023-08-28T03:28:25Z
USR001885,card_payment_viewed,2023-08-28T10:00:34Z
USR004891,app_open,2023-08-28T15:17:38Z
USR003802,app_open,2023-08-28T22:04:25Z
USR000038,app_open,2023-08-31T10:06:27Z
USR003367,fx_rate_viewed,2023-09-01T04:16:53Z
USR004198,crypto_trade_started,2023-09-01T07:56:21Z
USR004222,crypto_trade_started,2023-09-02T19:43:15Z
USR003401,app_open,2023-09-04T04:33:00Z
USR002505,plan_screen_viewed,2023-09-04T15:42:58Z
USR002384,transfer_started,2023-09-04T18:22:00Z
USR004694,crypto_trade_started,2023-09-05T03:39:03Z
USR004606,plan_screen_viewed,2023-09-05T09:59:23Z
USR004072,app_open,2023-09-07T01:08:51Z
USR001556,card_payment_viewed,2023-09-07T16:07:56Z
USR002832,fx_rate_viewed,2023-09-07T17:43:47Z
USR002629,stock_order_started,2023-09-08T06:03:06Z
USR000773,app_open,2023-09-09T02:21:42Z
USR001375,fx_rate_viewed,2023-09-09T04:35:40Z
USR002699,app_open,2023-09-10T09:31:55Z
USR000396,app_open,2023-09-10T20:20:23Z
USR001673,crypto_trade_started,2023-09-11T17:04:32Z
USR001130,card_payment_viewed,2023-09-12T13:27:53Z
USR003869,app_open,2023-09-13T17:46:40Z
USR000844,transfer_started,2023-09-13T22:13:24Z
USR000795,savings_vault_opened,2023-09-15T03:27:53Z
USR001476,app_open,2023-09-15T03:31:55Z
USR004964,app_open,2023-09-16T07:00:00Z
USR001575,plan_screen_viewed,2023-09-16T16:45:39Z
USR001846,plan_screen_viewed,2023-09-17T04:31:49Z
USR004156,app_open,2023-09-17T23:47:39Z
USR003761,stock_order_started,2023-09-19T12:50:15Z
USR000472,transfer_started,2023-09-19T17:21:23Z
USR001127,fx_rate_viewed,2023-09-20T02:00:27Z
USR004689,app_open,2023-09-20T02:35:55Z
USR000379,card_payment_viewed,2023-09-20T13:42:30Z
USR000054,crypto_trade_started,2023-09-20T19:35:01Z
USR003363,savings_vault_opened,2023-09-21T10:28:38Z
USR000790,crypto_trade_started,2023-09-22T08:21:38Z
USR003078,stock_order_started,2023-09-23T10:10:45Z
USR002222,transfer_started,2023-09-23T10:46:25Z
USR003227,savings_vault_opened,2023-09-23T16:00:32Z
USR004927,transfer_started,2023-09-24T09:03:17Z
USR004060,app_open,2023-09-24T15:12:13Z
USR002395,fx_rate_viewed,2023-09-25T04:31:56Z
USR002819,savings_vault_opened,2023-09-25T23:56:33Z
USR002237,app_open,2023-09-26T23:15:36Z
USR000718,card_payment_viewed,2023-09-27T01:01:16Z
USR003143,fx_rate_viewed,2023-09-27T21:48:19Z
USR000058,transfer_started,2023-09-28T06:02:05Z
USR001694,crypto_trade_started,2023-09-28T15:42:38Z
USR004548,plan_screen_viewed,2023-09-28T16:08:02Z
USR003856,app_open,2023-09-29T10:32:01Z
USR004122,card_payment_viewed,2023-09-29T23:18:20Z
USR003426,app_open,2023-10-01T03:09:35Z
USR001569,crypto_trade_started,2023-10-02T05:39:07Z
USR004671,savings_vault_opened,2023-10-02T18:25:52Z
USR000895,crypto_trade_started,2023-10-03T08:40:33Z
USR001179,card_payment_viewed,2023-10-03T10:15:46Z
USR001167,app_open,2023-10-03T15:42:14Z
USR004581,transfer_completed,2023-10-05T10:32:58Z
USR003240,savings_vault_opened,2023-10-05T13:27:50Z
USR002929,card_payment_viewed,2023-10-05T15:09:35Z
USR002060,savings_vault_opened,2023-10-05T23:21:35Z
USR004899,plan_screen_viewed,2023-10-06T08:59:52Z
USR000386,savings_vault_opened,2023-10-07T05:19:48Z
USR002089,fx_rate_viewed,2023-10-07T07:35:23Z
USR001018,stock_order_started,2023-10-07T16:52:58Z
USR002832,fx_rate_viewed,2023-10-07T17:46:17Z
USR000435,app_open,2023-10-08T04:41:59Z
USR001751,app_open,2023-10-08T11:32:06Z
USR004256,crypto_trade_started,2023-10-09T00:30:13Z
USR002907,app_open,2023-10-09T01:21:09Z
USR000844,transfer_completed,2023-10-09T05:22:54Z
USR001650,app_open,2023-10-09T07:19:05Z
USR002585,transfer_started,2023-10-09T08:31:51Z
USR001519,card_payment_viewed,2023-10-09T17:09:28Z
USR002500,stock_order_started,2023-10-10T18:31:07Z
USR001697,app_open,2023-10-13T01:56:33Z
USR000838,transfer_completed,2023-10-13T03:06:15Z
USR001167,fx_rate_viewed,2023-10-13T09:48:36Z
USR002687,savings_vault_opened,2023-10-13T23:58:09Z
USR002279,app_open,2023-10-14T22:20:39Z
USR002940,app_open,2023-10-15T00:22:20Z
USR003987,crypto_trade_started,2023-10-15T01:34:30Z
USR004079,card_payment_viewed,2023-10-15T08:14:31Z
USR004669,app_open,2023-10-15T14:57:11Z
USR000202,app_open,2023-10-15T20:17:10Z
USR004689,app_open,2023-10-15T23:27:22Z
USR002185,crypto_trade_started,2023-10-17T18:54:58Z
USR004194,transfer_started,2023-10-18T12:55:03Z
USR004291,app_open,2023-10-18T18:27:59Z
USR003231,transfer_completed,2023-10-19T13:27:00Z
USR002198,savings_vault_opened,2023-10-21T05:00:26Z
USR000758,card_payment_viewed,2023-10-21T18:32:19Z
USR002595,stock_order_started,2023-10-23T01:03:08Z
USR000085,savings_vault_opened,2023-10-23T14:14:50Z
USR003991,stock_order_started,2023-10-24T02:09:33Z
USR000622,card_payment_viewed,2023-10-24T03:29:18Z
USR000871,app_open,2023-10-24T09:24:29Z
USR003363,app_open,2023-10-25T00:52:11Z
USR004177,app_open,2023-10-25T02:59:00Z
USR000024,crypto_trade_started,2023-10-25T05:37:42Z
USR003996,crypto_trade_started,2023-10-25T07:02:32Z
USR000288,app_open,2023-10-25T13:42:07Z
USR001788,card_payment_viewed,2023-10-25T15:01:28Z
USR002804,stock_order_started,2023-10-25T19:13:55Z
USR002857,stock_order_started,2023-10-26T07:29:08Z
USR004489,app_open,2023-10-27T12:17:23Z
USR004172,transfer_completed,2023-10-27T12:52:55Z
USR004815,app_open,2023-10-27T15:54:04Z
USR001359,app_open,2023-10-28T15:04:47Z
USR003213,transfer_started,2023-10-30T06:36:15Z
USR002237,support_opened,2023-10-30T10:39:58Z
USR002878,transfer_started,2023-10-30T11:26:01Z
USR002064,card_payment_viewed,2023-10-30T13:08:36Z
USR004487,stock_order_started,2023-10-30T14:39:15Z
USR004092,fx_rate_viewed,2023-10-31T06:18:40Z
USR000893,app_open,2023-10-31T17:00:19Z
USR002595,app_open,2023-10-31T23:34:32Z
USR002871,crypto_trade_started,2023-11-01T05:51:14Z
USR000508,transfer_started,2023-11-01T16:05:16Z
USR003280,card_payment_viewed,2023-11-02T23:37:13Z
USR004016,fx_rate_viewed,2023-11-02T23:58:38Z
USR004059,card_payment_viewed,2023-11-03T11:22:45Z
USR000628,transfer_started,2023-11-03T15:48:47Z
USR001984,stock_order_started,2023-11-04T06:35:45Z
USR004912,card_payment_viewed,2023-11-05T00:27:34Z
USR001948,app_open,2023-11-05T11:40:42Z
USR004404,fx_rate_viewed,2023-11-06T08:31:40Z
USR000534,support_opened,2023-11-06T18:05:06Z
USR002876,app_open,2023-11-07T02:41:03Z
USR002428,app_open,2023-11-07T05:23:15Z
USR004837,stock_order_started,2023-11-07T07:34:20Z
USR000628,plan_screen_viewed,2023-11-08T12:12:49Z
USR001846,transfer_completed,2023-11-08T12:59:25Z
USR002067,transfer_started,2023-11-08T14:28:42Z
USR004250,app_open,2023-11-09T13:47:03Z
USR000635,fx_rate_viewed,2023-11-10T02:53:51Z
USR004325,stock_order_started,2023-11-10T08:28:33Z
USR002424,support_opened,2023-11-10T10:59:38Z
USR000751,fx_rate_viewed,2023-11-11T10:48:34Z
USR000416,transfer_started,2023-11-11T23:44:58Z
USR001798,plan_screen_viewed,2023-11-12T10:38:26Z
USR002671,crypto_trade_started,2023-11-12T14:17:40Z
USR004494,app_open,2023-11-12T21:33:48Z
USR001787,support_opened,2023-11-12T23:49:58Z
USR002185,app_open,2023-11-13T11:14:42Z
USR002729,app_open,2023-11-13T12:37:31Z
USR003213,transfer_completed,2023-11-13T13:40:04Z
USR003085,app_open,2023-11-14T09:58:07Z
USR002374,crypto_trade_started,2023-11-14T10:03:38Z
USR003390,support_opened,2023-11-15T02:40:53Z
USR002887,transfer_started,2023-11-17T00:00:56Z
USR003331,support_opened,2023-11-17T03:02:34Z
USR003602,card_payment_viewed,2023-11-17T03:11:59Z
USR004919,app_open,2023-11-17T15:52:47Z
USR000003,transfer_started,2023-11-17T22:24:44Z
USR001502,card_payment_viewed,2023-11-18T05:41:14Z
USR001748,fx_rate_viewed,2023-11-18T10:56:16Z
USR002067,transfer_started,2023-11-19T07:06:13Z
USR003107,app_open,2023-11-20T03:20:18Z
USR001949,card_payment_viewed,2023-11-20T03:54:47Z
USR001511,support_opened,2023-11-20T04:05:35Z
USR003004,savings_vault_opened,2023-11-20T04:08:00Z
USR000093,card_payment_viewed,2023-11-21T09:41:26Z
USR001030,app_open,2023-11-22T00:28:30Z
USR000047,app_open,2023-11-22T09:39:22Z
USR001341,app_open,2023-11-23T03:41:00Z
USR003256,transfer_started,2023-11-23T12:09:33Z
USR002951,app_open,2023-11-23T14:32:38Z
USR001034,transfer_started,2023-11-24T02:23:48Z
USR000892,app_open,2023-11-24T04:02:05Z
USR002063,plan_screen_viewed,2023-11-24T07:24:34Z
USR004037,app_open,2023-11-24T20:54:04Z
USR001024,transfer_started,2023-11-25T20:01:23Z
USR002433,transfer_started,2023-11-25T21:27:05Z
USR000457,stock_order_started,2023-11-26T16:42:49Z
USR003213,transfer_completed,2023-11-27T19:02:42Z
USR001964,app_open,2023-11-28T06:23:58Z
USR004302,app_open,2023-11-28T10:35:50Z
USR001778,support_opened,2023-11-29T15:57:39Z
USR000612,crypto_trade_started,2023-11-30T13:39:34Z
USR000722,transfer_completed,2023-11-30T18:05:39Z
USR002424,transfer_started,2023-11-30T19:29:26Z
USR004547,card_payment_viewed,2023-11-30T22:32:47Z
USR000613,app_open,2023-12-01T15:54:16Z
USR001206,fx_rate_viewed,2023-12-02T06:30:39Z
USR000244,transfer_completed,2023-12-02T07:46:13Z
USR001298,app_open,2023-12-02T09:12:03Z
USR000469,app_open,2023-12-02T09:24:20Z
USR003217,transfer_completed,2023-12-02T19:44:20Z
USR003315,transfer_completed,2023-12-03T01:16:52Z
USR003031,plan_screen_viewed,2023-12-03T07:41:10Z
USR001139,transfer_completed,2023-12-03T16:23:43Z
USR001519,transfer_started,2023-12-03T19:07:09Z
USR002083,crypto_trade_started,2023-12-03T20:35:09Z
USR003181,transfer_completed,2023-12-03T22:28:54Z
USR000677,crypto_trade_started,2023-12-04T09:04:39Z
USR000095,app_open,2023-12-04T20:21:15Z
USR000898,app_open,2023-12-05T17:06:26Z
USR002348,transfer_completed,2023-12-05T23:05:26Z
USR004341,transfer_started,2023-12-06T08:16:58Z
USR003875,transfer_completed,2023-12-06T11:54:31Z
USR004618,card_payment_viewed,2023-12-06T21:45:04Z
USR004396,transfer_completed,2023-12-07T00:15:21Z
USR000893,app_open,2023-12-07T06:07:31Z
USR004198,app_open,2023-12-07T13:25:24Z
USR004567,app_open,2023-12-09T03:30:21Z
USR002711,app_open,2023-12-09T03:49:09Z
USR001918,app_open,2023-12-09T09:59:52Z
USR000641,transfer_started,2023-12-10T02:09:07Z
USR000648,support_opened,2023-12-10T16:11:51Z
USR000420,stock_order_started,2023-12-10T21:22:51Z
USR000947,app_open,2023-12-11T14:50:10Z
USR001231,savings_vault_opened,2023-12-12T02:24:14Z
USR000682,fx_rate_viewed,2023-12-13T17:06:15Z
USR001575,card_payment_viewed,2023-12-13T20:15:23Z
USR003868,plan_screen_viewed,2023-12-14T03:25:24Z
USR000527,transfer_started,2023-12-14T04:17:56Z
USR003349,app_open,2023-12-15T04:37:15Z
USR003056,card_payment_viewed,2023-12-15T17:24:10Z
USR002433,card_payment_viewed,2023-12-15T23:56:29Z
USR003050,savings_vault_opened,2023-12-16T02:53:29Z
USR000184,card_payment_viewed,2023-12-17T15:52:47Z
USR002211,support_opened,2023-12-17T19:45:39Z
USR000979,savings_vault_opened,2023-12-18T07:25:01Z
USR002391,app_open,2023-12-18T21:00:48Z
USR001364,app_open,2023-12-18T22:14:15Z
USR004078,app_open,2023-12-19T06:53:00Z
USR000594,card_payment_viewed,2023-12-19T16:08:55Z
USR004879,app_open,2023-12-21T02:25:53Z
USR002461,plan_screen_viewed,2023-12-21T04:34:55Z
USR004029,app_open,2023-12-21T21:24:37Z
USR001981,crypto_trade_started,2023-12-21T22:40:41Z
USR002453,fx_rate_viewed,2023-12-21T23:14:45Z
USR002227,savings_vault_opened,2023-12-22T14:37:17Z
USR002890,card_payment_viewed,2023-12-22T17:30:54Z
USR001389,crypto_trade_started,2023-12-23T10:06:15Z
USR002494,app_open,2023-12-24T12:54:41Z
USR002838,app_open,2023-12-26T07:24:55Z
USR001007,app_open,2023-12-26T10:08:28Z
USR001630,app_open,2023-12-26T19:04:56Z
USR002197,transfer_completed,2023-12-26T20:47:29Z
USR002410,crypto_trade_started,2023-12-27T01:35:40Z
USR000626,app_open,2023-12-27T13:01:48Z
USR003925,crypto_trade_started,2023-12-28T01:30:09Z
USR004047,card_payment_viewed,2023-12-28T09:29:28Z
USR002921,app_open,2023-12-28T11:00:44Z
USR002567,plan_screen_viewed,2023-12-29T09:45:17Z
USR001626,transfer_started,2023-12-29T09:48:41Z
USR002403,app_open,2023-12-29T13:03:52Z
USR002983,app_open,2023-12-29T14:55:44Z
USR002619,savings_vault_opened,2023-12-29T17:44:44Z
USR004373,app_open,2023-12-29T19:49:10Z
USR000397,card_payment_viewed,2023-12-30T02:34:40Z
USR002060,stock_order_started,2023-12-30T05:58:14Z
USR004975,fx_rate_viewed,2023-12-30T18:52:08Z
USR003227,app_open,2023-12-30T21:26:04Z
USR004264,app_open,2023-12-31T10:06:43Z
USR003849,stock_order_started,2024-01-01T09:38:50Z
USR001482,app_open,2024-01-02T09:37:42Z
USR003659,app_open,2024-01-02T16:51:26Z
USR000591,card_payment_viewed,2024-01-02T21:15:44Z
USR001347,transfer_started,2024-01-03T20:59:31Z
USR002234,transfer_completed,2024-01-03T23:40:41Z
USR000682,app_open,2024-01-04T00:47:41Z
USR002813,app_open,2024-01-04T03:40:32Z
USR001721,savings_vault_opened,2024-01-04T12:23:39Z
USR003256,app_open,2024-01-05T02:45:49Z
USR002067,transfer_started,2024-01-05T16:16:12Z
USR002804,app_open,2024-01-05T22:12:29Z
USR004874,stock_order_started,2024-01-07T15:03:48Z
USR001650,savings_vault_opened,2024-01-08T12:19:39Z
USR004130,crypto_trade_started,2024-01-09T11:34:54Z
USR003649,stock_order_started,2024-01-09T21:03:21Z
USR001658,support_opened,2024-01-10T06:51:59Z
USR003040,fx_rate_viewed,2024-01-10T09:08:17Z
USR001726,transfer_started,2024-01-11T21:22:11Z
USR001749,crypto_trade_started,2024-01-12T00:01:01Z
USR001007,app_open,2024-01-12T08:53:45Z
USR004257,app_open,2024-01-13T02:30:25Z
USR002362,transfer_completed,2024-01-14T03:43:25Z
USR004971,transfer_started,2024-01-14T09:30:29Z
USR004786,app_open,2024-01-14T17:58:09Z
USR003987,transfer_started,2024-01-14T22:26:30Z
USR004157,crypto_trade_started,2024-01-15T12:47:07Z
USR001210,support_opened,2024-01-15T18:31:49Z
USR004499,card_payment_viewed,2024-01-15T19:41:50Z
USR002955,card_payment_viewed,2024-01-16T12:25:57Z
USR001149,transfer_started,2024-01-16T21:00:46Z
USR004051,app_open,2024-01-17T00:01:36Z
USR002600,transfer_started,2024-01-17T12:51:47Z
USR003129,stock_order_started,2024-01-18T09:01:58Z
USR001442,app_open,2024-01-18T14:06:16Z
USR002188,card_payment_viewed,2024-01-20T05:23:30Z
USR002305,transfer_started,2024-01-20T07:37:45Z
USR000513,support_opened,2024-01-20T12:09:14Z
USR004635,app_open,2024-01-20T18:22:45Z
USR004650,app_open,2024-01-21T05:35:05Z
USR003566,plan_screen_viewed,2024-01-21T07:44:47Z
USR003106,transfer_started,2024-01-21T09:01:21Z
USR004950,transfer_started,2024-01-22T03:46:46Z
USR002845,transfer_completed,2024-01-22T05:05:50Z
USR003450,transfer_completed,2024-01-22T08:51:41Z
USR004636,app_open,2024-01-22T15:15:22Z
USR003331,support_opened,2024-01-23T03:03:07Z
USR000728,transfer_completed,2024-01-23T12:33:21Z
USR001249,transfer_started,2024-01-23T22:40:01Z
USR003940,savings_vault_opened,2024-01-23T23:58:05Z
USR001930,app_open,2024-01-25T11:17:16Z
USR000776,savings_vault_opened,2024-01-25T12:16:52Z
USR000774,app_open,2024-01-25T22:03:01Z
USR000813,card_payment_viewed,2024-01-26T19:39:22Z
USR001627,app_open,2024-01-27T00:02:38Z
USR004763,savings_vault_opened,2024-01-28T11:58:06Z
USR001167,card_payment_viewed,2024-01-29T13:54:47Z
USR004817,card_payment_viewed,2024-01-29T19:00:21Z
USR002256,crypto_trade_started,2024-01-30T07:10:34Z
USR004177,card_payment_viewed,2024-01-31T12:05:20Z
USR003475,app_open,2024-01-31T19:29:29Z
USR002164,app_open,2024-02-01T09:15:52Z
USR004375,stock_order_started,2024-02-02T11:59:01Z
USR004149,crypto_trade_started,2024-02-04T03:43:14Z
USR002010,stock_order_started,2024-02-04T21:37:32Z
USR003416,app_open,2024-02-05T21:45:54Z
USR002844,support_opened,2024-02-06T04:01:36Z
USR002462,app_open,2024-02-06T09:06:17Z
USR002362,app_open,2024-02-08T08:32:23Z
USR002693,app_open,2024-02-08T18:12:58Z
USR002525,app_open,2024-02-09T01:30:19Z
USR000250,app_open,2024-02-09T05:44:40Z
USR002448,crypto_trade_started,2024-02-09T11:50:23Z
USR003535,transfer_completed,2024-02-09T15:12:08Z
USR004329,transfer_completed,2024-02-10T10:12:52Z
USR002524,app_open,2024-02-10T10:18:05Z
USR003022,app_open,2024-02-10T15:43:05Z
USR001111,fx_rate_viewed,2024-02-10T16:25:13Z
USR001798,transfer_started,2024-02-10T18:01:25Z
USR000857,fx_rate_viewed,2024-02-11T17:20:24Z
USR003050,crypto_trade_started,2024-02-11T19:05:36Z
USR002613,app_open,2024-02-12T02:35:02Z
USR001327,app_open,2024-02-12T19:20:27Z
USR004784,stock_order_started,2024-02-13T02:17:38Z
USR004643,app_open,2024-02-13T13:42:10Z
USR001613,app_open,2024-02-13T17:00:58Z
USR003090,card_payment_viewed,2024-02-14T05:36:39Z
USR004743,support_opened,2024-02-15T06:27:15Z
USR004776,app_open,2024-02-15T07:16:06Z
USR004015,app_open,2024-02-15T09:56:45Z
USR001613,card_payment_viewed,2024-02-15T19:57:12Z
USR002327,app_open,2024-02-16T10:06:55Z
USR003269,stock_order_started,2024-02-17T03:52:37Z
USR001300,app_open,2024-02-17T03:59:03Z
USR000613,app_open,2024-02-17T23:52:30Z
USR000657,card_payment_viewed,2024-02-18T00:44:24Z
USR004126,fx_rate_viewed,2024-02-18T04:23:44Z
USR001915,savings_vault_opened,2024-02-18T12:02:21Z
USR002478,plan_screen_viewed,2024-02-18T21:28:07Z
USR001046,app_open,2024-02-18T23:43:48Z
USR001550,fx_rate_viewed,2024-02-19T04:29:30Z
USR003458,fx_rate_viewed,2024-02-19T04:34:49Z
USR003952,app_open,2024-02-19T06:33:12Z
USR003558,card_payment_viewed,2024-02-19T19:32:35Z
USR000591,app_open,2024-02-20T00:04:54Z
USR002283,app_open,2024-02-20T00:34:08Z
USR001426,crypto_trade_started,2024-02-20T01:49:07Z
USR003581,stock_order_started,2024-02-20T02:06:26Z
USR003429,transfer_completed,2024-02-20T16:45:55Z
USR004052,transfer_started,2024-02-21T06:53:13Z
USR003329,plan_screen_viewed,2024-02-21T08:09:11Z
USR001368,card_payment_viewed,2024-02-21T20:10:42Z
USR003577,app_open,2024-02-22T02:12:40Z
USR004706,app_open,2024-02-22T03:26:06Z
USR000379,plan_screen_viewed,2024-02-22T11:21:39Z
USR004487,savings_vault_opened,2024-02-23T00:35:09Z
USR002798,crypto_trade_started,2024-02-23T01:48:31Z
USR001828,crypto_trade_started,2024-02-23T06:16:27Z
USR004860,app_open,2024-02-24T06:13:07Z
USR002567,app_open,2024-02-24T15:14:05Z
USR002863,crypto_trade_started,2024-02-24T16:35:03Z
USR002493,savings_vault_opened,2024-02-24T21:02:58Z
USR000509,transfer_completed,2024-02-25T01:39:41Z
USR002482,crypto_trade_started,2024-02-25T13:28:33Z
USR004581,app_open,2024-02-25T17:00:55Z
USR002857,crypto_trade_started,2024-02-26T06:35:50Z
USR000298,app_open,2024-02-26T10:21:38Z
USR004585,card_payment_viewed,2024-02-26T14:29:34Z
USR003326,crypto_trade_started,2024-02-27T11:21:54Z
USR001966,transfer_completed,2024-02-27T13:40:46Z
USR000793,app_open,2024-02-28T10:01:00Z
USR004336,transfer_started,2024-02-28T12:58:45Z
USR004693,app_open,2024-02-28T20:29:56Z
USR004932,app_open,2024-02-29T02:30:58Z
USR004971,transfer_completed,2024-02-29T06:25:44Z
USR000310,card_payment_viewed,2024-02-29T08:13:06Z
USR000987,card_payment_viewed,2024-02-29T14:01:59Z
USR004250,app_open,2024-02-29T17:29:53Z
USR001861,transfer_started,2024-03-01T01:56:58Z
USR000219,transfer_started,2024-03-02T09:52:47Z
USR001206,support_opened,2024-03-03T03:59:15Z
USR001459,transfer_started,2024-03-03T04:05:26Z
USR003445,crypto_trade_started,2024-03-04T02:00:58Z
USR001718,app_open,2024-03-04T16:56:39Z
USR004364,app_open,2024-03-04T22:17:42Z
USR000734,crypto_trade_started,2024-03-04T23:02:26Z
USR002006,transfer_started,2024-03-05T05:48:28Z
USR000902,app_open,2024-03-06T10:01:26Z
USR000465,transfer_started,2024-03-06T14:35:31Z
USR004448,savings_vault_opened,2024-03-06T21:16:14Z
USR001998,app_open,2024-03-06T22:28:04Z
USR001171,transfer_started,2024-03-07T02:11:35Z
USR002715,plan_screen_viewed,2024-03-07T02:37:44Z
USR002739,transfer_started,2024-03-07T05:21:49Z
USR002922,plan_screen_viewed,2024-03-07T20:04:57Z
USR004325,card_payment_viewed,2024-03-08T22:31:33Z
USR000647,app_open,2024-03-09T19:46:51Z
USR000314,stock_order_started,2024-03-09T22:38:29Z
USR000329,fx_rate_viewed,2024-03-10T13:49:59Z
USR001848,app_open,2024-03-11T04:08:04Z
USR000538,app_open,2024-03-11T10:34:37Z
USR004886,stock_order_started,2024-03-11T19:30:13Z
USR002116,plan_screen_viewed,2024-03-12T08:45:32Z
USR002088,app_open,2024-03-12T08:47:58Z
USR002693,app_open,2024-03-12T23:30:18Z
USR000682,transfer_started,2024-03-13T11:50:05Z
USR000976,app_open,2024-03-13T12:51:01Z
USR000805,app_open,2024-03-13T13:49:58Z
USR001655,fx_rate_viewed,2024-03-13T16:34:25Z
USR000774,transfer_completed,2024-03-14T05:34:41Z
USR002511,card_payment_viewed,2024-03-14T11:56:02Z
USR002348,transfer_completed,2024-03-15T09:06:25Z
USR003090,stock_order_started,2024-03-15T13:08:54Z
USR002614,fx_rate_viewed,2024-03-16T05:04:07Z
USR002341,card_payment_viewed,2024-03-16T15:19:22Z
USR001388,card_payment_viewed,2024-03-16T15:30:07Z
USR001223,card_payment_viewed,2024-03-16T23:17:38Z
USR003251,crypto_trade_started,2024-03-17T03:08:56Z
USR002133,plan_screen_viewed,2024-03-17T05:05:49Z
USR000874,transfer_started,2024-03-17T11:48:08Z
USR002576,app_open,2024-03-17T21:09:10Z
USR001843,transfer_completed,2024-03-18T06:41:16Z
USR000789,transfer_completed,2024-03-18T12:06:16Z
USR000728,fx_rate_viewed,2024-03-18T22:07:34Z
USR003630,card_payment_viewed,2024-03-19T01:07:54Z
USR000497,card_payment_viewed,2024-03-19T19:35:21Z
USR000921,card_payment_viewed,2024-03-20T01:07:00Z
USR001908,app_open,2024-03-20T21:27:36Z
USR002641,transfer_completed,2024-03-21T01:19:41Z
USR002499,stock_order_started,2024-03-21T03:53:21Z
USR001923,app_open,2024-03-21T09:14:37Z
USR002996,stock_order_started,2024-03-23T00:06:50Z
USR003535,transfer_completed,2024-03-23T10:12:01Z
USR001655,fx_rate_viewed,2024-03-23T15:24:55Z
USR004766,plan_screen_viewed,2024-03-23T18:32:13Z
USR003949,card_payment_viewed,2024-03-24T00:05:43Z
USR004851,app_open,2024-03-24T03:46:04Z
USR004122,plan_screen_viewed,2024-03-24T13:07:25Z
USR004734,plan_screen_viewed,2024-03-27T02:15:46Z
USR004719,card_payment_viewed,2024-03-27T10:59:35Z
USR001128,card_payment_viewed,2024-03-27T17:12:16Z
USR002593,card_payment_viewed,2024-03-29T01:27:32Z
USR001329,savings_vault_opened,2024-03-29T10:09:11Z
USR002208,card_payment_viewed,2024-03-30T00:32:42Z
USR003909,app_open,2024-03-30T03:09:45Z
USR004468,transfer_started,2024-03-30T06:48:40Z
USR001549,app_open,2024-03-30T17:52:47Z
USR001838,plan_screen_viewed,2024-03-31T06:47:40Z
USR003766,card_payment_viewed,2024-03-31T18:34:53Z
USR001393,crypto_trade_started,2024-04-01T03:25:38Z
USR001627,transfer_completed,2024-04-01T12:14:26Z
USR003042,app_open,2024-04-01T14:56:14Z
USR003032,app_open,2024-04-01T16:47:52Z
USR002895,savings_vault_opened,2024-04-01T19:12:02Z
USR000725,card_payment_viewed,2024-04-01T23:33:18Z
USR000455,transfer_completed,2024-04-02T02:54:54Z
USR003773,crypto_trade_started,2024-04-02T03:12:11Z
USR001979,card_payment_viewed,2024-04-02T05:25:35Z
USR000337,transfer_started,2024-04-02T21:45:48Z
USR001494,savings_vault_opened,2024-04-03T02:43:12Z
USR004531,transfer_started,2024-04-03T05:09:24Z
USR003892,stock_order_started,2024-04-03T09:18:52Z
USR000295,app_open,2024-04-03T10:41:29Z
USR001630,fx_rate_viewed,2024-04-03T15:19:46Z
USR002728,app_open,2024-04-03T15:40:40Z
USR002890,fx_rate_viewed,2024-04-03T20:13:07Z
USR004666,plan_screen_viewed,2024-04-04T13:58:34Z
USR002760,transfer_started,2024-04-04T14:33:44Z
USR000232,card_payment_viewed,2024-04-04T17:20:19Z
USR001999,transfer_started,2024-04-04T19:50:27Z
USR001898,fx_rate_viewed,2024-04-04T20:33:21Z
USR001866,app_open,2024-04-05T06:49:46Z
USR002490,transfer_completed,2024-04-05T22:07:57Z
USR003077,card_payment_viewed,2024-04-06T01:02:30Z
USR001363,app_open,2024-04-06T09:57:11Z
USR004232,card_payment_viewed,2024-04-07T13:33:01Z
USR000568,card_payment_viewed,2024-04-07T14:39:18Z
USR003933,app_open,2024-04-08T08:45:19Z
USR001322,app_open,2024-04-08T12:26:06Z
USR001763,card_payment_viewed,2024-04-08T14:54:37Z
USR002695,app_open,2024-04-09T03:05:41Z
USR000263,transfer_started,2024-04-09T07:36:34Z
USR004719,app_open,2024-04-09T21:08:12Z
USR004406,card_payment_viewed,2024-04-10T10:15:53Z
USR002749,card_payment_viewed,2024-04-10T11:52:10Z
USR000476,app_open,2024-04-10T14:58:37Z
USR000394,transfer_completed,2024-04-10T17:58:35Z
USR002802,transfer_completed,2024-04-10T23:58:27Z
USR000353,card_payment_viewed,2024-04-11T10:51:51Z
USR004920,app_open,2024-04-11T22:21:47Z
USR003442,transfer_completed,2024-04-12T07:27:22Z
USR001723,app_open,2024-04-12T14:21:47Z
USR001848,plan_screen_viewed,2024-04-13T00:26:15Z
USR004254,transfer_started,2024-04-13T02:10:40Z
USR000170,transfer_started,2024-04-13T20:12:33Z
USR003119,app_open,2024-04-13T23:35:24Z
USR000573,transfer_started,2024-04-14T07:36:55Z
USR004389,app_open,2024-04-14T13:44:14Z
USR000214,card_payment_viewed,2024-04-14T15:21:32Z
USR001556,app_open,2024-04-15T00:35:25Z
USR004436,card_payment_viewed,2024-04-15T08:10:40Z
USR001029,fx_rate_viewed,2024-04-15T14:41:07Z
USR004122,plan_screen_viewed,2024-04-15T18:10:02Z
USR001169,app_open,2024-04-17T00:22:51Z
USR002498,stock_order_started,2024-04-17T04:10:51Z
USR003539,app_open,2024-04-17T04:23:02Z
USR003347,app_open,2024-04-17T05:30:06Z
USR002926,transfer_started,2024-04-18T01:23:54Z
USR004625,app_open,2024-04-18T01:28:49Z
USR000896,transfer_started,2024-04-19T00:21:42Z
USR004734,plan_screen_viewed,2024-04-19T07:18:00Z
USR001002,app_open,2024-04-19T10:23:00Z
USR002243,stock_order_started,2024-04-19T11:07:01Z
USR000744,card_payment_viewed,2024-04-19T18:27:11Z
USR002459,transfer_started,2024-04-20T03:05:38Z
USR002665,app_open,2024-04-20T13:09:55Z
USR004786,transfer_started,2024-04-20T23:14:57Z
USR001490,transfer_completed,2024-04-21T00:08:59Z
USR001405,transfer_completed,2024-04-21T06:56:25Z
USR003445,transfer_started,2024-04-21T21:48:25Z
USR001044,card_payment_viewed,2024-04-21T23:10:46Z
USR003702,card_payment_viewed,2024-04-22T09:40:36Z
USR003066,crypto_trade_started,2024-04-22T18:59:04Z
USR003079,transfer_completed,2024-04-22T21:13:17Z
USR003000,transfer_started,2024-04-23T11:47:10Z
USR000857,app_open,2024-04-23T16:06:36Z
USR000459,app_open,2024-04-23T17:33:27Z
USR002749,app_open,2024-04-24T03:25:18Z
USR002208,card_payment_viewed,2024-04-24T05:36:31Z
USR002015,app_open,2024-04-25T01:22:41Z
USR004984,transfer_completed,2024-04-25T07:14:04Z
USR002867,app_open,2024-04-25T08:58:32Z
USR000823,app_open,2024-04-25T11:29:07Z
USR004688,app_open,2024-04-25T12:08:33Z
USR001254,stock_order_started,2024-04-25T13:58:41Z
USR003212,card_payment_viewed,2024-04-25T21:50:40Z
USR003188,app_open,2024-04-26T03:50:43Z
USR002749,stock_order_started,2024-04-26T11:37:08Z
USR004419,app_open,2024-04-26T23:12:34Z
USR002879,transfer_started,2024-04-27T21:02:39Z
USR004644,app_open,2024-04-28T07:26:25Z
USR001757,app_open,2024-04-28T12:52:28Z
USR001632,support_opened,2024-04-28T14:00:42Z
USR003353,app_open,2024-04-29T07:46:04Z
USR004360,app_open,2024-04-30T02:04:11Z
USR004224,card_payment_viewed,2024-04-30T03:37:40Z
USR002582,savings_vault_opened,2024-04-30T21:27:41Z
USR000764,card_payment_viewed,2024-05-01T21:02:12Z
USR004788,transfer_completed,2024-05-02T03:12:58Z
USR003151,app_open,2024-05-02T19:10:13Z
USR003105,app_open,2024-05-03T14:29:05Z
USR004521,card_payment_viewed,2024-05-04T00:14:14Z
USR001600,savings_vault_opened,2024-05-04T02:22:00Z
USR002582,app_open,2024-05-04T17:14:38Z
USR002909,app_open,2024-05-04T19:05:02Z
USR000215,transfer_started,2024-05-04T19:47:16Z
USR004021,app_open,2024-05-04T20:47:52Z
USR001715,transfer_started,2024-05-05T12:00:17Z
USR002584,transfer_started,2024-05-05T17:12:16Z
USR004527,app_open,2024-05-06T00:15:57Z
USR002082,app_open,2024-05-06T13:49:05Z
USR001094,savings_vault_opened,2024-05-06T15:20:50Z
USR004900,card_payment_viewed,2024-05-07T00:33:15Z
USR002828,transfer_started,2024-05-07T10:51:51Z
USR001861,transfer_completed,2024-05-07T12:31:27Z
USR004000,transfer_completed,2024-05-08T02:11:05Z
USR003090,transfer_started,2024-05-08T12:12:09Z
USR000609,crypto_trade_started,2024-05-09T01:20:21Z
USR003758,plan_screen_viewed,2024-05-09T08:28:54Z
USR002247,crypto_trade_started,2024-05-09T08:42:27Z
USR002812,app_open,2024-05-09T20:18:42Z
USR001134,app_open,2024-05-09T22:26:37Z
USR000839,app_open,2024-05-10T05:06:38Z
USR001668,plan_screen_viewed,2024-05-10T09:57:40Z
USR003587,app_open,2024-05-11T00:53:43Z
USR004951,transfer_started,2024-05-11T10:27:16Z
USR002412,card_payment_viewed,2024-05-12T10:59:14Z
USR003502,fx_rate_viewed,2024-05-12T13:13:10Z
USR004623,transfer_started,2024-05-12T15:27:36Z
USR003637,app_open,2024-05-12T18:20:00Z
USR000527,transfer_started,2024-05-12T19:36:58Z
USR002922,app_open,2024-05-13T09:48:53Z
USR001058,transfer_started,2024-05-13T15:03:35Z
USR001138,savings_vault_opened,2024-05-13T20:07:47Z
USR002192,card_payment_viewed,2024-05-13T22:07:30Z
USR003085,transfer_completed,2024-05-13T23:51:25Z
USR000388,app_open,2024-05-14T04:11:53Z
USR001650,plan_screen_viewed,2024-05-15T02:39:38Z
USR001794,fx_rate_viewed,2024-05-15T04:43:46Z
USR004874,app_open,2024-05-15T05:45:40Z
USR000369,stock_order_started,2024-05-15T06:44:01Z
USR004355,app_open,2024-05-15T23:31:12Z
USR004814,app_open,2024-05-16T05:28:42Z
USR001334,crypto_trade_started,2024-05-16T07:04:19Z
USR001008,app_open,2024-05-16T12:15:01Z
USR000525,app_open,2024-05-16T12:30:51Z
USR000597,app_open,2024-05-16T17:22:55Z
USR002159,support_opened,2024-05-17T03:39:24Z
USR003498,crypto_trade_started,2024-05-17T04:37:40Z
USR000616,savings_vault_opened,2024-05-17T11:45:14Z
USR002184,transfer_completed,2024-05-18T02:05:05Z
USR002468,app_open,2024-05-18T07:49:07Z
USR003630,transfer_started,2024-05-18T08:03:41Z
USR000127,app_open,2024-05-18T11:35:42Z
USR002978,transfer_started,2024-05-18T11:56:13Z
USR004968,app_open,2024-05-18T15:38:47Z
USR002869,transfer_completed,2024-05-18T20:18:14Z
USR002556,transfer_completed,2024-05-19T03:45:31Z
USR001672,fx_rate_viewed,2024-05-19T06:51:43Z
USR002116,app_open,2024-05-19T11:43:54Z
USR004809,crypto_trade_started,2024-05-19T15:19:52Z
USR002896,fx_rate_viewed,2024-05-20T00:29:11Z
USR004783,plan_screen_viewed,2024-05-20T07:11:32Z
USR003241,app_open,2024-05-20T16:41:17Z
USR000995,app_open,2024-05-21T12:57:30Z
USR003002,card_payment_viewed,2024-05-21T17:17:50Z
USR001366,app_open,2024-05-22T11:17:23Z
USR004008,transfer_completed,2024-05-22T11:20:48Z
USR002977,transfer_completed,2024-05-22T16:55:47Z
USR003496,transfer_started,2024-05-22T23:52:31Z
USR004926,transfer_completed,2024-05-23T08:01:37Z
USR000194,transfer_started,2024-05-23T19:44:14Z
USR002442,app_open,2024-05-24T07:31:04Z
USR002620,app_open,2024-05-24T20:12:42Z
USR002383,stock_order_started,2024-05-25T05:53:46Z
USR004840,crypto_trade_started,2024-05-25T09:53:24Z
USR000702,plan_screen_viewed,2024-05-25T10:50:31Z
USR000161,crypto_trade_started,2024-05-25T11:22:48Z
USR001637,app_open,2024-05-25T13:28:43Z
USR000282,app_open,2024-05-26T02:19:02Z
USR002861,transfer_completed,2024-05-26T14:20:43Z
USR004001,card_payment_viewed,2024-05-26T20:53:19Z
USR004757,support_opened,2024-05-26T23:48:51Z
USR002609,savings_vault_opened,2024-05-27T19:48:09Z
USR003333,transfer_started,2024-05-27T22:42:14Z
USR002419,app_open,2024-05-28T18:28:57Z
USR004026,card_payment_viewed,2024-05-29T01:17:04Z
USR002476,crypto_trade_started,2024-05-29T11:32:12Z
USR001428,card_payment_viewed,2024-05-30T01:17:41Z
USR000622,support_opened,2024-05-30T09:31:06Z
USR000537,crypto_trade_started,2024-05-30T18:13:35Z
USR002223,app_open,2024-05-30T19:02:03Z
USR003473,support_opened,2024-05-30T19:36:26Z
USR003020,fx_rate_viewed,2024-05-30T23:48:01Z
USR000298,app_open,2024-05-31T04:07:51Z
USR004321,app_open,2024-05-31T11:00:38Z
USR001320,card_payment_viewed,2024-05-31T17:59:59Z
USR003596,app_open,2024-05-31T21:37:27Z
USR000331,card_payment_viewed,2024-06-01T01:47:50Z
USR003289,app_open,2024-06-01T07:09:33Z
USR001143,transfer_started,2024-06-01T16:04:09Z
USR003298,fx_rate_viewed,2024-06-01T18:05:43Z
USR002564,card_payment_viewed,2024-06-01T19:05:56Z
USR000386,plan_screen_viewed,2024-06-02T00:56:30Z
USR001694,savings_vault_opened,2024-06-02T02:03:48Z
USR001305,app_open,2024-06-02T02:07:53Z
USR001914,transfer_started,2024-06-02T04:51:32Z
USR001229,transfer_completed,2024-06-02T08:11:58Z
USR000961,app_open,2024-06-02T09:36:15Z
USR004300,plan_screen_viewed,2024-06-02T09:53:45Z
USR004743,transfer_started,2024-06-02T13:09:40Z
USR002720,app_open,2024-06-03T07:45:09Z
USR002866,fx_rate_viewed,2024-06-04T05:58:32Z
USR000667,card_payment_viewed,2024-06-04T07:10:38Z
USR002474,app_open,2024-06-04T08:50:11Z
USR004194,stock_order_started,2024-06-05T05:51:36Z
USR002417,app_open,2024-06-05T11:56:22Z
USR003152,support_opened,2024-06-05T17:12:16Z
USR004425,transfer_completed,2024-06-06T04:33:14Z
USR003890,card_payment_viewed,2024-06-06T06:05:25Z
USR004987,app_open,2024-06-06T07:26:52Z
USR000042,app_open,2024-06-06T08:35:53Z
USR000774,transfer_completed,2024-06-06T08:55:44Z
USR003607,app_open,2024-06-06T13:19:01Z
USR000355,card_payment_viewed,2024-06-06T14:47:44Z
USR003893,transfer_started,2024-06-06T23:35:45Z
USR004650,stock_order_started,2024-06-07T02:35:30Z
USR001801,savings_vault_opened,2024-06-07T03:09:44Z
USR001191,app_open,2024-06-07T03:39:18Z
USR002598,crypto_trade_started,2024-06-07T15:20:42Z
USR000409,savings_vault_opened,2024-06-07T15:59:57Z
USR002801,fx_rate_viewed,2024-06-08T10:04:05Z
USR000404,crypto_trade_started,2024-06-08T11:14:07Z
USR004935,transfer_completed,2024-06-08T13:57:48Z
USR004395,crypto_trade_started,2024-06-09T10:59:30Z
USR002486,fx_rate_viewed,2024-06-09T19:28:43Z
USR003459,app_open,2024-06-09T22:20:18Z
USR001115,stock_order_started,2024-06-09T23:26:20Z
USR000677,fx_rate_viewed,2024-06-10T19:38:18Z
USR002778,savings_vault_opened,2024-06-10T22:16:36Z
USR002546,app_open,2024-06-10T23:03:00Z
USR004297,card_payment_viewed,2024-06-11T00:06:10Z
USR002930,app_open,2024-06-11T01:57:12Z
USR003458,app_open,2024-06-11T02:08:07Z
USR000131,card_payment_viewed,2024-06-11T15:16:13Z
USR003586,card_payment_viewed,2024-06-11T21:48:04Z
USR004166,crypto_trade_started,2024-06-12T06:48:52Z
USR001828,stock_order_started,2024-06-12T06:49:57Z
USR000560,card_payment_viewed,2024-06-12T14:50:07Z
USR001126,card_payment_viewed,2024-06-12T20:54:29Z
USR004545,app_open,2024-06-13T03:49:20Z
USR003212,stock_order_started,2024-06-13T07:21:48Z
USR002315,transfer_completed,2024-06-13T18:56:14Z
USR000708,app_open,2024-06-14T18:20:45Z
USR004456,transfer_started,2024-06-15T14:39:20Z
USR004270,transfer_started,2024-06-16T07:16:49Z
USR001281,fx_rate_viewed,2024-06-16T12:25:26Z
USR000374,app_open,2024-06-16T18:53:31Z
USR003349,transfer_completed,2024-06-16T19:21:23Z
USR004694,transfer_completed,2024-06-17T05:12:46Z
USR003263,plan_screen_viewed,2024-06-17T09:28:40Z
USR002579,transfer_completed,2024-06-17T18:11:00Z
USR004927,app_open,2024-06-17T22:39:40Z
USR003890,transfer_started,2024-06-17T23:14:47Z
USR003707,plan_screen_viewed,2024-06-18T08:06:00Z
USR004962,app_open,2024-06-18T11:10:37Z
USR001665,card_payment_viewed,2024-06-19T00:23:16Z
USR001853,fx_rate_viewed,2024-06-19T01:49:23Z
USR002241,transfer_started,2024-06-19T08:15:51Z
USR001757,app_open,2024-06-20T00:31:21Z
USR002050,fx_rate_viewed,2024-06-20T08:07:37Z
USR002981,fx_rate_viewed,2024-06-20T09:12:07Z
USR003411,app_open,2024-06-20T10:44:33Z
USR001905,stock_order_started,2024-06-20T22:00:15Z
USR004840,savings_vault_opened,2024-06-21T00:06:25Z
USR000408,app_open,2024-06-21T00:57:10Z
USR004872,support_opened,2024-06-22T05:09:50Z
USR002073,crypto_trade_started,2024-06-22T05:19:27Z
USR000381,app_open,2024-06-22T12:50:58Z
USR004082,app_open,2024-06-23T01:33:21Z
USR002802,crypto_trade_started,2024-06-23T05:05:48Z
USR004300,app_open,2024-06-23T07:46:35Z
USR004052,app_open,2024-06-23T12:24:24Z
USR000314,card_payment_viewed,2024-06-23T12:59:05Z
USR003583,app_open,2024-06-23T15:22:54Z
USR004358,app_open,2024-06-23T18:32:07Z
USR000140,app_open,2024-06-24T01:11:22Z
USR002658,card_payment_viewed,2024-06-24T04:27:12Z
USR003974,transfer_completed,2024-06-24T07:18:35Z
USR004192,transfer_completed,2024-06-24T08:06:29Z
USR001113,app_open,2024-06-24T15:42:49Z
USR001546,card_payment_viewed,2024-06-25T00:57:26Z
USR000765,transfer_started,2024-06-25T04:34:27Z
USR000543,transfer_completed,2024-06-25T05:07:37Z
USR001835,savings_vault_opened,2024-06-25T08:57:39Z
USR000036,card_payment_viewed,2024-06-25T11:58:12Z
USR000310,transfer_completed,2024-06-25T16:54:17Z
USR002997,transfer_started,2024-06-26T02:24:02Z
USR003101,fx_rate_viewed,2024-06-26T06:41:31Z
USR001715,transfer_completed,2024-06-26T13:41:16Z
USR000944,card_payment_viewed,2024-06-26T16:43:40Z
USR003332,app_open,2024-06-26T23:07:49Z
USR002651,transfer_completed,2024-06-26T23:13:12Z
USR000131,app_open,2024-06-27T02:33:36Z
USR001963,crypto_trade_started,2024-06-27T03:35:02Z
USR000614,card_payment_viewed,2024-06-27T20:29:54Z
USR004448,app_open,2024-06-28T03:09:24Z
USR001482,app_open,2024-06-28T03:14:17Z
USR003683,transfer_completed,2024-06-28T03:45:11Z
USR000457,transfer_completed,2024-06-28T12:03:01Z
USR002620,transfer_started,2024-06-29T02:43:52Z
USR000708,app_open,2024-06-29T07:27:48Z
USR000397,app_open,2024-06-29T12:35:01Z
USR004235,transfer_completed,2024-06-29T20:51:51Z
USR001206,transfer_started,2024-06-30T01:55:32Z
USR000385,app_open,2024-06-30T01:58:56Z
USR001903,card_payment_viewed,2024-06-30T02:43:14Z
USR004203,app_open,2024-06-30T10:10:59Z
USR003640,crypto_trade_started,2024-06-30T18:14:41Z
USR004226,transfer_started,2024-07-01T13:24:28Z
USR003666,fx_rate_viewed,2024-07-02T06:02:19Z
USR001486,app_open,2024-07-02T13:36:09Z
USR002121,app_open,2024-07-02T14:41:47Z
USR004493,card_payment_viewed,2024-07-02T16:52:27Z
USR004493,app_open,2024-07-02T20:50:36Z
USR000666,transfer_completed,2024-07-03T10:34:43Z
USR001123,card_payment_viewed,2024-07-03T23:02:12Z
USR003117,savings_vault_opened,2024-07-04T07:54:58Z
USR004164,card_payment_viewed,2024-07-04T08:54:39Z
USR004377,savings_vault_opened,2024-07-04T22:37:04Z
USR000384,app_open,2024-07-05T11:24:09Z
USR000388,app_open,2024-07-05T23:49:28Z
USR003891,card_payment_viewed,2024-07-06T00:08:01Z
USR004625,stock_order_started,2024-07-06T04:27:26Z
USR003329,card_payment_viewed,2024-07-06T16:46:51Z
USR003512,transfer_started,2024-07-06T22:33:16Z
USR004126,transfer_completed,2024-07-07T11:06:37Z
USR002310,fx_rate_viewed,2024-07-07T12:21:53Z
USR003863,card_payment_viewed,2024-07-07T16:36:20Z
USR002044,card_payment_viewed,2024-07-07T22:06:34Z
USR002725,transfer_started,2024-07-07T23:33:56Z
USR001907,app_open,2024-07-08T00:38:21Z
USR004937,plan_screen_viewed,2024-07-08T01:56:13Z
USR000802,transfer_started,2024-07-08T06:15:22Z
USR001615,savings_vault_opened,2024-07-08T06:58:41Z
USR003996,app_open,2024-07-08T17:05:13Z
USR001414,card_payment_viewed,2024-07-08T19:34:22Z
USR003193,app_open,2024-07-08T20:48:02Z
USR000950,stock_order_started,2024-07-09T09:11:54Z
USR004246,app_open,2024-07-09T12:24:46Z
USR003715,transfer_started,2024-07-10T13:59:12Z
USR003108,app_open,2024-07-10T14:30:22Z
USR001022,plan_screen_viewed,2024-07-10T15:42:07Z
USR002428,fx_rate_viewed,2024-07-10T18:02:47Z
USR003393,transfer_started,2024-07-11T00:31:02Z
USR001408,card_payment_viewed,2024-07-11T17:58:41Z
USR000355,stock_order_started,2024-07-11T23:00:19Z
USR000203,app_open,2024-07-12T03:13:11Z
USR002318,transfer_started,2024-07-12T16:21:03Z
USR002658,app_open,2024-07-12T21:42:46Z
USR004581,app_open,2024-07-13T00:10:47Z
USR002595,transfer_started,2024-07-13T23:05:10Z
USR002440,stock_order_started,2024-07-14T03:42:04Z
USR002743,stock_order_started,2024-07-14T08:06:27Z
USR001258,plan_screen_viewed,2024-07-14T09:49:20Z
USR004152,card_payment_viewed,2024-07-14T14:59:11Z
USR004562,card_payment_viewed,2024-07-14T18:58:25Z
USR004015,plan_screen_viewed,2024-07-14T20:07:26Z
USR003720,plan_screen_viewed,2024-07-14T21:03:27Z
USR000644,card_payment_viewed,2024-07-14T22:20:05Z
USR000598,plan_screen_viewed,2024-07-15T04:35:28Z
USR002981,transfer_completed,2024-07-16T02:18:08Z
USR001747,transfer_started,2024-07-16T09:31:47Z
USR004292,transfer_started,2024-07-16T22:19:12Z
USR003555,app_open,2024-07-17T08:33:46Z
USR004126,app_open,2024-07-17T15:30:21Z
USR004984,app_open,2024-07-17T18:37:54Z
USR004030,transfer_started,2024-07-17T23:05:52Z
USR002345,app_open,2024-07-18T01:34:52Z
USR001191,app_open,2024-07-18T04:50:03Z
USR002805,savings_vault_opened,2024-07-18T14:18:50Z
USR002613,app_open,2024-07-18T19:57:10Z
USR000275,card_payment_viewed,2024-07-18T20:07:23Z
USR003050,support_opened,2024-07-18T21:49:12Z
USR003969,card_payment_viewed,2024-07-19T01:28:55Z
USR000577,transfer_started,2024-07-19T07:10:57Z
USR003728,app_open,2024-07-19T11:54:51Z
USR003873,app_open,2024-07-19T15:28:20Z
USR003359,app_open,2024-07-19T21:36:54Z
USR004571,transfer_started,2024-07-19T21:49:38Z
USR000731,support_opened,2024-07-20T04:12:45Z
USR000390,crypto_trade_started,2024-07-20T04:45:08Z
USR001116,transfer_started,2024-07-20T08:59:56Z
USR001727,transfer_started,2024-07-20T09:41:12Z
USR004548,card_payment_viewed,2024-07-20T15:39:36Z
USR003793,transfer_completed,2024-07-20T22:29:50Z
USR000956,support_opened,2024-07-21T04:31:27Z
USR001464,fx_rate_viewed,2024-07-21T05:54:35Z
USR001537,transfer_started,2024-07-21T19:32:38Z
USR002497,card_payment_viewed,2024-07-22T00:10:14Z
USR000836,app_open,2024-07-22T03:32:20Z
USR000843,crypto_trade_started,2024-07-22T04:00:28Z
USR003393,card_payment_viewed,2024-07-22T11:23:52Z
USR000338,card_payment_viewed,2024-07-22T14:55:22Z
USR000657,app_open,2024-07-22T17:37:53Z
USR003040,app_open,2024-07-22T21:26:26Z
USR000010,card_payment_viewed,2024-07-23T02:37:14Z
USR004937,app_open,2024-07-23T05:04:09Z
USR000748,transfer_started,2024-07-23T16:05:26Z
USR002873,card_payment_viewed,2024-07-23T21:38:41Z
USR000838,transfer_completed,2024-07-24T11:19:39Z
USR003584,app_open,2024-07-24T15:29:09Z
USR001137,crypto_trade_started,2024-07-24T16:42:50Z
USR001838,card_payment_viewed,2024-07-24T21:37:32Z
USR004983,transfer_started,2024-07-25T18:28:43Z
USR001615,app_open,2024-07-25T22:28:52Z
USR003051,app_open,2024-07-26T01:31:33Z
USR004855,support_opened,2024-07-26T03:43:20Z
USR002516,savings_vault_opened,2024-07-26T11:34:01Z
USR004784,app_open,2024-07-26T11:40:55Z
USR002049,app_open,2024-07-26T11:57:19Z
USR004562,transfer_started,2024-07-26T17:46:55Z
USR002564,card_payment_viewed,2024-07-26T20:37:12Z
USR001798,app_open,2024-07-27T01:48:49Z
USR002015,transfer_started,2024-07-27T04:28:30Z
USR004418,transfer_completed,2024-07-27T05:32:41Z
USR004618,stock_order_started,2024-07-27T06:40:00Z
USR004680,app_open,2024-07-27T08:14:41Z
USR003442,transfer_completed,2024-07-27T11:37:02Z
USR004730,plan_screen_viewed,2024-07-27T18:55:43Z
USR003308,transfer_started,2024-07-27T20:02:37Z
USR001588,transfer_started,2024-07-28T03:24:48Z
USR004164,plan_screen_viewed,2024-07-28T23:36:31Z
USR004233,app_open,2024-07-29T05:04:19Z
USR000161,savings_vault_opened,2024-07-29T18:22:11Z
USR003250,transfer_completed,2024-07-29T21:11:58Z
USR003956,transfer_completed,2024-07-29T21:53:44Z
USR004226,app_open,2024-07-30T09:10:15Z
USR002189,app_open,2024-07-30T16:35:23Z
USR002807,app_open,2024-07-30T18:51:49Z
USR001208,savings_vault_opened,2024-07-30T20:58:46Z
USR003372,crypto_trade_started,2024-07-31T04:49:56Z
USR004415,app_open,2024-07-31T05:58:43Z
USR003071,card_payment_viewed,2024-07-31T12:19:30Z
USR001549,card_payment_viewed,2024-07-31T17:38:58Z
USR002403,support_opened,2024-07-31T20:43:17Z
USR003224,plan_screen_viewed,2024-07-31T21:41:36Z
USR000763,transfer_started,2024-07-31T23:53:40Z
USR000642,app_open,2024-08-01T04:21:23Z
USR003937,app_open,2024-08-01T11:37:02Z
USR001205,crypto_trade_started,2024-08-01T13:02:09Z
USR000785,transfer_started,2024-08-01T18:26:38Z
USR000569,crypto_trade_started,2024-08-01T19:56:43Z
USR004644,stock_order_started,2024-08-02T02:38:25Z
USR004609,transfer_completed,2024-08-02T03:38:23Z
USR001379,app_open,2024-08-02T03:40:10Z
USR002705,app_open,2024-08-02T08:51:34Z
USR003756,fx_rate_viewed,2024-08-02T09:08:23Z
USR001727,transfer_completed,2024-08-02T10:18:15Z
USR003336,app_open,2024-08-02T17:12:14Z
USR002476,app_open,2024-08-02T21:18:34Z
USR000327,app_open,2024-08-03T01:27:37Z
USR001916,app_open,2024-08-03T08:31:34Z
USR001291,transfer_started,2024-08-03T14:09:51Z
USR003650,transfer_completed,2024-08-04T00:42:52Z
USR004404,app_open,2024-08-04T04:21:54Z
USR004501,card_payment_viewed,2024-08-04T06:10:44Z
USR000243,transfer_completed,2024-08-04T15:06:17Z
USR001735,app_open,2024-08-04T19:53:33Z
USR003761,crypto_trade_started,2024-08-05T00:55:05Z
USR004988,crypto_trade_started,2024-08-05T04:13:02Z
USR000219,card_payment_viewed,2024-08-05T05:56:01Z
USR001312,transfer_started,2024-08-05T10:15:21Z
USR003535,app_open,2024-08-05T14:02:59Z
USR002271,crypto_trade_started,2024-08-05T14:54:53Z
USR002056,plan_screen_viewed,2024-08-05T19:39:11Z
USR000650,app_open,2024-08-05T22:33:25Z
USR001504,app_open,2024-08-05T22:45:43Z
USR003227,crypto_trade_started,2024-08-06T08:52:25Z
USR002848,app_open,2024-08-06T18:47:24Z
USR000760,app_open,2024-08-07T01:56:45Z
USR000839,transfer_started,2024-08-07T02:13:26Z
USR000474,card_payment_viewed,2024-08-07T04:23:38Z
USR004233,crypto_trade_started,2024-08-07T04:30:59Z
USR004069,transfer_started,2024-08-07T07:54:21Z
USR002895,card_payment_viewed,2024-08-07T14:58:54Z
USR004732,fx_rate_viewed,2024-08-07T18:48:05Z
USR003605,app_open,2024-08-08T11:07:21Z
USR000534,transfer_started,2024-08-08T15:06:29Z
USR003603,support_opened,2024-08-09T03:07:56Z
USR003174,savings_vault_opened,2024-08-09T16:11:07Z
USR002211,transfer_started,2024-08-09T20:38:13Z
USR003568,crypto_trade_started,2024-08-09T23:10:08Z
USR001089,app_open,2024-08-10T00:16:54Z
USR003907,stock_order_started,2024-08-10T16:50:44Z
USR003744,app_open,2024-08-10T21:20:44Z
USR004467,crypto_trade_started,2024-08-11T08:55:23Z
USR004743,transfer_started,2024-08-11T11:25:59Z
USR003316,card_payment_viewed,2024-08-11T12:28:10Z
USR003153,card_payment_viewed,2024-08-11T13:12:27Z
USR004323,stock_order_started,2024-08-11T21:17:53Z
USR003056,app_open,2024-08-11T23:24:00Z
USR000590,app_open,2024-08-12T04:41:26Z
USR000589,app_open,2024-08-12T08:05:02Z
USR001027,support_opened,2024-08-12T09:42:20Z
USR000991,transfer_completed,2024-08-12T09:44:19Z
USR000374,crypto_trade_started,2024-08-12T11:30:14Z
USR001188,savings_vault_opened,2024-08-12T14:39:01Z
USR002638,card_payment_viewed,2024-08-12T15:50:19Z
USR001501,fx_rate_viewed,2024-08-12T22:21:48Z
USR003948,card_payment_viewed,2024-08-13T01:27:19Z
USR000978,card_payment_viewed,2024-08-13T05:24:54Z
USR001173,transfer_started,2024-08-14T05:40:46Z
USR001855,crypto_trade_started,2024-08-14T14:40:59Z
USR003741,crypto_trade_started,2024-08-14T16:29:49Z
USR004792,transfer_completed,2024-08-14T16:52:02Z
USR001420,stock_order_started,2024-08-14T18:03:32Z
USR003418,app_open,2024-08-15T01:41:27Z
USR003904,transfer_started,2024-08-15T04:22:01Z
USR001978,app_open,2024-08-15T15:15:20Z
USR004516,transfer_completed,2024-08-15T16:21:34Z
USR003757,card_payment_viewed,2024-08-15T21:13:06Z
USR004757,transfer_completed,2024-08-16T04:25:41Z
USR000394,app_open,2024-08-16T17:41:31Z
USR001138,card_payment_viewed,2024-08-17T03:20:45Z
USR003683,transfer_completed,2024-08-17T20:38:53Z
USR002874,transfer_completed,2024-08-18T03:10:34Z
USR000954,app_open,2024-08-18T09:27:14Z
USR000580,card_payment_viewed,2024-08-18T10:52:02Z
USR000424,transfer_started,2024-08-18T22:35:24Z
USR000919,app_open,2024-08-19T13:18:19Z
USR004972,card_payment_viewed,2024-08-20T02:38:58Z
USR000539,card_payment_viewed,2024-08-20T02:43:19Z
USR001276,fx_rate_viewed,2024-08-20T07:18:30Z
USR002234,plan_screen_viewed,2024-08-20T15:01:49Z
USR003244,app_open,2024-08-20T21:49:27Z
USR002497,transfer_completed,2024-08-21T04:31:45Z
USR003683,app_open,2024-08-21T09:34:39Z
USR004851,support_opened,2024-08-21T12:12:47Z
USR003931,app_open,2024-08-21T12:39:02Z
USR000192,app_open,2024-08-21T13:24:27Z
USR001073,crypto_trade_started,2024-08-21T18:01:48Z
USR003873,app_open,2024-08-21T21:49:53Z
USR002894,stock_order_started,2024-08-21T22:17:21Z
USR000192,transfer_completed,2024-08-22T08:44:05Z
USR001510,plan_screen_viewed,2024-08-22T10:16:18Z
USR004499,transfer_completed,2024-08-22T10:28:14Z
USR004252,card_payment_viewed,2024-08-22T11:30:34Z
USR001613,app_open,2024-08-22T19:36:33Z
USR003168,transfer_started,2024-08-22T22:35:37Z
USR003354,crypto_trade_started,2024-08-23T08:12:09Z
USR004899,transfer_started,2024-08-23T10:22:19Z
USR001780,app_open,2024-08-23T12:39:35Z
USR002977,transfer_completed,2024-08-23T18:18:30Z
USR004774,fx_rate_viewed,2024-08-23T23:01:43Z
USR002706,fx_rate_viewed,2024-08-24T04:17:42Z
USR003289,card_payment_viewed,2024-08-24T23:08:44Z
USR002139,card_payment_viewed,2024-08-24T23:42:45Z
USR003946,card_payment_viewed,2024-08-25T10:21:30Z
USR002192,card_payment_viewed,2024-08-25T18:07:53Z
USR004449,stock_order_started,2024-08-25T19:17:59Z
USR000024,transfer_started,2024-08-25T19:43:32Z
USR000166,transfer_started,2024-08-25T21:25:20Z
USR004054,transfer_completed,2024-08-25T23:42:44Z
USR001493,app_open,2024-08-26T09:07:36Z
USR003129,app_open,2024-08-26T11:36:26Z
USR004305,transfer_completed,2024-08-26T13:18:09Z
USR003040,card_payment_viewed,2024-08-26T17:55:16Z
USR004368,transfer_started,2024-08-27T05:29:33Z
USR002610,card_payment_viewed,2024-08-27T10:18:59Z
USR002168,app_open,2024-08-27T10:43:44Z
USR001705,app_open,2024-08-27T12:23:40Z
USR000680,fx_rate_viewed,2024-08-27T19:25:33Z
USR003995,app_open,2024-08-27T20:07:50Z
USR004115,app_open,2024-08-27T23:25:00Z
USR004427,transfer_started,2024-08-28T00:03:15Z
USR002486,transfer_started,2024-08-28T11:48:32Z
USR000111,stock_order_started,2024-08-29T03:38:45Z
USR004068,fx_rate_viewed,2024-08-29T11:22:10Z
USR004297,transfer_started,2024-08-29T14:04:26Z
USR004759,app_open,2024-08-29T15:19:59Z
USR003572,transfer_completed,2024-08-29T15:25:48Z
USR001565,support_opened,2024-08-30T11:21:18Z
USR002150,transfer_started,2024-08-30T12:40:58Z
USR003399,savings_vault_opened,2024-08-30T22:58:25Z
USR000111,transfer_completed,2024-08-31T04:53:54Z
USR002933,fx_rate_viewed,2024-08-31T11:12:33Z
USR003983,transfer_started,2024-08-31T16:48:27Z
USR000719,fx_rate_viewed,2024-08-31T17:47:48Z
USR001862,support_opened,2024-08-31T18:01:02Z
USR001539,transfer_completed,2024-08-31T22:33:49Z
USR003865,card_payment_viewed,2024-09-01T01:50:47Z
USR003651,savings_vault_opened,2024-09-01T15:52:31Z
USR003012,transfer_started,2024-09-01T16:30:01Z
USR003064,app_open,2024-09-01T23:32:27Z
USR003201,transfer_started,2024-09-02T02:33:01Z
USR000670,app_open,2024-09-02T07:45:01Z
USR003756,card_payment_viewed,2024-09-02T12:30:47Z
USR000024,app_open,2024-09-02T17:58:13Z
USR000865,stock_order_started,2024-09-03T05:54:48Z
USR004442,stock_order_started,2024-09-03T10:49:00Z
USR001395,plan_screen_viewed,2024-09-03T15:55:13Z
USR003443,app_open,2024-09-03T16:45:26Z
USR002611,fx_rate_viewed,2024-09-03T23:40:31Z
USR002189,card_payment_viewed,2024-09-04T02:03:23Z
USR001764,app_open,2024-09-04T08:05:20Z
USR002207,plan_screen_viewed,2024-09-04T08:09:44Z
USR004635,transfer_completed,2024-09-04T10:16:14Z
USR004463,plan_screen_viewed,2024-09-04T21:19:30Z
USR001169,app_open,2024-09-05T03:53:38Z
USR003979,transfer_completed,2024-09-05T05:39:57Z
USR004479,stock_order_started,2024-09-05T07:19:04Z
USR003236,app_open,2024-09-05T21:22:41Z
USR004757,app_open,2024-09-06T01:13:17Z
USR002742,savings_vault_opened,2024-09-06T08:06:11Z
USR001780,card_payment_viewed,2024-09-06T08:10:43Z
USR001777,app_open,2024-09-06T22:51:06Z
USR003836,transfer_started,2024-09-06T23:54:15Z
USR001189,app_open,2024-09-07T00:32:00Z
USR003966,app_open,2024-09-07T05:44:38Z
USR000609,app_open,2024-09-07T07:10:22Z
USR004594,app_open,2024-09-07T18:42:35Z
USR003104,stock_order_started,2024-09-07T22:21:52Z
USR001287,app_open,2024-09-08T06:45:39Z
USR003550,card_payment_viewed,2024-09-08T11:30:25Z
USR002063,crypto_trade_started,2024-09-08T12:02:10Z
USR003108,card_payment_viewed,2024-09-08T21:10:01Z
USR003840,plan_screen_viewed,2024-09-08T22:26:25Z
USR003472,transfer_completed,2024-09-08T23:32:58Z
USR000333,plan_screen_viewed,2024-09-09T08:26:26Z
USR004294,app_open,2024-09-09T08:59:38Z
USR003733,card_payment_viewed,2024-09-09T10:40:10Z
USR000430,transfer_completed,2024-09-09T16:04:15Z
USR003605,card_payment_viewed,2024-09-09T18:06:45Z
USR004783,stock_order_started,2024-09-09T19:24:37Z
USR000516,app_open,2024-09-09T19:27:09Z
USR001908,plan_screen_viewed,2024-09-10T07:38:08Z
USR000995,app_open,2024-09-10T08:37:08Z
USR004442,fx_rate_viewed,2024-09-10T18:40:34Z
USR003551,app_open,2024-09-10T23:36:40Z
USR000137,fx_rate_viewed,2024-09-11T17:57:11Z
USR001115,app_open,2024-09-11T18:50:09Z
USR001866,card_payment_viewed,2024-09-12T05:37:02Z
USR002929,app_open,2024-09-12T15:35:56Z
USR002207,support_opened,2024-09-12T22:59:36Z
USR001787,app_open,2024-09-13T05:03:08Z
USR000522,plan_screen_viewed,2024-09-13T06:13:49Z
USR000485,app_open,2024-09-13T14:51:33Z
USR001987,card_payment_viewed,2024-09-13T22:07:46Z
USR002657,card_payment_viewed,2024-09-13T23:26:45Z
USR000349,app_open,2024-09-14T02:33:27Z
USR001941,support_opened,2024-09-14T03:07:56Z
USR004982,support_opened,2024-09-14T07:18:35Z
USR001682,transfer_started,2024-09-14T22:44:09Z
USR004722,card_payment_viewed,2024-09-14T22:44:09Z
USR004263,card_payment_viewed,2024-09-15T00:33:52Z
USR002720,card_payment_viewed,2024-09-15T08:17:10Z
USR002818,app_open,2024-09-15T15:26:02Z
USR000008,app_open,2024-09-15T20:37:15Z
USR003159,transfer_completed,2024-09-15T22:10:39Z
USR002618,card_payment_viewed,2024-09-16T00:20:47Z
USR000889,card_payment_viewed,2024-09-16T03:37:35Z
USR003782,app_open,2024-09-16T08:53:59Z
USR003509,savings_vault_opened,2024-09-16T12:54:25Z
USR004586,transfer_completed,2024-09-17T02:01:27Z
USR001433,card_payment_viewed,2024-09-17T03:40:02Z
USR002780,app_open,2024-09-17T03:50:49Z
USR002391,transfer_completed,2024-09-17T06:14:53Z
USR003484,transfer_started,2024-09-17T08:58:41Z
USR000768,savings_vault_opened,2024-09-17T10:25:16Z
USR001846,card_payment_viewed,2024-09-17T12:36:34Z
USR004399,stock_order_started,2024-09-17T18:32:36Z
USR002849,card_payment_viewed,2024-09-18T01:39:09Z
USR002473,stock_order_started,2024-09-18T02:34:03Z
USR004908,crypto_trade_started,2024-09-18T16:06:28Z
USR004894,app_open,2024-09-19T00:54:23Z
USR001188,app_open,2024-09-19T11:56:16Z
USR002543,app_open,2024-09-19T18:24:44Z
USR003782,app_open,2024-09-20T03:05:21Z
USR001498,app_open,2024-09-20T04:02:03Z
USR004749,app_open,2024-09-21T02:09:03Z
USR000292,crypto_trade_started,2024-09-21T03:23:17Z
USR004391,stock_order_started,2024-09-21T11:56:23Z
USR003428,app_open,2024-09-21T12:51:28Z
USR004630,app_open,2024-09-21T13:32:59Z
USR001081,support_opened,2024-09-21T19:05:37Z
USR002434,crypto_trade_started,2024-09-22T14:24:00Z
USR004469,app_open,2024-09-23T00:05:04Z
USR004367,transfer_started,2024-09-23T01:27:57Z
USR004873,transfer_completed,2024-09-23T03:44:24Z
USR004734,app_open,2024-09-23T17:04:50Z
USR002287,fx_rate_viewed,2024-09-23T20:44:57Z
USR000018,app_open,2024-09-23T21:34:56Z
USR004391,transfer_completed,2024-09-24T08:32:21Z
USR003034,savings_vault_opened,2024-09-24T11:04:52Z
USR004359,savings_vault_opened,2024-09-24T17:37:27Z
USR004749,crypto_trade_started,2024-09-25T06:51:13Z
USR000013,savings_vault_opened,2024-09-25T10:20:45Z
USR004512,app_open,2024-09-25T21:22:19Z
USR000176,app_open,2024-09-26T03:04:32Z
USR000139,card_payment_viewed,2024-09-26T06:17:56Z
USR003154,app_open,2024-09-26T09:37:46Z
USR000287,card_payment_viewed,2024-09-27T01:59:49Z
USR001194,app_open,2024-09-27T07:25:27Z
USR001453,app_open,2024-09-27T12:11:26Z
USR003667,transfer_completed,2024-09-27T14:50:05Z
USR004378,crypto_trade_started,2024-09-27T18:18:50Z
USR004115,crypto_trade_started,2024-09-27T21:10:53Z
USR003175,app_open,2024-09-27T21:20:08Z
USR000228,card_payment_viewed,2024-09-28T04:55:34Z
USR003198,fx_rate_viewed,2024-09-28T08:06:51Z
USR000641,transfer_completed,2024-09-28T10:18:40Z
USR001213,transfer_started,2024-09-28T17:25:22Z
USR003030,transfer_started,2024-09-28T19:08:17Z
USR003498,stock_order_started,2024-09-28T19:55:29Z
USR004367,transfer_started,2024-09-28T22:14:19Z
USR002865,app_open,2024-09-29T09:06:36Z
USR004444,app_open,2024-09-29T14:14:10Z
USR001418,app_open,2024-09-29T23:15:05Z
USR002434,app_open,2024-09-30T02:34:45Z
USR004153,app_open,2024-09-30T03:52:06Z
USR000625,transfer_started,2024-09-30T05:53:24Z
USR003880,plan_screen_viewed,2024-09-30T14:11:01Z
USR002398,app_open,2024-09-30T14:27:43Z
USR001939,stock_order_started,2024-10-01T02:38:14Z
USR004701,app_open,2024-10-01T05:13:47Z
USR003805,card_payment_viewed,2024-10-01T18:30:18Z
USR003212,app_open,2024-10-01T21:31:40Z
USR002593,app_open,2024-10-02T04:01:53Z
USR003551,fx_rate_viewed,2024-10-02T07:34:20Z
USR002813,card_payment_viewed,2024-10-02T10:40:02Z
USR004855,crypto_trade_started,2024-10-02T19:23:20Z
USR004519,savings_vault_opened,2024-10-03T07:27:30Z
USR001539,crypto_trade_started,2024-10-03T07:43:47Z
USR003573,transfer_started,2024-10-03T11:32:48Z
USR003977,app_open,2024-10-03T22:02:04Z
USR003792,card_payment_viewed,2024-10-04T07:43:19Z
USR003978,transfer_completed,2024-10-05T03:48:31Z
USR003325,app_open,2024-10-06T03:31:25Z
USR002850,card_payment_viewed,2024-10-06T06:02:39Z
USR003911,transfer_completed,2024-10-06T16:18:07Z
USR003120,app_open,2024-10-07T08:39:23Z
USR002492,app_open,2024-10-07T10:27:54Z
USR002209,card_payment_viewed,2024-10-07T20:52:09Z
USR004930,savings_vault_opened,2024-10-08T00:04:51Z
USR001228,fx_rate_viewed,2024-10-08T11:46:06Z
USR004971,card_payment_viewed,2024-10-08T14:48:54Z
USR001124,card_payment_viewed,2024-10-08T15:30:48Z
USR003051,transfer_completed,2024-10-08T22:27:35Z
USR002140,transfer_completed,2024-10-09T02:12:42Z
USR001450,app_open,2024-10-09T05:22:45Z
USR004806,app_open,2024-10-09T10:12:15Z
USR004922,crypto_trade_started,2024-10-09T14:29:04Z
USR000661,app_open,2024-10-09T22:46:32Z
USR002226,app_open,2024-10-10T09:09:11Z
USR004494,card_payment_viewed,2024-10-10T12:08:24Z
USR002064,app_open,2024-10-10T15:02:37Z
USR001972,app_open,2024-10-10T16:25:47Z
USR003820,transfer_started,2024-10-11T07:12:13Z
USR003580,plan_screen_viewed,2024-10-11T17:29:16Z
USR001895,fx_rate_viewed,2024-10-11T18:39:43Z
USR001975,fx_rate_viewed,2024-10-12T09:13:30Z
USR003478,fx_rate_viewed,2024-10-12T13:20:41Z
USR000355,transfer_completed,2024-10-12T20:32:42Z
USR004269,app_open,2024-10-12T23:41:22Z
USR003426,support_opened,2024-10-13T06:21:33Z
USR001232,card_payment_viewed,2024-10-13T19:07:13Z
USR004989,app_open,2024-10-13T20:42:28Z
USR000464,transfer_started,2024-10-13T23:02:15Z
USR001494,app_open,2024-10-14T03:44:30Z
USR000447,savings_vault_opened,2024-10-14T08:57:51Z
USR000551,plan_screen_viewed,2024-10-14T19:03:02Z
USR003478,plan_screen_viewed,2024-10-15T00:43:36Z
USR004460,crypto_trade_started,2024-10-15T01:21:57Z
USR002744,support_opened,2024-10-15T07:51:56Z
USR003275,fx_rate_viewed,2024-10-15T15:22:12Z
USR002070,app_open,2024-10-15T21:40:38Z
USR000135,savings_vault_opened,2024-10-15T21:43:37Z
USR003617,app_open,2024-10-15T22:31:32Z
USR000199,stock_order_started,2024-10-16T04:47:35Z
USR004983,transfer_started,2024-10-16T15:17:09Z
USR000980,fx_rate_viewed,2024-10-16T17:29:11Z
USR002164,plan_screen_viewed,2024-10-16T21:22:35Z
USR000584,support_opened,2024-10-17T08:28:05Z
USR001684,app_open,2024-10-17T09:51:06Z
USR000323,fx_rate_viewed,2024-10-17T13:42:32Z
USR002209,transfer_started,2024-10-17T13:54:36Z
USR000282,transfer_completed,2024-10-17T14:17:25Z
USR000392,crypto_trade_started,2024-10-17T18:20:59Z
USR002286,app_open,2024-10-18T05:34:00Z
USR002716,savings_vault_opened,2024-10-18T07:03:51Z
USR002461,support_opened,2024-10-18T14:04:15Z
USR000155,transfer_started,2024-10-18T15:03:42Z
USR001349,app_open,2024-10-18T16:12:27Z
USR004446,app_open,2024-10-18T17:49:12Z
USR002750,app_open,2024-10-18T21:32:53Z
USR002250,app_open,2024-10-18T23:28:45Z
USR000447,plan_screen_viewed,2024-10-19T08:47:17Z
USR004744,fx_rate_viewed,2024-10-19T16:23:27Z
USR000233,app_open,2024-10-19T22:39:16Z
USR004925,plan_screen_viewed,2024-10-19T23:12:38Z
USR002219,fx_rate_viewed,2024-10-20T08:28:18Z
USR004311,app_open,2024-10-20T11:39:30Z
USR001978,app_open,2024-10-20T15:48:18Z
USR003535,transfer_started,2024-10-21T10:05:31Z
USR001849,fx_rate_viewed,2024-10-21T10:21:21Z
USR003728,crypto_trade_started,2024-10-21T11:15:59Z
USR001788,transfer_started,2024-10-21T11:29:34Z
USR004115,card_payment_viewed,2024-10-22T09:58:32Z
USR001426,savings_vault_opened,2024-10-22T15:26:05Z
USR003820,savings_vault_opened,2024-10-22T20:08:25Z
USR001672,stock_order_started,2024-10-23T13:18:56Z
USR003399,card_payment_viewed,2024-10-23T14:18:05Z
USR004971,app_open,2024-10-23T14:30:29Z
USR002375,stock_order_started,2024-10-23T22:50:40Z
USR002620,transfer_started,2024-10-24T00:30:59Z
USR004598,app_open,2024-10-24T03:22:03Z
USR000987,fx_rate_viewed,2024-10-24T07:17:11Z
USR002233,app_open,2024-10-24T14:56:04Z
USR001607,app_open,2024-10-24T20:18:47Z
USR001445,card_payment_viewed,2024-10-24T23:08:24Z
USR001024,crypto_trade_started,2024-10-24T23:10:30Z
USR001508,card_payment_viewed,2024-10-25T08:09:12Z
USR004264,support_opened,2024-10-25T10:37:49Z
USR001060,app_open,2024-10-25T11:57:48Z
USR002492,fx_rate_viewed,2024-10-25T13:14:23Z
USR000482,savings_vault_opened,2024-10-26T05:13:59Z
USR001875,card_payment_viewed,2024-10-26T05:48:13Z
USR001026,app_open,2024-10-26T08:16:44Z
USR003220,transfer_started,2024-10-26T08:48:30Z
USR000851,transfer_started,2024-10-26T09:11:00Z
USR004401,crypto_trade_started,2024-10-26T11:44:30Z
USR000727,transfer_started,2024-10-26T15:07:43Z
USR000442,transfer_completed,2024-10-26T15:36:55Z
USR002537,savings_vault_opened,2024-10-26T20:55:38Z
USR004230,transfer_started,2024-10-27T11:06:26Z
USR002505,transfer_completed,2024-10-27T11:39:13Z
USR004971,stock_order_started,2024-10-27T13:05:46Z
USR003740,crypto_trade_started,2024-10-27T16:20:45Z
USR004068,app_open,2024-10-27T20:47:34Z
USR004997,support_opened,2024-10-28T06:10:58Z
USR000531,app_open,2024-10-28T09:37:14Z
USR001266,app_open,2024-10-28T12:22:04Z
USR001667,card_payment_viewed,2024-10-28T12:29:43Z
USR001589,plan_screen_viewed,2024-10-29T00:11:40Z
USR001608,savings_vault_opened,2024-10-29T00:46:01Z
USR004240,transfer_started,2024-10-29T02:28:17Z
USR003042,plan_screen_viewed,2024-10-29T05:48:34Z
USR004061,app_open,2024-10-29T08:21:05Z
USR002585,plan_screen_viewed,2024-10-29T08:52:17Z
USR003754,app_open,2024-10-29T09:22:01Z
USR004798,card_payment_viewed,2024-10-29T09:40:48Z
USR001517,transfer_started,2024-10-29T10:16:42Z
USR002611,app_open,2024-10-29T16:06:28Z
USR000250,plan_screen_viewed,2024-10-29T23:02:19Z
USR003179,app_open,2024-10-29T23:05:46Z
USR001283,app_open,2024-10-30T02:43:19Z
USR004722,fx_rate_viewed,2024-10-30T05:42:28Z
USR001257,transfer_completed,2024-10-30T12:08:12Z
USR001458,app_open,2024-10-30T14:23:12Z
USR002626,card_payment_viewed,2024-10-30T15:13:44Z
USR004820,app_open,2024-10-30T22:14:45Z
USR004473,transfer_completed,2024-10-31T02:31:09Z
USR003336,savings_vault_opened,2024-10-31T06:27:10Z
USR003548,savings_vault_opened,2024-10-31T18:45:31Z
USR002148,transfer_started,2024-10-31T19:43:22Z
USR004583,savings_vault_opened,2024-11-01T00:32:06Z
USR002240,transfer_started,2024-11-01T12:02:28Z
USR004392,transfer_started,2024-11-01T18:16:54Z
USR000207,stock_order_started,2024-11-02T04:05:38Z
USR004389,crypto_trade_started,2024-11-02T08:13:41Z
USR002855,savings_vault_opened,2024-11-02T11:15:35Z
USR001093,transfer_started,2024-11-02T13:21:37Z
USR002219,crypto_trade_started,2024-11-02T21:29:36Z
USR001646,transfer_completed,2024-11-02T22:50:41Z
USR001952,card_payment_viewed,2024-11-03T01:22:20Z
USR003385,card_payment_viewed,2024-11-03T03:24:39Z
USR003671,fx_rate_viewed,2024-11-03T06:00:14Z
USR000771,app_open,2024-11-03T07:35:22Z
USR000632,app_open,2024-11-03T12:12:35Z
USR000965,transfer_started,2024-11-03T14:09:35Z
USR003338,app_open,2024-11-03T17:04:46Z
USR004040,transfer_started,2024-11-03T20:23:56Z
USR004326,savings_vault_opened,2024-11-03T23:12:27Z
USR003022,app_open,2024-11-04T09:20:11Z
USR002755,crypto_trade_started,2024-11-04T14:23:36Z
USR003505,transfer_started,2024-11-04T23:43:47Z
USR002235,card_payment_viewed,2024-11-05T01:23:38Z
USR004434,card_payment_viewed,2024-11-05T01:40:43Z
USR000939,card_payment_viewed,2024-11-05T05:59:08Z
USR003239,savings_vault_opened,2024-11-05T08:54:40Z
USR002536,app_open,2024-11-05T12:57:22Z
USR000599,support_opened,2024-11-05T17:00:36Z
USR001411,app_open,2024-11-06T04:42:10Z
USR001254,card_payment_viewed,2024-11-06T13:20:57Z
USR003556,card_payment_viewed,2024-11-06T13:26:10Z
USR001787,transfer_completed,2024-11-06T16:54:13Z
USR002384,card_payment_viewed,2024-11-07T15:18:53Z
USR004831,fx_rate_viewed,2024-11-08T03:31:14Z
USR000014,transfer_started,2024-11-08T05:32:53Z
USR003617,support_opened,2024-11-08T11:05:08Z
USR002962,app_open,2024-11-08T12:29:13Z
USR004182,transfer_completed,2024-11-08T12:51:29Z
USR000833,stock_order_started,2024-11-08T13:04:11Z
USR004115,transfer_started,2024-11-09T01:31:16Z
USR003661,stock_order_started,2024-11-09T01:33:30Z
USR002448,transfer_started,2024-11-09T02:14:56Z
USR000798,stock_order_started,2024-11-09T09:37:14Z
USR000164,savings_vault_opened,2024-11-09T15:45:21Z
USR004787,card_payment_viewed,2024-11-09T16:06:19Z
USR002331,app_open,2024-11-09T16:52:58Z
USR000995,savings_vault_opened,2024-11-09T20:07:38Z
USR003600,app_open,2024-11-09T21:50:13Z
USR001629,app_open,2024-11-10T01:29:00Z
USR001008,savings_vault_opened,2024-11-10T07:21:14Z
USR002804,app_open,2024-11-10T13:41:46Z
USR004417,app_open,2024-11-10T16:28:00Z
USR000136,transfer_completed,2024-11-10T17:17:13Z
USR001218,transfer_started,2024-11-11T00:57:37Z
USR001838,transfer_completed,2024-11-11T01:45:22Z
USR003160,transfer_completed,2024-11-11T04:35:47Z
USR002327,fx_rate_viewed,2024-11-11T04:53:44Z
USR000537,card_payment_viewed,2024-11-11T07:27:42Z
USR003080,crypto_trade_started,2024-11-11T08:10:01Z
USR000070,card_payment_viewed,2024-11-11T14:28:44Z
USR004449,card_payment_viewed,2024-11-12T07:09:00Z
USR004174,transfer_started,2024-11-12T09:11:10Z
USR004380,app_open,2024-11-12T10:55:17Z
USR002213,stock_order_started,2024-11-12T11:20:58Z
USR004586,app_open,2024-11-12T13:01:06Z
USR000407,transfer_started,2024-11-12T17:08:32Z
USR001433,crypto_trade_started,2024-11-13T03:22:28Z
USR004725,transfer_completed,2024-11-13T03:34:00Z
USR000730,transfer_started,2024-11-13T10:41:53Z
USR000834,app_open,2024-11-13T11:09:20Z
USR001304,transfer_started,2024-11-13T19:44:36Z
USR000967,savings_vault_opened,2024-11-13T20:42:31Z
USR004587,crypto_trade_started,2024-11-14T01:40:34Z
USR002623,transfer_completed,2024-11-14T02:01:36Z
USR000490,crypto_trade_started,2024-11-14T03:08:28Z
USR002964,card_payment_viewed,2024-11-14T08:51:32Z
USR003151,transfer_completed,2024-11-15T01:45:00Z
USR001123,card_payment_viewed,2024-11-15T07:31:22Z
USR004644,stock_order_started,2024-11-15T14:09:56Z
USR001762,support_opened,2024-11-15T16:08:08Z
USR001380,app_open,2024-11-15T17:59:37Z
USR000447,crypto_trade_started,2024-11-15T21:30:57Z
USR002555,app_open,2024-11-16T02:10:49Z
USR001765,card_payment_viewed,2024-11-16T08:35:51Z
USR000300,card_payment_viewed,2024-11-16T11:34:58Z
USR002715,app_open,2024-11-16T12:38:30Z
USR001114,card_payment_viewed,2024-11-16T14:45:27Z
USR000849,app_open,2024-11-16T19:18:21Z
USR002033,app_open,2024-11-16T21:53:20Z
USR000022,crypto_trade_started,2024-11-17T09:39:56Z
USR003374,app_open,2024-11-17T09:58:53Z
USR004603,card_payment_viewed,2024-11-17T15:02:01Z
USR002816,transfer_completed,2024-11-17T17:49:24Z
USR004757,app_open,2024-11-17T20:24:16Z
USR004835,card_payment_viewed,2024-11-18T01:27:44Z
USR000220,savings_vault_opened,2024-11-18T02:28:21Z
USR000961,card_payment_viewed,2024-11-18T07:10:51Z
USR001904,fx_rate_viewed,2024-11-18T12:50:58Z
USR000734,app_open,2024-11-18T15:38:40Z
USR002135,crypto_trade_started,2024-11-19T01:01:26Z
USR001183,card_payment_viewed,2024-11-19T06:03:50Z
USR003615,plan_screen_viewed,2024-11-19T09:50:29Z
USR004425,app_open,2024-11-19T13:45:40Z
USR004222,transfer_started,2024-11-20T00:56:08Z
USR001140,app_open,2024-11-20T01:15:54Z
USR000058,stock_order_started,2024-11-20T07:19:42Z
USR001231,card_payment_viewed,2024-11-20T10:26:24Z
USR004365,fx_rate_viewed,2024-11-20T14:22:15Z
USR004020,card_payment_viewed,2024-11-20T21:26:43Z
USR000207,app_open,2024-11-20T23:54:38Z
USR002017,card_payment_viewed,2024-11-21T11:43:48Z
USR000217,plan_screen_viewed,2024-11-21T17:35:35Z
USR004091,app_open,2024-11-21T21:03:23Z
USR001694,transfer_started,2024-11-22T02:33:43Z
USR000903,transfer_completed,2024-11-22T07:06:43Z
USR003860,crypto_trade_started,2024-11-22T08:33:33Z
USR004630,fx_rate_viewed,2024-11-22T09:53:01Z
USR001139,app_open,2024-11-22T14:37:55Z
USR004127,fx_rate_viewed,2024-11-22T15:27:46Z
USR004152,plan_screen_viewed,2024-11-23T00:53:04Z
USR004503,stock_order_started,2024-11-23T01:27:58Z
USR001231,transfer_started,2024-11-23T01:40:55Z
USR002694,card_payment_viewed,2024-11-23T06:28:41Z
USR002842,card_payment_viewed,2024-11-23T08:02:23Z
USR001993,app_open,2024-11-23T11:38:35Z
USR000599,app_open,2024-11-23T12:06:49Z
USR001522,stock_order_started,2024-11-23T14:13:33Z
USR003101,app_open,2024-11-23T16:31:30Z
USR002030,card_payment_viewed,2024-11-24T05:31:41Z
USR002751,app_open,2024-11-24T08:17:58Z
USR002560,app_open,2024-11-24T11:06:29Z
USR002142,app_open,2024-11-24T17:01:32Z
USR004853,card_payment_viewed,2024-11-25T06:09:32Z
USR000815,app_open,2024-11-25T06:46:22Z
USR002596,transfer_started,2024-11-25T14:22:22Z
USR004006,stock_order_started,2024-11-25T18:47:13Z
USR003353,app_open,2024-11-25T19:45:39Z
USR001649,stock_order_started,2024-11-26T02:02:48Z
USR002308,savings_vault_opened,2024-11-26T02:56:56Z
USR004185,transfer_started,2024-11-26T04:08:10Z
USR001210,card_payment_viewed,2024-11-26T05:40:39Z
USR000179,transfer_started,2024-11-26T09:39:11Z
USR000226,app_open,2024-11-26T13:43:48Z
USR001963,transfer_started,2024-11-27T03:53:49Z
USR004724,transfer_completed,2024-11-27T05:17:40Z
USR001389,fx_rate_viewed,2024-11-27T07:04:01Z
USR002053,app_open,2024-11-27T07:21:49Z
USR004422,savings_vault_opened,2024-11-27T09:06:56Z
USR003231,stock_order_started,2024-11-27T19:29:33Z
USR001387,card_payment_viewed,2024-11-28T14:07:24Z
USR000988,app_open,2024-11-28T18:49:00Z
USR000753,plan_screen_viewed,2024-11-29T00:42:07Z
USR004256,app_open,2024-11-29T03:55:04Z
USR001755,transfer_completed,2024-11-29T09:22:50Z
USR003225,transfer_started,2024-11-29T10:05:19Z
USR000516,app_open,2024-11-29T12:30:18Z
USR000244,app_open,2024-11-29T13:59:02Z
USR002481,app_open,2024-11-30T14:13:03Z
USR002214,app_open,2024-11-30T18:25:17Z
USR002749,app_open,2024-11-30T20:54:11Z
USR000526,transfer_completed,2024-11-30T21:12:54Z
USR002674,card_payment_viewed,2024-12-01T00:18:07Z
USR001026,card_payment_viewed,2024-12-01T04:00:16Z
USR001016,app_open,2024-12-01T13:05:12Z
USR001610,app_open,2024-12-01T19:44:35Z
USR000022,support_opened,2024-12-01T21:36:55Z
USR000469,support_opened,2024-12-01T22:42:11Z
USR004734,transfer_completed,2024-12-02T00:28:53Z
USR003755,transfer_completed,2024-12-02T02:17:34Z
USR000100,app_open,2024-12-02T17:05:32Z
USR004155,stock_order_started,2024-12-02T22:18:13Z
USR003472,transfer_started,2024-12-02T23:50:50Z
USR002204,transfer_completed,2024-12-03T00:45:22Z
USR003943,app_open,2024-12-03T03:17:20Z
USR004965,app_open,2024-12-03T07:46:01Z
USR003562,app_open,2024-12-03T10:47:14Z
USR003390,plan_screen_viewed,2024-12-03T11:00:26Z
USR000702,card_payment_viewed,2024-12-03T15:11:33Z
USR004302,transfer_completed,2024-12-04T01:38:39Z
USR000750,savings_vault_opened,2024-12-04T05:23:02Z
USR002797,transfer_completed,2024-12-04T13:11:54Z
USR002323,crypto_trade_started,2024-12-04T14:57:29Z
USR003347,support_opened,2024-12-04T17:56:42Z
USR004969,card_payment_viewed,2024-12-04T20:08:33Z
USR001133,app_open,2024-12-04T22:12:14Z
USR004036,transfer_completed,2024-12-05T04:28:17Z
USR004894,app_open,2024-12-05T06:12:02Z
USR001558,crypto_trade_started,2024-12-05T13:57:21Z
USR003897,savings_vault_opened,2024-12-05T15:21:36Z
USR002984,savings_vault_opened,2024-12-06T13:13:18Z
USR000390,app_open,2024-12-06T18:52:36Z
USR000846,app_open,2024-12-06T19:24:32Z
USR000553,transfer_started,2024-12-07T10:30:12Z
USR002730,transfer_completed,2024-12-07T15:32:50Z
USR001303,transfer_started,2024-12-07T19:44:34Z
USR001055,plan_screen_viewed,2024-12-07T20:51:58Z
USR000136,transfer_completed,2024-12-08T01:56:33Z
USR004503,transfer_started,2024-12-08T02:04:25Z
USR003469,card_payment_viewed,2024-12-08T04:23:22Z
USR000776,app_open,2024-12-08T12:56:20Z
USR001467,app_open,2024-12-08T14:18:10Z
USR004242,app_open,2024-12-08T18:30:00Z
USR003684,crypto_trade_started,2024-12-08T22:37:31Z
USR003281,transfer_completed,2024-12-08T23:19:52Z
USR000206,plan_screen_viewed,2024-12-09T08:30:16Z
USR004964,transfer_started,2024-12-09T19:22:11Z
USR002919,card_payment_viewed,2024-12-10T01:05:00Z
USR000854,crypto_trade_started,2024-12-10T01:46:53Z
USR000658,card_payment_viewed,2024-12-10T13:06:51Z
USR004316,app_open,2024-12-10T19:02:08Z
USR002587,app_open,2024-12-10T19:21:19Z
USR001862,app_open,2024-12-10T22:27:36Z
USR001847,transfer_completed,2024-12-10T23:39:58Z
USR004266,transfer_started,2024-12-11T00:15:26Z
USR004121,transfer_started,2024-12-11T05:30:19Z
USR003486,card_payment_viewed,2024-12-11T06:26:53Z
USR000155,app_open,2024-12-11T14:37:08Z
USR003078,app_open,2024-12-11T15:11:22Z
USR000207,app_open,2024-12-12T04:30:54Z
USR000449,crypto_trade_started,2024-12-12T12:16:12Z
USR004605,savings_vault_opened,2024-12-12T14:50:29Z
USR000514,savings_vault_opened,2024-12-12T16:31:21Z
USR003960,app_open,2024-12-12T19:28:16Z
USR001046,savings_vault_opened,2024-12-12T19:35:47Z
USR001847,app_open,2024-12-13T01:20:44Z
USR001694,app_open,2024-12-13T02:05:35Z
USR004811,app_open,2024-12-13T03:43:20Z
USR003134,crypto_trade_started,2024-12-13T06:12:59Z
USR004568,plan_screen_viewed,2024-12-13T11:31:20Z
USR003262,app_open,2024-12-13T12:21:12Z
USR004666,fx_rate_viewed,2024-12-13T16:34:05Z
USR001727,card_payment_viewed,2024-12-13T18:52:53Z
USR004670,crypto_trade_started,2024-12-14T01:03:50Z
USR003634,card_payment_viewed,2024-12-14T05:46:21Z
USR000553,app_open,2024-12-14T05:53:02Z
USR002457,transfer_completed,2024-12-14T08:31:07Z
USR000606,app_open,2024-12-14T15:29:26Z
USR004464,stock_order_started,2024-12-15T00:11:51Z
USR000072,app_open,2024-12-15T05:18:16Z
USR001576,transfer_started,2024-12-15T05:24:12Z
USR003371,transfer_started,2024-12-15T06:32:07Z
USR000619,transfer_completed,2024-12-15T20:09:43Z
USR004039,support_opened,2024-12-16T02:27:47Z
USR003565,card_payment_viewed,2024-12-16T21:46:53Z
USR000133,transfer_completed,2024-12-17T20:27:26Z
USR004198,app_open,2024-12-18T00:50:32Z
USR001420,stock_order_started,2024-12-18T12:35:48Z
USR004091,card_payment_viewed,2024-12-18T19:28:01Z
USR000747,transfer_completed,2024-12-18T19:36:25Z
USR001704,app_open,2024-12-18T22:17:00Z
USR001204,card_payment_viewed,2024-12-19T00:32:26Z
USR001991,savings_vault_opened,2024-12-19T01:14:10Z
USR002968,transfer_started,2024-12-19T10:02:53Z
USR001346,fx_rate_viewed,2024-12-19T12:19:44Z
USR003905,fx_rate_viewed,2024-12-19T16:19:50Z
USR004680,app_open,2024-12-19T22:02:40Z
USR000965,app_open,2024-12-20T02:54:32Z
USR001002,app_open,2024-12-20T10:31:49Z
USR001269,fx_rate_viewed,2024-12-20T11:46:16Z
USR004749,transfer_started,2024-12-20T17:39:03Z
USR003759,plan_screen_viewed,2024-12-21T03:17:32Z
USR001104,savings_vault_opened,2024-12-21T03:32:52Z
USR002242,app_open,2024-12-21T08:09:34Z
USR001384,support_opened,2024-12-21T16:30:42Z
USR002869,app_open,2024-12-21T18:05:02Z
USR004725,app_open,2024-12-22T01:49:22Z
USR001391,fx_rate_viewed,2024-12-22T08:10:29Z
USR002222,app_open,2024-12-22T11:14:49Z
USR000793,crypto_trade_started,2024-12-22T17:05:51Z
USR000021,card_payment_viewed,2024-12-22T17:35:02Z
USR002247,card_payment_viewed,2024-12-23T07:34:49Z
USR003296,app_open,2024-12-23T09:00:41Z
USR004820,plan_screen_viewed,2024-12-23T14:40:26Z
USR000507,stock_order_started,2024-12-23T23:06:59Z
USR003467,savings_vault_opened,2024-12-24T03:16:47Z
USR003160,app_open,2024-12-24T04:36:07Z
USR000516,app_open,2024-12-24T08:48:27Z
USR001802,savings_vault_opened,2024-12-24T12:35:15Z
USR001918,app_open,2024-12-24T19:33:49Z
USR001728,transfer_completed,2024-12-24T22:22:00Z
USR003543,stock_order_started,2024-12-25T06:41:28Z
USR004194,card_payment_viewed,2024-12-25T13:51:39Z
USR004023,card_payment_viewed,2024-12-25T20:08:38Z
USR000607,savings_vault_opened,2024-12-25T22:49:50Z
USR002422,plan_screen_viewed,2024-12-26T00:27:29Z
USR003805,card_payment_viewed,2024-12-26T16:42:39Z
USR001211,transfer_completed,2024-12-26T19:28:21Z
USR000629,app_open,2024-12-26T20:02:00Z
USR003407,card_payment_viewed,2024-12-26T21:13:26Z
USR004522,card_payment_viewed,2024-12-26T21:42:06Z
USR002807,app_open,2024-12-27T00:29:04Z
USR000499,plan_screen_viewed,2024-12-27T05:55:01Z
USR002724,stock_order_started,2024-12-27T08:39:35Z
USR000442,crypto_trade_started,2024-12-27T12:23:23Z
USR004055,app_open,2024-12-27T18:20:13Z
USR004514,transfer_completed,2024-12-28T02:11:18Z
USR002456,transfer_completed,2024-12-28T02:13:02Z
USR000896,app_open,2024-12-28T05:07:04Z
USR000041,app_open,2024-12-28T07:19:06Z
USR004671,app_open,2024-12-28T08:10:02Z
USR002812,card_payment_viewed,2024-12-28T12:50:08Z
USR000919,app_open,2024-12-28T18:31:10Z
USR003094,app_open,2024-12-28T18:53:01Z
USR004051,card_payment_viewed,2024-12-28T22:09:56Z
USR002049,fx_rate_viewed,2024-12-29T00:52:00Z
USR002936,app_open,2024-12-29T01:09:44Z
USR000187,transfer_started,2024-12-29T04:12:07Z
USR000216,plan_screen_viewed,2024-12-29T05:26:06Z
USR004945,app_open,2024-12-29T08:26:13Z
USR001621,card_payment_viewed,2024-12-29T18:43:17Z
USR001236,stock_order_started,2024-12-29T18:50:41Z
USR000070,app_open,2024-12-29T20:39:23Z
USR002405,crypto_trade_started,2024-12-30T14:37:01Z
USR002012,transfer_started,2024-12-30T18:07:12Z
USR004682,app_open,2024-12-30T22:25:11Z
USR000080,stock_order_started,2024-12-31T12:46:05Z
USR000545,transfer_started,2024-12-31T18:19:52Z
USR000035,transfer_completed,2024-12-31T18:29:24Z
USR000973,app_open,2024-12-31T23:06:31Z
USR002179,transfer_started,2025-01-01T02:24:11Z
USR000575,card_payment_viewed,2025-01-01T06:09:32Z
USR000477,transfer_completed,2025-01-01T11:11:07Z
USR001291,transfer_completed,2025-01-01T14:10:48Z
USR001280,transfer_started,2025-01-01T15:01:45Z
USR003334,transfer_completed,2025-01-01T19:38:13Z
USR003545,transfer_started,2025-01-01T22:19:40Z
USR000377,transfer_started,2025-01-01T23:36:25Z
USR000615,transfer_started,2025-01-02T01:59:18Z
USR004982,crypto_trade_started,2025-01-02T05:42:44Z
USR001743,app_open,2025-01-02T08:37:51Z
USR000084,transfer_started,2025-01-02T19:57:42Z
USR000959,transfer_started,2025-01-02T22:03:23Z
USR002455,transfer_started,2025-01-03T04:39:45Z
USR002129,app_open,2025-01-03T07:27:00Z
USR000827,transfer_started,2025-01-03T08:20:46Z
USR003090,support_opened,2025-01-03T09:26:42Z
USR003287,app_open,2025-01-03T09:38:04Z
USR003001,fx_rate_viewed,2025-01-03T21:55:19Z
USR002572,savings_vault_opened,2025-01-04T00:56:44Z
USR003113,savings_vault_opened,2025-01-04T01:02:30Z
USR000351,savings_vault_opened,2025-01-04T02:19:59Z
USR004283,transfer_completed,2025-01-04T10:54:02Z
USR003053,transfer_started,2025-01-05T02:31:58Z
USR001854,plan_screen_viewed,2025-01-05T08:22:03Z
USR002604,plan_screen_viewed,2025-01-05T10:16:00Z
USR004522,transfer_started,2025-01-05T17:15:33Z
USR003711,crypto_trade_started,2025-01-05T21:03:53Z
USR000998,app_open,2025-01-06T00:58:21Z
USR003860,card_payment_viewed,2025-01-06T03:16:37Z
USR000387,fx_rate_viewed,2025-01-06T04:04:11Z
USR002693,transfer_started,2025-01-06T06:54:47Z
USR002151,transfer_completed,2025-01-06T10:12:24Z
USR003859,card_payment_viewed,2025-01-06T14:51:29Z
USR001288,app_open,2025-01-06T17:25:46Z
USR004033,transfer_started,2025-01-06T18:30:21Z
USR000734,support_opened,2025-01-06T19:40:19Z
USR002772,crypto_trade_started,2025-01-07T00:05:39Z
USR002094,app_open,2025-01-07T03:11:43Z
USR002077,app_open,2025-01-07T05:14:25Z
USR004054,plan_screen_viewed,2025-01-07T08:45:29Z
USR002903,transfer_completed,2025-01-07T10:02:48Z
USR003679,transfer_started,2025-01-07T14:50:13Z
USR003150,app_open,2025-01-07T17:53:14Z
USR004782,plan_screen_viewed,2025-01-07T20:30:46Z
USR002324,support_opened,2025-01-07T23:06:20Z
USR004006,app_open,2025-01-07T23:48:28Z
USR002068,card_payment_viewed,2025-01-08T13:46:58Z
USR003853,card_payment_viewed,2025-01-08T21:02:53Z
USR003093,transfer_completed,2025-01-09T01:37:57Z
USR000708,stock_order_started,2025-01-09T03:31:01Z
USR002194,savings_vault_opened,2025-01-09T19:53:59Z
USR002915,card_payment_viewed,2025-01-10T00:04:19Z
USR003202,app_open,2025-01-10T02:05:08Z
USR000994,app_open,2025-01-10T02:38:09Z
USR004182,stock_order_started,2025-01-10T06:45:49Z
USR000693,app_open,2025-01-10T19:58:30Z
USR000262,card_payment_viewed,2025-01-11T01:58:48Z
USR004761,support_opened,2025-01-11T05:00:12Z
USR002134,transfer_completed,2025-01-11T23:34:49Z
USR004366,transfer_completed,2025-01-12T06:48:34Z
USR004608,transfer_started,2025-01-12T11:33:54Z
USR000210,transfer_completed,2025-01-12T11:43:10Z
USR002147,transfer_completed,2025-01-12T12:19:31Z
USR000215,transfer_completed,2025-01-12T12:26:10Z
USR003686,transfer_completed,2025-01-12T14:36:32Z
USR004298,stock_order_started,2025-01-12T14:56:15Z
USR001276,plan_screen_viewed,2025-01-12T18:21:05Z
USR004085,app_open,2025-01-12T22:08:41Z
USR002053,app_open,2025-01-13T02:24:02Z
USR001583,savings_vault_opened,2025-01-13T02:30:23Z
USR003972,crypto_trade_started,2025-01-13T06:22:55Z
USR002318,transfer_started,2025-01-13T11:08:27Z
USR004688,transfer_started,2025-01-13T15:14:49Z
USR004779,card_payment_viewed,2025-01-13T17:07:16Z
USR003929,crypto_trade_started,2025-01-14T06:12:08Z
USR004330,transfer_started,2025-01-14T11:22:41Z
USR004938,fx_rate_viewed,2025-01-14T23:04:47Z
USR004319,app_open,2025-01-15T04:56:55Z
USR003813,card_payment_viewed,2025-01-15T09:54:50Z
USR002106,card_payment_viewed,2025-01-15T10:45:05Z
USR000329,stock_order_started,2025-01-15T11:15:14Z
USR003650,app_open,2025-01-15T16:25:55Z
USR000330,app_open,2025-01-15T22:49:15Z
USR000214,app_open,2025-01-16T04:06:40Z
USR004574,transfer_completed,2025-01-16T13:36:06Z
USR002654,transfer_started,2025-01-16T23:24:54Z
USR003787,support_opened,2025-01-16T23:56:02Z
USR000409,stock_order_started,2025-01-17T04:30:15Z
USR001891,transfer_started,2025-01-17T09:14:04Z
USR002983,card_payment_viewed,2025-01-17T15:28:57Z
USR002052,card_payment_viewed,2025-01-17T18:11:53Z
USR002046,plan_screen_viewed,2025-01-17T18:38:31Z
USR003853,app_open,2025-01-17T22:19:23Z
USR003120,transfer_started,2025-01-18T06:06:50Z
USR004057,transfer_completed,2025-01-18T08:35:13Z
USR003327,transfer_started,2025-01-18T08:44:59Z
USR004611,crypto_trade_started,2025-01-18T10:44:47Z
USR000658,transfer_completed,2025-01-18T19:17:16Z
USR000385,fx_rate_viewed,2025-01-18T20:51:47Z
USR002556,app_open,2025-01-18T23:09:05Z
USR004719,app_open,2025-01-18T23:28:44Z
USR002498,card_payment_viewed,2025-01-19T01:06:52Z
USR001722,savings_vault_opened,2025-01-19T14:06:21Z
USR003467,app_open,2025-01-19T16:23:12Z
USR001578,card_payment_viewed,2025-01-19T18:48:19Z
USR002884,fx_rate_viewed,2025-01-19T20:19:01Z
USR003447,app_open,2025-01-20T05:43:39Z
USR000571,transfer_completed,2025-01-20T06:44:23Z
USR003909,fx_rate_viewed,2025-01-20T09:32:55Z
USR002899,card_payment_viewed,2025-01-20T09:34:14Z
USR003959,transfer_completed,2025-01-20T11:05:01Z
USR003311,transfer_completed,2025-01-20T17:22:36Z
USR002286,support_opened,2025-01-20T18:22:42Z
USR001724,card_payment_viewed,2025-01-20T21:59:37Z
USR000005,crypto_trade_started,2025-01-20T22:38:58Z
USR002492,stock_order_started,2025-01-20T23:23:28Z
USR003713,app_open,2025-01-21T05:31:24Z
USR002649,app_open,2025-01-21T07:26:56Z
USR004217,transfer_completed,2025-01-21T17:12:01Z
USR002931,card_payment_viewed,2025-01-21T18:01:37Z
USR000332,card_payment_viewed,2025-01-21T19:12:19Z
USR003120,transfer_started,2025-01-21T22:16:16Z
USR000458,crypto_trade_started,2025-01-22T01:35:37Z
USR004040,fx_rate_viewed,2025-01-22T02:46:23Z
USR004773,app_open,2025-01-22T02:53:03Z
USR003037,plan_screen_viewed,2025-01-22T11:45:58Z
USR004547,app_open,2025-01-22T15:14:24Z
USR001420,app_open,2025-01-22T20:01:19Z
USR004332,transfer_completed,2025-01-22T21:17:23Z
USR000967,fx_rate_viewed,2025-01-23T01:26:37Z
USR002275,fx_rate_viewed,2025-01-23T09:21:24Z
USR003681,transfer_started,2025-01-23T10:34:06Z
USR002707,card_payment_viewed,2025-01-23T15:42:30Z
USR001979,transfer_started,2025-01-23T19:33:25Z
USR002825,savings_vault_opened,2025-01-23T20:17:02Z
USR001001,app_open,2025-01-24T00:02:13Z
USR002827,card_payment_viewed,2025-01-24T15:39:27Z
USR002194,app_open,2025-01-24T18:08:25Z
USR000937,app_open,2025-01-24T18:38:04Z
USR000886,app_open,2025-01-24T22:05:21Z
USR000752,card_payment_viewed,2025-01-25T05:59:01Z
USR003860,app_open,2025-01-25T09:30:05Z
USR001951,app_open,2025-01-25T10:17:29Z
USR001801,transfer_started,2025-01-25T11:04:57Z
USR003049,transfer_completed,2025-01-25T12:52:33Z
USR003726,app_open,2025-01-26T04:09:14Z
USR003311,transfer_started,2025-01-26T06:05:08Z
USR001490,transfer_completed,2025-01-26T08:35:14Z
USR004421,savings_vault_opened,2025-01-26T10:45:10Z
USR002900,app_open,2025-01-26T12:07:52Z
USR002668,crypto_trade_started,2025-01-26T14:54:48Z
USR001981,app_open,2025-01-26T20:23:17Z
USR003288,savings_vault_opened,2025-01-26T21:56:53Z
USR003279,stock_order_started,2025-01-26T23:18:22Z
USR003909,support_opened,2025-01-26T23:28:58Z
USR003808,crypto_trade_started,2025-01-27T00:56:53Z
USR003946,transfer_completed,2025-01-27T08:10:19Z
USR001038,card_payment_viewed,2025-01-27T08:35:43Z
USR003653,plan_screen_viewed,2025-01-27T09:15:50Z
USR000139,card_payment_viewed,2025-01-27T11:05:02Z
USR002767,plan_screen_viewed,2025-01-28T00:38:46Z
USR002042,stock_order_started,2025-01-28T04:24:53Z
USR003873,transfer_completed,2025-01-28T13:49:08Z
USR001797,transfer_started,2025-01-28T15:25:04Z
USR003198,support_opened,2025-01-28T15:46:22Z
USR003856,app_open,2025-01-28T15:49:11Z
USR004083,card_payment_viewed,2025-01-29T07:22:01Z
USR003051,app_open,2025-01-29T13:10:44Z
USR004725,support_opened,2025-01-29T17:09:11Z
USR000866,app_open,2025-01-29T18:52:45Z
USR000180,app_open,2025-01-30T00:42:02Z
USR004580,transfer_started,2025-01-30T01:45:19Z
USR001030,transfer_completed,2025-01-30T10:03:23Z
USR004014,app_open,2025-01-30T10:11:21Z
USR001665,plan_screen_viewed,2025-01-30T10:41:28Z
USR002969,transfer_completed,2025-01-30T10:55:29Z
USR000522,fx_rate_viewed,2025-01-30T11:51:13Z
USR000442,transfer_completed,2025-01-30T20:53:53Z
USR000330,transfer_completed,2025-01-31T01:08:20Z
USR004108,transfer_completed,2025-01-31T11:31:29Z
USR004531,card_payment_viewed,2025-01-31T13:04:56Z
USR002832,plan_screen_viewed,2025-01-31T16:28:53Z
USR002924,fx_rate_viewed,2025-01-31T22:01:17Z
USR003074,savings_vault_opened,2025-01-31T23:21:24Z
USR001045,app_open,2025-02-01T04:22:10Z
USR003366,stock_order_started,2025-02-01T16:21:33Z
USR003377,transfer_completed,2025-02-01T16:58:13Z
USR000625,card_payment_viewed,2025-02-01T17:46:37Z
USR001836,app_open,2025-02-01T18:58:45Z
USR000498,card_payment_viewed,2025-02-02T13:23:53Z
USR002551,crypto_trade_started,2025-02-02T16:49:26Z
USR002053,crypto_trade_started,2025-02-03T01:51:09Z
USR004823,crypto_trade_started,2025-02-03T07:31:31Z
USR000613,transfer_started,2025-02-03T08:35:11Z
USR001676,transfer_started,2025-02-03T15:28:22Z
USR002792,fx_rate_viewed,2025-02-03T18:12:47Z
USR004720,card_payment_viewed,2025-02-03T18:43:57Z
USR000851,transfer_started,2025-02-03T22:05:08Z
USR000447,card_payment_viewed,2025-02-03T22:47:50Z
USR003738,plan_screen_viewed,2025-02-04T04:56:54Z
USR001611,fx_rate_viewed,2025-02-04T08:00:57Z
USR004595,stock_order_started,2025-02-04T08:27:15Z
USR003219,fx_rate_viewed,2025-02-04T10:34:29Z
USR003566,app_open,2025-02-04T10:39:53Z
USR000041,transfer_completed,2025-02-04T11:58:38Z
USR001604,fx_rate_viewed,2025-02-04T14:33:16Z
USR001981,stock_order_started,2025-02-04T15:05:52Z
USR000765,stock_order_started,2025-02-04T20:44:29Z
USR001547,support_opened,2025-02-04T20:54:56Z
USR003896,plan_screen_viewed,2025-02-04T21:06:22Z
USR004091,savings_vault_opened,2025-02-05T00:00:08Z
USR001576,plan_screen_viewed,2025-02-05T06:48:06Z
USR000842,crypto_trade_started,2025-02-05T06:49:53Z
USR002690,fx_rate_viewed,2025-02-05T09:24:21Z
USR003085,app_open,2025-02-05T15:23:00Z
USR002218,app_open,2025-02-05T23:28:21Z
USR000903,app_open,2025-02-06T03:02:59Z
USR000915,transfer_started,2025-02-06T07:03:01Z
USR001678,app_open,2025-02-06T08:10:20Z
USR001817,app_open,2025-02-06T11:00:24Z
USR002025,transfer_started,2025-02-06T11:48:48Z
USR002562,plan_screen_viewed,2025-02-07T00:03:45Z
USR001797,app_open,2025-02-07T01:26:13Z
USR002982,savings_vault_opened,2025-02-07T02:40:38Z
USR001648,transfer_started,2025-02-07T03:25:19Z
USR003126,support_opened,2025-02-07T07:50:03Z
USR002807,transfer_completed,2025-02-07T11:23:18Z
USR002503,card_payment_viewed,2025-02-07T13:24:02Z
USR001278,crypto_trade_started,2025-02-07T18:53:14Z
USR003366,card_payment_viewed,2025-02-07T23:33:49Z
USR001434,app_open,2025-02-08T04:22:39Z
USR003809,crypto_trade_started,2025-02-08T05:27:25Z
USR001762,app_open,2025-02-08T05:58:45Z
USR004010,transfer_completed,2025-02-08T06:26:25Z
USR003942,card_payment_viewed,2025-02-08T06:40:28Z
USR004728,card_payment_viewed,2025-02-08T10:35:56Z
USR001718,plan_screen_viewed,2025-02-08T11:11:53Z
USR004365,transfer_started,2025-02-08T14:29:14Z
USR000545,app_open,2025-02-09T05:35:38Z
USR003709,transfer_started,2025-02-09T11:33:28Z
USR003443,transfer_started,2025-02-09T14:15:15Z
USR003280,transfer_completed,2025-02-09T15:33:09Z
USR001976,app_open,2025-02-09T15:41:48Z
USR001409,transfer_started,2025-02-09T19:03:23Z
USR002223,app_open,2025-02-09T19:56:44Z
USR002639,app_open,2025-02-10T12:32:09Z
USR003621,app_open,2025-02-10T14:16:13Z
USR001410,transfer_completed,2025-02-10T20:02:39Z
USR004721,transfer_started,2025-02-10T23:14:24Z
USR000350,fx_rate_viewed,2025-02-11T05:43:52Z
USR003943,card_payment_viewed,2025-02-11T07:58:05Z
USR004913,app_open,2025-02-11T09:20:45Z
USR004998,app_open,2025-02-11T09:30:28Z
USR002842,app_open,2025-02-11T11:47:47Z
USR003516,savings_vault_opened,2025-02-11T17:09:47Z
USR003372,card_payment_viewed,2025-02-12T02:18:16Z
USR003721,card_payment_viewed,2025-02-12T04:11:43Z
USR004127,app_open,2025-02-12T07:18:03Z
USR004285,app_open,2025-02-12T14:12:25Z
USR004351,plan_screen_viewed,2025-02-12T14:44:44Z
USR000983,app_open,2025-02-12T15:15:28Z
USR003046,card_payment_viewed,2025-02-12T23:23:48Z
USR003708,support_opened,2025-02-13T02:57:59Z
USR000072,savings_vault_opened,2025-02-13T03:45:38Z
USR003119,app_open,2025-02-13T04:13:33Z
USR002973,app_open,2025-02-13T11:32:24Z
USR003207,app_open,2025-02-13T12:18:03Z
USR001666,stock_order_started,2025-02-13T14:35:45Z
USR001482,transfer_completed,2025-02-14T02:02:00Z
USR001294,app_open,2025-02-14T05:05:38Z
USR004842,transfer_started,2025-02-14T05:58:34Z
USR004176,app_open,2025-02-14T06:28:19Z
USR003619,card_payment_viewed,2025-02-14T10:57:31Z
USR000694,stock_order_started,2025-02-14T18:22:52Z
USR003589,savings_vault_opened,2025-02-15T03:07:58Z
USR000877,app_open,2025-02-15T20:02:20Z
USR002209,support_opened,2025-02-16T00:51:05Z
USR001095,stock_order_started,2025-02-16T06:54:08Z
USR004135,app_open,2025-02-16T11:10:07Z
USR001223,transfer_completed,2025-02-16T12:08:04Z
USR001973,transfer_started,2025-02-16T16:04:04Z
USR004361,transfer_completed,2025-02-16T17:23:16Z
USR001435,stock_order_started,2025-02-16T20:33:19Z
USR004841,app_open,2025-02-16T22:17:03Z
USR003553,app_open,2025-02-16T22:18:37Z
USR003688,app_open,2025-02-17T04:10:06Z
USR004416,fx_rate_viewed,2025-02-17T08:17:40Z
USR003569,crypto_trade_started,2025-02-17T09:40:20Z
USR002418,plan_screen_viewed,2025-02-17T10:19:19Z
USR000132,app_open,2025-02-18T02:54:18Z
USR002730,transfer_completed,2025-02-18T05:42:05Z
USR002436,app_open,2025-02-18T05:58:20Z
USR001510,app_open,2025-02-18T10:23:42Z
USR004695,crypto_trade_started,2025-02-18T15:19:30Z
USR000322,savings_vault_opened,2025-02-18T17:16:24Z
USR000073,savings_vault_opened,2025-02-18T19:24:25Z
USR000740,stock_order_started,2025-02-18T22:25:20Z
USR004483,app_open,2025-02-18T23:17:31Z
USR000660,card_payment_viewed,2025-02-19T05:19:42Z
USR002455,stock_order_started,2025-02-19T07:06:22Z
USR000808,transfer_started,2025-02-19T13:15:31Z
USR000493,app_open,2025-02-19T13:35:49Z
USR000347,card_payment_viewed,2025-02-19T14:06:10Z
USR004819,transfer_completed,2025-02-19T18:56:04Z
USR001127,fx_rate_viewed,2025-02-20T00:44:59Z
USR004838,card_payment_viewed,2025-02-20T06:49:47Z
USR001198,plan_screen_viewed,2025-02-20T08:31:08Z
USR004514,stock_order_started,2025-02-20T11:12:37Z
USR004403,crypto_trade_started,2025-02-20T12:12:24Z
USR003809,card_payment_viewed,2025-02-20T15:03:11Z
USR002440,transfer_started,2025-02-20T17:45:44Z
USR000039,app_open,2025-02-20T23:02:35Z
USR001736,app_open,2025-02-21T13:20:05Z
USR002077,card_payment_viewed,2025-02-21T13:28:10Z
USR001273,plan_screen_viewed,2025-02-21T14:40:51Z
USR000661,transfer_started,2025-02-21T16:41:42Z
USR003727,card_payment_viewed,2025-02-22T00:31:35Z
USR002688,transfer_started,2025-02-22T02:04:06Z
USR001216,transfer_started,2025-02-22T06:30:45Z
USR004814,transfer_started,2025-02-22T18:37:32Z
USR004841,card_payment_viewed,2025-02-23T00:09:05Z
USR004331,crypto_trade_started,2025-02-23T09:10:22Z
USR002539,transfer_started,2025-02-23T12:21:47Z
USR004880,app_open,2025-02-23T16:42:38Z
USR001275,card_payment_viewed,2025-02-23T16:59:50Z
USR001335,transfer_completed,2025-02-24T00:22:18Z
USR001057,savings_vault_opened,2025-02-24T03:39:16Z
USR002572,card_payment_viewed,2025-02-24T04:19:10Z
USR003303,app_open,2025-02-24T11:42:25Z
USR002773,app_open,2025-02-24T11:51:24Z
USR001009,card_payment_viewed,2025-02-24T12:54:46Z
USR002798,app_open,2025-02-24T16:57:50Z
USR000197,stock_order_started,2025-02-25T06:39:04Z
USR003325,transfer_started,2025-02-25T09:41:21Z
USR004997,transfer_started,2025-02-25T15:15:20Z
USR003981,stock_order_started,2025-02-25T18:04:58Z
USR004174,card_payment_viewed,2025-02-25T21:01:40Z
USR003849,app_open,2025-02-25T23:45:51Z
USR002893,support_opened,2025-02-26T00:00:18Z
USR004545,app_open,2025-02-26T03:46:59Z
USR003242,transfer_started,2025-02-26T06:00:03Z
USR004478,app_open,2025-02-26T12:52:37Z
USR001994,app_open,2025-02-26T13:55:42Z
USR000203,app_open,2025-02-26T16:23:37Z
USR001899,transfer_started,2025-02-26T18:55:37Z
USR004324,app_open,2025-02-26T22:15:57Z
USR001950,transfer_completed,2025-02-27T00:11:50Z
USR001621,savings_vault_opened,2025-02-27T04:37:02Z
USR001584,fx_rate_viewed,2025-02-27T05:46:22Z
USR003429,savings_vault_opened,2025-02-27T23:20:49Z
USR002057,app_open,2025-02-28T00:28:04Z
USR001978,card_payment_viewed,2025-02-28T01:18:44Z
USR000093,transfer_completed,2025-02-28T03:10:17Z
USR003194,transfer_started,2025-02-28T03:45:10Z
USR001274,crypto_trade_started,2025-02-28T10:38:41Z
USR002641,stock_order_started,2025-02-28T15:26:59Z
USR004788,transfer_completed,2025-02-28T17:10:08Z
USR004203,card_payment_viewed,2025-02-28T21:03:25Z
USR001059,transfer_started,2025-03-01T04:14:37Z
USR004792,fx_rate_viewed,2025-03-01T14:48:07Z
USR004871,card_payment_viewed,2025-03-02T02:09:05Z
USR002742,savings_vault_opened,2025-03-02T03:27:48Z
USR004501,app_open,2025-03-02T12:45:39Z
USR001300,app_open,2025-03-02T13:56:41Z
USR000896,card_payment_viewed,2025-03-02T22:36:47Z
USR002255,card_payment_viewed,2025-03-02T22:42:12Z
USR004121,app_open,2025-03-03T09:13:24Z
USR002837,transfer_started,2025-03-03T10:02:09Z
USR004434,crypto_trade_started,2025-03-03T13:14:33Z
USR004875,transfer_completed,2025-03-04T00:08:06Z
USR003844,stock_order_started,2025-03-04T09:05:50Z
USR001610,plan_screen_viewed,2025-03-04T10:00:13Z
USR001756,savings_vault_opened,2025-03-04T16:35:19Z
USR002043,app_open,2025-03-04T17:21:46Z
USR003388,app_open,2025-03-04T17:25:18Z
USR003938,transfer_started,2025-03-04T20:16:16Z
USR001817,fx_rate_viewed,2025-03-04T21:23:27Z
USR003263,transfer_completed,2025-03-04T23:42:17Z
USR000850,card_payment_viewed,2025-03-05T00:02:46Z
USR003123,stock_order_started,2025-03-05T01:44:17Z
USR002952,crypto_trade_started,2025-03-05T03:19:00Z
USR002748,app_open,2025-03-05T06:08:52Z
USR001725,transfer_started,2025-03-05T08:45:39Z
USR000917,fx_rate_viewed,2025-03-05T13:00:58Z
USR001396,app_open,2025-03-05T15:51:45Z
USR003942,transfer_started,2025-03-05T19:36:36Z
USR004450,card_payment_viewed,2025-03-06T08:52:57Z
USR000876,card_payment_viewed,2025-03-06T09:35:02Z
USR001612,transfer_completed,2025-03-06T11:35:16Z
USR001243,app_open,2025-03-06T11:37:20Z
USR004096,transfer_started,2025-03-06T12:09:32Z
USR000118,app_open,2025-03-07T02:31:23Z
USR001438,plan_screen_viewed,2025-03-07T05:08:06Z
USR004402,card_payment_viewed,2025-03-07T15:59:53Z
USR002385,fx_rate_viewed,2025-03-07T19:34:00Z
USR002838,app_open,2025-03-07T23:52:30Z
USR004448,stock_order_started,2025-03-08T00:18:25Z
USR001183,transfer_started,2025-03-08T05:31:40Z
USR002274,app_open,2025-03-08T09:06:24Z
USR002198,card_payment_viewed,2025-03-08T12:43:24Z
USR002339,fx_rate_viewed,2025-03-08T13:51:20Z
USR001569,transfer_started,2025-03-08T17:03:07Z
USR001011,savings_vault_opened,2025-03-08T19:45:30Z
USR002954,app_open,2025-03-08T21:01:56Z
USR001276,app_open,2025-03-09T03:25:43Z
USR002920,app_open,2025-03-09T07:18:11Z
USR001453,fx_rate_viewed,2025-03-09T09:25:31Z
USR002820,card_payment_viewed,2025-03-09T13:11:33Z
USR001804,app_open,2025-03-09T15:24:50Z
USR001003,plan_screen_viewed,2025-03-09T17:23:23Z
USR004018,plan_screen_viewed,2025-03-09T20:25:03Z
USR002109,support_opened,2025-03-09T23:19:07Z
USR002861,transfer_completed,2025-03-10T01:40:42Z
USR000889,card_payment_viewed,2025-03-10T01:51:50Z
USR001524,card_payment_viewed,2025-03-10T04:19:36Z
USR001388,transfer_started,2025-03-10T04:28:08Z
USR002641,app_open,2025-03-10T12:29:40Z
USR004634,crypto_trade_started,2025-03-10T13:21:48Z
USR000366,savings_vault_opened,2025-03-10T14:06:47Z
USR000778,card_payment_viewed,2025-03-10T16:06:45Z
USR002907,app_open,2025-03-10T17:21:13Z
USR000639,fx_rate_viewed,2025-03-10T17:56:23Z
USR002951,crypto_trade_started,2025-03-10T18:50:00Z
USR004218,app_open,2025-03-10T19:10:15Z
USR004574,app_open,2025-03-10T19:48:19Z
USR002600,app_open,2025-03-11T00:24:45Z
USR001800,app_open,2025-03-11T02:26:10Z
USR002313,app_open,2025-03-11T03:02:46Z
USR001576,app_open,2025-03-11T07:09:03Z
USR000064,app_open,2025-03-11T08:17:10Z
USR001787,card_payment_viewed,2025-03-11T09:33:40Z
USR004956,stock_order_started,2025-03-11T16:21:31Z
USR002820,app_open,2025-03-11T21:05:31Z
USR003733,transfer_started,2025-03-12T01:33:19Z
USR002006,app_open,2025-03-12T09:57:41Z
USR004092,card_payment_viewed,2025-03-12T13:21:07Z
USR001758,stock_order_started,2025-03-12T16:36:20Z
USR004310,app_open,2025-03-13T04:17:58Z
USR003725,fx_rate_viewed,2025-03-13T09:48:23Z
USR002484,crypto_trade_started,2025-03-13T19:35:47Z
USR001142,savings_vault_opened,2025-03-13T21:50:50Z
USR004902,transfer_started,2025-03-14T02:42:36Z
USR001850,card_payment_viewed,2025-03-14T02:57:59Z
USR000627,app_open,2025-03-14T05:51:47Z
USR002060,app_open,2025-03-14T05:54:49Z
USR002058,app_open,2025-03-14T11:28:38Z
USR000021,fx_rate_viewed,2025-03-14T12:44:26Z
USR000574,stock_order_started,2025-03-14T12:54:16Z
USR001584,app_open,2025-03-14T15:28:12Z
USR000370,crypto_trade_started,2025-03-14T15:58:16Z
USR000454,card_payment_viewed,2025-03-14T23:40:07Z
USR001748,transfer_started,2025-03-15T01:04:22Z
USR002969,card_payment_viewed,2025-03-15T01:33:41Z
USR002564,card_payment_viewed,2025-03-15T11:24:32Z
USR001787,app_open,2025-03-15T18:29:49Z
USR002644,card_payment_viewed,2025-03-15T18:34:55Z
USR004578,plan_screen_viewed,2025-03-16T00:56:04Z
USR000042,app_open,2025-03-16T04:06:16Z
USR001290,stock_order_started,2025-03-16T05:37:39Z
USR001416,savings_vault_opened,2025-03-16T09:36:29Z
USR004080,transfer_completed,2025-03-16T11:02:11Z
USR001956,app_open,2025-03-16T11:08:51Z
USR000897,app_open,2025-03-16T13:11:06Z
USR002292,transfer_completed,2025-03-16T13:45:19Z
USR004184,card_payment_viewed,2025-03-16T16:16:43Z
USR002715,card_payment_viewed,2025-03-16T19:55:06Z
USR004681,app_open,2025-03-16T21:42:21Z
USR002565,fx_rate_viewed,2025-03-17T00:29:20Z
USR003282,app_open,2025-03-17T01:22:05Z
USR004603,app_open,2025-03-17T02:49:50Z
USR004376,app_open,2025-03-17T03:16:11Z
USR002658,app_open,2025-03-17T04:37:39Z
USR002846,support_opened,2025-03-17T11:13:14Z
USR001612,support_opened,2025-03-17T11:35:57Z
USR002560,stock_order_started,2025-03-17T15:56:51Z
USR000283,app_open,2025-03-18T02:49:53Z
USR001349,card_payment_viewed,2025-03-18T08:59:20Z
USR004616,card_payment_viewed,2025-03-18T09:23:40Z
USR004919,transfer_started,2025-03-18T12:31:20Z
USR003911,fx_rate_viewed,2025-03-18T14:30:27Z
USR004598,app_open,2025-03-18T22:50:52Z
USR004878,app_open,2025-03-19T18:29:50Z
USR004531,app_open,2025-03-19T21:31:24Z
USR000656,transfer_completed,2025-03-20T12:15:45Z
USR004594,transfer_completed,2025-03-20T15:40:31Z
USR001222,crypto_trade_started,2025-03-20T17:39:50Z
USR002521,app_open,2025-03-20T17:54:26Z
USR004500,savings_vault_opened,2025-03-20T18:03:40Z
USR000686,transfer_started,2025-03-21T00:07:13Z
USR001068,app_open,2025-03-21T03:09:26Z
USR004294,app_open,2025-03-21T04:56:51Z
USR002318,stock_order_started,2025-03-21T08:14:54Z
USR003488,transfer_completed,2025-03-21T10:28:15Z
USR001484,support_opened,2025-03-21T14:56:04Z
USR001294,crypto_trade_started,2025-03-21T21:15:18Z
USR001125,crypto_trade_started,2025-03-21T21:15:20Z
USR004805,app_open,2025-03-22T04:16:08Z
USR000333,crypto_trade_started,2025-03-22T07:06:21Z
USR003999,transfer_completed,2025-03-22T07:23:33Z
USR000896,crypto_trade_started,2025-03-22T08:57:52Z
USR004104,transfer_started,2025-03-22T10:14:17Z
USR002792,fx_rate_viewed,2025-03-22T10:54:55Z
USR001387,app_open,2025-03-22T14:57:15Z
USR002158,crypto_trade_started,2025-03-22T20:18:13Z
USR001737,card_payment_viewed,2025-03-23T01:04:24Z
USR003232,app_open,2025-03-23T02:23:56Z
USR003353,crypto_trade_started,2025-03-23T04:24:27Z
USR002397,savings_vault_opened,2025-03-23T04:50:37Z
USR004412,stock_order_started,2025-03-23T10:25:42Z
USR004285,app_open,2025-03-23T12:34:52Z
USR000843,app_open,2025-03-23T13:17:23Z
USR004745,plan_screen_viewed,2025-03-23T23:58:31Z
USR004274,app_open,2025-03-24T02:56:44Z
USR000636,transfer_completed,2025-03-24T11:51:58Z
USR001289,stock_order_started,2025-03-24T16:17:06Z
USR004298,card_payment_viewed,2025-03-24T19:43:00Z
USR002946,card_payment_viewed,2025-03-24T21:36:36Z
USR001772,transfer_completed,2025-03-25T04:28:59Z
USR001888,card_payment_viewed,2025-03-25T12:26:29Z
USR001013,fx_rate_viewed,2025-03-25T13:04:35Z
USR003532,card_payment_viewed,2025-03-25T13:31:17Z
USR002264,transfer_started,2025-03-25T13:52:31Z
USR002133,app_open,2025-03-25T14:22:24Z
USR003768,card_payment_viewed,2025-03-25T20:50:33Z
USR003510,transfer_completed,2025-03-26T05:18:56Z
USR004217,savings_vault_opened,2025-03-26T06:12:41Z
USR003673,app_open,2025-03-26T11:38:46Z
USR000552,savings_vault_opened,2025-03-26T17:01:37Z
USR003487,crypto_trade_started,2025-03-26T23:19:13Z
USR002512,fx_rate_viewed,2025-03-27T03:24:42Z
USR004601,savings_vault_opened,2025-03-27T05:55:54Z
USR001263,fx_rate_viewed,2025-03-27T13:55:24Z
USR002381,app_open,2025-03-27T16:33:49Z
USR000250,card_payment_viewed,2025-03-27T17:08:39Z
USR003558,app_open,2025-03-27T18:01:24Z
USR003572,card_payment_viewed,2025-03-27T18:21:23Z
USR001562,plan_screen_viewed,2025-03-27T22:10:56Z
USR003465,app_open,2025-03-28T03:24:03Z
USR001108,stock_order_started,2025-03-28T04:22:36Z
USR003330,card_payment_viewed,2025-03-28T08:55:19Z
USR001009,plan_screen_viewed,2025-03-28T10:31:04Z
USR000656,card_payment_viewed,2025-03-28T11:30:25Z
USR001700,app_open,2025-03-28T12:30:56Z
USR002532,transfer_completed,2025-03-28T13:15:50Z
USR001777,app_open,2025-03-28T15:52:47Z
USR003144,transfer_started,2025-03-28T16:00:08Z
USR003001,app_open,2025-03-28T18:53:53Z
USR004894,card_payment_viewed,2025-03-28T19:20:56Z
USR002359,app_open,2025-03-28T22:10:20Z
USR001480,app_open,2025-03-29T00:28:43Z
USR003063,card_payment_viewed,2025-03-29T00:44:09Z
USR001468,app_open,2025-03-29T01:15:20Z
USR000711,plan_screen_viewed,2025-03-29T01:36:39Z
USR003179,app_open,2025-03-29T02:10:45Z
USR004081,app_open,2025-03-29T17:19:09Z
USR003628,app_open,2025-03-29T20:21:33Z
USR001070,app_open,2025-03-29T23:10:54Z
USR000538,app_open,2025-03-30T01:17:21Z
USR002746,transfer_started,2025-03-30T08:47:08Z
USR000593,fx_rate_viewed,2025-03-30T09:24:45Z
USR003238,app_open,2025-03-30T09:25:58Z
USR001826,support_opened,2025-03-30T09:36:16Z
USR003167,stock_order_started,2025-03-30T12:16:13Z
USR003443,transfer_started,2025-03-30T13:19:23Z
USR004228,support_opened,2025-03-30T16:10:05Z
USR001408,crypto_trade_started,2025-03-30T16:47:59Z
USR004491,crypto_trade_started,2025-03-30T22:05:49Z
USR003930,app_open,2025-03-31T00:22:57Z
USR004108,transfer_completed,2025-03-31T03:58:39Z
USR003698,stock_order_started,2025-03-31T12:22:34Z
USR004489,plan_screen_viewed,2025-03-31T21:41:08Z
USR004331,crypto_trade_started,2025-03-31T22:34:19Z
USR000465,fx_rate_viewed,2025-04-01T00:15:55Z
USR003206,card_payment_viewed,2025-04-01T07:14:50Z
USR003742,card_payment_viewed,2025-04-01T10:30:58Z
USR000035,app_open,2025-04-01T13:47:26Z
USR002307,app_open,2025-04-01T14:15:18Z
USR003683,app_open,2025-04-01T18:01:17Z
USR000246,app_open,2025-04-02T00:07:41Z
USR004306,card_payment_viewed,2025-04-02T00:34:45Z
USR000932,stock_order_started,2025-04-02T13:08:29Z
USR004003,stock_order_started,2025-04-02T17:09:16Z
USR003568,plan_screen_viewed,2025-04-02T18:10:34Z
USR001353,crypto_trade_started,2025-04-02T18:25:05Z
USR003563,transfer_started,2025-04-03T02:34:06Z
USR004353,card_payment_viewed,2025-04-03T02:47:34Z
USR003752,transfer_completed,2025-04-03T10:00:44Z
USR002596,crypto_trade_started,2025-04-03T10:05:51Z
USR000645,app_open,2025-04-03T10:29:06Z
USR000466,transfer_started,2025-04-03T15:56:30Z
USR002979,app_open,2025-04-03T16:48:52Z
USR000842,app_open,2025-04-03T21:06:33Z
USR001336,app_open,2025-04-03T22:33:03Z
USR000193,app_open,2025-04-03T22:58:27Z
USR000275,card_payment_viewed,2025-04-03T23:19:05Z
USR000326,card_payment_viewed,2025-04-04T01:22:47Z
USR002485,card_payment_viewed,2025-04-04T02:55:53Z
USR001347,card_payment_viewed,2025-04-04T18:27:35Z
USR000511,stock_order_started,2025-04-04T20:00:04Z
USR003035,card_payment_viewed,2025-04-05T02:06:25Z
USR002920,transfer_completed,2025-04-05T05:13:40Z
USR001125,app_open,2025-04-05T06:34:48Z
USR003176,app_open,2025-04-05T06:51:08Z
USR001941,app_open,2025-04-05T13:31:41Z
USR001637,app_open,2025-04-05T17:45:19Z
USR000472,app_open,2025-04-05T23:45:40Z
USR000731,stock_order_started,2025-04-06T02:12:55Z
USR002604,app_open,2025-04-06T05:42:19Z
USR004174,card_payment_viewed,2025-04-06T10:21:06Z
USR002404,app_open,2025-04-06T10:46:51Z
USR000214,card_payment_viewed,2025-04-06T14:17:11Z
USR001216,card_payment_viewed,2025-04-06T17:01:39Z
USR003474,fx_rate_viewed,2025-04-07T02:43:36Z
USR004048,fx_rate_viewed,2025-04-07T02:57:27Z
USR000656,stock_order_started,2025-04-07T06:39:55Z
USR002808,app_open,2025-04-07T16:21:16Z
USR002784,card_payment_viewed,2025-04-07T18:33:08Z
USR000912,app_open,2025-04-07T18:51:13Z
USR002458,fx_rate_viewed,2025-04-07T20:05:59Z
USR000557,fx_rate_viewed,2025-04-07T23:48:11Z
USR000304,app_open,2025-04-08T02:28:52Z
USR001275,fx_rate_viewed,2025-04-09T13:46:25Z
USR002458,card_payment_viewed,2025-04-09T23:10:50Z
USR000162,crypto_trade_started,2025-04-09T23:15:13Z
USR002381,transfer_started,2025-04-09T23:56:13Z
USR004074,transfer_started,2025-04-10T06:57:02Z
USR004997,stock_order_started,2025-04-10T10:25:30Z
USR000713,app_open,2025-04-10T20:19:13Z
USR002215,savings_vault_opened,2025-04-10T20:51:11Z
USR003657,crypto_trade_started,2025-04-10T21:17:18Z
USR003295,transfer_started,2025-04-11T00:41:07Z
USR004273,transfer_completed,2025-04-11T01:31:19Z
USR002077,app_open,2025-04-11T08:46:13Z
USR003122,stock_order_started,2025-04-11T14:55:11Z
USR004694,savings_vault_opened,2025-04-11T17:05:14Z
USR003765,transfer_completed,2025-04-11T20:31:26Z
USR001411,transfer_started,2025-04-11T23:47:58Z
USR003661,transfer_started,2025-04-12T01:59:43Z
USR002632,app_open,2025-04-12T07:12:21Z
USR003594,transfer_started,2025-04-12T12:22:18Z
USR000413,fx_rate_viewed,2025-04-12T19:14:39Z
USR003084,transfer_completed,2025-04-12T22:47:46Z
USR002476,fx_rate_viewed,2025-04-13T02:39:15Z
USR004943,card_payment_viewed,2025-04-13T04:07:34Z
USR002557,app_open,2025-04-13T05:47:56Z
USR000596,transfer_completed,2025-04-13T08:29:35Z
USR000794,app_open,2025-04-13T09:57:57Z
USR002765,plan_screen_viewed,2025-04-13T11:30:24Z
USR000804,stock_order_started,2025-04-13T16:11:40Z
USR002356,card_payment_viewed,2025-04-13T17:28:47Z
USR000313,transfer_started,2025-04-13T17:33:44Z
USR001610,transfer_started,2025-04-13T18:14:30Z
USR002567,fx_rate_viewed,2025-04-13T21:27:26Z
USR003909,transfer_started,2025-04-14T02:47:28Z
USR003777,transfer_completed,2025-04-14T12:15:03Z
USR004271,crypto_trade_started,2025-04-14T12:53:42Z
USR002901,crypto_trade_started,2025-04-14T14:40:58Z
USR000829,card_payment_viewed,2025-04-14T17:21:01Z
USR003875,card_payment_viewed,2025-04-14T20:51:24Z
USR000205,transfer_started,2025-04-15T23:11:22Z
USR000444,app_open,2025-04-15T23:24:53Z
USR001267,transfer_started,2025-04-16T01:23:39Z
USR000897,transfer_started,2025-04-16T10:29:15Z
USR000415,app_open,2025-04-16T15:37:56Z
USR002121,card_payment_viewed,2025-04-16T17:36:41Z
USR001113,card_payment_viewed,2025-04-16T19:48:47Z
USR000764,stock_order_started,2025-04-16T20:51:50Z
USR004745,fx_rate_viewed,2025-04-17T02:28:06Z
USR003957,app_open,2025-04-17T03:12:14Z
USR003637,crypto_trade_started,2025-04-17T05:38:23Z
USR002150,crypto_trade_started,2025-04-17T06:26:05Z
USR001738,app_open,2025-04-17T07:05:43Z
USR000300,crypto_trade_started,2025-04-17T07:34:12Z
USR003713,transfer_completed,2025-04-17T11:33:26Z
USR004471,crypto_trade_started,2025-04-17T12:00:30Z
USR002131,card_payment_viewed,2025-04-17T16:07:19Z
USR002396,plan_screen_viewed,2025-04-17T21:19:55Z
USR002766,card_payment_viewed,2025-04-17T22:07:39Z
USR004168,card_payment_viewed,2025-04-17T22:45:16Z
USR002723,app_open,2025-04-17T22:47:58Z
USR002648,card_payment_viewed,2025-04-18T00:51:08Z
USR004308,fx_rate_viewed,2025-04-18T03:35:26Z
USR003598,transfer_started,2025-04-18T11:34:02Z
USR004479,transfer_completed,2025-04-18T12:19:25Z
USR000563,transfer_started,2025-04-18T13:41:06Z
USR003679,app_open,2025-04-19T01:02:17Z
USR002082,savings_vault_opened,2025-04-19T05:49:19Z
USR004409,card_payment_viewed,2025-04-19T07:35:14Z
USR000059,fx_rate_viewed,2025-04-19T13:10:56Z
USR001653,fx_rate_viewed,2025-04-19T17:52:36Z
USR001442,fx_rate_viewed,2025-04-20T01:15:03Z
USR002012,app_open,2025-04-20T01:16:03Z
USR004174,crypto_trade_started,2025-04-20T06:15:12Z
USR000586,fx_rate_viewed,2025-04-20T07:36:43Z
USR004022,app_open,2025-04-20T07:43:38Z
USR002151,app_open,2025-04-20T11:41:27Z
USR004506,savings_vault_opened,2025-04-20T12:18:49Z
USR000318,app_open,2025-04-20T15:52:40Z
USR003421,card_payment_viewed,2025-04-20T20:59:21Z
USR000493,crypto_trade_started,2025-04-21T02:00:44Z
USR001802,transfer_completed,2025-04-21T03:28:12Z
USR004902,app_open,2025-04-21T12:34:37Z
USR001781,stock_order_started,2025-04-21T12:49:53Z
USR001763,app_open,2025-04-21T14:10:46Z
USR001581,support_opened,2025-04-21T14:19:30Z
USR003223,stock_order_started,2025-04-21T14:32:44Z
USR003883,card_payment_viewed,2025-04-21T19:23:25Z
USR000689,app_open,2025-04-21T20:16:21Z
USR004478,app_open,2025-04-21T20:32:54Z
USR003763,crypto_trade_started,2025-04-22T03:53:39Z
USR004920,app_open,2025-04-22T12:33:01Z
USR000435,app_open,2025-04-22T13:45:44Z
USR004677,app_open,2025-04-23T02:22:51Z
USR003775,app_open,2025-04-23T05:13:10Z
USR000549,app_open,2025-04-23T10:49:34Z
USR004966,plan_screen_viewed,2025-04-23T13:58:34Z
USR000898,app_open,2025-04-23T15:46:10Z
USR004797,stock_order_started,2025-04-23T22:15:38Z
USR004975,app_open,2025-04-23T22:38:29Z
USR003727,plan_screen_viewed,2025-04-23T23:27:27Z
USR001881,transfer_completed,2025-04-24T02:35:10Z
USR001301,app_open,2025-04-24T09:51:01Z
USR000070,transfer_started,2025-04-24T10:26:14Z
USR002347,card_payment_viewed,2025-04-24T10:38:27Z
USR004730,app_open,2025-04-24T16:39:53Z
USR004350,fx_rate_viewed,2025-04-24T20:38:46Z
USR002986,card_payment_viewed,2025-04-24T23:17:48Z
USR002170,support_opened,2025-04-25T01:01:43Z
USR000677,app_open,2025-04-25T16:49:41Z
USR004011,plan_screen_viewed,2025-04-25T19:11:20Z
USR002999,app_open,2025-04-25T20:00:36Z
USR003512,app_open,2025-04-26T01:07:59Z
USR002462,crypto_trade_started,2025-04-26T01:36:13Z
USR001048,app_open,2025-04-26T03:51:31Z
USR002300,crypto_trade_started,2025-04-26T05:03:25Z
USR003562,plan_screen_viewed,2025-04-26T07:31:37Z
USR004535,app_open,2025-04-26T10:51:53Z
USR004012,app_open,2025-04-26T14:01:10Z
USR004562,fx_rate_viewed,2025-04-26T20:29:45Z
USR004614,card_payment_viewed,2025-04-27T02:05:04Z
USR001347,crypto_trade_started,2025-04-27T04:11:26Z
USR002277,card_payment_viewed,2025-04-27T06:40:55Z
USR002610,crypto_trade_started,2025-04-27T07:15:20Z
USR002282,transfer_started,2025-04-27T09:38:41Z
USR001954,plan_screen_viewed,2025-04-27T12:22:15Z
USR000390,transfer_started,2025-04-27T14:56:30Z
USR001678,card_payment_viewed,2025-04-27T15:42:20Z
USR003732,app_open,2025-04-27T17:43:43Z
USR002724,card_payment_viewed,2025-04-27T18:44:11Z
USR000203,app_open,2025-04-27T21:50:20Z
USR001188,transfer_started,2025-04-27T22:31:55Z
USR000515,transfer_started,2025-04-28T00:50:35Z
USR003677,transfer_completed,2025-04-28T02:40:09Z
USR003089,transfer_completed,2025-04-28T09:45:22Z
USR003365,app_open,2025-04-28T09:46:55Z
USR002901,card_payment_viewed,2025-04-28T11:19:09Z
USR001983,transfer_started,2025-04-28T19:49:00Z
USR003905,transfer_completed,2025-04-28T20:02:31Z
USR003854,stock_order_started,2025-04-28T22:00:40Z
USR000316,transfer_started,2025-04-29T00:24:39Z
USR000481,fx_rate_viewed,2025-04-29T04:28:14Z
USR004145,app_open,2025-04-29T06:43:06Z
USR003065,app_open,2025-04-29T10:11:14Z
USR003705,transfer_completed,2025-04-29T11:09:08Z
USR004037,transfer_started,2025-04-29T12:44:23Z
USR001110,app_open,2025-04-29T13:22:45Z
USR004670,card_payment_viewed,2025-04-29T18:25:37Z
USR003088,card_payment_viewed,2025-04-29T18:43:52Z
USR002121,app_open,2025-04-29T22:35:33Z
USR003795,app_open,2025-04-30T04:06:53Z
USR004512,transfer_completed,2025-04-30T06:33:16Z
USR001508,transfer_started,2025-04-30T08:42:24Z
USR001411,support_opened,2025-04-30T09:12:10Z
USR002631,transfer_completed,2025-04-30T10:03:12Z
USR004987,app_open,2025-04-30T11:49:24Z
USR003884,transfer_completed,2025-04-30T16:08:21Z
USR003144,transfer_completed,2025-04-30T18:48:11Z
USR000958,savings_vault_opened,2025-05-01T03:13:53Z
USR004274,app_open,2025-05-01T04:31:21Z
USR003569,card_payment_viewed,2025-05-01T07:32:57Z
USR000800,app_open,2025-05-01T15:38:56Z
USR004690,app_open,2025-05-02T02:50:32Z
USR000902,plan_screen_viewed,2025-05-02T03:17:25Z
USR002486,transfer_started,2025-05-02T03:58:34Z
USR003948,support_opened,2025-05-02T04:34:27Z
USR003484,transfer_completed,2025-05-02T05:07:53Z
USR000399,fx_rate_viewed,2025-05-02T05:46:14Z
USR001251,plan_screen_viewed,2025-05-02T10:10:19Z
USR001753,app_open,2025-05-02T11:12:40Z
USR003793,app_open,2025-05-02T12:52:41Z
USR001969,savings_vault_opened,2025-05-02T13:03:59Z
USR003575,app_open,2025-05-02T15:49:57Z
USR003990,transfer_completed,2025-05-02T18:39:43Z
USR000817,app_open,2025-05-02T19:09:17Z
USR000886,card_payment_viewed,2025-05-03T00:11:52Z
USR002145,fx_rate_viewed,2025-05-03T03:23:36Z
USR000521,card_payment_viewed,2025-05-03T06:01:15Z
USR003555,fx_rate_viewed,2025-05-03T08:30:39Z
USR002153,support_opened,2025-05-03T09:12:56Z
USR003213,app_open,2025-05-03T10:29:18Z
USR004458,transfer_started,2025-05-03T14:59:21Z
USR000472,transfer_started,2025-05-03T16:15:01Z
USR000209,fx_rate_viewed,2025-05-03T17:43:26Z
USR001450,transfer_started,2025-05-03T20:58:13Z
USR000073,transfer_started,2025-05-04T09:50:54Z
USR001140,support_opened,2025-05-04T11:29:48Z
USR000414,app_open,2025-05-04T11:47:43Z
USR003593,transfer_started,2025-05-04T12:57:33Z
USR002483,plan_screen_viewed,2025-05-04T13:04:27Z
USR004885,crypto_trade_started,2025-05-04T16:32:07Z
USR001119,app_open,2025-05-04T17:49:39Z
USR002233,fx_rate_viewed,2025-05-05T10:39:25Z
USR001679,app_open,2025-05-05T13:17:25Z
USR000659,card_payment_viewed,2025-05-05T15:27:02Z
USR003478,app_open,2025-05-05T16:47:17Z
USR003046,plan_screen_viewed,2025-05-06T12:50:47Z
USR003210,card_payment_viewed,2025-05-06T22:35:04Z
USR003342,stock_order_started,2025-05-06T23:56:09Z
USR001877,app_open,2025-05-07T02:49:14Z
USR001367,app_open,2025-05-07T10:20:05Z
USR004364,app_open,2025-05-07T12:05:38Z
USR000706,card_payment_viewed,2025-05-07T12:57:29Z
USR002766,fx_rate_viewed,2025-05-07T16:01:00Z
USR004984,transfer_started,2025-05-07T22:27:52Z
USR001968,card_payment_viewed,2025-05-07T23:13:21Z
USR004745,card_payment_viewed,2025-05-07T23:16:20Z
USR001000,transfer_completed,2025-05-08T04:36:25Z
USR004843,transfer_completed,2025-05-08T04:50:14Z
USR003388,app_open,2025-05-08T05:56:29Z
USR000726,crypto_trade_started,2025-05-08T07:59:56Z
USR002931,app_open,2025-05-08T13:44:16Z
USR004069,app_open,2025-05-08T17:13:13Z
USR001259,app_open,2025-05-08T20:03:30Z
USR001253,savings_vault_opened,2025-05-08T22:27:57Z
USR001787,app_open,2025-05-09T00:13:32Z
USR000787,transfer_started,2025-05-09T02:38:03Z
USR001963,fx_rate_viewed,2025-05-09T03:03:29Z
USR000036,app_open,2025-05-09T05:10:49Z
USR003667,transfer_completed,2025-05-09T10:44:09Z
USR001885,app_open,2025-05-09T12:05:55Z
USR004320,fx_rate_viewed,2025-05-09T12:26:38Z
USR002821,transfer_completed,2025-05-09T15:36:10Z
USR001147,savings_vault_opened,2025-05-09T16:13:53Z
USR004701,fx_rate_viewed,2025-05-09T17:33:45Z
USR004323,card_payment_viewed,2025-05-09T18:44:12Z
USR004799,card_payment_viewed,2025-05-09T19:56:26Z
USR001282,app_open,2025-05-09T21:23:11Z
USR002000,transfer_started,2025-05-09T22:46:05Z
USR002383,app_open,2025-05-10T05:50:17Z
USR001063,app_open,2025-05-10T11:09:20Z
USR001077,transfer_completed,2025-05-10T12:43:32Z
USR002214,transfer_completed,2025-05-10T14:35:36Z
USR004149,app_open,2025-05-10T22:40:44Z
USR001061,stock_order_started,2025-05-10T22:45:50Z
USR002059,app_open,2025-05-10T22:56:31Z
USR002639,app_open,2025-05-10T23:26:15Z
USR003202,card_payment_viewed,2025-05-11T00:32:56Z
USR004493,app_open,2025-05-11T00:56:44Z
USR002047,app_open,2025-05-11T05:30:50Z
USR004034,plan_screen_viewed,2025-05-11T13:11:31Z
USR004146,crypto_trade_started,2025-05-11T13:24:17Z
USR003135,stock_order_started,2025-05-12T01:57:27Z
USR004388,app_open,2025-05-12T03:31:10Z
USR004898,support_opened,2025-05-12T07:17:31Z
USR003530,transfer_completed,2025-05-13T00:18:39Z
USR001167,app_open,2025-05-13T02:52:43Z
USR000400,stock_order_started,2025-05-13T04:37:57Z
USR003319,transfer_started,2025-05-13T06:19:27Z
USR002743,app_open,2025-05-13T08:28:44Z
USR004921,app_open,2025-05-13T10:53:18Z
USR004761,app_open,2025-05-13T11:31:09Z
USR003565,transfer_started,2025-05-13T18:09:12Z
USR001082,fx_rate_viewed,2025-05-13T20:31:14Z
USR000635,transfer_started,2025-05-13T20:48:14Z
USR002702,transfer_completed,2025-05-14T05:43:18Z
USR003088,app_open,2025-05-14T21:02:36Z
USR002725,app_open,2025-05-14T22:44:28Z
USR003174,support_opened,2025-05-15T08:27:28Z
USR002539,app_open,2025-05-15T09:23:29Z
USR001390,transfer_completed,2025-05-15T10:10:00Z
USR002255,app_open,2025-05-15T15:04:46Z
USR002879,transfer_completed,2025-05-15T16:05:05Z
USR000875,app_open,2025-05-15T17:43:11Z
USR001722,card_payment_viewed,2025-05-15T19:07:10Z
USR004979,crypto_trade_started,2025-05-15T20:20:19Z
USR000628,card_payment_viewed,2025-05-15T21:27:08Z
USR003267,plan_screen_viewed,2025-05-16T03:14:45Z
USR001243,card_payment_viewed,2025-05-16T07:14:21Z
USR000503,transfer_started,2025-05-16T11:23:53Z
USR001210,transfer_started,2025-05-16T14:18:08Z
USR001375,app_open,2025-05-16T15:20:36Z
USR000706,plan_screen_viewed,2025-05-16T21:02:02Z
USR001984,app_open,2025-05-16T21:49:06Z
USR004753,app_open,2025-05-17T14:56:18Z
USR000280,transfer_started,2025-05-17T18:55:04Z
USR003532,app_open,2025-05-17T22:15:49Z
USR002871,savings_vault_opened,2025-05-17T23:01:34Z
USR000653,plan_screen_viewed,2025-05-17T23:12:38Z
USR004698,app_open,2025-05-18T05:12:56Z
USR003463,card_payment_viewed,2025-05-18T07:56:40Z
USR001937,card_payment_viewed,2025-05-18T12:01:41Z
USR001763,stock_order_started,2025-05-18T13:33:45Z
USR002952,card_payment_viewed,2025-05-18T20:43:19Z
USR000046,transfer_started,2025-05-18T20:43:36Z
USR002213,plan_screen_viewed,2025-05-19T01:59:37Z
USR004648,app_open,2025-05-19T12:24:53Z
USR004773,fx_rate_viewed,2025-05-19T12:53:30Z
USR004997,card_payment_viewed,2025-05-19T14:03:40Z
USR004893,app_open,2025-05-19T14:34:39Z
USR004887,app_open,2025-05-19T18:20:00Z
USR002675,card_payment_viewed,2025-05-19T19:10:25Z
USR000165,card_payment_viewed,2025-05-19T23:07:37Z
USR001984,card_payment_viewed,2025-05-20T07:52:20Z
USR003865,card_payment_viewed,2025-05-20T10:05:06Z
USR003715,plan_screen_viewed,2025-05-20T12:29:18Z
USR003443,app_open,2025-05-20T12:55:26Z
USR002935,card_payment_viewed,2025-05-20T15:01:16Z
USR002971,app_open,2025-05-20T15:27:16Z
USR003267,fx_rate_viewed,2025-05-20T19:51:03Z
USR001865,savings_vault_opened,2025-05-20T19:51:11Z
USR000484,support_opened,2025-05-21T00:49:29Z
USR003636,stock_order_started,2025-05-21T04:28:30Z
USR001348,transfer_completed,2025-05-21T07:00:11Z
USR004744,card_payment_viewed,2025-05-21T11:31:25Z
USR002094,app_open,2025-05-21T13:03:31Z
USR001878,support_opened,2025-05-21T16:18:16Z
USR002489,transfer_completed,2025-05-21T17:24:07Z
USR001056,card_payment_viewed,2025-05-21T23:03:35Z
USR000572,app_open,2025-05-22T00:11:19Z
USR003015,card_payment_viewed,2025-05-22T03:48:36Z
USR001455,stock_order_started,2025-05-22T04:30:48Z
USR004520,card_payment_viewed,2025-05-22T04:51:05Z
USR004489,card_payment_viewed,2025-05-22T14:26:08Z
USR001939,app_open,2025-05-22T15:15:30Z
USR001897,plan_screen_viewed,2025-05-22T20:36:08Z
USR004623,app_open,2025-05-22T20:37:59Z
USR002801,transfer_completed,2025-05-22T21:15:03Z
USR001600,fx_rate_viewed,2025-05-22T22:16:31Z
USR001522,app_open,2025-05-22T23:26:54Z
USR000625,transfer_started,2025-05-22T23:48:00Z
USR002451,stock_order_started,2025-05-23T01:53:50Z
USR002404,transfer_started,2025-05-23T05:11:59Z
USR003262,plan_screen_viewed,2025-05-23T07:30:28Z
USR000133,savings_vault_opened,2025-05-23T10:56:58Z
USR004670,support_opened,2025-05-23T11:46:52Z
USR000019,app_open,2025-05-23T15:30:07Z
USR004281,stock_order_started,2025-05-24T00:03:57Z
USR003678,card_payment_viewed,2025-05-24T00:48:21Z
USR003411,savings_vault_opened,2025-05-24T06:04:35Z
USR004500,app_open,2025-05-24T08:32:30Z
USR000101,card_payment_viewed,2025-05-24T09:06:04Z
USR002536,fx_rate_viewed,2025-05-24T10:28:15Z
USR000530,transfer_completed,2025-05-24T16:52:21Z
USR003434,support_opened,2025-05-24T20:04:06Z
USR004121,app_open,2025-05-25T01:17:11Z
USR000560,app_open,2025-05-25T02:11:30Z
USR003626,crypto_trade_started,2025-05-25T07:35:09Z
USR004248,app_open,2025-05-25T09:43:59Z
USR000065,transfer_started,2025-05-25T14:42:56Z
USR003113,app_open,2025-05-25T16:03:29Z
USR002153,app_open,2025-05-25T18:04:27Z
USR001858,transfer_completed,2025-05-25T18:53:18Z
USR003349,app_open,2025-05-26T04:23:50Z
USR002261,transfer_started,2025-05-26T04:53:26Z
USR000010,card_payment_viewed,2025-05-26T21:56:21Z
USR002145,support_opened,2025-05-26T23:02:08Z
USR003894,card_payment_viewed,2025-05-27T05:30:14Z
USR004218,crypto_trade_started,2025-05-27T13:59:49Z
USR000584,fx_rate_viewed,2025-05-27T15:40:56Z
USR001296,transfer_started,2025-05-27T16:21:36Z
USR001950,crypto_trade_started,2025-05-27T16:51:27Z
USR000005,transfer_started,2025-05-27T17:56:25Z
USR002426,plan_screen_viewed,2025-05-27T18:25:12Z
USR002179,transfer_completed,2025-05-27T21:05:45Z
USR003452,stock_order_started,2025-05-28T00:42:02Z
USR002476,app_open,2025-05-28T01:28:13Z
USR004800,transfer_started,2025-05-28T05:00:33Z
USR003412,card_payment_viewed,2025-05-28T05:06:20Z
USR001584,card_payment_viewed,2025-05-28T11:44:51Z
USR004772,crypto_trade_started,2025-05-28T14:31:30Z
USR003814,savings_vault_opened,2025-05-28T17:04:23Z
USR004797,app_open,2025-05-28T18:28:06Z
USR001250,savings_vault_opened,2025-05-28T18:56:42Z
USR004304,transfer_started,2025-05-29T04:33:15Z
USR003491,transfer_completed,2025-05-29T07:02:26Z
USR000573,fx_rate_viewed,2025-05-29T14:14:11Z
USR003470,transfer_completed,2025-05-29T14:16:29Z
USR003108,card_payment_viewed,2025-05-29T21:14:17Z
USR001960,support_opened,2025-05-30T02:41:52Z
USR003224,card_payment_viewed,2025-05-30T02:42:21Z
USR001217,fx_rate_viewed,2025-05-30T03:20:26Z
USR001401,app_open,2025-05-30T04:02:02Z
USR000685,app_open,2025-05-30T05:30:06Z
USR000879,fx_rate_viewed,2025-05-30T09:30:33Z
USR000490,savings_vault_opened,2025-05-30T10:58:39Z
USR003193,app_open,2025-05-30T13:50:40Z
USR004018,transfer_completed,2025-05-30T14:03:03Z
USR004864,crypto_trade_started,2025-05-30T16:31:31Z
USR000369,app_open,2025-05-30T17:28:51Z
USR002000,plan_screen_viewed,2025-05-30T17:31:07Z
USR004232,app_open,2025-05-30T17:50:48Z
USR003672,transfer_started,2025-05-30T20:09:53Z
USR000440,transfer_started,2025-05-31T03:41:17Z
USR001991,app_open,2025-05-31T03:46:59Z
USR000061,app_open,2025-05-31T19:55:26Z
USR001736,app_open,2025-06-01T01:32:37Z
USR002590,card_payment_viewed,2025-06-01T01:46:27Z
USR002204,app_open,2025-06-01T05:55:21Z
USR002870,app_open,2025-06-01T09:27:41Z
USR001304,card_payment_viewed,2025-06-01T09:48:36Z
USR002532,transfer_started,2025-06-01T18:32:05Z
USR000642,app_open,2025-06-01T18:54:09Z
USR002012,app_open,2025-06-01T22:00:06Z
USR001265,support_opened,2025-06-02T04:22:57Z
USR002703,app_open,2025-06-02T08:10:02Z
USR001979,transfer_completed,2025-06-02T14:47:11Z
USR003242,app_open,2025-06-02T17:57:29Z
USR003481,stock_order_started,2025-06-02T18:36:04Z
USR001437,transfer_completed,2025-06-02T19:53:17Z
USR004982,fx_rate_viewed,2025-06-02T21:45:38Z
USR003805,app_open,2025-06-02T23:34:25Z
USR002451,crypto_trade_started,2025-06-03T02:38:29Z
USR004801,app_open,2025-06-03T03:17:07Z
USR001985,app_open,2025-06-03T07:23:44Z
USR004762,savings_vault_opened,2025-06-03T12:16:49Z
USR003174,fx_rate_viewed,2025-06-03T14:43:53Z
USR000494,stock_order_started,2025-06-03T19:21:52Z
USR000868,stock_order_started,2025-06-03T23:23:00Z
USR002477,card_payment_viewed,2025-06-04T05:35:22Z
USR002328,card_payment_viewed,2025-06-04T09:02:25Z
USR004186,transfer_started,2025-06-04T10:28:40Z
USR004232,card_payment_viewed,2025-06-04T16:34:49Z
USR001125,plan_screen_viewed,2025-06-04T18:21:25Z
USR004229,card_payment_viewed,2025-06-04T20:59:54Z
USR004179,support_opened,2025-06-05T00:32:50Z
USR003376,card_payment_viewed,2025-06-05T02:00:29Z
USR002506,card_payment_viewed,2025-06-05T02:40:12Z
USR003137,app_open,2025-06-05T02:53:51Z
USR002402,app_open,2025-06-05T06:09:53Z
USR000100,app_open,2025-06-05T08:12:51Z
USR003526,plan_screen_viewed,2025-06-05T09:08:05Z
USR001496,transfer_started,2025-06-05T11:54:54Z
USR004626,crypto_trade_started,2025-06-05T14:28:24Z
USR001497,fx_rate_viewed,2025-06-05T15:29:16Z
USR003749,transfer_started,2025-06-05T16:19:14Z
USR001521,stock_order_started,2025-06-05T19:59:20Z
USR000069,transfer_completed,2025-06-05T21:50:16Z
USR001935,app_open,2025-06-06T00:14:47Z
USR001669,app_open,2025-06-06T00:20:14Z
USR002448,app_open,2025-06-06T01:24:51Z
USR002031,fx_rate_viewed,2025-06-06T12:40:33Z
USR000987,app_open,2025-06-06T12:46:18Z
USR003554,transfer_started,2025-06-06T14:52:42Z
USR001285,app_open,2025-06-06T16:42:35Z
USR001471,transfer_completed,2025-06-06T18:31:39Z
USR004519,app_open,2025-06-06T19:20:06Z
USR000229,app_open,2025-06-06T19:32:10Z
USR003749,transfer_started,2025-06-06T22:05:08Z
USR002367,app_open,2025-06-07T00:21:55Z
USR000721,savings_vault_opened,2025-06-07T01:37:15Z
USR000402,transfer_started,2025-06-07T05:08:27Z
USR002767,app_open,2025-06-07T09:10:34Z
USR003168,app_open,2025-06-07T19:00:01Z
USR002831,transfer_completed,2025-06-08T03:23:53Z
USR000194,card_payment_viewed,2025-06-08T09:15:00Z
USR002885,app_open,2025-06-08T10:43:39Z
USR000654,transfer_completed,2025-06-08T18:06:37Z
USR004205,transfer_completed,2025-06-09T00:33:36Z
USR001939,app_open,2025-06-09T03:00:11Z
USR003839,transfer_completed,2025-06-09T10:24:23Z
USR001817,app_open,2025-06-09T11:02:34Z
USR000616,savings_vault_opened,2025-06-09T11:09:35Z
USR000090,stock_order_started,2025-06-09T11:23:25Z
USR000183,transfer_started,2025-06-09T11:52:51Z
USR003711,fx_rate_viewed,2025-06-09T12:54:34Z
USR004768,fx_rate_viewed,2025-06-09T14:59:21Z
USR004670,card_payment_viewed,2025-06-09T17:57:04Z
USR004367,support_opened,2025-06-09T18:55:45Z
USR001971,transfer_started,2025-06-09T21:24:02Z
USR001095,savings_vault_opened,2025-06-09T22:18:03Z
USR002560,transfer_completed,2025-06-09T22:24:20Z
USR002500,support_opened,2025-06-10T07:16:19Z
USR003599,transfer_started,2025-06-10T09:15:35Z
USR002119,transfer_started,2025-06-10T13:31:12Z
USR001960,transfer_completed,2025-06-10T13:40:11Z
USR003635,transfer_started,2025-06-10T17:08:56Z
USR004758,app_open,2025-06-10T21:24:54Z
USR002597,app_open,2025-06-10T22:37:19Z
USR004972,app_open,2025-06-10T23:10:46Z
USR001476,plan_screen_viewed,2025-06-11T05:34:00Z
USR004946,app_open,2025-06-11T06:57:32Z
USR003735,transfer_completed,2025-06-11T12:20:59Z
USR004631,savings_vault_opened,2025-06-11T12:57:33Z
USR001520,card_payment_viewed,2025-06-11T14:15:17Z
USR001886,transfer_started,2025-06-11T17:16:21Z
USR003657,app_open,2025-06-11T21:50:09Z
USR001829,card_payment_viewed,2025-06-11T22:13:51Z
USR002350,app_open,2025-06-12T00:15:20Z
USR002988,transfer_started,2025-06-12T04:02:14Z
USR004855,app_open,2025-06-12T05:32:15Z
USR001889,app_open,2025-06-12T08:07:05Z
USR004840,card_payment_viewed,2025-06-12T13:57:02Z
USR001970,app_open,2025-06-12T20:15:46Z
USR004711,savings_vault_opened,2025-06-12T20:23:42Z
USR002261,transfer_completed,2025-06-13T01:36:30Z
USR004494,app_open,2025-06-13T06:36:06Z
USR001144,support_opened,2025-06-13T17:20:22Z
USR001326,stock_order_started,2025-06-13T18:44:37Z
USR001720,plan_screen_viewed,2025-06-13T20:20:29Z
USR003117,transfer_started,2025-06-13T21:49:51Z
USR004892,app_open,2025-06-13T23:08:29Z
USR002750,app_open,2025-06-14T00:16:46Z
USR001491,fx_rate_viewed,2025-06-14T01:45:06Z
USR001626,app_open,2025-06-14T03:53:13Z
USR002613,transfer_started,2025-06-14T05:34:08Z
USR002552,app_open,2025-06-14T07:52:11Z
USR000501,transfer_started,2025-06-14T10:05:44Z
USR002736,fx_rate_viewed,2025-06-14T15:57:18Z
USR003831,plan_screen_viewed,2025-06-14T16:38:45Z
USR002414,app_open,2025-06-14T22:49:58Z
USR003557,fx_rate_viewed,2025-06-14T23:40:21Z
USR000624,plan_screen_viewed,2025-06-15T01:11:18Z
USR002212,fx_rate_viewed,2025-06-15T01:18:29Z
USR004816,transfer_started,2025-06-15T07:55:22Z
USR001305,fx_rate_viewed,2025-06-15T10:12:08Z
USR003600,transfer_completed,2025-06-15T10:53:25Z
USR001720,transfer_completed,2025-06-15T11:32:14Z
USR002652,crypto_trade_started,2025-06-15T12:27:56Z
USR001479,fx_rate_viewed,2025-06-15T12:57:54Z
USR004538,app_open,2025-06-15T14:23:56Z
USR003019,transfer_completed,2025-06-15T16:46:01Z
USR000833,transfer_started,2025-06-15T18:32:59Z
USR004686,app_open,2025-06-15T21:34:35Z
USR001677,transfer_completed,2025-06-15T23:03:07Z
USR000263,transfer_started,2025-06-16T03:58:40Z
USR000278,app_open,2025-06-16T06:18:27Z
USR003452,app_open,2025-06-16T07:13:04Z
USR004685,card_payment_viewed,2025-06-16T15:45:27Z
USR002465,app_open,2025-06-16T17:48:01Z
USR003017,savings_vault_opened,2025-06-16T20:29:12Z
USR002590,support_opened,2025-06-16T20:55:58Z
USR001221,support_opened,2025-06-17T07:47:37Z
USR001220,app_open,2025-06-17T11:28:01Z
USR004516,transfer_started,2025-06-17T12:15:40Z
USR000188,stock_order_started,2025-06-17T13:45:34Z
USR001269,plan_screen_viewed,2025-06-17T15:20:01Z
USR001031,transfer_completed,2025-06-17T18:11:52Z
USR001683,app_open,2025-06-17T18:18:10Z
USR002259,transfer_completed,2025-06-17T23:59:34Z
USR003212,transfer_started,2025-06-18T06:20:27Z
USR001269,crypto_trade_started,2025-06-18T08:18:54Z
USR002443,stock_order_started,2025-06-18T08:24:07Z
USR002143,transfer_started,2025-06-18T09:06:15Z
USR001464,crypto_trade_started,2025-06-18T09:28:43Z
USR002987,card_payment_viewed,2025-06-18T09:33:35Z
USR004413,app_open,2025-06-18T16:24:35Z
USR002516,app_open,2025-06-18T22:45:22Z
USR000914,app_open,2025-06-18T23:37:29Z
USR002245,stock_order_started,2025-06-19T00:26:29Z
USR004259,savings_vault_opened,2025-06-19T00:48:26Z
USR002397,transfer_started,2025-06-19T01:16:00Z
USR003912,transfer_started,2025-06-19T04:20:47Z
USR001176,app_open,2025-06-19T05:21:59Z
USR002349,stock_order_started,2025-06-19T13:24:34Z
USR000242,app_open,2025-06-19T13:28:29Z
USR002402,app_open,2025-06-19T18:34:02Z
USR001372,app_open,2025-06-19T23:01:17Z
USR000451,transfer_started,2025-06-20T04:30:12Z
USR004048,app_open,2025-06-20T05:23:43Z
USR000949,app_open,2025-06-20T06:41:51Z
USR003526,stock_order_started,2025-06-20T08:58:42Z
USR001843,transfer_started,2025-06-20T14:25:57Z
USR002881,fx_rate_viewed,2025-06-20T18:34:38Z
USR001544,plan_screen_viewed,2025-06-20T20:38:52Z
USR002675,app_open,2025-06-21T02:07:06Z
USR000864,app_open,2025-06-21T02:47:11Z
USR000994,transfer_started,2025-06-21T04:57:00Z
USR002395,transfer_started,2025-06-21T07:10:03Z
USR000683,stock_order_started,2025-06-21T10:27:09Z
USR004957,savings_vault_opened,2025-06-21T10:44:59Z
USR000701,support_opened,2025-06-21T11:33:26Z
USR002452,app_open,2025-06-21T16:05:53Z
USR000369,savings_vault_opened,2025-06-21T19:21:45Z
USR002031,card_payment_viewed,2025-06-21T19:51:44Z
USR000067,app_open,2025-06-22T06:13:45Z
USR002884,fx_rate_viewed,2025-06-22T09:43:27Z
USR002902,transfer_started,2025-06-22T10:31:51Z
USR001688,fx_rate_viewed,2025-06-22T21:40:35Z
USR000271,app_open,2025-06-22T22:14:23Z
USR002994,card_payment_viewed,2025-06-23T02:32:58Z
USR001462,card_payment_viewed,2025-06-23T07:19:12Z
USR004472,fx_rate_viewed,2025-06-23T10:15:27Z
USR000827,card_payment_viewed,2025-06-23T16:44:06Z
USR000106,card_payment_viewed,2025-06-23T20:00:58Z
USR002239,fx_rate_viewed,2025-06-24T01:12:43Z
USR004328,app_open,2025-06-24T02:19:29Z
USR000998,support_opened,2025-06-24T02:49:55Z
USR000862,app_open,2025-06-24T04:36:26Z
USR003291,app_open,2025-06-24T13:15:45Z
USR004384,app_open,2025-06-24T17:18:17Z
USR001289,transfer_started,2025-06-24T18:13:30Z
USR001266,stock_order_started,2025-06-24T18:24:27Z
USR003338,card_payment_viewed,2025-06-24T19:06:41Z
USR002226,card_payment_viewed,2025-06-24T22:30:29Z
USR003113,plan_screen_viewed,2025-06-24T22:55:41Z
USR000313,fx_rate_viewed,2025-06-24T23:22:05Z
USR002884,transfer_completed,2025-06-25T00:36:39Z
USR004347,transfer_started,2025-06-25T00:48:44Z
USR003741,transfer_started,2025-06-25T03:31:02Z
USR001452,crypto_trade_started,2025-06-25T03:58:46Z
USR001335,transfer_completed,2025-06-25T04:14:25Z
USR003981,app_open,2025-06-25T04:56:05Z
USR000927,plan_screen_viewed,2025-06-25T06:14:27Z
USR000956,app_open,2025-06-25T08:14:09Z
USR003834,app_open,2025-06-25T10:44:20Z
USR003659,transfer_completed,2025-06-25T10:56:32Z
USR001877,card_payment_viewed,2025-06-25T11:39:12Z
USR002863,app_open,2025-06-25T13:36:58Z
USR004793,savings_vault_opened,2025-06-25T16:06:58Z
USR003682,transfer_completed,2025-06-25T18:14:31Z
USR000006,transfer_started,2025-06-25T18:50:24Z
USR000837,fx_rate_viewed,2025-06-26T00:21:10Z
USR000008,savings_vault_opened,2025-06-26T00:58:34Z
USR001160,card_payment_viewed,2025-06-26T02:20:35Z
USR001617,crypto_trade_started,2025-06-26T05:56:09Z
USR004621,transfer_started,2025-06-26T10:18:30Z
USR000915,transfer_started,2025-06-26T10:54:30Z
USR003525,savings_vault_opened,2025-06-26T15:32:55Z
USR003068,app_open,2025-06-26T16:24:14Z
USR001970,card_payment_viewed,2025-06-26T16:55:43Z
USR003096,transfer_completed,2025-06-26T22:41:38Z
USR004067,support_opened,2025-06-26T23:23:25Z
USR003862,plan_screen_viewed,2025-06-27T01:36:45Z
USR003047,transfer_started,2025-06-27T07:43:49Z
USR001438,transfer_completed,2025-06-27T12:21:52Z
USR000698,card_payment_viewed,2025-06-27T12:55:54Z
USR004779,transfer_completed,2025-06-27T21:24:21Z
USR002247,app_open,2025-06-28T00:15:02Z
USR004826,plan_screen_viewed,2025-06-28T02:29:10Z
USR004443,transfer_started,2025-06-28T14:08:30Z
USR004362,transfer_completed,2025-06-28T16:13:48Z
USR002401,card_payment_viewed,2025-06-28T20:29:13Z
USR002596,card_payment_viewed,2025-06-29T03:24:00Z
USR001853,stock_order_started,2025-06-29T06:31:14Z
USR001014,app_open,2025-06-29T07:02:59Z
USR003950,transfer_completed,2025-06-29T07:25:35Z
USR004386,transfer_started,2025-06-29T13:03:15Z
USR003752,fx_rate_viewed,2025-06-29T13:05:59Z
USR002134,card_payment_viewed,2025-06-29T16:40:31Z
USR000762,transfer_started,2025-06-29T21:13:57Z
USR000667,card_payment_viewed,2025-06-30T02:32:57Z
USR003943,card_payment_viewed,2025-06-30T07:30:37Z
USR000151,app_open,2025-06-30T09:18:21Z
USR002162,support_opened,2025-06-30T10:52:45Z
USR002897,transfer_started,2025-06-30T13:50:56Z
USR002247,transfer_completed,2025-06-30T15:41:30Z
USR001661,support_opened,2025-06-30T17:34:43Z
USR001982,savings_vault_opened,2025-06-30T18:39:15Z
USR004918,app_open,2025-06-30T21:39:02Z
USR004589,crypto_trade_started,2025-06-30T22:30:42Z
USR004435,app_open,2025-06-30T23:10:45Z
USR003407,stock_order_started,2025-07-01T02:53:10Z
USR003710,app_open,2025-07-01T04:48:58Z
USR000650,app_open,2025-07-01T08:02:08Z
USR004205,transfer_started,2025-07-01T09:29:02Z
USR002414,transfer_completed,2025-07-01T10:36:51Z
USR000536,savings_vault_opened,2025-07-01T13:13:11Z
USR003879,fx_rate_viewed,2025-07-01T15:51:42Z
USR002187,transfer_completed,2025-07-01T16:57:36Z
USR001768,app_open,2025-07-01T17:18:52Z
USR001893,crypto_trade_started,2025-07-01T17:45:40Z
USR003938,app_open,2025-07-01T19:12:32Z
USR001451,app_open,2025-07-01T19:19:36Z
USR001203,card_payment_viewed,2025-07-01T21:34:15Z
USR004502,app_open,2025-07-02T01:00:35Z
USR003487,app_open,2025-07-02T01:13:39Z
USR000798,transfer_started,2025-07-02T01:22:17Z
USR002096,fx_rate_viewed,2025-07-02T05:04:19Z
USR000580,app_open,2025-07-02T05:24:43Z
USR000975,app_open,2025-07-02T08:51:38Z
USR001222,transfer_started,2025-07-02T17:35:38Z
USR004047,transfer_started,2025-07-02T23:21:40Z
USR002931,transfer_started,2025-07-02T23:31:37Z
USR001971,crypto_trade_started,2025-07-03T04:31:41Z
USR001930,card_payment_viewed,2025-07-03T05:53:25Z
USR001701,app_open,2025-07-03T06:30:53Z
USR000165,transfer_completed,2025-07-03T09:26:30Z
USR001845,fx_rate_viewed,2025-07-03T10:57:16Z
USR001919,app_open,2025-07-03T13:34:44Z
USR002719,app_open,2025-07-03T16:49:26Z
USR004921,transfer_completed,2025-07-03T22:23:12Z
USR003952,card_payment_viewed,2025-07-04T01:49:09Z
USR004282,transfer_started,2025-07-04T02:07:02Z
USR002802,transfer_completed,2025-07-04T02:57:34Z
USR003703,app_open,2025-07-04T07:23:43Z
USR004848,transfer_started,2025-07-04T07:46:38Z
USR003101,app_open,2025-07-04T14:23:55Z
USR003465,card_payment_viewed,2025-07-04T16:31:11Z
USR002266,transfer_started,2025-07-04T18:02:47Z
USR002867,card_payment_viewed,2025-07-04T21:14:52Z
USR004270,card_payment_viewed,2025-07-04T22:22:30Z
USR002420,crypto_trade_started,2025-07-04T23:29:52Z
USR000400,app_open,2025-07-05T05:46:59Z
USR003165,fx_rate_viewed,2025-07-05T08:31:40Z
USR002575,transfer_started,2025-07-05T11:48:49Z
USR002774,app_open,2025-07-05T13:12:31Z
USR000782,transfer_completed,2025-07-05T13:42:44Z
USR001676,app_open,2025-07-05T17:42:55Z
USR004198,fx_rate_viewed,2025-07-05T17:56:26Z
USR004347,savings_vault_opened,2025-07-05T22:21:34Z
USR001163,app_open,2025-07-06T04:35:58Z
USR000069,app_open,2025-07-06T07:24:14Z
USR003375,app_open,2025-07-06T08:15:24Z
USR001288,app_open,2025-07-06T11:37:13Z
USR001316,stock_order_started,2025-07-06T13:54:43Z
USR003124,card_payment_viewed,2025-07-06T17:25:28Z
USR004982,app_open,2025-07-06T17:35:25Z
USR003502,support_opened,2025-07-06T18:34:49Z
USR003223,app_open,2025-07-06T18:43:39Z
USR003550,card_payment_viewed,2025-07-06T20:00:59Z
USR003524,transfer_started,2025-07-07T02:27:54Z
USR004319,stock_order_started,2025-07-07T05:05:37Z
USR000515,card_payment_viewed,2025-07-07T19:10:03Z
USR003972,support_opened,2025-07-07T23:19:21Z
USR003878,app_open,2025-07-08T02:54:31Z
USR004614,plan_screen_viewed,2025-07-08T04:11:54Z
USR000882,transfer_started,2025-07-08T11:43:08Z
USR003868,stock_order_started,2025-07-08T13:07:31Z
USR000802,transfer_started,2025-07-08T14:24:31Z
USR003704,card_payment_viewed,2025-07-08T15:47:13Z
USR000912,transfer_completed,2025-07-08T19:08:30Z
USR002812,card_payment_viewed,2025-07-08T21:09:31Z
USR002009,app_open,2025-07-09T05:40:48Z
USR000418,app_open,2025-07-09T07:08:00Z
USR003929,transfer_started,2025-07-09T13:37:52Z
USR000210,app_open,2025-07-09T16:59:33Z
USR004515,transfer_started,2025-07-09T21:11:02Z
USR000212,card_payment_viewed,2025-07-10T03:02:04Z
USR000375,card_payment_viewed,2025-07-10T03:39:40Z
USR000670,savings_vault_opened,2025-07-10T05:22:20Z
USR000526,card_payment_viewed,2025-07-10T07:09:38Z
USR000101,app_open,2025-07-10T07:59:39Z
USR001334,fx_rate_viewed,2025-07-10T08:02:43Z
USR002377,transfer_started,2025-07-10T08:29:31Z
USR001515,crypto_trade_started,2025-07-10T10:00:20Z
USR000762,transfer_started,2025-07-10T10:46:51Z
USR002751,plan_screen_viewed,2025-07-10T17:18:30Z
USR003451,app_open,2025-07-10T18:17:38Z
USR003192,card_payment_viewed,2025-07-10T18:39:42Z
USR003548,stock_order_started,2025-07-11T00:54:06Z
USR004913,transfer_completed,2025-07-11T01:25:42Z
USR004153,support_opened,2025-07-11T02:18:10Z
USR004381,app_open,2025-07-11T03:10:20Z
USR003292,transfer_completed,2025-07-11T05:32:31Z
USR001196,transfer_completed,2025-07-11T08:26:52Z
USR002626,app_open,2025-07-11T08:40:01Z
USR001753,card_payment_viewed,2025-07-11T09:13:50Z
USR002427,transfer_started,2025-07-11T09:24:44Z
USR004955,transfer_completed,2025-07-11T12:42:16Z
USR000321,transfer_started,2025-07-11T13:20:30Z
USR004618,fx_rate_viewed,2025-07-11T13:57:29Z
USR004469,savings_vault_opened,2025-07-11T18:00:15Z
USR000758,app_open,2025-07-11T20:04:58Z
USR001080,transfer_completed,2025-07-11T22:13:35Z
USR002614,fx_rate_viewed,2025-07-12T01:22:20Z
USR003730,crypto_trade_started,2025-07-12T11:49:59Z
USR000211,transfer_completed,2025-07-13T03:17:30Z
USR000259,card_payment_viewed,2025-07-13T05:55:00Z
USR004834,app_open,2025-07-13T07:41:26Z
USR003815,app_open,2025-07-13T12:25:22Z
USR003894,app_open,2025-07-13T13:32:26Z
USR001919,crypto_trade_started,2025-07-13T17:55:16Z
USR002585,card_payment_viewed,2025-07-13T19:45:26Z
USR002040,transfer_started,2025-07-13T20:04:53Z
USR004581,card_payment_viewed,2025-07-13T20:05:45Z
USR004161,app_open,2025-07-13T21:48:48Z
USR004428,plan_screen_viewed,2025-07-14T01:03:22Z
USR002171,app_open,2025-07-14T01:14:48Z
USR002039,app_open,2025-07-14T07:23:16Z
USR002029,card_payment_viewed,2025-07-14T08:36:38Z
USR003008,fx_rate_viewed,2025-07-14T11:21:14Z
USR002359,crypto_trade_started,2025-07-14T11:53:05Z
USR002700,app_open,2025-07-14T12:16:28Z
USR001993,transfer_started,2025-07-14T16:07:51Z
USR003410,transfer_started,2025-07-14T17:40:38Z
USR003472,app_open,2025-07-14T22:59:06Z
USR002802,app_open,2025-07-15T01:12:51Z
USR000342,app_open,2025-07-15T02:08:49Z
USR002288,app_open,2025-07-15T02:11:22Z
USR002660,transfer_completed,2025-07-15T03:28:57Z
USR002996,stock_order_started,2025-07-15T05:47:37Z
USR000817,app_open,2025-07-15T07:59:30Z
USR002843,app_open,2025-07-15T08:28:24Z
USR004597,crypto_trade_started,2025-07-15T15:05:44Z
USR004106,crypto_trade_started,2025-07-15T23:02:11Z
USR000302,transfer_completed,2025-07-16T02:44:35Z
USR004979,fx_rate_viewed,2025-07-16T03:15:41Z
USR002086,card_payment_viewed,2025-07-16T04:31:57Z
USR004452,app_open,2025-07-16T09:07:37Z
USR004493,transfer_completed,2025-07-16T09:10:36Z
USR004726,crypto_trade_started,2025-07-16T16:07:27Z
USR004308,card_payment_viewed,2025-07-16T18:20:45Z
USR004854,support_opened,2025-07-17T03:40:44Z
USR002237,app_open,2025-07-17T03:43:50Z
USR000970,support_opened,2025-07-17T06:33:51Z
USR003714,support_opened,2025-07-17T07:05:54Z
USR002891,app_open,2025-07-17T08:26:41Z
USR004786,stock_order_started,2025-07-17T09:35:26Z
USR003537,transfer_started,2025-07-17T10:54:11Z
USR001819,crypto_trade_started,2025-07-17T13:13:31Z
USR001148,app_open,2025-07-17T15:48:32Z
USR000854,card_payment_viewed,2025-07-17T17:10:58Z
USR000698,support_opened,2025-07-17T17:38:16Z
USR002556,card_payment_viewed,2025-07-17T21:52:05Z
USR004381,crypto_trade_started,2025-07-17T23:53:21Z
USR002898,crypto_trade_started,2025-07-18T03:15:52Z
USR001913,transfer_completed,2025-07-18T05:13:05Z
USR002708,app_open,2025-07-18T05:42:05Z
USR000616,app_open,2025-07-18T15:05:01Z
USR001489,transfer_started,2025-07-18T23:08:21Z
USR001456,crypto_trade_started,2025-07-19T00:05:02Z
USR004702,transfer_started,2025-07-19T03:16:34Z
USR002312,card_payment_viewed,2025-07-19T04:18:55Z
USR000210,savings_vault_opened,2025-07-19T07:49:32Z
USR000564,transfer_started,2025-07-19T11:45:12Z
USR000084,card_payment_viewed,2025-07-19T17:47:25Z
USR001259,app_open,2025-07-19T18:08:51Z
USR002342,card_payment_viewed,2025-07-19T21:54:30Z
USR000319,stock_order_started,2025-07-19T23:12:43Z
USR001202,fx_rate_viewed,2025-07-20T03:21:45Z
USR004521,app_open,2025-07-20T11:41:23Z
USR002046,card_payment_viewed,2025-07-20T11:45:44Z
USR001830,app_open,2025-07-20T12:33:44Z
USR003116,support_opened,2025-07-20T15:57:15Z
USR001976,crypto_trade_started,2025-07-20T16:28:31Z
USR003418,card_payment_viewed,2025-07-20T21:30:51Z
USR002109,transfer_completed,2025-07-20T22:28:55Z
USR001594,transfer_completed,2025-07-20T23:17:31Z
USR004028,stock_order_started,2025-07-20T23:34:14Z
USR001597,transfer_completed,2025-07-21T00:24:29Z
USR001768,app_open,2025-07-21T00:30:14Z
USR003844,transfer_completed,2025-07-21T05:16:09Z
USR003211,app_open,2025-07-21T08:10:55Z
USR004970,app_open,2025-07-21T08:17:33Z
USR000502,card_payment_viewed,2025-07-21T09:58:59Z
USR004104,app_open,2025-07-21T11:49:25Z
USR001235,savings_vault_opened,2025-07-21T12:39:36Z
USR002615,transfer_completed,2025-07-21T22:54:12Z
USR004999,crypto_trade_started,2025-07-22T01:00:22Z
USR001500,transfer_completed,2025-07-22T01:06:32Z
USR003054,app_open,2025-07-22T02:18:36Z
USR002472,app_open,2025-07-22T02:50:17Z
USR002291,app_open,2025-07-22T04:03:42Z
USR000600,app_open,2025-07-22T04:52:29Z
USR004409,app_open,2025-07-22T06:14:24Z
USR000562,fx_rate_viewed,2025-07-22T13:49:20Z
USR000069,plan_screen_viewed,2025-07-22T17:03:20Z
USR000624,stock_order_started,2025-07-22T17:40:15Z
USR001751,app_open,2025-07-22T20:21:24Z
USR003499,crypto_trade_started,2025-07-23T00:36:02Z
USR001358,transfer_completed,2025-07-23T00:59:55Z
USR002460,stock_order_started,2025-07-23T03:24:23Z
USR004180,transfer_completed,2025-07-23T06:23:17Z
USR001236,app_open,2025-07-23T06:31:11Z
USR003619,crypto_trade_started,2025-07-23T08:24:51Z
USR001650,support_opened,2025-07-23T09:41:15Z
USR004062,app_open,2025-07-23T19:00:22Z
USR003649,transfer_started,2025-07-23T19:00:30Z
USR002952,card_payment_viewed,2025-07-24T03:22:57Z
USR003319,app_open,2025-07-24T05:39:40Z
USR000044,app_open,2025-07-24T05:43:19Z
USR002837,transfer_started,2025-07-24T11:27:01Z
USR003915,app_open,2025-07-24T11:55:22Z
USR002577,savings_vault_opened,2025-07-24T12:42:39Z
USR004685,card_payment_viewed,2025-07-24T18:27:48Z
USR000672,fx_rate_viewed,2025-07-24T23:07:49Z
USR002692,app_open,2025-07-24T23:22:19Z
USR003823,transfer_started,2025-07-25T01:14:29Z
USR002402,support_opened,2025-07-25T01:23:20Z
USR000908,transfer_completed,2025-07-25T02:10:47Z
USR004504,transfer_started,2025-07-25T03:19:53Z
USR000187,app_open,2025-07-25T04:04:57Z
USR001313,card_payment_viewed,2025-07-25T05:53:36Z
USR002959,transfer_completed,2025-07-25T07:40:27Z
USR000463,crypto_trade_started,2025-07-25T07:58:48Z
USR000911,app_open,2025-07-25T08:45:28Z
USR003587,plan_screen_viewed,2025-07-25T15:51:27Z
USR001101,crypto_trade_started,2025-07-25T22:43:04Z
USR004020,transfer_started,2025-07-25T23:47:54Z
USR001673,support_opened,2025-07-26T02:45:04Z
USR004179,app_open,2025-07-26T15:22:53Z
USR002030,card_payment_viewed,2025-07-26T18:05:06Z
USR002650,support_opened,2025-07-26T19:21:22Z
USR003366,stock_order_started,2025-07-26T23:26:56Z
USR000937,transfer_completed,2025-07-27T02:45:11Z
USR004354,savings_vault_opened,2025-07-27T08:25:09Z
USR003474,plan_screen_viewed,2025-07-27T10:33:50Z
USR000449,crypto_trade_started,2025-07-27T13:24:00Z
USR001050,app_open,2025-07-27T19:55:06Z
USR004866,transfer_started,2025-07-27T20:01:19Z
USR000144,app_open,2025-07-28T00:27:21Z
USR004467,fx_rate_viewed,2025-07-28T01:05:52Z
USR003725,transfer_started,2025-07-28T05:36:11Z
USR002134,transfer_completed,2025-07-28T06:42:29Z
USR000915,transfer_completed,2025-07-28T07:53:45Z
USR003894,stock_order_started,2025-07-28T08:59:12Z
USR004429,app_open,2025-07-28T19:10:36Z
USR000737,crypto_trade_started,2025-07-28T20:17:14Z
USR004144,savings_vault_opened,2025-07-28T21:07:33Z
USR000937,transfer_started,2025-07-28T21:17:52Z
USR000536,app_open,2025-07-28T23:19:13Z
USR004845,transfer_started,2025-07-29T00:37:55Z
USR000754,transfer_started,2025-07-29T01:35:51Z
USR004910,crypto_trade_started,2025-07-29T01:54:17Z
USR001661,plan_screen_viewed,2025-07-29T03:44:12Z
USR004180,transfer_started,2025-07-29T08:10:38Z
USR003191,fx_rate_viewed,2025-07-29T12:02:49Z
USR004507,transfer_started,2025-07-29T19:41:51Z
USR002645,app_open,2025-07-29T21:08:37Z
USR000862,transfer_started,2025-07-29T21:35:17Z
USR003543,crypto_trade_started,2025-07-29T21:49:30Z
USR001609,crypto_trade_started,2025-07-29T23:05:18Z
USR004918,fx_rate_viewed,2025-07-30T01:11:45Z
USR004402,crypto_trade_started,2025-07-30T05:15:49Z
USR001603,fx_rate_viewed,2025-07-30T08:51:25Z
USR004879,app_open,2025-07-30T10:38:03Z
USR003226,transfer_started,2025-07-30T15:31:57Z
USR002368,plan_screen_viewed,2025-07-30T16:35:58Z
USR002016,fx_rate_viewed,2025-07-30T17:19:00Z
USR003128,card_payment_viewed,2025-07-30T19:10:49Z
USR003100,app_open,2025-07-30T21:48:56Z
USR004587,app_open,2025-07-31T05:16:35Z
USR000624,card_payment_viewed,2025-07-31T19:38:57Z
USR003142,app_open,2025-07-31T22:55:10Z
USR003873,app_open,2025-08-01T01:00:10Z
USR003523,app_open,2025-08-01T09:06:30Z
USR003425,app_open,2025-08-01T12:28:47Z
USR003941,crypto_trade_started,2025-08-01T14:46:56Z
USR004883,card_payment_viewed,2025-08-01T18:50:07Z
USR000596,app_open,2025-08-01T20:17:17Z
USR002707,stock_order_started,2025-08-01T22:32:40Z
USR001710,transfer_started,2025-08-02T00:18:55Z
USR002383,transfer_started,2025-08-02T01:15:46Z
USR002607,app_open,2025-08-02T01:35:07Z
USR002719,app_open,2025-08-02T06:38:15Z
USR001591,app_open,2025-08-02T11:51:53Z
USR004907,stock_order_started,2025-08-02T16:23:33Z
USR004864,crypto_trade_started,2025-08-02T19:57:31Z
USR004165,crypto_trade_started,2025-08-02T22:30:07Z
USR001434,app_open,2025-08-02T23:24:30Z
USR001122,transfer_started,2025-08-03T10:17:53Z
USR004238,card_payment_viewed,2025-08-03T11:05:37Z
USR000711,fx_rate_viewed,2025-08-03T15:24:21Z
USR003499,transfer_completed,2025-08-03T20:30:39Z
USR001025,transfer_started,2025-08-03T23:51:49Z
USR004702,support_opened,2025-08-04T01:45:42Z
USR003015,app_open,2025-08-04T03:45:37Z
USR001223,transfer_started,2025-08-04T03:54:14Z
USR002851,app_open,2025-08-04T05:32:16Z
USR004251,app_open,2025-08-04T05:57:21Z
USR002851,transfer_started,2025-08-04T10:10:54Z
USR001916,savings_vault_opened,2025-08-04T11:19:06Z
USR004617,app_open,2025-08-04T12:06:56Z
USR004757,app_open,2025-08-04T12:36:23Z
USR000092,stock_order_started,2025-08-04T15:42:12Z
USR001337,savings_vault_opened,2025-08-04T17:02:03Z
USR001645,crypto_trade_started,2025-08-04T17:13:16Z
USR003593,app_open,2025-08-04T19:09:29Z
USR004617,app_open,2025-08-05T00:17:46Z
USR003653,app_open,2025-08-05T07:17:24Z
USR000456,plan_screen_viewed,2025-08-05T08:29:45Z
USR003750,crypto_trade_started,2025-08-05T11:23:49Z
USR004373,fx_rate_viewed,2025-08-05T11:48:49Z
USR004250,card_payment_viewed,2025-08-05T14:55:30Z
USR003564,savings_vault_opened,2025-08-05T15:08:50Z
USR002217,app_open,2025-08-05T16:10:56Z
USR001138,transfer_completed,2025-08-05T19:16:18Z
USR002746,transfer_completed,2025-08-05T21:52:58Z
USR003748,fx_rate_viewed,2025-08-06T01:01:46Z
USR003391,plan_screen_viewed,2025-08-06T05:11:47Z
USR004446,support_opened,2025-08-06T08:33:53Z
USR004121,crypto_trade_started,2025-08-06T10:57:36Z
USR002961,app_open,2025-08-06T13:39:11Z
USR004608,app_open,2025-08-06T15:21:32Z
USR003648,transfer_completed,2025-08-06T20:49:48Z
USR003979,fx_rate_viewed,2025-08-06T22:28:33Z
USR002805,app_open,2025-08-06T22:38:35Z
USR002738,app_open,2025-08-07T00:38:45Z
USR002935,app_open,2025-08-07T03:08:30Z
USR002688,stock_order_started,2025-08-07T03:21:11Z
USR004482,card_payment_viewed,2025-08-07T08:20:06Z
USR004943,app_open,2025-08-07T10:46:40Z
USR002223,app_open,2025-08-07T12:07:31Z
USR001385,fx_rate_viewed,2025-08-07T15:13:58Z
USR000264,transfer_started,2025-08-07T15:38:45Z
USR003643,crypto_trade_started,2025-08-07T16:29:33Z
USR000515,transfer_completed,2025-08-07T16:56:04Z
USR004774,stock_order_started,2025-08-07T17:44:45Z
USR004666,card_payment_viewed,2025-08-07T22:55:02Z
USR003333,card_payment_viewed,2025-08-07T23:41:12Z
USR002048,card_payment_viewed,2025-08-08T01:39:51Z
USR002153,savings_vault_opened,2025-08-08T03:03:36Z
USR002211,card_payment_viewed,2025-08-08T05:30:39Z
USR001431,card_payment_viewed,2025-08-08T06:30:26Z
USR001687,stock_order_started,2025-08-08T13:23:39Z
USR002529,card_payment_viewed,2025-08-08T14:43:15Z
USR003003,savings_vault_opened,2025-08-08T16:19:56Z
USR003612,stock_order_started,2025-08-08T23:33:17Z
USR003474,card_payment_viewed,2025-08-08T23:35:21Z
USR004529,app_open,2025-08-08T23:56:13Z
USR002414,transfer_completed,2025-08-09T01:43:42Z
USR001904,crypto_trade_started,2025-08-09T03:24:44Z
USR002505,crypto_trade_started,2025-08-09T03:29:27Z
USR000846,app_open,2025-08-09T05:21:56Z
USR003643,card_payment_viewed,2025-08-09T07:05:46Z
USR002261,support_opened,2025-08-09T07:09:38Z
USR004639,app_open,2025-08-09T07:15:24Z
USR003748,card_payment_viewed,2025-08-09T07:15:29Z
USR004071,app_open,2025-08-09T07:51:39Z
USR002971,transfer_started,2025-08-09T08:57:33Z
USR004294,transfer_started,2025-08-09T09:51:00Z
USR003144,savings_vault_opened,2025-08-09T10:38:21Z
USR000629,card_payment_viewed,2025-08-09T14:23:14Z
USR004526,app_open,2025-08-09T16:05:30Z
USR004309,plan_screen_viewed,2025-08-09T16:08:07Z
USR004461,app_open,2025-08-09T18:56:23Z
USR003258,app_open,2025-08-09T23:43:16Z
USR001821,savings_vault_opened,2025-08-10T01:40:18Z
USR002836,app_open,2025-08-10T03:14:22Z
USR001103,support_opened,2025-08-10T13:05:59Z
USR002483,savings_vault_opened,2025-08-10T15:04:43Z
USR003155,transfer_started,2025-08-10T15:22:53Z
USR001911,card_payment_viewed,2025-08-11T01:09:23Z
USR002799,transfer_started,2025-08-11T04:45:33Z
USR000495,transfer_started,2025-08-11T05:09:51Z
USR004831,crypto_trade_started,2025-08-11T07:25:37Z
USR004961,support_opened,2025-08-11T11:10:42Z
USR000289,app_open,2025-08-11T20:55:58Z
USR004877,app_open,2025-08-12T04:54:17Z
USR000234,app_open,2025-08-12T08:08:38Z
USR001351,app_open,2025-08-12T09:40:53Z
USR002030,transfer_started,2025-08-12T11:10:39Z
USR001430,transfer_started,2025-08-12T13:03:42Z
USR004742,app_open,2025-08-12T13:45:07Z
USR002212,app_open,2025-08-12T16:31:24Z
USR002654,savings_vault_opened,2025-08-12T16:39:26Z
USR001126,card_payment_viewed,2025-08-12T22:24:22Z
USR000644,transfer_completed,2025-08-12T23:52:21Z
USR002538,transfer_completed,2025-08-13T03:56:08Z
USR002069,app_open,2025-08-13T05:34:41Z
USR001011,transfer_started,2025-08-13T05:51:30Z
USR001357,app_open,2025-08-13T06:24:34Z
USR001962,card_payment_viewed,2025-08-13T09:21:20Z
USR003483,card_payment_viewed,2025-08-13T15:00:03Z
USR000342,card_payment_viewed,2025-08-13T23:09:10Z
USR004429,fx_rate_viewed,2025-08-13T23:10:47Z
USR004076,card_payment_viewed,2025-08-14T14:45:41Z
USR001258,fx_rate_viewed,2025-08-14T17:46:49Z
USR001769,app_open,2025-08-14T21:38:33Z
USR003263,card_payment_viewed,2025-08-14T22:52:28Z
USR002835,transfer_completed,2025-08-14T23:01:13Z
USR002197,transfer_started,2025-08-15T02:54:38Z
USR003941,app_open,2025-08-15T04:12:58Z
USR001024,app_open,2025-08-15T04:50:55Z
USR003067,app_open,2025-08-15T05:51:20Z
USR002120,plan_screen_viewed,2025-08-15T11:31:08Z
USR004929,stock_order_started,2025-08-15T13:08:31Z
USR000652,app_open,2025-08-15T17:26:30Z
USR001089,savings_vault_opened,2025-08-15T21:01:41Z
USR004423,card_payment_viewed,2025-08-15T22:40:46Z
USR000362,card_payment_viewed,2025-08-16T02:39:00Z
USR003732,transfer_completed,2025-08-16T03:01:06Z
USR003544,app_open,2025-08-16T05:10:49Z
USR002410,crypto_trade_started,2025-08-16T08:04:19Z
USR002424,transfer_completed,2025-08-16T10:08:00Z
USR001423,app_open,2025-08-16T12:11:56Z
USR000647,app_open,2025-08-16T13:50:44Z
USR001617,app_open,2025-08-16T14:58:41Z
USR001640,plan_screen_viewed,2025-08-16T18:16:15Z
USR002328,transfer_completed,2025-08-17T00:20:50Z
USR000806,transfer_started,2025-08-17T01:46:29Z
USR003444,transfer_started,2025-08-17T03:35:18Z
USR000155,transfer_started,2025-08-17T04:01:22Z
USR003291,app_open,2025-08-17T11:16:05Z
USR001935,transfer_completed,2025-08-17T11:18:17Z
USR000771,app_open,2025-08-17T12:06:16Z
USR000898,transfer_completed,2025-08-17T12:58:56Z
USR001511,transfer_completed,2025-08-17T17:55:31Z
USR003470,transfer_completed,2025-08-17T19:31:30Z
USR003908,transfer_started,2025-08-18T00:45:57Z
USR002017,plan_screen_viewed,2025-08-18T01:23:26Z
USR004448,card_payment_viewed,2025-08-18T02:19:33Z
USR002603,app_open,2025-08-18T04:18:06Z
USR004868,app_open,2025-08-18T06:04:50Z
USR004791,transfer_started,2025-08-18T07:59:36Z
USR004801,app_open,2025-08-18T08:41:54Z
USR000141,fx_rate_viewed,2025-08-18T09:07:42Z
USR004258,card_payment_viewed,2025-08-18T13:01:01Z
USR002041,app_open,2025-08-18T15:43:09Z
USR001662,stock_order_started,2025-08-18T15:43:19Z
USR001632,app_open,2025-08-18T16:52:59Z
USR000189,app_open,2025-08-18T19:05:35Z
USR001602,transfer_started,2025-08-18T19:27:47Z
USR003084,transfer_started,2025-08-18T19:41:34Z
USR002239,app_open,2025-08-18T20:04:20Z
USR001991,app_open,2025-08-18T20:40:33Z
USR001074,card_payment_viewed,2025-08-18T20:45:14Z
USR001376,crypto_trade_started,2025-08-18T21:37:47Z
USR002055,plan_screen_viewed,2025-08-18T21:38:11Z
USR002009,plan_screen_viewed,2025-08-19T05:07:43Z
USR001423,card_payment_viewed,2025-08-19T06:22:53Z
USR002362,app_open,2025-08-19T06:27:16Z
USR001596,stock_order_started,2025-08-19T07:12:29Z
USR001816,transfer_completed,2025-08-19T15:02:21Z
USR003244,transfer_completed,2025-08-19T15:23:47Z
USR000079,card_payment_viewed,2025-08-19T20:58:24Z
USR002325,plan_screen_viewed,2025-08-19T21:12:15Z
USR003321,support_opened,2025-08-19T23:00:55Z
USR001037,card_payment_viewed,2025-08-20T01:26:47Z
USR002806,card_payment_viewed,2025-08-20T07:28:30Z
USR003084,savings_vault_opened,2025-08-20T11:52:09Z
USR001236,app_open,2025-08-20T15:06:43Z
USR002686,app_open,2025-08-20T18:02:55Z
USR003180,plan_screen_viewed,2025-08-20T19:53:27Z
USR002154,fx_rate_viewed,2025-08-20T21:11:34Z
USR004830,transfer_started,2025-08-20T23:31:20Z
USR001567,app_open,2025-08-21T01:03:58Z
USR000501,transfer_started,2025-08-21T02:06:41Z
USR004813,app_open,2025-08-21T04:54:46Z
USR002948,card_payment_viewed,2025-08-21T05:28:42Z
USR001373,app_open,2025-08-21T06:34:04Z
USR003500,app_open,2025-08-21T09:39:15Z
USR002900,app_open,2025-08-21T20:17:06Z
USR003003,card_payment_viewed,2025-08-21T22:44:04Z
USR004918,transfer_completed,2025-08-21T23:11:05Z
USR004436,fx_rate_viewed,2025-08-22T04:57:28Z
USR000265,crypto_trade_started,2025-08-22T06:29:42Z
USR000188,transfer_started,2025-08-22T11:36:10Z
USR004431,plan_screen_viewed,2025-08-22T13:32:55Z
USR000523,app_open,2025-08-22T20:21:15Z
USR000419,card_payment_viewed,2025-08-22T20:39:07Z
USR002029,transfer_started,2025-08-23T03:07:56Z
USR002468,app_open,2025-08-23T04:14:33Z
USR001632,transfer_started,2025-08-23T07:35:57Z
USR003475,card_payment_viewed,2025-08-23T08:59:48Z
USR002951,app_open,2025-08-23T10:51:24Z
USR004322,app_open,2025-08-23T15:45:03Z
USR002497,savings_vault_opened,2025-08-23T17:36:52Z
USR004753,transfer_started,2025-08-23T20:02:36Z
USR001893,transfer_started,2025-08-23T21:34:43Z
USR004879,card_payment_viewed,2025-08-24T04:14:47Z
USR002220,app_open,2025-08-24T05:15:11Z
USR003390,transfer_started,2025-08-24T05:44:50Z
USR004521,crypto_trade_started,2025-08-24T07:58:30Z
USR004703,card_payment_viewed,2025-08-24T09:14:22Z
USR003046,card_payment_viewed,2025-08-24T09:31:51Z
USR004358,card_payment_viewed,2025-08-24T10:41:58Z
USR000654,app_open,2025-08-24T12:57:41Z
USR002229,app_open,2025-08-24T14:41:36Z
USR000702,app_open,2025-08-24T22:19:13Z
USR004044,crypto_trade_started,2025-08-24T23:40:06Z
USR003773,fx_rate_viewed,2025-08-25T00:50:17Z
USR002965,app_open,2025-08-25T01:24:11Z
USR004044,fx_rate_viewed,2025-08-25T03:27:30Z
USR002014,app_open,2025-08-25T03:35:04Z
USR003153,app_open,2025-08-25T05:26:49Z
USR002441,app_open,2025-08-25T14:57:10Z
USR003226,stock_order_started,2025-08-25T15:18:04Z
USR002566,support_opened,2025-08-26T03:30:57Z
USR002107,app_open,2025-08-26T07:18:19Z
USR000153,crypto_trade_started,2025-08-26T08:35:45Z
USR004818,plan_screen_viewed,2025-08-26T09:10:37Z
USR004273,app_open,2025-08-26T11:07:17Z
USR001396,transfer_started,2025-08-26T13:40:34Z
USR002435,transfer_started,2025-08-26T15:58:13Z
USR002752,transfer_started,2025-08-26T19:38:21Z
USR004323,app_open,2025-08-26T21:46:47Z
USR001155,app_open,2025-08-27T05:22:30Z
USR003638,card_payment_viewed,2025-08-27T08:37:12Z
USR004143,plan_screen_viewed,2025-08-27T10:18:20Z
USR003874,stock_order_started,2025-08-27T11:08:05Z
USR003578,app_open,2025-08-27T17:31:41Z
USR001347,app_open,2025-08-27T23:25:27Z
USR001543,savings_vault_opened,2025-08-28T04:01:42Z
USR002313,fx_rate_viewed,2025-08-28T04:02:33Z
USR000196,stock_order_started,2025-08-28T05:39:11Z
USR004925,card_payment_viewed,2025-08-28T06:18:17Z
USR002858,stock_order_started,2025-08-28T06:37:46Z
USR001815,card_payment_viewed,2025-08-28T12:53:36Z
USR003628,crypto_trade_started,2025-08-28T14:06:19Z
USR000845,transfer_started,2025-08-28T14:59:25Z
USR002069,card_payment_viewed,2025-08-28T17:02:15Z
USR004856,transfer_started,2025-08-28T21:09:23Z
USR002968,transfer_started,2025-08-28T22:31:26Z
USR001746,app_open,2025-08-28T23:47:12Z
USR003366,fx_rate_viewed,2025-08-29T00:17:04Z
USR003385,app_open,2025-08-29T01:46:27Z
USR003827,savings_vault_opened,2025-08-29T02:15:57Z
USR000302,transfer_started,2025-08-29T06:01:25Z
USR000069,app_open,2025-08-29T11:06:29Z
USR001912,transfer_started,2025-08-29T12:03:17Z
USR000773,card_payment_viewed,2025-08-29T12:31:21Z
USR001481,app_open,2025-08-29T14:46:09Z
USR004303,plan_screen_viewed,2025-08-29T17:07:47Z
USR004240,card_payment_viewed,2025-08-29T20:05:11Z
USR001614,transfer_completed,2025-08-29T20:13:32Z
USR000734,transfer_started,2025-08-30T04:49:39Z
USR000086,transfer_completed,2025-08-30T15:47:12Z
USR001856,plan_screen_viewed,2025-08-30T18:23:22Z
USR001013,plan_screen_viewed,2025-08-30T22:08:30Z
USR002063,savings_vault_opened,2025-08-30T22:31:16Z
USR001795,card_payment_viewed,2025-08-31T00:30:59Z
USR003585,transfer_started,2025-08-31T08:36:50Z
USR002163,crypto_trade_started,2025-08-31T11:42:52Z
USR002419,app_open,2025-08-31T15:19:17Z
USR003705,app_open,2025-08-31T20:21:06Z
USR001878,transfer_completed,2025-08-31T23:35:11Z
USR004459,card_payment_viewed,2025-09-01T03:27:41Z
USR004716,card_payment_viewed,2025-09-01T06:40:33Z
USR003047,transfer_completed,2025-09-01T06:54:22Z
USR002857,support_opened,2025-09-01T08:41:15Z
USR001734,card_payment_viewed,2025-09-01T16:51:50Z
USR002115,app_open,2025-09-01T17:06:41Z
USR002759,app_open,2025-09-01T20:16:47Z
USR003779,transfer_started,2025-09-01T21:48:46Z
USR001141,app_open,2025-09-01T23:14:06Z
USR003247,stock_order_started,2025-09-02T00:00:27Z
USR000147,crypto_trade_started,2025-09-02T00:18:37Z
USR001898,savings_vault_opened,2025-09-02T00:34:46Z
USR004087,plan_screen_viewed,2025-09-02T04:43:58Z
USR001207,card_payment_viewed,2025-09-02T09:40:14Z
USR003606,app_open,2025-09-02T10:33:28Z
USR000617,app_open,2025-09-02T14:54:03Z
USR000348,stock_order_started,2025-09-02T16:13:51Z
USR000925,support_opened,2025-09-02T19:05:45Z
USR001399,stock_order_started,2025-09-02T19:36:29Z
USR000719,fx_rate_viewed,2025-09-02T19:51:54Z
USR003157,plan_screen_viewed,2025-09-02T20:46:52Z
USR004242,transfer_completed,2025-09-02T22:06:17Z
USR004708,fx_rate_viewed,2025-09-02T23:31:45Z
USR004052,savings_vault_opened,2025-09-03T01:03:50Z
USR004265,transfer_started,2025-09-03T01:13:41Z
USR003798,crypto_trade_started,2025-09-03T07:29:37Z
USR003973,app_open,2025-09-03T07:32:02Z
USR002074,fx_rate_viewed,2025-09-03T11:39:28Z
USR004963,app_open,2025-09-03T14:09:29Z
USR001041,app_open,2025-09-03T16:01:26Z
USR001771,transfer_started,2025-09-03T16:22:31Z
USR002103,app_open,2025-09-03T17:20:34Z
USR003773,app_open,2025-09-03T18:24:20Z
USR002058,fx_rate_viewed,2025-09-03T20:53:42Z
USR004304,crypto_trade_started,2025-09-03T22:00:41Z
USR000878,fx_rate_viewed,2025-09-03T23:39:17Z
USR001967,app_open,2025-09-04T00:01:51Z
USR000005,transfer_started,2025-09-04T00:56:34Z
USR003648,plan_screen_viewed,2025-09-04T01:31:00Z
USR003438,card_payment_viewed,2025-09-04T01:31:52Z
USR003136,stock_order_started,2025-09-04T01:49:27Z
USR000374,support_opened,2025-09-04T01:52:39Z
USR002528,transfer_started,2025-09-04T07:33:54Z
USR001491,app_open,2025-09-04T09:11:23Z
USR002629,savings_vault_opened,2025-09-04T10:41:32Z
USR000195,stock_order_started,2025-09-04T12:31:55Z
USR004943,transfer_completed,2025-09-04T16:47:10Z
USR000035,app_open,2025-09-04T17:07:26Z
USR004364,app_open,2025-09-04T19:51:03Z
USR000286,card_payment_viewed,2025-09-05T00:11:27Z
USR002905,card_payment_viewed,2025-09-05T01:40:19Z
USR000256,stock_order_started,2025-09-05T07:04:59Z
USR003851,transfer_started,2025-09-05T07:24:32Z
USR000428,app_open,2025-09-05T07:45:11Z
USR001559,transfer_started,2025-09-05T08:08:33Z
USR004698,card_payment_viewed,2025-09-05T12:28:17Z
USR004100,transfer_started,2025-09-05T13:01:02Z
USR004519,plan_screen_viewed,2025-09-05T13:10:18Z
USR003223,app_open,2025-09-05T13:37:08Z
USR004818,app_open,2025-09-05T13:40:04Z
USR000049,app_open,2025-09-05T16:23:54Z
USR004862,savings_vault_opened,2025-09-05T16:46:22Z
USR000844,app_open,2025-09-05T17:39:52Z
USR003726,app_open,2025-09-05T18:57:33Z
USR001662,app_open,2025-09-06T02:41:37Z
USR002096,transfer_started,2025-09-06T04:13:28Z
USR000236,card_payment_viewed,2025-09-06T05:19:55Z
USR001633,app_open,2025-09-06T06:30:32Z
USR000209,app_open,2025-09-06T07:32:33Z
USR000107,app_open,2025-09-06T10:47:11Z
USR000032,card_payment_viewed,2025-09-06T14:24:03Z
USR003518,card_payment_viewed,2025-09-06T15:45:54Z
USR004491,transfer_completed,2025-09-06T16:14:59Z
USR002320,crypto_trade_started,2025-09-06T21:47:36Z
USR000779,plan_screen_viewed,2025-09-07T00:52:28Z
USR001815,transfer_completed,2025-09-07T00:56:36Z
USR000600,card_payment_viewed,2025-09-07T15:40:21Z
USR002386,crypto_trade_started,2025-09-07T18:39:43Z
USR003397,transfer_started,2025-09-07T22:28:49Z
USR002932,crypto_trade_started,2025-09-07T22:48:45Z
USR003047,app_open,2025-09-08T00:31:56Z
USR001033,transfer_completed,2025-09-08T01:41:46Z
USR001998,app_open,2025-09-08T03:05:56Z
USR004795,app_open,2025-09-08T05:36:16Z
USR002277,stock_order_started,2025-09-08T05:40:22Z
USR002991,crypto_trade_started,2025-09-08T05:59:50Z
USR003977,app_open,2025-09-08T12:13:43Z
USR002193,app_open,2025-09-08T12:16:57Z
USR001633,fx_rate_viewed,2025-09-08T17:21:28Z
USR001317,transfer_completed,2025-09-08T19:17:44Z
USR002034,app_open,2025-09-09T08:36:46Z
USR004195,card_payment_viewed,2025-09-09T10:18:37Z
USR000085,transfer_started,2025-09-09T13:14:15Z
USR002949,transfer_started,2025-09-09T15:33:31Z
USR001300,app_open,2025-09-09T18:38:11Z
USR002922,transfer_started,2025-09-09T19:15:16Z
USR001769,transfer_started,2025-09-09T19:22:11Z
USR004485,app_open,2025-09-09T22:56:36Z
USR003604,plan_screen_viewed,2025-09-10T01:06:42Z
USR004949,plan_screen_viewed,2025-09-10T02:44:44Z
USR002346,savings_vault_opened,2025-09-10T07:02:16Z
USR003930,app_open,2025-09-10T08:36:36Z
USR004408,card_payment_viewed,2025-09-10T09:44:27Z
USR002552,crypto_trade_started,2025-09-10T11:50:57Z
USR001710,card_payment_viewed,2025-09-10T13:08:41Z
USR001102,card_payment_viewed,2025-09-10T13:28:19Z
USR000461,transfer_started,2025-09-10T13:48:17Z
USR002647,crypto_trade_started,2025-09-10T18:07:34Z
USR002176,card_payment_viewed,2025-09-10T19:00:31Z
USR001975,transfer_started,2025-09-11T09:10:21Z
USR001779,app_open,2025-09-11T17:15:00Z
USR000495,app_open,2025-09-11T18:41:15Z
USR004510,app_open,2025-09-11T21:39:58Z
USR000694,transfer_started,2025-09-11T23:42:47Z
USR002972,crypto_trade_started,2025-09-12T00:40:45Z
USR003083,app_open,2025-09-12T01:13:56Z
USR001526,fx_rate_viewed,2025-09-12T02:47:22Z
USR004526,app_open,2025-09-12T06:45:57Z
USR003815,card_payment_viewed,2025-09-12T10:54:29Z
USR004183,card_payment_viewed,2025-09-12T11:26:29Z
USR002156,transfer_started,2025-09-12T13:07:08Z
USR004563,app_open,2025-09-12T14:20:21Z
USR002955,transfer_started,2025-09-12T14:20:34Z
USR000713,app_open,2025-09-12T20:47:01Z
USR004929,transfer_started,2025-09-12T21:49:46Z
USR000302,savings_vault_opened,2025-09-13T12:28:18Z
USR000094,plan_screen_viewed,2025-09-13T17:07:28Z
USR002812,app_open,2025-09-14T00:02:40Z
USR001389,plan_screen_viewed,2025-09-14T04:37:08Z
USR001205,card_payment_viewed,2025-09-14T05:39:55Z
USR000979,card_payment_viewed,2025-09-14T06:06:45Z
USR004805,card_payment_viewed,2025-09-14T06:20:41Z
USR000029,app_open,2025-09-14T07:45:29Z
USR002340,app_open,2025-09-14T08:02:56Z
USR001877,transfer_completed,2025-09-14T09:30:12Z
USR001479,app_open,2025-09-14T12:04:01Z
USR000510,transfer_completed,2025-09-14T12:12:27Z
USR000232,crypto_trade_started,2025-09-14T13:38:01Z
USR003870,crypto_trade_started,2025-09-14T14:52:26Z
USR003272,card_payment_viewed,2025-09-14T19:15:36Z
USR000792,app_open,2025-09-15T00:42:05Z
USR001869,app_open,2025-09-15T04:21:09Z
USR000816,app_open,2025-09-15T05:33:39Z
USR002755,app_open,2025-09-15T05:37:40Z
USR004009,app_open,2025-09-15T06:57:37Z
USR000293,card_payment_viewed,2025-09-15T07:59:11Z
USR000973,transfer_completed,2025-09-15T10:35:29Z
USR000858,transfer_started,2025-09-15T11:22:43Z
USR000571,app_open,2025-09-15T11:34:23Z
USR004197,transfer_completed,2025-09-15T16:58:52Z
USR001273,app_open,2025-09-15T17:05:58Z
USR002773,transfer_completed,2025-09-15T20:17:44Z
USR001728,app_open,2025-09-16T03:21:34Z
USR000160,card_payment_viewed,2025-09-16T04:48:47Z
USR003289,transfer_started,2025-09-16T07:55:19Z
USR004009,transfer_completed,2025-09-16T08:35:08Z
USR003853,app_open,2025-09-16T09:10:33Z
USR003431,transfer_completed,2025-09-16T11:39:18Z
USR004864,card_payment_viewed,2025-09-16T20:09:13Z
USR004668,card_payment_viewed,2025-09-17T00:06:40Z
USR003993,stock_order_started,2025-09-17T00:59:35Z
USR000597,transfer_started,2025-09-17T01:33:35Z
USR004658,app_open,2025-09-17T02:41:47Z
USR003766,card_payment_viewed,2025-09-17T03:17:47Z
USR004500,card_payment_viewed,2025-09-17T10:15:39Z
USR003367,app_open,2025-09-17T17:08:41Z
USR001381,app_open,2025-09-17T17:58:52Z
USR004917,savings_vault_opened,2025-09-17T20:37:50Z
USR003177,transfer_started,2025-09-18T01:20:19Z
USR004317,savings_vault_opened,2025-09-18T13:28:36Z
USR000858,transfer_started,2025-09-18T17:28:49Z
USR000079,crypto_trade_started,2025-09-18T17:55:02Z
USR002016,app_open,2025-09-18T18:44:51Z
USR004583,app_open,2025-09-18T20:13:49Z
USR000156,transfer_started,2025-09-18T21:11:03Z
USR001463,card_payment_viewed,2025-09-18T21:55:14Z
USR002110,fx_rate_viewed,2025-09-18T22:17:19Z
USR002000,app_open,2025-09-18T23:18:18Z
USR003857,app_open,2025-09-19T05:08:55Z
USR004728,card_payment_viewed,2025-09-19T05:15:06Z
USR004477,app_open,2025-09-19T06:22:45Z
USR000022,transfer_completed,2025-09-19T15:30:17Z
USR000128,card_payment_viewed,2025-09-19T15:58:15Z
USR003459,card_payment_viewed,2025-09-19T22:47:40Z
USR000006,card_payment_viewed,2025-09-20T03:50:27Z
USR004947,stock_order_started,2025-09-20T05:02:45Z
USR004595,app_open,2025-09-20T06:39:15Z
USR001231,support_opened,2025-09-20T10:08:32Z
USR002289,crypto_trade_started,2025-09-20T14:03:10Z
USR001986,card_payment_viewed,2025-09-20T21:35:13Z
USR003767,card_payment_viewed,2025-09-20T22:10:10Z
USR003224,app_open,2025-09-21T06:23:27Z
USR003486,app_open,2025-09-21T06:42:18Z
USR001390,app_open,2025-09-21T13:42:04Z
USR000932,app_open,2025-09-21T13:53:23Z
USR004429,app_open,2025-09-21T18:14:30Z
USR001106,app_open,2025-09-21T23:34:10Z
USR001882,plan_screen_viewed,2025-09-21T23:39:06Z
USR000500,card_payment_viewed,2025-09-22T00:26:16Z
USR002441,transfer_started,2025-09-22T00:50:26Z
USR003738,crypto_trade_started,2025-09-22T05:29:50Z
USR003486,transfer_started,2025-09-22T09:10:49Z
USR003036,savings_vault_opened,2025-09-22T12:40:00Z
USR002738,card_payment_viewed,2025-09-22T14:14:12Z
USR002359,app_open,2025-09-22T20:00:26Z
USR000913,plan_screen_viewed,2025-09-22T20:50:28Z
USR004235,transfer_completed,2025-09-22T22:15:09Z
USR002748,app_open,2025-09-23T00:22:51Z
USR002223,plan_screen_viewed,2025-09-23T02:21:16Z
USR001921,fx_rate_viewed,2025-09-23T03:55:16Z
USR003128,transfer_started,2025-09-23T06:40:28Z
USR002310,card_payment_viewed,2025-09-23T07:30:25Z
USR001434,transfer_started,2025-09-23T09:23:25Z
USR001812,savings_vault_opened,2025-09-23T10:06:18Z
USR000360,savings_vault_opened,2025-09-23T13:11:35Z
USR004377,support_opened,2025-09-23T14:49:32Z
USR004276,fx_rate_viewed,2025-09-23T15:48:21Z
USR003540,app_open,2025-09-23T16:36:41Z
USR001659,savings_vault_opened,2025-09-23T18:21:26Z
USR000629,app_open,2025-09-23T18:43:35Z
USR004311,app_open,2025-09-23T22:51:11Z
USR003275,app_open,2025-09-23T22:56:29Z
USR003961,crypto_trade_started,2025-09-24T00:02:26Z
USR004179,card_payment_viewed,2025-09-24T00:42:43Z
USR001250,app_open,2025-09-24T01:40:25Z
USR004369,fx_rate_viewed,2025-09-24T05:48:11Z
USR004116,fx_rate_viewed,2025-09-24T10:28:00Z
USR002746,fx_rate_viewed,2025-09-24T14:31:17Z
USR000545,app_open,2025-09-24T17:38:43Z
USR004196,card_payment_viewed,2025-09-24T20:06:40Z
USR003141,app_open,2025-09-24T20:08:34Z
USR003462,transfer_started,2025-09-25T00:24:36Z
USR004587,card_payment_viewed,2025-09-25T07:25:00Z
USR004343,app_open,2025-09-25T11:56:10Z
USR000001,transfer_started,2025-09-25T17:43:57Z
USR001242,card_payment_viewed,2025-09-25T23:45:27Z
USR003780,crypto_trade_started,2025-09-26T05:05:43Z
USR001810,plan_screen_viewed,2025-09-26T07:53:23Z
USR004406,support_opened,2025-09-26T08:25:41Z
USR000361,support_opened,2025-09-26T10:24:27Z
USR000222,app_open,2025-09-26T10:25:15Z
USR003891,card_payment_viewed,2025-09-26T17:35:47Z
USR002751,stock_order_started,2025-09-26T20:45:09Z
USR004585,app_open,2025-09-26T21:18:03Z
USR004289,plan_screen_viewed,2025-09-27T04:05:05Z
USR000628,crypto_trade_started,2025-09-27T05:23:25Z
USR003226,card_payment_viewed,2025-09-27T05:39:04Z
USR001508,app_open,2025-09-27T10:59:56Z
USR003347,app_open,2025-09-27T11:56:27Z
USR004251,app_open,2025-09-27T15:52:21Z
USR001926,app_open,2025-09-27T17:22:43Z
USR004191,stock_order_started,2025-09-27T17:26:25Z
USR003246,transfer_completed,2025-09-27T19:39:41Z
USR001410,transfer_started,2025-09-28T00:38:28Z
USR004202,card_payment_viewed,2025-09-28T00:45:40Z
USR004867,savings_vault_opened,2025-09-28T01:23:04Z
USR004321,transfer_started,2025-09-28T02:39:31Z
USR003876,transfer_completed,2025-09-28T03:57:54Z
USR002836,savings_vault_opened,2025-09-28T05:32:11Z
USR004959,card_payment_viewed,2025-09-28T07:41:58Z
USR002913,support_opened,2025-09-28T07:57:28Z
USR002821,app_open,2025-09-28T10:06:27Z
USR000963,app_open,2025-09-28T14:18:38Z
USR000890,savings_vault_opened,2025-09-28T16:53:18Z
USR000928,card_payment_viewed,2025-09-28T18:09:42Z
USR002406,fx_rate_viewed,2025-09-28T19:54:43Z
USR003799,savings_vault_opened,2025-09-28T23:10:54Z
USR002752,savings_vault_opened,2025-09-28T23:24:57Z
USR000427,app_open,2025-09-29T02:22:53Z
USR003057,plan_screen_viewed,2025-09-29T03:39:34Z
USR002597,app_open,2025-09-29T05:43:27Z
USR001884,app_open,2025-09-29T07:38:51Z
USR004058,app_open,2025-09-29T07:58:43Z
USR004153,stock_order_started,2025-09-29T13:52:09Z
USR002076,app_open,2025-09-29T15:04:07Z
USR001371,card_payment_viewed,2025-09-29T17:07:32Z
USR004707,support_opened,2025-09-29T17:19:47Z
USR001513,crypto_trade_started,2025-09-29T17:31:49Z
USR004377,savings_vault_opened,2025-09-30T02:20:26Z
USR001368,transfer_completed,2025-09-30T07:56:46Z
USR001671,crypto_trade_started,2025-09-30T09:00:14Z
USR001773,crypto_trade_started,2025-09-30T09:04:30Z
USR004368,fx_rate_viewed,2025-09-30T09:09:47Z
USR001925,app_open,2025-09-30T11:22:07Z
USR004097,card_payment_viewed,2025-09-30T12:55:46Z
USR001136,card_payment_viewed,2025-09-30T13:35:10Z
USR001402,transfer_started,2025-09-30T15:13:40Z
USR004944,plan_screen_viewed,2025-09-30T16:45:45Z
USR000625,plan_screen_viewed,2025-09-30T16:57:44Z
USR003709,card_payment_viewed,2025-09-30T17:35:28Z
USR001600,fx_rate_viewed,2025-09-30T19:27:54Z
USR003887,card_payment_viewed,2025-09-30T22:59:57Z
USR004226,plan_screen_viewed,2025-10-01T01:49:39Z
USR002994,fx_rate_viewed,2025-10-01T03:21:55Z
USR000809,stock_order_started,2025-10-01T05:11:56Z
USR003306,savings_vault_opened,2025-10-01T06:58:31Z
USR004478,app_open,2025-10-01T07:29:58Z
USR004260,transfer_started,2025-10-01T08:14:25Z
USR000474,card_payment_viewed,2025-10-01T09:03:33Z
USR004326,app_open,2025-10-01T09:12:46Z
USR001012,card_payment_viewed,2025-10-01T11:36:12Z
USR004637,transfer_started,2025-10-01T17:01:11Z
USR004310,transfer_started,2025-10-01T17:15:26Z
USR003823,stock_order_started,2025-10-01T21:01:45Z
USR001328,fx_rate_viewed,2025-10-01T22:41:22Z
USR000835,transfer_completed,2025-10-01T23:15:54Z
USR001393,transfer_started,2025-10-02T03:05:13Z
USR002271,app_open,2025-10-02T04:51:01Z
USR002032,transfer_completed,2025-10-02T05:10:03Z
USR002389,transfer_completed,2025-10-02T10:39:38Z
USR003058,transfer_started,2025-10-02T11:51:47Z
USR000506,app_open,2025-10-02T15:38:16Z
USR001046,app_open,2025-10-02T20:43:42Z
USR001102,card_payment_viewed,2025-10-03T00:08:21Z
USR001832,app_open,2025-10-03T07:13:27Z
USR004969,app_open,2025-10-03T08:27:11Z
USR004901,support_opened,2025-10-03T11:30:36Z
USR004845,transfer_started,2025-10-03T12:23:52Z
USR003790,transfer_completed,2025-10-03T13:41:49Z
USR000206,app_open,2025-10-03T16:13:07Z
USR004615,card_payment_viewed,2025-10-03T17:04:19Z
USR003740,support_opened,2025-10-03T19:46:13Z
USR004745,app_open,2025-10-03T23:51:02Z
USR003819,fx_rate_viewed,2025-10-04T00:12:37Z
USR001717,app_open,2025-10-04T01:40:40Z
USR004252,card_payment_viewed,2025-10-04T03:05:58Z
USR002645,stock_order_started,2025-10-04T05:50:00Z
USR002243,card_payment_viewed,2025-10-04T06:38:31Z
USR004199,transfer_started,2025-10-04T07:01:01Z
USR002520,app_open,2025-10-04T08:01:15Z
USR001045,card_payment_viewed,2025-10-04T09:15:56Z
USR002414,card_payment_viewed,2025-10-04T14:21:01Z
USR001899,app_open,2025-10-04T16:14:49Z
USR002990,crypto_trade_started,2025-10-04T18:03:15Z
USR003912,crypto_trade_started,2025-10-04T19:38:39Z
USR003831,transfer_started,2025-10-04T20:07:26Z
USR000845,app_open,2025-10-05T02:01:20Z
USR000762,app_open,2025-10-05T08:20:30Z
USR002704,stock_order_started,2025-10-05T13:55:40Z
USR004803,app_open,2025-10-05T13:55:58Z
USR003546,crypto_trade_started,2025-10-05T14:21:37Z
USR002521,fx_rate_viewed,2025-10-05T18:57:25Z
USR000724,transfer_started,2025-10-05T18:57:29Z
USR002293,card_payment_viewed,2025-10-06T00:07:21Z
USR004207,fx_rate_viewed,2025-10-06T00:07:38Z
USR001520,app_open,2025-10-06T01:01:09Z
USR002866,app_open,2025-10-06T02:00:13Z
USR000944,app_open,2025-10-06T10:22:46Z
USR000909,plan_screen_viewed,2025-10-06T10:27:09Z
USR004497,support_opened,2025-10-06T21:09:38Z
USR001433,transfer_started,2025-10-06T22:29:41Z
USR003578,app_open,2025-10-07T00:23:08Z
USR000229,app_open,2025-10-07T00:24:44Z
USR001223,transfer_started,2025-10-07T02:03:40Z
USR003487,app_open,2025-10-07T06:26:13Z
USR000064,crypto_trade_started,2025-10-07T06:56:23Z
USR003784,crypto_trade_started,2025-10-07T07:45:27Z
USR002860,app_open,2025-10-07T09:21:34Z
USR002055,fx_rate_viewed,2025-10-07T09:47:29Z
USR000368,plan_screen_viewed,2025-10-07T10:23:01Z
USR003306,plan_screen_viewed,2025-10-07T12:07:14Z
USR002713,app_open,2025-10-07T13:04:36Z
USR004431,fx_rate_viewed,2025-10-07T19:10:05Z
USR002061,app_open,2025-10-07T22:40:26Z
USR004486,app_open,2025-10-07T23:41:05Z
USR001251,fx_rate_viewed,2025-10-08T04:10:34Z
USR004565,card_payment_viewed,2025-10-08T08:03:44Z
USR003005,transfer_started,2025-10-08T14:11:12Z
USR003121,app_open,2025-10-08T14:18:46Z
USR000562,app_open,2025-10-08T14:46:49Z
USR004764,savings_vault_opened,2025-10-08T15:04:49Z
USR001857,app_open,2025-10-09T00:11:45Z
USR000052,transfer_completed,2025-10-09T00:35:28Z
USR003323,app_open,2025-10-09T03:55:38Z
USR004333,transfer_started,2025-10-09T05:41:25Z
USR001947,transfer_completed,2025-10-09T05:49:15Z
USR000171,card_payment_viewed,2025-10-09T07:27:24Z
USR001737,transfer_completed,2025-10-09T08:57:43Z
USR003513,fx_rate_viewed,2025-10-09T09:13:35Z
USR001470,app_open,2025-10-09T10:55:02Z
USR000001,stock_order_started,2025-10-09T10:56:31Z
USR000720,stock_order_started,2025-10-09T11:10:26Z
USR003645,app_open,2025-10-09T11:58:59Z
USR002676,card_payment_viewed,2025-10-09T13:18:51Z
USR002662,fx_rate_viewed,2025-10-09T14:15:45Z
USR003783,transfer_completed,2025-10-09T16:04:05Z
USR003394,transfer_completed,2025-10-09T17:26:05Z
USR004575,transfer_completed,2025-10-09T17:57:55Z
USR000049,transfer_started,2025-10-09T17:58:16Z
USR004252,fx_rate_viewed,2025-10-09T23:46:44Z
USR004356,card_payment_viewed,2025-10-10T00:05:44Z
USR004169,app_open,2025-10-10T00:25:36Z
USR003685,fx_rate_viewed,2025-10-10T01:40:12Z
USR002898,crypto_trade_started,2025-10-10T04:40:20Z
USR002250,transfer_started,2025-10-10T05:57:51Z
USR004508,card_payment_viewed,2025-10-10T09:01:09Z
USR002257,transfer_completed,2025-10-10T12:25:32Z
USR003050,stock_order_started,2025-10-10T15:05:07Z
USR000385,app_open,2025-10-10T17:12:25Z
USR003716,app_open,2025-10-10T19:38:36Z
USR001813,app_open,2025-10-10T23:58:28Z
USR003513,app_open,2025-10-11T02:57:56Z
USR004622,transfer_started,2025-10-11T05:01:21Z
USR000021,app_open,2025-10-11T06:08:13Z
USR000163,plan_screen_viewed,2025-10-11T06:26:00Z
USR003722,card_payment_viewed,2025-10-11T06:46:13Z
USR000169,fx_rate_viewed,2025-10-11T09:55:19Z
USR002185,transfer_completed,2025-10-11T10:39:57Z
USR000524,transfer_completed,2025-10-11T11:31:33Z
USR000530,transfer_started,2025-10-11T12:11:35Z
USR001384,app_open,2025-10-11T12:19:55Z
USR004125,app_open,2025-10-11T12:28:50Z
USR003324,app_open,2025-10-11T14:37:33Z
USR000517,plan_screen_viewed,2025-10-11T15:45:21Z
USR001158,transfer_started,2025-10-11T16:17:35Z
USR001251,app_open,2025-10-11T16:50:26Z
USR000391,plan_screen_viewed,2025-10-11T18:29:15Z
USR003140,savings_vault_opened,2025-10-11T20:11:42Z
USR004353,app_open,2025-10-11T22:42:58Z
USR004736,transfer_started,2025-10-11T23:55:30Z
USR001548,card_payment_viewed,2025-10-12T02:10:27Z
USR000743,app_open,2025-10-12T06:50:22Z
USR004066,fx_rate_viewed,2025-10-12T10:50:14Z
USR003333,transfer_completed,2025-10-12T12:20:55Z
USR001746,transfer_completed,2025-10-12T13:53:49Z
USR004086,card_payment_viewed,2025-10-12T16:08:48Z
USR000466,app_open,2025-10-12T20:22:59Z
USR004773,card_payment_viewed,2025-10-12T22:28:27Z
USR001926,app_open,2025-10-13T00:32:47Z
USR002109,card_payment_viewed,2025-10-13T03:24:25Z
USR002062,app_open,2025-10-13T04:44:23Z
USR003015,app_open,2025-10-13T05:00:13Z
USR003548,crypto_trade_started,2025-10-13T05:47:20Z
USR004711,card_payment_viewed,2025-10-13T09:47:52Z
USR004369,app_open,2025-10-13T10:51:02Z
USR003325,card_payment_viewed,2025-10-13T13:09:24Z
USR001431,transfer_started,2025-10-13T13:41:10Z
USR003261,crypto_trade_started,2025-10-13T16:27:05Z
USR002731,card_payment_viewed,2025-10-14T00:50:15Z
USR000128,transfer_started,2025-10-14T02:13:00Z
USR002838,fx_rate_viewed,2025-10-14T05:01:46Z
USR001376,app_open,2025-10-14T05:45:51Z
USR004527,app_open,2025-10-14T05:52:26Z
USR002265,app_open,2025-10-14T06:35:00Z
USR000546,savings_vault_opened,2025-10-14T14:08:40Z
USR000539,transfer_started,2025-10-14T14:54:41Z
USR003030,app_open,2025-10-14T15:51:11Z
USR004069,card_payment_viewed,2025-10-14T16:09:24Z
USR004300,app_open,2025-10-15T00:40:59Z
USR001067,card_payment_viewed,2025-10-15T04:02:02Z
USR004225,app_open,2025-10-15T04:45:19Z
USR004295,transfer_started,2025-10-15T04:49:42Z
USR001506,card_payment_viewed,2025-10-15T05:28:11Z
USR003248,fx_rate_viewed,2025-10-15T06:19:22Z
USR004128,card_payment_viewed,2025-10-15T06:33:26Z
USR004776,card_payment_viewed,2025-10-15T06:54:08Z
USR004445,transfer_completed,2025-10-15T10:59:58Z
USR002582,crypto_trade_started,2025-10-15T15:06:36Z
USR001432,app_open,2025-10-15T15:09:28Z
USR003145,stock_order_started,2025-10-15T17:29:08Z
USR004079,crypto_trade_started,2025-10-15T19:46:32Z
USR001369,transfer_started,2025-10-15T20:15:19Z
USR002230,card_payment_viewed,2025-10-15T23:34:05Z
USR001613,card_payment_viewed,2025-10-16T00:27:17Z
USR004188,app_open,2025-10-16T02:14:22Z
USR004274,support_opened,2025-10-16T03:15:31Z
USR002322,crypto_trade_started,2025-10-16T04:06:57Z
USR004861,plan_screen_viewed,2025-10-16T04:25:05Z
USR004783,app_open,2025-10-16T06:42:17Z
USR001539,crypto_trade_started,2025-10-16T13:06:39Z
USR000894,card_payment_viewed,2025-10-16T14:43:32Z
USR004845,card_payment_viewed,2025-10-16T16:01:40Z
USR003835,card_payment_viewed,2025-10-16T17:39:53Z
USR000637,app_open,2025-10-16T19:56:17Z
USR000508,app_open,2025-10-16T20:32:01Z
USR004849,card_payment_viewed,2025-10-17T01:37:27Z
USR004524,fx_rate_viewed,2025-10-17T03:19:57Z
USR003303,transfer_completed,2025-10-17T03:22:43Z
USR002065,fx_rate_viewed,2025-10-17T04:45:52Z
USR003788,card_payment_viewed,2025-10-17T08:34:52Z
USR002369,stock_order_started,2025-10-17T12:54:10Z
USR000014,transfer_started,2025-10-17T13:27:56Z
USR000052,crypto_trade_started,2025-10-17T13:51:22Z
USR002591,card_payment_viewed,2025-10-17T16:01:16Z
USR001615,transfer_started,2025-10-17T17:23:00Z
USR000569,transfer_started,2025-10-17T21:07:52Z
USR003365,transfer_completed,2025-10-17T21:43:54Z
USR002266,app_open,2025-10-17T22:11:53Z
USR001187,transfer_started,2025-10-18T04:17:39Z
USR003846,stock_order_started,2025-10-18T07:37:26Z
USR002570,card_payment_viewed,2025-10-18T09:07:13Z
USR003971,card_payment_viewed,2025-10-18T09:13:40Z
USR002932,fx_rate_viewed,2025-10-18T11:42:31Z
USR004238,transfer_started,2025-10-18T23:17:00Z
USR003394,transfer_started,2025-10-19T00:23:20Z
USR004790,fx_rate_viewed,2025-10-19T03:00:04Z
USR003609,card_payment_viewed,2025-10-19T05:15:22Z
USR004510,savings_vault_opened,2025-10-19T09:08:58Z
USR001279,savings_vault_opened,2025-10-19T09:59:32Z
USR002772,app_open,2025-10-19T10:56:03Z
USR002086,app_open,2025-10-19T11:59:44Z
USR003751,app_open,2025-10-19T12:37:18Z
USR002607,support_opened,2025-10-19T12:41:25Z
USR001203,card_payment_viewed,2025-10-19T13:08:09Z
USR002064,app_open,2025-10-19T13:40:45Z
USR000980,transfer_completed,2025-10-19T14:37:55Z
USR004764,app_open,2025-10-19T16:25:39Z
USR004083,card_payment_viewed,2025-10-19T19:08:12Z
USR003066,card_payment_viewed,2025-10-19T22:44:52Z
USR003489,stock_order_started,2025-10-20T00:10:25Z
USR001906,fx_rate_viewed,2025-10-20T03:32:45Z
USR000646,card_payment_viewed,2025-10-20T06:34:18Z
USR004221,fx_rate_viewed,2025-10-20T08:27:07Z
USR000630,card_payment_viewed,2025-10-20T16:26:47Z
USR001034,app_open,2025-10-20T22:29:41Z
USR000876,transfer_started,2025-10-21T00:54:28Z
USR004664,plan_screen_viewed,2025-10-21T02:04:22Z
USR002927,card_payment_viewed,2025-10-21T02:46:57Z
USR000114,card_payment_viewed,2025-10-21T03:50:08Z
USR002902,transfer_completed,2025-10-21T04:12:24Z
USR004612,app_open,2025-10-21T04:53:23Z
USR004774,app_open,2025-10-21T06:50:25Z
USR001732,card_payment_viewed,2025-10-21T12:57:42Z
USR003082,app_open,2025-10-21T13:55:05Z
USR004566,card_payment_viewed,2025-10-21T14:54:16Z
USR004922,app_open,2025-10-21T17:46:51Z
USR000686,savings_vault_opened,2025-10-21T21:11:10Z
USR002266,app_open,2025-10-21T22:52:26Z
USR004216,card_payment_viewed,2025-10-22T01:38:46Z
USR004485,app_open,2025-10-22T04:06:34Z
USR003500,card_payment_viewed,2025-10-22T05:05:21Z
USR003472,app_open,2025-10-22T09:42:36Z
USR004559,card_payment_viewed,2025-10-22T22:33:40Z
USR000395,transfer_started,2025-10-22T23:05:41Z
USR000714,app_open,2025-10-23T01:37:54Z
USR002638,crypto_trade_started,2025-10-23T01:55:29Z
USR003157,plan_screen_viewed,2025-10-23T02:06:16Z
USR002479,app_open,2025-10-23T03:07:40Z
USR004510,plan_screen_viewed,2025-10-23T06:36:11Z
USR004446,app_open,2025-10-23T06:48:01Z
USR001008,card_payment_viewed,2025-10-23T07:30:03Z
USR000049,savings_vault_opened,2025-10-23T07:35:56Z
USR003744,savings_vault_opened,2025-10-23T07:42:37Z
USR002188,transfer_completed,2025-10-23T08:38:36Z
USR001294,transfer_started,2025-10-23T09:33:29Z
USR003668,card_payment_viewed,2025-10-23T10:38:41Z
USR001599,transfer_completed,2025-10-23T10:39:33Z
USR000183,app_open,2025-10-23T10:58:36Z
USR003866,fx_rate_viewed,2025-10-23T15:56:07Z
USR002821,card_payment_viewed,2025-10-23T18:54:38Z
USR001370,transfer_completed,2025-10-23T21:41:25Z
USR002088,card_payment_viewed,2025-10-23T21:50:09Z
USR000770,app_open,2025-10-23T22:34:56Z
USR001403,fx_rate_viewed,2025-10-24T02:49:20Z
USR000349,transfer_completed,2025-10-24T03:32:53Z
USR001982,stock_order_started,2025-10-24T05:05:40Z
USR002914,app_open,2025-10-24T05:32:56Z
USR001485,card_payment_viewed,2025-10-24T07:54:59Z
USR004136,app_open,2025-10-24T08:14:31Z
USR001746,plan_screen_viewed,2025-10-24T10:48:59Z
USR000584,stock_order_started,2025-10-24T18:58:11Z
USR003684,app_open,2025-10-25T05:26:29Z
USR002332,app_open,2025-10-25T05:48:51Z
USR002941,transfer_started,2025-10-25T08:37:39Z
USR002611,card_payment_viewed,2025-10-25T10:00:36Z
USR001722,transfer_completed,2025-10-25T14:35:07Z
USR001009,crypto_trade_started,2025-10-25T16:51:35Z
USR002718,app_open,2025-10-25T20:30:47Z
USR002123,transfer_completed,2025-10-25T20:47:20Z
USR001092,card_payment_viewed,2025-10-25T21:52:13Z
USR004209,app_open,2025-10-25T23:59:53Z
USR000311,app_open,2025-10-26T03:25:26Z
USR004142,card_payment_viewed,2025-10-26T04:34:13Z
USR000485,transfer_completed,2025-10-26T07:18:42Z
USR003667,plan_screen_viewed,2025-10-26T09:44:25Z
USR003552,plan_screen_viewed,2025-10-26T13:39:42Z
USR002514,savings_vault_opened,2025-10-26T13:41:10Z
USR000495,app_open,2025-10-26T18:46:07Z
USR001089,card_payment_viewed,2025-10-27T00:55:30Z
USR001418,card_payment_viewed,2025-10-27T01:10:13Z
USR002632,savings_vault_opened,2025-10-27T01:10:56Z
USR000672,transfer_completed,2025-10-27T06:57:41Z
USR000627,card_payment_viewed,2025-10-27T07:49:37Z
USR002347,transfer_completed,2025-10-27T18:44:43Z
USR003962,savings_vault_opened,2025-10-27T20:52:48Z
USR004062,card_payment_viewed,2025-10-27T21:10:10Z
USR004876,app_open,2025-10-27T21:37:13Z
USR000295,card_payment_viewed,2025-10-27T23:34:16Z
USR004779,card_payment_viewed,2025-10-28T00:29:49Z
USR004283,app_open,2025-10-28T01:14:59Z
USR000060,app_open,2025-10-28T03:51:40Z
USR001150,app_open,2025-10-28T03:58:12Z
USR003987,crypto_trade_started,2025-10-28T04:12:59Z
USR002950,app_open,2025-10-28T06:20:15Z
USR002516,fx_rate_viewed,2025-10-28T08:40:01Z
USR004564,fx_rate_viewed,2025-10-28T09:12:51Z
USR003072,plan_screen_viewed,2025-10-28T16:19:47Z
USR004151,stock_order_started,2025-10-28T19:34:15Z
USR004598,transfer_completed,2025-10-28T20:02:00Z
USR002057,transfer_completed,2025-10-28T20:42:53Z
USR000934,transfer_completed,2025-10-29T00:10:46Z
USR003144,support_opened,2025-10-29T02:45:04Z
USR001470,transfer_started,2025-10-29T05:18:46Z
USR003092,card_payment_viewed,2025-10-29T06:12:02Z
USR004055,transfer_completed,2025-10-29T07:28:39Z
USR002356,crypto_trade_started,2025-10-29T07:58:10Z
USR000601,app_open,2025-10-29T14:36:06Z
USR001856,transfer_completed,2025-10-29T18:02:09Z
USR002787,transfer_started,2025-10-29T18:30:25Z
USR001493,fx_rate_viewed,2025-10-29T20:10:49Z
USR004219,transfer_started,2025-10-29T23:41:08Z
USR004417,savings_vault_opened,2025-10-30T00:57:59Z
USR003054,card_payment_viewed,2025-10-30T04:10:04Z
USR003500,transfer_started,2025-10-30T04:33:30Z
USR000882,transfer_started,2025-10-30T06:00:09Z
USR000214,app_open,2025-10-30T07:21:50Z
USR003903,app_open,2025-10-30T07:32:09Z
USR003533,transfer_started,2025-10-30T12:36:00Z
USR001292,app_open,2025-10-30T12:37:20Z
USR001698,crypto_trade_started,2025-10-30T13:54:39Z
USR000606,app_open,2025-10-30T14:25:45Z
USR004017,card_payment_viewed,2025-10-31T00:33:08Z
USR001746,app_open,2025-10-31T01:19:34Z
USR003779,card_payment_viewed,2025-10-31T03:07:56Z
USR004550,support_opened,2025-10-31T07:07:40Z
USR000454,transfer_started,2025-10-31T07:38:55Z
USR003791,app_open,2025-10-31T12:46:47Z
USR001688,plan_screen_viewed,2025-10-31T14:10:49Z
USR000198,stock_order_started,2025-10-31T15:10:13Z
USR002443,transfer_started,2025-10-31T16:42:56Z
USR004976,stock_order_started,2025-10-31T19:27:52Z
USR004452,app_open,2025-10-31T19:30:27Z
USR003599,plan_screen_viewed,2025-10-31T22:41:00Z
USR000365,app_open,2025-10-31T23:46:10Z
USR002521,app_open,2025-11-01T04:42:15Z
USR000532,transfer_completed,2025-11-01T06:01:46Z
USR003879,app_open,2025-11-01T10:20:30Z
USR001072,card_payment_viewed,2025-11-01T11:01:52Z
USR001739,app_open,2025-11-01T11:40:29Z
USR002321,plan_screen_viewed,2025-11-01T14:17:21Z
USR003246,savings_vault_opened,2025-11-01T14:41:29Z
USR002364,plan_screen_viewed,2025-11-01T14:50:17Z
USR004532,crypto_trade_started,2025-11-01T15:27:32Z
USR004300,savings_vault_opened,2025-11-01T15:54:09Z
USR000783,transfer_started,2025-11-01T16:51:37Z
USR001695,app_open,2025-11-01T18:34:17Z
USR002112,fx_rate_viewed,2025-11-01T20:21:14Z
USR001665,app_open,2025-11-02T01:39:53Z
USR004764,card_payment_viewed,2025-11-02T02:30:03Z
USR004921,crypto_trade_started,2025-11-02T06:05:38Z
USR002990,card_payment_viewed,2025-11-02T07:01:13Z
USR001922,crypto_trade_started,2025-11-02T11:15:02Z
USR003913,app_open,2025-11-02T11:32:14Z
USR003818,crypto_trade_started,2025-11-02T12:13:10Z
USR000982,app_open,2025-11-02T12:19:48Z
USR001359,app_open,2025-11-02T13:05:25Z
USR000621,app_open,2025-11-02T13:53:11Z
USR004004,stock_order_started,2025-11-02T14:18:54Z
USR001038,plan_screen_viewed,2025-11-02T20:35:23Z
USR004963,transfer_started,2025-11-02T21:21:38Z
USR003542,app_open,2025-11-02T22:23:14Z
USR002295,app_open,2025-11-02T22:36:28Z
USR001303,support_opened,2025-11-02T22:42:02Z
USR002487,card_payment_viewed,2025-11-03T05:39:59Z
USR003676,app_open,2025-11-03T13:29:30Z
USR000250,transfer_completed,2025-11-03T14:31:20Z
USR004473,app_open,2025-11-03T16:26:38Z
USR004266,app_open,2025-11-03T22:11:59Z
USR001047,transfer_started,2025-11-04T01:31:59Z
USR000783,app_open,2025-11-04T09:29:00Z
USR000322,app_open,2025-11-04T14:21:31Z
USR002444,transfer_completed,2025-11-04T17:21:25Z
USR003658,app_open,2025-11-04T18:45:09Z
USR002688,app_open,2025-11-04T19:54:40Z
USR003028,card_payment_viewed,2025-11-05T00:01:06Z
USR001369,app_open,2025-11-05T06:11:40Z
USR000669,app_open,2025-11-05T07:37:25Z
USR000760,card_payment_viewed,2025-11-05T08:37:40Z
USR004959,savings_vault_opened,2025-11-05T11:49:58Z
USR001831,card_payment_viewed,2025-11-05T15:22:35Z
USR001958,savings_vault_opened,2025-11-05T17:11:44Z
USR001491,app_open,2025-11-05T18:32:23Z
USR000831,transfer_started,2025-11-05T23:16:02Z
USR002259,card_payment_viewed,2025-11-05T23:20:36Z
USR003468,app_open,2025-11-06T00:29:09Z
USR001424,card_payment_viewed,2025-11-06T01:59:01Z
USR004211,app_open,2025-11-06T06:23:11Z
USR000752,fx_rate_viewed,2025-11-06T07:44:55Z
USR003981,fx_rate_viewed,2025-11-06T08:19:29Z
USR002858,crypto_trade_started,2025-11-06T11:25:28Z
USR002664,stock_order_started,2025-11-06T12:45:54Z
USR003687,app_open,2025-11-06T12:59:50Z
USR000730,crypto_trade_started,2025-11-06T13:27:33Z
USR000605,transfer_started,2025-11-06T14:11:32Z
USR003543,card_payment_viewed,2025-11-06T23:37:23Z
USR000114,card_payment_viewed,2025-11-07T01:39:50Z
USR002956,savings_vault_opened,2025-11-07T04:13:09Z
USR000092,app_open,2025-11-07T08:37:32Z
USR001525,transfer_started,2025-11-07T10:52:04Z
USR004703,app_open,2025-11-07T11:04:43Z
USR003403,savings_vault_opened,2025-11-07T18:08:26Z
USR001079,card_payment_viewed,2025-11-07T19:35:49Z
USR000971,card_payment_viewed,2025-11-07T23:55:09Z
USR001671,plan_screen_viewed,2025-11-08T04:48:15Z
USR000189,savings_vault_opened,2025-11-08T08:34:07Z
USR004289,transfer_completed,2025-11-08T12:43:25Z
USR001776,transfer_completed,2025-11-08T13:38:23Z
USR002733,savings_vault_opened,2025-11-08T18:45:04Z
USR000693,transfer_started,2025-11-09T02:55:41Z
USR000841,app_open,2025-11-09T03:02:04Z
USR002689,fx_rate_viewed,2025-11-09T04:05:06Z
USR002764,transfer_started,2025-11-09T07:48:43Z
USR003252,stock_order_started,2025-11-09T11:20:37Z
USR001269,transfer_started,2025-11-09T13:11:20Z
USR003483,app_open,2025-11-09T13:45:22Z
USR001766,transfer_completed,2025-11-09T14:13:47Z
USR001203,fx_rate_viewed,2025-11-09T14:49:02Z
USR002219,card_payment_viewed,2025-11-09T18:07:49Z
USR004257,transfer_completed,2025-11-09T19:00:08Z
USR003708,stock_order_started,2025-11-09T21:22:12Z
USR003228,app_open,2025-11-10T03:20:00Z
USR000654,fx_rate_viewed,2025-11-10T04:35:52Z
USR000905,app_open,2025-11-10T07:22:57Z
USR002810,card_payment_viewed,2025-11-10T09:48:50Z
USR002293,app_open,2025-11-10T10:55:31Z
USR003994,savings_vault_opened,2025-11-10T14:27:56Z
USR004780,card_payment_viewed,2025-11-10T16:56:22Z
USR003886,card_payment_viewed,2025-11-10T17:45:39Z
USR001592,stock_order_started,2025-11-10T17:59:49Z
USR003876,app_open,2025-11-10T19:59:21Z
USR003441,savings_vault_opened,2025-11-10T22:47:11Z
USR000619,card_payment_viewed,2025-11-11T00:43:51Z
USR002530,app_open,2025-11-11T03:52:37Z
USR004685,app_open,2025-11-11T05:16:20Z
USR001819,card_payment_viewed,2025-11-11T05:36:17Z
USR004156,app_open,2025-11-11T06:46:03Z
USR003590,app_open,2025-11-11T07:40:31Z
USR004755,fx_rate_viewed,2025-11-11T09:03:00Z
USR004274,card_payment_viewed,2025-11-11T09:49:41Z
USR002244,stock_order_started,2025-11-11T09:55:53Z
USR002311,savings_vault_opened,2025-11-11T13:02:10Z
USR002183,support_opened,2025-11-11T15:12:44Z
USR004319,savings_vault_opened,2025-11-11T16:38:36Z
USR000888,app_open,2025-11-11T20:54:05Z
USR004108,savings_vault_opened,2025-11-11T22:08:58Z
USR002269,app_open,2025-11-11T22:18:50Z
USR001310,crypto_trade_started,2025-11-11T23:09:18Z
USR003299,card_payment_viewed,2025-11-12T06:08:51Z
USR002489,transfer_started,2025-11-12T09:14:37Z
USR003997,fx_rate_viewed,2025-11-12T10:36:02Z
USR000395,crypto_trade_started,2025-11-12T13:57:44Z
USR002796,app_open,2025-11-12T17:03:25Z
USR002132,transfer_completed,2025-11-12T18:11:57Z
USR002713,transfer_started,2025-11-12T19:47:31Z
USR000126,card_payment_viewed,2025-11-12T19:47:35Z
USR000442,fx_rate_viewed,2025-11-12T21:17:40Z
USR003656,card_payment_viewed,2025-11-12T21:40:45Z
USR001147,support_opened,2025-11-13T00:11:36Z
USR003340,transfer_started,2025-11-13T04:10:24Z
USR000747,fx_rate_viewed,2025-11-13T04:57:56Z
USR000658,app_open,2025-11-13T05:54:01Z
USR001039,app_open,2025-11-13T11:15:10Z
USR002103,transfer_completed,2025-11-13T12:29:39Z
USR000644,transfer_completed,2025-11-13T13:33:10Z
USR002649,transfer_started,2025-11-13T14:35:16Z
USR000449,transfer_completed,2025-11-13T16:46:46Z
USR001224,app_open,2025-11-13T21:49:19Z
USR003560,app_open,2025-11-13T21:59:35Z
USR001437,card_payment_viewed,2025-11-13T22:19:02Z
USR004941,plan_screen_viewed,2025-11-13T23:04:21Z
USR003662,transfer_started,2025-11-13T23:23:10Z
USR001927,card_payment_viewed,2025-11-13T23:27:40Z
USR003776,app_open,2025-11-14T01:05:57Z
USR000559,app_open,2025-11-14T01:33:23Z
USR003236,transfer_completed,2025-11-14T02:19:01Z
USR001067,transfer_started,2025-11-14T08:22:30Z
USR003645,card_payment_viewed,2025-11-14T09:07:15Z
USR000449,card_payment_viewed,2025-11-14T09:46:11Z
USR003461,app_open,2025-11-14T10:26:49Z
USR002251,app_open,2025-11-14T11:29:58Z
USR000134,app_open,2025-11-14T14:39:58Z
USR001985,fx_rate_viewed,2025-11-14T14:59:04Z
USR004287,transfer_completed,2025-11-14T18:39:24Z
USR001479,transfer_started,2025-11-14T23:27:43Z
USR000233,app_open,2025-11-15T02:25:28Z
USR003060,crypto_trade_started,2025-11-15T05:25:23Z
USR004148,app_open,2025-11-15T06:25:00Z
USR000457,card_payment_viewed,2025-11-15T09:56:25Z
USR002394,app_open,2025-11-15T11:46:19Z
USR000328,card_payment_viewed,2025-11-15T16:51:16Z
USR002343,stock_order_started,2025-11-15T19:12:12Z
USR002453,transfer_started,2025-11-15T20:38:31Z
USR000479,transfer_completed,2025-11-15T23:40:07Z
USR003116,app_open,2025-11-15T23:48:06Z
USR000853,fx_rate_viewed,2025-11-16T09:47:13Z
USR000838,transfer_started,2025-11-16T15:25:41Z
USR002312,app_open,2025-11-16T16:25:50Z
USR001785,fx_rate_viewed,2025-11-16T17:16:59Z
USR001515,stock_order_started,2025-11-17T01:32:54Z
USR002690,card_payment_viewed,2025-11-17T04:02:02Z
USR002592,app_open,2025-11-17T09:00:25Z
USR004576,transfer_started,2025-11-17T11:07:08Z
USR002607,app_open,2025-11-17T11:16:07Z
USR002120,transfer_completed,2025-11-17T16:52:10Z
USR000565,fx_rate_viewed,2025-11-17T17:17:14Z
USR004205,transfer_completed,2025-11-17T19:15:07Z
USR003156,app_open,2025-11-17T20:14:00Z
USR001593,transfer_completed,2025-11-17T20:26:25Z
USR001482,savings_vault_opened,2025-11-17T22:10:14Z
USR004412,app_open,2025-11-18T03:06:14Z
USR002531,transfer_completed,2025-11-18T06:12:28Z
USR001571,support_opened,2025-11-18T07:57:46Z
USR003120,crypto_trade_started,2025-11-18T11:45:53Z
USR003977,card_payment_viewed,2025-11-18T15:07:05Z
USR004945,app_open,2025-11-18T19:11:05Z
USR000633,transfer_started,2025-11-18T19:29:24Z
USR002990,app_open,2025-11-18T23:57:20Z
USR001592,app_open,2025-11-19T03:37:40Z
USR004632,transfer_started,2025-11-19T04:45:02Z
USR003355,app_open,2025-11-19T06:15:50Z
USR003919,stock_order_started,2025-11-19T06:20:21Z
USR004512,transfer_completed,2025-11-19T09:11:48Z
USR003052,app_open,2025-11-19T14:07:19Z
USR004803,app_open,2025-11-19T14:28:05Z
USR004649,app_open,2025-11-19T18:25:08Z
USR003377,fx_rate_viewed,2025-11-19T20:26:37Z
USR001591,app_open,2025-11-19T23:50:05Z
USR002880,card_payment_viewed,2025-11-20T02:24:22Z
USR001855,plan_screen_viewed,2025-11-20T09:53:49Z
USR000896,app_open,2025-11-20T20:46:43Z
USR001796,app_open,2025-11-20T21:31:01Z
USR002395,stock_order_started,2025-11-21T01:40:37Z
USR000243,app_open,2025-11-21T02:11:01Z
USR002968,card_payment_viewed,2025-11-21T05:41:39Z
USR003189,app_open,2025-11-21T06:37:07Z
USR003710,app_open,2025-11-21T10:32:40Z
USR001151,card_payment_viewed,2025-11-21T12:39:30Z
USR002808,stock_order_started,2025-11-21T13:26:11Z
USR002290,app_open,2025-11-21T13:44:18Z
USR002205,transfer_started,2025-11-21T15:10:09Z
USR002503,transfer_completed,2025-11-21T18:13:06Z
USR004575,savings_vault_opened,2025-11-21T21:28:09Z
USR000486,transfer_started,2025-11-22T00:36:26Z
USR004847,card_payment_viewed,2025-11-22T02:27:33Z
USR003681,transfer_started,2025-11-22T05:05:12Z
USR002961,card_payment_viewed,2025-11-22T05:20:22Z
USR001116,card_payment_viewed,2025-11-22T08:02:22Z
USR003233,transfer_started,2025-11-22T10:08:59Z
USR003383,app_open,2025-11-22T10:15:28Z
USR004960,app_open,2025-11-22T16:00:10Z
USR003758,fx_rate_viewed,2025-11-22T20:46:32Z
USR002536,transfer_started,2025-11-22T23:34:56Z
USR003924,plan_screen_viewed,2025-11-23T00:07:00Z
USR004137,app_open,2025-11-23T00:20:35Z
USR002559,crypto_trade_started,2025-11-23T01:19:46Z
USR000747,card_payment_viewed,2025-11-23T02:11:40Z
USR004094,app_open,2025-11-23T02:37:05Z
USR001332,transfer_started,2025-11-23T04:25:23Z
USR001177,savings_vault_opened,2025-11-23T05:22:09Z
USR004059,transfer_completed,2025-11-23T06:04:22Z
USR002294,transfer_completed,2025-11-23T06:19:01Z
USR002051,plan_screen_viewed,2025-11-23T07:07:11Z
USR003914,card_payment_viewed,2025-11-23T10:18:40Z
USR004771,transfer_started,2025-11-23T10:53:39Z
USR001487,app_open,2025-11-23T14:33:17Z
USR004765,savings_vault_opened,2025-11-23T14:46:02Z
USR001688,savings_vault_opened,2025-11-23T16:01:12Z
USR001272,card_payment_viewed,2025-11-24T10:48:22Z
USR004561,transfer_completed,2025-11-24T12:15:20Z
USR001589,fx_rate_viewed,2025-11-24T13:42:21Z
USR004253,app_open,2025-11-24T13:46:42Z
USR004575,app_open,2025-11-24T14:20:47Z
USR000294,savings_vault_opened,2025-11-24T14:20:48Z
USR003945,card_payment_viewed,2025-11-24T17:56:35Z
USR000065,transfer_completed,2025-11-24T19:55:51Z
USR003057,transfer_started,2025-11-24T22:33:44Z
USR001773,app_open,2025-11-24T22:46:18Z
USR003060,transfer_completed,2025-11-24T23:47:04Z
USR004546,transfer_started,2025-11-25T00:07:56Z
USR004214,app_open,2025-11-25T02:18:25Z
USR002558,plan_screen_viewed,2025-11-25T04:42:11Z
USR001319,app_open,2025-11-25T06:16:52Z
USR000924,app_open,2025-11-25T06:26:59Z
USR002354,app_open,2025-11-25T07:59:28Z
USR000168,crypto_trade_started,2025-11-25T17:05:44Z
USR002104,crypto_trade_started,2025-11-25T18:20:42Z
USR002745,support_opened,2025-11-25T21:16:19Z
USR003644,card_payment_viewed,2025-11-26T02:35:45Z
USR000938,app_open,2025-11-26T02:46:57Z
USR004032,transfer_started,2025-11-26T03:58:25Z
USR003340,fx_rate_viewed,2025-11-26T07:04:10Z
USR004629,crypto_trade_started,2025-11-26T10:22:14Z
USR001994,transfer_started,2025-11-26T10:44:28Z
USR002114,stock_order_started,2025-11-26T11:52:00Z
USR004712,savings_vault_opened,2025-11-26T12:08:00Z
USR002745,app_open,2025-11-26T13:13:36Z
USR004807,transfer_completed,2025-11-26T13:27:51Z
USR003558,app_open,2025-11-26T16:05:34Z
USR001542,transfer_started,2025-11-26T18:14:07Z
USR003674,card_payment_viewed,2025-11-26T19:28:26Z
USR002786,app_open,2025-11-26T21:30:11Z
USR002559,app_open,2025-11-26T21:41:58Z
USR001394,fx_rate_viewed,2025-11-26T22:06:59Z
USR003919,transfer_started,2025-11-27T02:17:09Z
USR003100,crypto_trade_started,2025-11-27T08:19:04Z
USR003035,transfer_started,2025-11-27T09:32:56Z
USR003722,app_open,2025-11-27T10:19:49Z
USR001079,app_open,2025-11-27T14:57:50Z
USR003987,app_open,2025-11-27T17:12:33Z
USR003986,app_open,2025-11-27T20:17:46Z
USR000584,plan_screen_viewed,2025-11-27T21:28:12Z
USR000535,crypto_trade_started,2025-11-28T01:13:11Z
USR004814,app_open,2025-11-28T02:09:13Z
USR002229,card_payment_viewed,2025-11-28T03:32:38Z
USR000304,app_open,2025-11-28T05:13:34Z
USR002389,app_open,2025-11-28T07:06:39Z
USR000293,app_open,2025-11-28T08:04:19Z
USR000042,card_payment_viewed,2025-11-28T10:34:02Z
USR001564,app_open,2025-11-28T10:37:15Z
USR001391,card_payment_viewed,2025-11-28T11:54:17Z
USR000816,app_open,2025-11-28T20:52:17Z
USR004173,app_open,2025-11-29T01:37:28Z
USR000668,app_open,2025-11-29T04:25:25Z
USR000551,app_open,2025-11-29T05:35:50Z
USR003288,card_payment_viewed,2025-11-29T09:34:26Z
USR003321,app_open,2025-11-29T11:18:33Z
USR000033,transfer_completed,2025-11-29T13:36:43Z
USR002589,card_payment_viewed,2025-11-29T19:45:26Z
USR003040,card_payment_viewed,2025-11-29T21:08:48Z
USR001868,app_open,2025-11-29T23:17:47Z
USR000638,app_open,2025-11-30T04:07:08Z
USR001729,fx_rate_viewed,2025-11-30T04:55:24Z
USR000527,app_open,2025-11-30T10:37:37Z
USR000102,app_open,2025-11-30T13:01:14Z
USR003209,crypto_trade_started,2025-11-30T17:03:48Z
USR000270,stock_order_started,2025-11-30T18:15:53Z
USR003925,plan_screen_viewed,2025-11-30T19:11:44Z
USR004339,stock_order_started,2025-11-30T19:30:58Z
USR001164,transfer_started,2025-11-30T19:32:31Z
USR003384,app_open,2025-11-30T20:30:46Z
USR000476,transfer_completed,2025-11-30T22:18:27Z
USR000313,app_open,2025-12-01T01:14:07Z
USR002279,fx_rate_viewed,2025-12-01T04:12:01Z
USR002314,support_opened,2025-12-01T05:34:54Z
USR004125,crypto_trade_started,2025-12-01T05:41:47Z
USR004717,support_opened,2025-12-01T06:19:12Z
USR002102,crypto_trade_started,2025-12-01T06:52:36Z
USR000430,stock_order_started,2025-12-01T07:13:02Z
USR003950,card_payment_viewed,2025-12-01T07:21:47Z
USR002791,app_open,2025-12-01T08:33:58Z
USR001538,transfer_completed,2025-12-01T13:14:00Z
USR002902,app_open,2025-12-01T16:10:09Z
USR004387,plan_screen_viewed,2025-12-01T20:16:51Z
USR004891,card_payment_viewed,2025-12-01T20:51:26Z
USR003683,app_open,2025-12-01T21:42:25Z
USR000796,card_payment_viewed,2025-12-02T00:13:27Z
USR003584,transfer_completed,2025-12-02T02:02:04Z
USR001761,transfer_started,2025-12-02T02:56:19Z
USR001092,fx_rate_viewed,2025-12-02T03:14:05Z
USR003062,card_payment_viewed,2025-12-02T04:11:15Z
USR000361,app_open,2025-12-02T05:00:46Z
USR000307,app_open,2025-12-02T05:38:36Z
USR002894,card_payment_viewed,2025-12-02T05:40:37Z
USR000053,app_open,2025-12-02T06:40:58Z
USR002879,transfer_started,2025-12-02T07:06:05Z
USR001921,card_payment_viewed,2025-12-02T13:00:42Z
USR000191,crypto_trade_started,2025-12-02T17:47:25Z
USR000581,app_open,2025-12-02T20:22:21Z
USR000759,transfer_completed,2025-12-03T00:36:29Z
USR004214,app_open,2025-12-03T02:10:34Z
USR003568,app_open,2025-12-03T03:09:23Z
USR001261,crypto_trade_started,2025-12-03T04:07:05Z
USR003559,savings_vault_opened,2025-12-03T05:21:55Z
USR000487,fx_rate_viewed,2025-12-03T07:40:02Z
USR001187,app_open,2025-12-03T08:23:29Z
USR000022,fx_rate_viewed,2025-12-03T09:27:33Z
USR002699,transfer_completed,2025-12-03T11:21:16Z
USR000656,card_payment_viewed,2025-12-03T13:52:45Z
USR003499,app_open,2025-12-03T16:49:57Z
USR000753,app_open,2025-12-03T17:02:41Z
USR001681,savings_vault_opened,2025-12-03T18:11:42Z
USR000341,app_open,2025-12-03T19:03:37Z
USR001152,savings_vault_opened,2025-12-03T20:59:27Z
USR004221,transfer_started,2025-12-03T23:41:28Z
USR001584,plan_screen_viewed,2025-12-04T00:04:46Z
USR001237,app_open,2025-12-04T00:22:47Z
USR001356,savings_vault_opened,2025-12-04T03:09:02Z
USR002808,card_payment_viewed,2025-12-04T03:33:00Z
USR004353,app_open,2025-12-04T04:36:35Z
USR000333,plan_screen_viewed,2025-12-04T08:28:45Z
USR004664,app_open,2025-12-04T10:01:11Z
USR002490,app_open,2025-12-04T14:10:09Z
USR004904,transfer_started,2025-12-04T15:12:12Z
USR000918,card_payment_viewed,2025-12-04T16:43:01Z
USR004249,savings_vault_opened,2025-12-04T17:03:39Z
USR003685,fx_rate_viewed,2025-12-04T19:14:48Z
USR002046,card_payment_viewed,2025-12-04T19:16:41Z
USR003440,support_opened,2025-12-04T23:09:09Z
USR000339,app_open,2025-12-05T01:11:00Z
USR003827,plan_screen_viewed,2025-12-05T03:16:49Z
USR002637,app_open,2025-12-05T04:06:20Z
USR004008,app_open,2025-12-05T10:41:45Z
USR002291,card_payment_viewed,2025-12-05T11:59:42Z
USR002917,card_payment_viewed,2025-12-05T12:18:07Z
USR000161,app_open,2025-12-05T13:50:49Z
USR004823,transfer_started,2025-12-05T14:06:47Z
USR004771,transfer_completed,2025-12-05T18:58:10Z
USR004640,app_open,2025-12-05T20:29:21Z
USR004485,app_open,2025-12-05T21:03:52Z
USR003125,plan_screen_viewed,2025-12-05T22:03:52Z
USR003361,card_payment_viewed,2025-12-05T23:17:40Z
USR000441,card_payment_viewed,2025-12-06T00:05:13Z
USR001833,card_payment_viewed,2025-12-06T05:53:37Z
USR000939,transfer_started,2025-12-06T06:05:53Z
USR003025,transfer_started,2025-12-06T07:46:58Z
USR003342,card_payment_viewed,2025-12-06T10:55:16Z
USR002100,transfer_completed,2025-12-06T13:54:38Z
USR002597,app_open,2025-12-06T13:59:59Z
USR002663,savings_vault_opened,2025-12-06T16:45:05Z
USR000269,transfer_started,2025-12-06T18:08:13Z
USR004626,transfer_started,2025-12-06T21:16:23Z
USR004566,app_open,2025-12-06T23:53:38Z
USR003946,fx_rate_viewed,2025-12-07T01:58:41Z
USR001879,plan_screen_viewed,2025-12-07T02:19:30Z
USR000029,app_open,2025-12-07T03:22:33Z
USR003199,transfer_completed,2025-12-07T06:05:29Z
USR004629,app_open,2025-12-07T06:27:21Z
USR004938,card_payment_viewed,2025-12-07T07:43:49Z
USR001277,savings_vault_opened,2025-12-07T09:00:46Z
USR000703,stock_order_started,2025-12-07T09:42:29Z
USR001196,transfer_started,2025-12-07T09:44:58Z
USR003781,transfer_completed,2025-12-07T10:22:30Z
USR001471,plan_screen_viewed,2025-12-07T10:24:29Z
USR004424,stock_order_started,2025-12-07T12:55:15Z
USR002831,support_opened,2025-12-07T14:11:51Z
USR000464,app_open,2025-12-07T14:51:45Z
USR002544,transfer_completed,2025-12-07T20:19:27Z
USR002409,transfer_started,2025-12-07T20:44:44Z
USR003358,transfer_started,2025-12-07T21:16:14Z
USR004756,app_open,2025-12-07T23:38:38Z
USR004571,stock_order_started,2025-12-08T01:49:27Z
USR002664,card_payment_viewed,2025-12-08T03:19:41Z
USR004388,app_open,2025-12-08T05:23:47Z
USR000017,transfer_completed,2025-12-08T07:01:30Z
USR003972,card_payment_viewed,2025-12-08T07:27:46Z
USR004285,card_payment_viewed,2025-12-08T07:40:51Z
USR001469,app_open,2025-12-08T08:00:04Z
USR003563,card_payment_viewed,2025-12-08T10:35:41Z
USR001664,app_open,2025-12-08T18:47:28Z
USR001344,fx_rate_viewed,2025-12-08T20:14:39Z
USR004757,app_open,2025-12-08T20:55:40Z
USR000303,transfer_started,2025-12-08T21:04:06Z
USR001222,plan_screen_viewed,2025-12-09T00:17:10Z
USR003736,plan_screen_viewed,2025-12-09T03:49:02Z
USR001574,plan_screen_viewed,2025-12-09T03:51:40Z
USR000392,card_payment_viewed,2025-12-09T06:52:35Z
USR003528,plan_screen_viewed,2025-12-09T10:59:06Z
USR003789,app_open,2025-12-09T12:05:44Z
USR001103,transfer_completed,2025-12-09T14:26:01Z
USR000094,transfer_completed,2025-12-09T17:13:27Z
USR001134,transfer_started,2025-12-09T19:01:07Z
USR001271,app_open,2025-12-10T00:11:15Z
USR004663,savings_vault_opened,2025-12-10T02:37:03Z
USR000422,card_payment_viewed,2025-12-10T04:03:48Z
USR003022,plan_screen_viewed,2025-12-10T06:33:10Z
USR002514,crypto_trade_started,2025-12-10T06:35:15Z
USR004197,app_open,2025-12-10T10:13:56Z
USR004959,transfer_completed,2025-12-10T10:25:40Z
USR003777,transfer_completed,2025-12-10T10:40:55Z
USR001120,transfer_completed,2025-12-10T12:15:30Z
USR003135,card_payment_viewed,2025-12-10T12:16:30Z
USR001875,transfer_started,2025-12-10T12:19:39Z
USR000555,card_payment_viewed,2025-12-10T16:21:37Z
USR004403,app_open,2025-12-10T17:47:04Z
USR002855,transfer_started,2025-12-10T18:25:54Z
USR002636,transfer_completed,2025-12-10T18:39:46Z
USR003299,transfer_started,2025-12-10T22:18:03Z
USR004542,app_open,2025-12-10T22:29:26Z
USR000437,card_payment_viewed,2025-12-11T00:38:03Z
USR004272,transfer_started,2025-12-11T03:10:17Z
USR002337,app_open,2025-12-11T05:10:13Z
USR002241,crypto_trade_started,2025-12-11T07:16:37Z
USR004231,transfer_started,2025-12-11T08:03:45Z
USR004260,app_open,2025-12-11T08:36:05Z
USR000414,fx_rate_viewed,2025-12-11T09:22:59Z
USR000690,card_payment_viewed,2025-12-11T11:57:48Z
USR001785,card_payment_viewed,2025-12-11T12:27:32Z
USR004393,plan_screen_viewed,2025-12-11T12:54:01Z
USR004455,card_payment_viewed,2025-12-11T13:02:26Z
USR000326,support_opened,2025-12-11T13:05:45Z
USR002259,transfer_completed,2025-12-11T13:58:22Z
USR000201,crypto_trade_started,2025-12-11T14:04:49Z
USR000248,app_open,2025-12-11T17:00:49Z
USR004692,app_open,2025-12-11T18:30:58Z
USR001358,card_payment_viewed,2025-12-11T20:26:27Z
USR002206,savings_vault_opened,2025-12-11T23:49:59Z
USR004246,app_open,2025-12-12T00:00:53Z
USR000483,transfer_started,2025-12-12T00:34:02Z
USR002361,support_opened,2025-12-12T01:47:15Z
USR004394,crypto_trade_started,2025-12-12T07:03:12Z
USR004202,transfer_completed,2025-12-12T07:10:34Z
USR001707,transfer_started,2025-12-12T09:35:33Z
USR000445,stock_order_started,2025-12-12T11:43:54Z
USR003504,card_payment_viewed,2025-12-12T13:07:04Z
USR000902,app_open,2025-12-12T19:11:05Z
USR000422,transfer_started,2025-12-12T22:54:24Z
USR003262,card_payment_viewed,2025-12-12T23:47:22Z
USR002773,transfer_started,2025-12-13T01:03:54Z
USR001469,transfer_started,2025-12-13T01:45:43Z
USR003953,app_open,2025-12-13T03:26:23Z
USR000103,plan_screen_viewed,2025-12-13T07:16:39Z
USR004053,transfer_started,2025-12-13T08:36:44Z
USR000482,app_open,2025-12-13T09:22:38Z
USR001891,app_open,2025-12-13T10:58:41Z
USR003932,transfer_completed,2025-12-13T13:30:05Z
USR000623,support_opened,2025-12-13T21:14:29Z
USR001640,fx_rate_viewed,2025-12-13T23:15:55Z
USR000364,plan_screen_viewed,2025-12-13T23:20:30Z
USR004397,savings_vault_opened,2025-12-14T00:08:18Z
USR004843,stock_order_started,2025-12-14T00:27:22Z
USR000794,stock_order_started,2025-12-14T01:00:51Z
USR001383,support_opened,2025-12-14T02:18:29Z
USR000712,transfer_started,2025-12-14T03:56:16Z
USR004472,card_payment_viewed,2025-12-14T04:48:14Z
USR000112,savings_vault_opened,2025-12-14T08:01:13Z
USR002360,plan_screen_viewed,2025-12-14T09:36:10Z
USR004637,transfer_started,2025-12-14T11:53:07Z
USR002450,savings_vault_opened,2025-12-14T15:26:17Z
USR002889,plan_screen_viewed,2025-12-14T19:04:57Z
USR000648,transfer_completed,2025-12-14T23:16:17Z
USR003417,crypto_trade_started,2025-12-14T23:19:10Z
USR003347,fx_rate_viewed,2025-12-15T00:07:16Z
USR001620,app_open,2025-12-15T03:34:02Z
USR003503,app_open,2025-12-15T04:34:52Z
USR003877,transfer_started,2025-12-15T05:50:15Z
USR003083,card_payment_viewed,2025-12-15T21:24:30Z
USR000025,transfer_completed,2025-12-16T01:28:42Z
USR003023,stock_order_started,2025-12-16T03:51:40Z
USR003422,transfer_started,2025-12-16T04:16:27Z
USR004992,transfer_completed,2025-12-16T05:22:43Z
USR003687,card_payment_viewed,2025-12-16T06:21:04Z
USR003985,savings_vault_opened,2025-12-16T06:35:31Z
USR002132,app_open,2025-12-16T07:36:09Z
USR001677,card_payment_viewed,2025-12-16T08:25:09Z
USR004722,fx_rate_viewed,2025-12-16T16:11:48Z
USR004393,support_opened,2025-12-16T17:00:24Z
USR002816,plan_screen_viewed,2025-12-16T22:26:48Z
USR001259,stock_order_started,2025-12-17T00:31:23Z
USR003258,fx_rate_viewed,2025-12-17T02:03:03Z
USR002792,app_open,2025-12-17T03:10:04Z
USR004148,card_payment_viewed,2025-12-17T06:54:54Z
USR004752,transfer_started,2025-12-17T08:29:28Z
USR001133,card_payment_viewed,2025-12-17T13:21:49Z
USR000208,fx_rate_viewed,2025-12-17T15:47:44Z
USR000767,app_open,2025-12-17T16:10:16Z
USR003734,app_open,2025-12-17T17:02:47Z
USR000981,transfer_completed,2025-12-17T18:49:38Z
USR001707,transfer_started,2025-12-17T19:51:25Z
USR001909,transfer_completed,2025-12-17T20:04:20Z
USR001690,card_payment_viewed,2025-12-17T21:33:56Z
USR001066,app_open,2025-12-18T05:13:32Z
USR004757,card_payment_viewed,2025-12-18T05:19:43Z
USR003717,transfer_completed,2025-12-18T06:29:14Z
USR004704,savings_vault_opened,2025-12-18T12:48:23Z
USR000557,card_payment_viewed,2025-12-18T14:01:27Z
USR002178,transfer_completed,2025-12-18T14:28:28Z
USR000946,card_payment_viewed,2025-12-18T14:33:27Z
USR003446,card_payment_viewed,2025-12-18T14:54:57Z
USR003367,app_open,2025-12-18T15:59:03Z
USR001383,card_payment_viewed,2025-12-18T16:12:24Z
USR003221,transfer_completed,2025-12-18T17:07:29Z
USR004049,app_open,2025-12-18T18:48:38Z
USR004561,crypto_trade_started,2025-12-18T21:46:58Z
USR004073,card_payment_viewed,2025-12-19T02:09:34Z
USR000309,transfer_started,2025-12-19T07:40:40Z
USR004464,crypto_trade_started,2025-12-19T11:33:45Z
USR001343,app_open,2025-12-19T13:43:03Z
USR003549,stock_order_started,2025-12-19T14:40:52Z
USR002020,card_payment_viewed,2025-12-19T15:09:44Z
USR004933,transfer_completed,2025-12-19T16:50:16Z
USR002097,card_payment_viewed,2025-12-19T18:42:20Z
USR003967,app_open,2025-12-19T19:47:31Z
USR003801,card_payment_viewed,2025-12-19T20:55:27Z
USR003215,crypto_trade_started,2025-12-19T21:16:38Z
USR000168,card_payment_viewed,2025-12-19T21:31:19Z
USR004750,app_open,2025-12-19T22:44:53Z
USR001824,transfer_started,2025-12-19T23:29:48Z
USR003175,transfer_started,2025-12-19T23:58:36Z
USR001461,app_open,2025-12-20T04:07:00Z
USR002475,transfer_started,2025-12-20T05:23:45Z
USR001076,app_open,2025-12-20T06:30:24Z
USR001339,transfer_started,2025-12-20T06:31:34Z
USR001028,app_open,2025-12-20T08:08:25Z
USR003061,app_open,2025-12-20T09:30:24Z
USR000634,transfer_completed,2025-12-20T12:23:39Z
USR000350,app_open,2025-12-20T14:30:13Z
USR003704,stock_order_started,2025-12-20T14:31:51Z
USR001529,transfer_started,2025-12-20T14:53:27Z
USR003159,savings_vault_opened,2025-12-20T17:00:48Z
USR002027,card_payment_viewed,2025-12-20T17:45:09Z
USR002966,app_open,2025-12-20T18:14:41Z
USR002574,stock_order_started,2025-12-20T18:49:35Z
USR000431,crypto_trade_started,2025-12-20T18:50:51Z
USR000011,card_payment_viewed,2025-12-20T19:30:32Z
USR000322,app_open,2025-12-20T19:44:52Z
USR004986,card_payment_viewed,2025-12-20T22:24:56Z
USR001737,app_open,2025-12-20T23:24:10Z
USR001326,app_open,2025-12-21T00:37:28Z
USR001159,app_open,2025-12-21T02:59:08Z
USR001540,plan_screen_viewed,2025-12-21T04:47:06Z
USR003535,app_open,2025-12-21T07:34:35Z
USR001379,plan_screen_viewed,2025-12-21T12:36:25Z
USR004071,support_opened,2025-12-21T13:14:14Z
USR003267,app_open,2025-12-21T14:10:16Z
USR002214,transfer_started,2025-12-21T16:59:30Z
USR000478,app_open,2025-12-21T17:31:37Z
USR000003,savings_vault_opened,2025-12-21T17:52:52Z
USR002130,card_payment_viewed,2025-12-21T19:45:51Z
USR001336,transfer_completed,2025-12-21T20:25:45Z
USR001846,transfer_completed,2025-12-21T20:39:21Z
USR004974,plan_screen_viewed,2025-12-21T22:57:59Z
USR001298,crypto_trade_started,2025-12-22T00:46:50Z
USR001548,savings_vault_opened,2025-12-22T01:04:08Z
USR001239,app_open,2025-12-22T01:27:05Z
USR001401,app_open,2025-12-22T01:34:27Z
USR004497,transfer_completed,2025-12-22T03:22:57Z
USR004439,transfer_completed,2025-12-22T03:39:33Z
USR003339,stock_order_started,2025-12-22T05:51:27Z
USR000679,transfer_completed,2025-12-22T06:33:35Z
USR004044,savings_vault_opened,2025-12-22T07:10:41Z
USR002183,app_open,2025-12-22T07:12:34Z
USR004459,app_open,2025-12-22T07:34:16Z
USR000379,app_open,2025-12-22T07:35:12Z
USR001046,app_open,2025-12-22T08:01:52Z
USR003986,transfer_started,2025-12-22T08:22:40Z
USR000596,fx_rate_viewed,2025-12-22T11:48:11Z
USR001166,app_open,2025-12-22T11:51:42Z
USR001761,app_open,2025-12-22T13:26:46Z
USR003958,stock_order_started,2025-12-22T14:05:21Z
USR001864,card_payment_viewed,2025-12-22T14:33:41Z
USR001360,card_payment_viewed,2025-12-22T16:12:02Z
USR004301,app_open,2025-12-22T16:27:06Z
USR003518,fx_rate_viewed,2025-12-22T21:37:13Z
USR004896,stock_order_started,2025-12-22T21:58:42Z
USR000862,app_open,2025-12-22T23:58:34Z
USR004437,stock_order_started,2025-12-23T00:50:23Z
USR003309,fx_rate_viewed,2025-12-23T01:31:56Z
USR001025,card_payment_viewed,2025-12-23T02:50:15Z
USR002368,savings_vault_opened,2025-12-23T03:05:44Z
USR000079,stock_order_started,2025-12-23T04:46:09Z
USR003863,card_payment_viewed,2025-12-23T05:59:06Z
USR002200,app_open,2025-12-23T07:09:27Z
USR004461,card_payment_viewed,2025-12-23T07:44:28Z
USR002177,card_payment_viewed,2025-12-23T11:29:24Z
USR004354,stock_order_started,2025-12-23T12:20:19Z
USR001774,app_open,2025-12-23T15:52:01Z
USR000675,app_open,2025-12-23T18:39:19Z
USR003200,app_open,2025-12-23T20:47:51Z
USR000365,savings_vault_opened,2025-12-23T21:00:17Z
USR000289,app_open,2025-12-23T21:04:08Z
USR002709,support_opened,2025-12-23T22:03:36Z
USR000520,app_open,2025-12-24T03:01:33Z
USR001557,transfer_completed,2025-12-24T03:15:24Z
USR001601,app_open,2025-12-24T07:13:37Z
USR004249,crypto_trade_started,2025-12-24T11:25:03Z
USR000569,app_open,2025-12-24T14:01:07Z
USR001344,transfer_completed,2025-12-24T20:24:00Z
USR001598,app_open,2025-12-24T20:50:01Z
USR001152,plan_screen_viewed,2025-12-24T21:16:57Z
USR001931,crypto_trade_started,2025-12-24T21:35:06Z
USR004716,plan_screen_viewed,2025-12-24T21:38:15Z
USR003917,stock_order_started,2025-12-24T23:53:31Z
USR002197,app_open,2025-12-25T02:23:26Z
USR001202,app_open,2025-12-25T09:15:09Z
USR004958,transfer_started,2025-12-25T09:56:48Z
USR000121,card_payment_viewed,2025-12-25T10:15:13Z
USR004472,card_payment_viewed,2025-12-25T10:41:29Z
USR001474,app_open,2025-12-25T13:15:20Z
USR002480,app_open,2025-12-25T13:53:15Z
USR000624,app_open,2025-12-25T14:37:09Z
USR001146,app_open,2025-12-25T15:48:12Z
USR001770,card_payment_viewed,2025-12-25T16:05:52Z
USR004496,app_open,2025-12-25T16:11:08Z
USR000576,fx_rate_viewed,2025-12-25T17:52:20Z
USR004837,transfer_started,2025-12-25T19:11:51Z
USR002541,plan_screen_viewed,2025-12-25T19:15:03Z
USR004543,support_opened,2025-12-26T01:40:28Z
USR001371,plan_screen_viewed,2025-12-26T02:16:50Z
USR003318,transfer_started,2025-12-26T04:15:50Z
USR004172,plan_screen_viewed,2025-12-26T08:55:40Z
USR001373,stock_order_started,2025-12-26T08:58:22Z
USR003060,app_open,2025-12-26T10:37:54Z
USR003781,fx_rate_viewed,2025-12-26T11:08:20Z
USR003525,app_open,2025-12-26T15:58:38Z
USR003927,app_open,2025-12-26T17:02:56Z
USR003556,crypto_trade_started,2025-12-26T18:10:16Z
USR000651,transfer_started,2025-12-26T18:59:06Z
USR000188,app_open,2025-12-27T00:01:25Z
USR003327,card_payment_viewed,2025-12-27T00:25:19Z
USR004153,transfer_completed,2025-12-27T03:57:45Z
USR003920,transfer_started,2025-12-27T05:18:57Z
USR002472,app_open,2025-12-27T05:36:43Z
USR001055,transfer_completed,2025-12-27T07:11:09Z
USR002923,crypto_trade_started,2025-12-27T08:29:09Z
USR000479,card_payment_viewed,2025-12-27T09:11:35Z
USR002761,app_open,2025-12-27T11:03:51Z
USR003533,stock_order_started,2025-12-27T11:16:26Z
USR004113,stock_order_started,2025-12-27T12:00:45Z
USR002070,app_open,2025-12-27T12:05:26Z
USR003081,stock_order_started,2025-12-27T16:00:44Z
USR002534,transfer_started,2025-12-27T17:49:44Z
USR001889,card_payment_viewed,2025-12-27T22:38:48Z
USR000383,transfer_completed,2025-12-27T23:58:04Z
USR000998,transfer_started,2025-12-28T08:55:47Z
USR001955,transfer_completed,2025-12-28T13:27:47Z
USR004903,app_open,2025-12-28T13:36:44Z
USR002380,fx_rate_viewed,2025-12-28T16:34:28Z
USR000164,transfer_started,2025-12-28T19:04:33Z
USR001133,app_open,2025-12-28T19:45:29Z
USR001253,card_payment_viewed,2025-12-28T20:53:07Z
USR001560,app_open,2025-12-28T23:32:52Z
USR002167,transfer_completed,2025-12-29T09:30:08Z
USR000662,savings_vault_opened,2025-12-29T09:37:35Z
USR002710,app_open,2025-12-29T10:37:05Z
USR001054,card_payment_viewed,2025-12-29T13:32:47Z
USR001198,app_open,2025-12-29T15:18:01Z
USR001560,card_payment_viewed,2025-12-29T17:28:20Z
USR002144,support_opened,2025-12-29T19:56:34Z
USR000553,card_payment_viewed,2025-12-29T20:11:06Z
USR002988,card_payment_viewed,2025-12-29T21:02:42Z
USR000462,transfer_started,2025-12-29T22:09:46Z
USR001570,card_payment_viewed,2025-12-30T01:19:00Z
USR002312,support_opened,2025-12-30T07:44:56Z
USR004268,support_opened,2025-12-30T12:59:34Z
USR000138,transfer_started,2025-12-30T13:14:06Z
USR000728,fx_rate_viewed,2025-12-30T14:36:20Z
USR002144,stock_order_started,2025-12-30T16:32:57Z
USR004463,plan_screen_viewed,2025-12-30T17:49:41Z
USR004296,app_open,2025-12-30T18:52:37Z
USR004392,app_open,2025-12-30T21:09:03Z
USR000129,app_open,2025-12-30T22:38:17Z
USR004950,stock_order_started,2025-12-31T01:07:11Z
USR004977,fx_rate_viewed,2025-12-31T01:59:44Z
USR001354,support_opened,2025-12-31T03:16:30Z
USR002908,app_open,2025-12-31T04:06:55Z
USR003210,plan_screen_viewed,2025-12-31T05:27:43Z
USR004233,transfer_started,2025-12-31T08:07:07Z
USR003948,transfer_started,2025-12-31T11:18:09Z
USR002310,transfer_completed,2025-12-31T12:34:21Z
USR002515,transfer_started,2025-12-31T14:01:08Z
USR000548,support_opened,2025-12-31T15:57:36Z
USR003674,transfer_started,2025-12-31T17:15:19Z
USR000960,plan_screen_viewed,2025-12-31T19:33:35Z
USR001360,transfer_started,2025-12-31T20:50:01Z
USR003221,app_open,2025-12-31T20:51:12Z
USR003492,card_payment_viewed,2026-01-01T00:20:42Z
USR004365,transfer_completed,2026-01-01T04:45:39Z
USR000160,stock_order_started,2026-01-01T05:57:20Z
USR003161,app_open,2026-01-01T12:39:38Z
USR004913,savings_vault_opened,2026-01-01T14:15:24Z
USR004143,app_open,2026-01-01T14:33:04Z
USR003867,card_payment_viewed,2026-01-01T15:07:58Z
USR004718,card_payment_viewed,2026-01-01T16:51:56Z
USR004380,fx_rate_viewed,2026-01-01T17:28:07Z
USR001823,support_opened,2026-01-01T18:26:35Z
USR004884,app_open,2026-01-01T18:54:25Z
USR001932,app_open,2026-01-01T20:05:50Z
USR004252,support_opened,2026-01-01T22:22:04Z
USR003571,transfer_completed,2026-01-01T23:20:26Z
USR002305,app_open,2026-01-02T08:53:19Z
USR001331,card_payment_viewed,2026-01-02T11:36:13Z
USR004497,support_opened,2026-01-02T18:56:09Z
USR001892,app_open,2026-01-02T20:53:02Z
USR001745,card_payment_viewed,2026-01-03T00:45:29Z
USR003378,plan_screen_viewed,2026-01-03T00:53:40Z
USR001031,savings_vault_opened,2026-01-03T03:43:05Z
USR001425,transfer_completed,2026-01-03T04:42:01Z
USR004517,crypto_trade_started,2026-01-03T06:57:57Z
USR004591,app_open,2026-01-03T07:25:43Z
USR004784,plan_screen_viewed,2026-01-03T15:53:06Z
USR003255,app_open,2026-01-03T16:37:00Z
USR001829,transfer_completed,2026-01-03T20:22:12Z
USR000302,transfer_completed,2026-01-03T21:51:19Z
USR003763,transfer_started,2026-01-04T03:09:32Z
USR003363,app_open,2026-01-04T06:00:02Z
USR001327,fx_rate_viewed,2026-01-04T06:05:56Z
USR000713,plan_screen_viewed,2026-01-04T06:51:38Z
USR002164,transfer_started,2026-01-04T08:55:10Z
USR004162,app_open,2026-01-04T10:26:50Z
USR001810,card_payment_viewed,2026-01-04T14:16:51Z
USR004307,transfer_started,2026-01-04T16:44:23Z
USR002135,support_opened,2026-01-04T17:03:52Z
USR000975,app_open,2026-01-04T18:03:27Z
USR004437,stock_order_started,2026-01-04T22:21:09Z
USR000377,app_open,2026-01-04T23:39:42Z
USR001275,transfer_completed,2026-01-05T00:14:13Z
USR002589,app_open,2026-01-05T03:36:59Z
USR002901,transfer_started,2026-01-05T03:47:35Z
USR004389,crypto_trade_started,2026-01-05T05:32:22Z
USR000009,transfer_completed,2026-01-05T07:12:59Z
USR000393,transfer_completed,2026-01-05T08:02:22Z
USR003885,card_payment_viewed,2026-01-05T12:13:38Z
USR000421,app_open,2026-01-05T15:27:22Z
USR002918,app_open,2026-01-05T19:22:33Z
USR001223,app_open,2026-01-05T20:20:00Z
USR003265,stock_order_started,2026-01-05T22:10:36Z
USR000903,app_open,2026-01-06T03:07:25Z
USR002403,plan_screen_viewed,2026-01-06T03:38:21Z
USR004078,app_open,2026-01-06T10:01:37Z
USR003822,card_payment_viewed,2026-01-06T11:14:11Z
USR002218,app_open,2026-01-06T14:31:33Z
USR000841,transfer_started,2026-01-06T16:35:25Z
USR003785,card_payment_viewed,2026-01-06T19:57:25Z
USR000045,app_open,2026-01-06T20:30:55Z
USR002326,app_open,2026-01-06T21:23:56Z
USR001918,transfer_started,2026-01-07T02:01:33Z
USR004592,card_payment_viewed,2026-01-07T03:42:12Z
USR001611,app_open,2026-01-07T04:54:14Z
USR004910,stock_order_started,2026-01-07T06:09:59Z
USR001802,card_payment_viewed,2026-01-07T09:31:37Z
USR003680,transfer_started,2026-01-07T09:32:35Z
USR004805,savings_vault_opened,2026-01-07T13:33:58Z
USR002268,card_payment_viewed,2026-01-07T16:24:37Z
USR003524,app_open,2026-01-07T17:32:36Z
USR003443,app_open,2026-01-07T17:39:14Z
USR003120,crypto_trade_started,2026-01-07T18:04:01Z
USR001922,transfer_completed,2026-01-07T21:58:32Z
USR003751,transfer_started,2026-01-07T22:11:41Z
USR002479,app_open,2026-01-08T01:42:30Z
USR003382,plan_screen_viewed,2026-01-08T05:55:27Z
USR002073,card_payment_viewed,2026-01-08T08:42:19Z
USR004203,transfer_started,2026-01-08T09:14:48Z
USR001729,app_open,2026-01-08T12:37:39Z
USR002321,app_open,2026-01-08T15:00:03Z
USR000968,savings_vault_opened,2026-01-08T19:20:37Z
USR003495,card_payment_viewed,2026-01-08T19:38:58Z
USR002781,app_open,2026-01-08T19:43:22Z
USR002640,transfer_completed,2026-01-08T19:51:48Z
USR001268,support_opened,2026-01-09T00:26:45Z
USR003187,fx_rate_viewed,2026-01-09T01:32:17Z
USR004445,card_payment_viewed,2026-01-09T05:17:23Z
USR000468,app_open,2026-01-09T18:38:10Z
USR004097,savings_vault_opened,2026-01-09T18:44:08Z
USR000766,app_open,2026-01-09T21:42:48Z
USR000235,transfer_completed,2026-01-10T03:11:38Z
USR004977,app_open,2026-01-10T03:47:17Z
USR001464,stock_order_started,2026-01-10T05:41:29Z
USR004409,savings_vault_opened,2026-01-10T11:11:49Z
USR000381,app_open,2026-01-10T17:12:24Z
USR002501,savings_vault_opened,2026-01-10T17:43:13Z
USR004990,plan_screen_viewed,2026-01-10T18:44:49Z
USR000271,transfer_started,2026-01-10T22:22:01Z
USR002235,crypto_trade_started,2026-01-10T22:43:28Z
USR002462,transfer_started,2026-01-11T01:43:27Z
USR001474,crypto_trade_started,2026-01-11T02:02:41Z
USR001271,support_opened,2026-01-11T03:38:07Z
USR003652,stock_order_started,2026-01-11T05:30:09Z
USR003855,support_opened,2026-01-11T05:45:20Z
USR002196,app_open,2026-01-11T07:29:36Z
USR003965,app_open,2026-01-11T11:18:37Z
USR002961,app_open,2026-01-11T11:35:08Z
USR001862,savings_vault_opened,2026-01-11T12:31:14Z
USR000752,app_open,2026-01-11T15:35:02Z
USR001795,card_payment_viewed,2026-01-11T15:37:35Z
USR000325,fx_rate_viewed,2026-01-11T18:00:16Z
USR001955,app_open,2026-01-11T23:26:18Z
USR004785,app_open,2026-01-12T01:26:01Z
USR004415,card_payment_viewed,2026-01-12T06:34:43Z
USR001743,card_payment_viewed,2026-01-12T08:22:26Z
USR000904,stock_order_started,2026-01-12T10:16:21Z
USR004203,card_payment_viewed,2026-01-12T13:09:56Z
USR004124,app_open,2026-01-12T15:35:28Z
USR000461,app_open,2026-01-12T16:27:05Z
USR000437,card_payment_viewed,2026-01-12T17:19:00Z
USR003277,transfer_completed,2026-01-12T17:43:14Z
USR002933,stock_order_started,2026-01-13T03:21:34Z
USR000021,app_open,2026-01-13T07:36:25Z
USR004051,transfer_started,2026-01-13T09:35:03Z
USR001440,plan_screen_viewed,2026-01-13T14:47:11Z
USR003737,app_open,2026-01-13T16:32:10Z
USR001542,transfer_started,2026-01-13T16:43:27Z
USR002569,card_payment_viewed,2026-01-13T16:52:29Z
USR004648,app_open,2026-01-13T17:21:21Z
USR000261,transfer_completed,2026-01-13T18:31:37Z
USR004514,app_open,2026-01-13T19:09:19Z
USR003080,transfer_started,2026-01-13T19:20:59Z
USR004462,transfer_completed,2026-01-13T22:13:53Z
USR002014,crypto_trade_started,2026-01-13T23:34:59Z
USR004271,app_open,2026-01-13T23:56:58Z
USR001951,app_open,2026-01-14T05:08:27Z
USR000963,app_open,2026-01-14T05:42:44Z
USR004171,plan_screen_viewed,2026-01-14T09:30:04Z
USR003609,fx_rate_viewed,2026-01-14T09:52:03Z
USR000982,app_open,2026-01-14T11:02:54Z
USR004633,plan_screen_viewed,2026-01-14T12:47:26Z
USR004995,app_open,2026-01-14T19:18:32Z
USR000188,fx_rate_viewed,2026-01-14T19:55:02Z
USR002372,app_open,2026-01-14T21:09:16Z
USR002833,transfer_started,2026-01-14T23:10:48Z
USR001633,transfer_completed,2026-01-14T23:54:24Z
USR003963,app_open,2026-01-15T02:55:21Z
USR000210,stock_order_started,2026-01-15T03:23:12Z
USR000757,savings_vault_opened,2026-01-15T07:15:33Z
USR003373,app_open,2026-01-15T07:23:28Z
USR004591,app_open,2026-01-15T07:42:58Z
USR003874,transfer_completed,2026-01-15T09:31:19Z
USR003234,app_open,2026-01-15T10:04:40Z
USR003871,transfer_started,2026-01-15T10:04:53Z
USR002559,app_open,2026-01-15T10:31:23Z
USR003523,card_payment_viewed,2026-01-15T11:03:06Z
USR002194,transfer_started,2026-01-15T12:53:38Z
USR001193,savings_vault_opened,2026-01-15T15:02:09Z
USR003014,app_open,2026-01-15T16:44:37Z
USR001481,transfer_completed,2026-01-15T18:30:30Z
USR001710,app_open,2026-01-15T19:28:13Z
USR002836,card_payment_viewed,2026-01-15T20:37:57Z
USR002338,app_open,2026-01-15T21:33:04Z
USR000942,app_open,2026-01-15T21:33:14Z
USR002308,app_open,2026-01-16T03:26:55Z
USR003112,app_open,2026-01-16T05:49:11Z
USR000935,transfer_started,2026-01-16T07:27:12Z
USR004986,transfer_completed,2026-01-16T08:55:43Z
USR000546,card_payment_viewed,2026-01-16T11:52:21Z
USR002454,crypto_trade_started,2026-01-16T18:43:51Z
USR002112,fx_rate_viewed,2026-01-16T22:47:28Z
USR004186,card_payment_viewed,2026-01-16T23:59:57Z
USR000786,card_payment_viewed,2026-01-17T00:36:35Z
USR000585,app_open,2026-01-17T02:29:08Z
USR002388,fx_rate_viewed,2026-01-17T05:01:57Z
USR000107,app_open,2026-01-17T10:47:39Z
USR003189,fx_rate_viewed,2026-01-17T10:49:02Z
USR002346,card_payment_viewed,2026-01-17T11:14:59Z
USR002970,plan_screen_viewed,2026-01-17T13:14:59Z
USR000429,transfer_started,2026-01-17T16:39:44Z
USR003975,transfer_started,2026-01-17T16:57:46Z
USR003827,transfer_started,2026-01-17T17:13:26Z
USR004905,app_open,2026-01-17T17:59:33Z
USR001919,support_opened,2026-01-17T19:33:24Z
USR003887,app_open,2026-01-17T20:39:01Z
USR002653,stock_order_started,2026-01-17T23:11:08Z
USR001823,stock_order_started,2026-01-18T00:03:01Z
USR003372,card_payment_viewed,2026-01-18T01:47:11Z
USR001665,card_payment_viewed,2026-01-18T02:09:18Z
USR001840,app_open,2026-01-18T03:15:36Z
USR003386,stock_order_started,2026-01-18T05:50:12Z
USR000442,card_payment_viewed,2026-01-18T09:05:37Z
USR000105,app_open,2026-01-18T11:55:58Z
USR000756,fx_rate_viewed,2026-01-18T12:33:19Z
USR003207,transfer_completed,2026-01-18T15:42:43Z
USR002135,app_open,2026-01-18T15:52:27Z
USR001285,fx_rate_viewed,2026-01-18T15:53:26Z
USR001020,fx_rate_viewed,2026-01-18T16:01:29Z
USR000662,card_payment_viewed,2026-01-18T16:38:39Z
USR003647,card_payment_viewed,2026-01-18T18:58:16Z
USR002563,app_open,2026-01-18T22:17:46Z
USR001814,card_payment_viewed,2026-01-18T22:20:36Z
USR003823,stock_order_started,2026-01-18T22:51:30Z
USR004526,card_payment_viewed,2026-01-18T23:20:18Z
USR001225,fx_rate_viewed,2026-01-19T01:17:35Z
USR000529,app_open,2026-01-19T03:13:20Z
USR002993,transfer_completed,2026-01-19T04:54:52Z
USR000981,app_open,2026-01-19T05:20:44Z
USR004419,transfer_completed,2026-01-19T05:48:41Z
USR003219,app_open,2026-01-19T07:36:15Z
USR003629,transfer_completed,2026-01-19T07:53:22Z
USR003992,card_payment_viewed,2026-01-19T09:19:57Z
USR004095,app_open,2026-01-19T09:49:25Z
USR001292,app_open,2026-01-19T12:37:04Z
USR003222,card_payment_viewed,2026-01-19T16:59:00Z
USR003762,support_opened,2026-01-19T17:07:55Z
USR003760,transfer_completed,2026-01-19T18:55:16Z
USR002356,transfer_started,2026-01-19T19:10:46Z
USR004481,support_opened,2026-01-19T19:14:34Z
USR001371,card_payment_viewed,2026-01-19T19:33:48Z
USR002125,card_payment_viewed,2026-01-19T21:24:09Z
USR004405,app_open,2026-01-19T21:36:08Z
USR003444,crypto_trade_started,2026-01-19T21:36:26Z
USR000502,app_open,2026-01-19T22:51:46Z
USR003701,fx_rate_viewed,2026-01-20T02:31:39Z
USR004017,card_payment_viewed,2026-01-20T05:13:42Z
USR004299,support_opened,2026-01-20T07:53:06Z
USR003744,support_opened,2026-01-20T08:07:56Z
USR003582,plan_screen_viewed,2026-01-20T10:55:34Z
USR004731,transfer_completed,2026-01-20T17:48:22Z
USR003224,app_open,2026-01-20T20:23:06Z
USR001671,card_payment_viewed,2026-01-20T20:25:41Z
USR000964,app_open,2026-01-20T20:44:56Z
USR003559,app_open,2026-01-20T22:08:32Z
USR001562,support_opened,2026-01-20T22:25:04Z
USR004554,transfer_started,2026-01-20T23:47:17Z
USR003827,app_open,2026-01-21T01:57:03Z
USR000564,savings_vault_opened,2026-01-21T05:30:52Z
USR003881,app_open,2026-01-21T10:49:48Z
USR000033,savings_vault_opened,2026-01-21T10:50:53Z
USR000657,transfer_completed,2026-01-21T12:04:12Z
USR003890,savings_vault_opened,2026-01-21T12:17:05Z
USR000535,app_open,2026-01-21T12:20:20Z
USR003613,app_open,2026-01-21T15:12:11Z
USR004490,crypto_trade_started,2026-01-21T15:14:26Z
USR001538,crypto_trade_started,2026-01-21T15:27:31Z
USR000582,app_open,2026-01-21T18:04:23Z
USR002102,support_opened,2026-01-21T19:40:23Z
USR000452,crypto_trade_started,2026-01-21T23:55:53Z
USR004753,fx_rate_viewed,2026-01-22T00:41:02Z
USR003115,transfer_completed,2026-01-22T03:46:51Z
USR001194,app_open,2026-01-22T04:14:31Z
USR000997,card_payment_viewed,2026-01-22T04:28:46Z
USR000455,card_payment_viewed,2026-01-22T06:59:38Z
USR003469,transfer_started,2026-01-22T12:06:06Z
USR003434,stock_order_started,2026-01-22T12:33:00Z
USR000433,transfer_started,2026-01-22T12:34:40Z
USR004638,transfer_started,2026-01-22T13:50:41Z
USR000900,plan_screen_viewed,2026-01-22T16:56:26Z
USR001809,card_payment_viewed,2026-01-22T20:07:01Z
USR003052,transfer_started,2026-01-22T21:09:21Z
USR003817,plan_screen_viewed,2026-01-22T21:10:53Z
USR004256,app_open,2026-01-23T00:28:11Z
USR002492,transfer_started,2026-01-23T02:02:34Z
USR004004,app_open,2026-01-23T03:00:22Z
USR002081,card_payment_viewed,2026-01-23T05:00:06Z
USR004569,card_payment_viewed,2026-01-23T05:01:52Z
USR001606,transfer_completed,2026-01-23T05:49:25Z
USR003196,transfer_completed,2026-01-23T05:58:31Z
USR002320,transfer_started,2026-01-23T10:44:40Z
USR001244,stock_order_started,2026-01-23T12:24:53Z
USR000165,fx_rate_viewed,2026-01-23T15:27:31Z
USR003762,transfer_completed,2026-01-23T16:10:52Z
USR002223,transfer_completed,2026-01-23T17:26:11Z
USR000152,card_payment_viewed,2026-01-23T18:07:55Z
USR003982,support_opened,2026-01-23T18:10:57Z
USR002648,stock_order_started,2026-01-23T19:42:24Z
USR001256,stock_order_started,2026-01-23T20:22:23Z
USR002143,card_payment_viewed,2026-01-23T21:10:20Z
USR000763,transfer_completed,2026-01-23T22:08:05Z
USR000530,transfer_started,2026-01-24T04:28:54Z
USR000024,card_payment_viewed,2026-01-24T06:26:02Z
USR001132,app_open,2026-01-24T06:28:22Z
USR001073,fx_rate_viewed,2026-01-24T07:43:45Z
USR002560,support_opened,2026-01-24T08:46:26Z
USR003070,stock_order_started,2026-01-24T17:26:55Z
USR004042,app_open,2026-01-24T18:09:01Z
USR003941,app_open,2026-01-24T18:09:06Z
USR001237,app_open,2026-01-25T03:11:43Z
USR001084,crypto_trade_started,2026-01-25T05:24:25Z
USR003194,app_open,2026-01-25T07:04:02Z
USR001017,stock_order_started,2026-01-25T12:59:28Z
USR003824,card_payment_viewed,2026-01-25T15:21:31Z
USR002872,card_payment_viewed,2026-01-25T17:55:46Z
USR000155,fx_rate_viewed,2026-01-25T18:11:13Z
USR000546,card_payment_viewed,2026-01-25T18:49:44Z
USR003807,transfer_started,2026-01-25T21:02:27Z
USR001225,crypto_trade_started,2026-01-25T22:57:11Z
USR000729,app_open,2026-01-25T23:05:33Z
USR002859,app_open,2026-01-26T00:21:44Z
USR003670,card_payment_viewed,2026-01-26T07:24:56Z
USR002591,card_payment_viewed,2026-01-26T08:49:53Z
USR000858,card_payment_viewed,2026-01-26T09:02:27Z
USR004518,transfer_started,2026-01-26T09:43:06Z
USR000278,plan_screen_viewed,2026-01-26T10:35:20Z
USR001820,app_open,2026-01-26T15:37:17Z
USR004628,card_payment_viewed,2026-01-26T16:56:39Z
USR001515,app_open,2026-01-26T17:59:17Z
USR001992,fx_rate_viewed,2026-01-26T19:35:39Z
USR003819,app_open,2026-01-26T22:51:35Z
USR003917,app_open,2026-01-27T00:27:01Z
USR004284,app_open,2026-01-27T00:42:32Z
USR002215,transfer_completed,2026-01-27T01:36:49Z
USR000916,app_open,2026-01-27T03:34:18Z
USR001387,card_payment_viewed,2026-01-27T03:56:15Z
USR002552,app_open,2026-01-27T07:48:05Z
USR001228,crypto_trade_started,2026-01-27T08:05:38Z
USR002155,crypto_trade_started,2026-01-27T12:12:59Z
USR001395,card_payment_viewed,2026-01-27T13:05:05Z
USR003082,app_open,2026-01-27T13:24:53Z
USR003978,fx_rate_viewed,2026-01-27T14:10:59Z
USR001738,crypto_trade_started,2026-01-27T21:08:04Z
USR001424,card_payment_viewed,2026-01-27T21:26:10Z
USR000146,app_open,2026-01-27T21:40:11Z
USR004410,plan_screen_viewed,2026-01-27T22:23:48Z
USR003312,transfer_completed,2026-01-27T22:24:36Z
USR002292,fx_rate_viewed,2026-01-28T02:24:59Z
USR004277,transfer_started,2026-01-28T02:25:33Z
USR001529,fx_rate_viewed,2026-01-28T03:15:31Z
USR003707,app_open,2026-01-28T03:58:30Z
USR004911,app_open,2026-01-28T06:13:50Z
USR001585,transfer_started,2026-01-28T07:52:29Z
USR001116,app_open,2026-01-28T08:18:44Z
USR002021,transfer_started,2026-01-28T08:45:47Z
USR000065,card_payment_viewed,2026-01-28T09:44:37Z
USR001232,plan_screen_viewed,2026-01-28T10:09:13Z
USR000540,app_open,2026-01-28T11:35:50Z
USR002768,transfer_started,2026-01-28T12:32:43Z
USR001087,plan_screen_viewed,2026-01-28T14:45:48Z
USR003913,app_open,2026-01-28T18:34:13Z
USR004914,app_open,2026-01-28T20:04:00Z
USR002740,app_open,2026-01-28T22:01:22Z
USR004326,crypto_trade_started,2026-01-29T05:48:57Z
USR003439,transfer_started,2026-01-29T06:22:11Z
USR004171,card_payment_viewed,2026-01-29T07:27:36Z
USR001660,app_open,2026-01-29T08:02:36Z
USR003234,app_open,2026-01-29T09:25:14Z
USR002579,fx_rate_viewed,2026-01-29T09:56:03Z
USR004584,app_open,2026-01-29T10:31:54Z
USR003297,stock_order_started,2026-01-29T14:22:31Z
USR002868,crypto_trade_started,2026-01-29T14:46:50Z
USR004682,transfer_started,2026-01-29T16:47:25Z
USR004960,app_open,2026-01-29T17:14:07Z
USR001910,crypto_trade_started,2026-01-29T19:41:04Z
USR003589,transfer_started,2026-01-29T22:41:25Z
USR002375,transfer_started,2026-01-30T01:28:45Z
USR004862,app_open,2026-01-30T01:56:59Z
USR003240,transfer_completed,2026-01-30T04:37:06Z
USR002122,savings_vault_opened,2026-01-30T05:04:30Z
USR003598,crypto_trade_started,2026-01-30T05:57:33Z
USR001006,app_open,2026-01-30T06:15:51Z
USR000953,app_open,2026-01-30T09:09:55Z
USR001528,card_payment_viewed,2026-01-30T15:00:31Z
USR004154,savings_vault_opened,2026-01-30T16:04:55Z
USR001942,card_payment_viewed,2026-01-30T16:49:13Z
USR000965,plan_screen_viewed,2026-01-30T16:49:53Z
USR001192,transfer_completed,2026-01-30T17:37:10Z
USR002736,app_open,2026-01-30T20:41:42Z
USR001159,app_open,2026-01-30T21:53:03Z
USR000633,app_open,2026-01-30T23:45:41Z
USR001132,transfer_started,2026-01-30T23:46:46Z
USR000962,app_open,2026-01-31T07:00:24Z
USR003678,card_payment_viewed,2026-01-31T09:19:19Z
USR002650,transfer_started,2026-01-31T10:05:09Z
USR001671,savings_vault_opened,2026-01-31T10:32:10Z
USR004923,transfer_completed,2026-01-31T12:15:03Z
USR001119,support_opened,2026-01-31T12:21:09Z
USR002706,transfer_completed,2026-01-31T12:24:47Z
USR003772,transfer_started,2026-01-31T13:21:37Z
USR003846,card_payment_viewed,2026-01-31T15:54:39Z
USR002277,savings_vault_opened,2026-01-31T19:14:18Z
USR000365,stock_order_started,2026-01-31T20:14:52Z
USR002624,card_payment_viewed,2026-02-01T01:30:48Z
USR004641,plan_screen_viewed,2026-02-01T02:19:24Z
USR000251,transfer_started,2026-02-01T06:12:10Z
USR001485,app_open,2026-02-01T07:16:34Z
USR000194,transfer_completed,2026-02-01T07:25:48Z
USR004422,support_opened,2026-02-01T07:53:54Z
USR000520,app_open,2026-02-01T09:04:08Z
USR004364,stock_order_started,2026-02-01T10:16:14Z
USR003195,stock_order_started,2026-02-01T11:35:48Z
USR001397,transfer_started,2026-02-01T11:40:50Z
USR002943,transfer_started,2026-02-01T11:49:04Z
USR000016,savings_vault_opened,2026-02-01T16:01:29Z
USR000196,plan_screen_viewed,2026-02-01T17:25:11Z
USR000774,stock_order_started,2026-02-01T21:19:52Z
USR000822,transfer_completed,2026-02-01T22:23:27Z
USR003513,app_open,2026-02-02T01:51:27Z
USR003395,fx_rate_viewed,2026-02-02T03:20:05Z
USR001199,app_open,2026-02-02T04:27:16Z
USR001330,app_open,2026-02-02T05:06:35Z
USR001768,app_open,2026-02-02T05:19:32Z
USR002296,fx_rate_viewed,2026-02-02T08:08:24Z
USR004463,savings_vault_opened,2026-02-02T08:58:49Z
USR002662,plan_screen_viewed,2026-02-02T15:02:24Z
USR001241,app_open,2026-02-02T17:42:03Z
USR001574,savings_vault_opened,2026-02-02T18:24:47Z
USR003770,transfer_started,2026-02-02T18:35:56Z
USR001265,app_open,2026-02-02T19:10:10Z
USR004929,transfer_completed,2026-02-02T23:37:36Z
USR004925,transfer_started,2026-02-03T03:00:45Z
USR003851,card_payment_viewed,2026-02-03T03:14:46Z
USR001811,crypto_trade_started,2026-02-03T03:55:45Z
USR003906,transfer_started,2026-02-03T05:57:35Z
USR001390,plan_screen_viewed,2026-02-03T06:15:13Z
USR004175,transfer_started,2026-02-03T07:23:58Z
USR001323,card_payment_viewed,2026-02-03T10:12:17Z
USR002809,app_open,2026-02-03T10:41:32Z
USR004981,transfer_completed,2026-02-03T10:43:18Z
USR002657,card_payment_viewed,2026-02-03T11:16:17Z
USR002290,savings_vault_opened,2026-02-03T12:10:22Z
USR001485,card_payment_viewed,2026-02-03T12:50:31Z
USR003082,app_open,2026-02-03T14:40:42Z
USR000375,transfer_completed,2026-02-03T19:15:26Z
USR004561,card_payment_viewed,2026-02-03T20:07:32Z
USR004042,app_open,2026-02-03T20:29:49Z
USR004827,stock_order_started,2026-02-03T21:32:06Z
USR000925,stock_order_started,2026-02-03T23:27:58Z
USR004501,card_payment_viewed,2026-02-04T02:03:38Z
USR004104,crypto_trade_started,2026-02-04T03:31:53Z
USR004991,stock_order_started,2026-02-04T03:49:44Z
USR002252,card_payment_viewed,2026-02-04T06:38:21Z
USR001487,savings_vault_opened,2026-02-04T07:07:15Z
USR004604,transfer_started,2026-02-04T11:10:58Z
USR004818,transfer_completed,2026-02-04T11:56:56Z
USR004908,fx_rate_viewed,2026-02-04T15:34:22Z
USR000911,crypto_trade_started,2026-02-04T16:56:06Z
USR000861,transfer_completed,2026-02-04T18:09:10Z
USR001457,stock_order_started,2026-02-04T18:56:24Z
USR003025,transfer_started,2026-02-04T20:15:14Z
USR000012,fx_rate_viewed,2026-02-04T20:40:13Z
USR004802,transfer_completed,2026-02-04T21:13:32Z
USR001644,transfer_started,2026-02-04T21:39:39Z
USR001479,app_open,2026-02-04T22:30:21Z
USR002889,crypto_trade_started,2026-02-05T00:26:49Z
USR003020,app_open,2026-02-05T02:57:43Z
USR002146,transfer_completed,2026-02-05T03:08:25Z
USR002032,app_open,2026-02-05T04:53:28Z
USR002647,transfer_completed,2026-02-05T05:07:35Z
USR004169,app_open,2026-02-05T05:25:44Z
USR003837,app_open,2026-02-05T07:57:19Z
USR004956,plan_screen_viewed,2026-02-05T09:27:08Z
USR004674,savings_vault_opened,2026-02-05T12:35:29Z
USR000208,app_open,2026-02-05T19:00:08Z
USR002041,card_payment_viewed,2026-02-05T21:09:05Z
USR002058,app_open,2026-02-05T21:11:27Z
USR004954,app_open,2026-02-05T22:06:38Z
USR000754,card_payment_viewed,2026-02-06T00:14:31Z
USR001260,transfer_started,2026-02-06T02:19:47Z
USR004992,app_open,2026-02-06T06:48:36Z
USR001586,fx_rate_viewed,2026-02-06T09:52:34Z
USR002292,plan_screen_viewed,2026-02-06T10:09:06Z
USR003468,app_open,2026-02-06T10:24:10Z
USR000532,fx_rate_viewed,2026-02-06T11:05:14Z
USR003505,transfer_completed,2026-02-06T11:13:35Z
USR004389,card_payment_viewed,2026-02-06T14:09:51Z
USR000224,fx_rate_viewed,2026-02-06T16:48:38Z
USR001936,support_opened,2026-02-06T16:56:35Z
USR000982,card_payment_viewed,2026-02-06T17:17:43Z
USR002677,app_open,2026-02-06T18:15:51Z
USR004610,plan_screen_viewed,2026-02-06T19:17:06Z
USR004249,app_open,2026-02-06T19:33:07Z
USR000518,app_open,2026-02-06T19:59:53Z
USR004275,stock_order_started,2026-02-07T02:09:11Z
USR001955,app_open,2026-02-07T02:12:08Z
USR001309,card_payment_viewed,2026-02-07T02:52:12Z
USR004488,transfer_started,2026-02-07T07:59:13Z
USR004180,fx_rate_viewed,2026-02-07T09:09:01Z
USR000398,transfer_completed,2026-02-07T10:21:45Z
USR000883,transfer_completed,2026-02-07T12:09:32Z
USR004290,app_open,2026-02-07T12:36:05Z
USR004630,app_open,2026-02-07T13:58:36Z
USR003611,app_open,2026-02-07T19:37:28Z
USR002681,app_open,2026-02-07T21:31:26Z
USR001860,app_open,2026-02-08T01:41:54Z
USR002562,crypto_trade_started,2026-02-08T03:09:05Z
USR000863,transfer_started,2026-02-08T03:56:16Z
USR000968,savings_vault_opened,2026-02-08T05:37:42Z
USR002258,fx_rate_viewed,2026-02-08T06:02:12Z
USR002913,card_payment_viewed,2026-02-08T10:55:41Z
USR001992,app_open,2026-02-08T12:24:10Z
USR000880,transfer_completed,2026-02-08T12:28:58Z
USR003883,fx_rate_viewed,2026-02-08T16:46:24Z
USR002589,transfer_started,2026-02-08T16:58:05Z
USR002871,app_open,2026-02-08T17:07:44Z
USR001291,app_open,2026-02-08T19:36:32Z
USR001399,app_open,2026-02-08T19:37:37Z
USR001730,card_payment_viewed,2026-02-08T19:38:27Z
USR004746,stock_order_started,2026-02-08T20:06:58Z
USR001370,card_payment_viewed,2026-02-08T20:22:52Z
USR002964,support_opened,2026-02-08T21:19:11Z
USR000315,fx_rate_viewed,2026-02-08T21:44:46Z
USR000429,card_payment_viewed,2026-02-08T22:21:09Z
USR003609,card_payment_viewed,2026-02-09T01:16:15Z
USR003620,card_payment_viewed,2026-02-09T05:07:39Z
USR001574,app_open,2026-02-09T06:13:58Z
USR002810,transfer_completed,2026-02-09T07:21:05Z
USR003252,app_open,2026-02-09T07:50:37Z
USR000770,transfer_completed,2026-02-09T11:48:18Z
USR000685,card_payment_viewed,2026-02-09T17:50:01Z
USR004817,app_open,2026-02-09T23:51:11Z
USR000071,app_open,2026-02-10T00:23:50Z
USR001827,support_opened,2026-02-10T02:30:59Z
USR003344,app_open,2026-02-10T02:55:01Z
USR004083,card_payment_viewed,2026-02-10T03:02:31Z
USR004033,support_opened,2026-02-10T03:16:10Z
USR004736,fx_rate_viewed,2026-02-10T03:52:51Z
USR003144,transfer_started,2026-02-10T04:38:15Z
USR004194,app_open,2026-02-10T05:18:46Z
USR004557,app_open,2026-02-10T06:32:36Z
USR002476,support_opened,2026-02-10T06:49:26Z
USR002611,card_payment_viewed,2026-02-10T11:19:32Z
USR003166,card_payment_viewed,2026-02-10T12:19:15Z
USR003615,app_open,2026-02-10T14:52:07Z
USR003716,app_open,2026-02-10T21:43:18Z
USR003196,savings_vault_opened,2026-02-10T21:51:27Z
USR000895,crypto_trade_started,2026-02-10T23:49:09Z
USR001280,savings_vault_opened,2026-02-11T08:36:31Z
USR001415,card_payment_viewed,2026-02-11T08:37:52Z
USR001025,card_payment_viewed,2026-02-11T10:14:07Z
USR002661,card_payment_viewed,2026-02-11T10:45:51Z
USR000225,plan_screen_viewed,2026-02-11T11:35:53Z
USR002053,crypto_trade_started,2026-02-11T11:41:28Z
USR003694,transfer_started,2026-02-11T12:20:08Z
USR000989,stock_order_started,2026-02-11T14:08:02Z
USR004371,app_open,2026-02-11T14:43:50Z
USR002700,app_open,2026-02-11T15:28:30Z
USR000370,app_open,2026-02-11T17:10:17Z
USR004378,app_open,2026-02-11T18:05:31Z
USR003590,transfer_completed,2026-02-11T18:58:37Z
USR003439,transfer_started,2026-02-11T20:44:37Z
USR003934,app_open,2026-02-11T21:24:08Z
USR003077,transfer_completed,2026-02-11T22:47:27Z
USR004275,app_open,2026-02-11T23:33:37Z
USR001828,transfer_completed,2026-02-12T00:02:40Z
USR000675,transfer_started,2026-02-12T04:26:30Z
USR003758,app_open,2026-02-12T07:09:36Z
USR003600,card_payment_viewed,2026-02-12T07:44:28Z
USR004595,app_open,2026-02-12T08:28:08Z
USR004866,support_opened,2026-02-12T09:30:21Z
USR004144,app_open,2026-02-12T10:35:18Z
USR003544,savings_vault_opened,2026-02-12T12:17:41Z
USR002203,support_opened,2026-02-12T19:29:16Z
USR003121,app_open,2026-02-12T20:31:18Z
USR004089,crypto_trade_started,2026-02-12T20:59:41Z
USR000711,app_open,2026-02-12T23:23:53Z
USR001227,transfer_completed,2026-02-13T02:15:16Z
USR000096,crypto_trade_started,2026-02-13T03:34:31Z
USR002032,crypto_trade_started,2026-02-13T04:44:18Z
USR003163,app_open,2026-02-13T08:10:40Z
USR001598,crypto_trade_started,2026-02-13T08:13:28Z
USR002130,app_open,2026-02-13T08:20:23Z
USR001517,app_open,2026-02-13T08:44:58Z
USR003448,stock_order_started,2026-02-13T09:06:00Z
USR002244,crypto_trade_started,2026-02-13T09:13:26Z
USR002557,card_payment_viewed,2026-02-13T12:08:56Z
USR003405,app_open,2026-02-13T12:59:00Z
USR003048,app_open,2026-02-13T13:06:08Z
USR000095,crypto_trade_started,2026-02-13T13:22:14Z
USR004833,support_opened,2026-02-13T16:21:10Z
USR004797,savings_vault_opened,2026-02-13T18:44:57Z
USR000142,card_payment_viewed,2026-02-13T21:12:38Z
USR000002,plan_screen_viewed,2026-02-14T00:40:28Z
USR004790,transfer_completed,2026-02-14T00:56:11Z
USR000848,app_open,2026-02-14T02:20:34Z
USR001653,crypto_trade_started,2026-02-14T05:02:48Z
USR000122,stock_order_started,2026-02-14T07:41:49Z
USR001076,transfer_started,2026-02-14T09:49:32Z
USR004696,support_opened,2026-02-14T10:06:55Z
USR002052,transfer_started,2026-02-14T11:09:15Z
USR003524,app_open,2026-02-14T12:21:56Z
USR000392,app_open,2026-02-14T12:34:28Z
USR002886,savings_vault_opened,2026-02-14T13:54:27Z
USR000814,card_payment_viewed,2026-02-14T17:00:10Z
USR001430,transfer_completed,2026-02-14T19:06:31Z
USR002623,app_open,2026-02-14T19:55:44Z
USR003656,app_open,2026-02-14T22:03:54Z
USR004167,transfer_completed,2026-02-14T22:15:04Z
USR002302,savings_vault_opened,2026-02-14T22:20:04Z
USR000494,card_payment_viewed,2026-02-14T22:42:22Z
USR000818,plan_screen_viewed,2026-02-14T23:42:09Z
USR002786,card_payment_viewed,2026-02-15T03:01:56Z
USR000879,fx_rate_viewed,2026-02-15T05:24:15Z
USR004800,card_payment_viewed,2026-02-15T06:38:06Z
USR001844,card_payment_viewed,2026-02-15T10:47:01Z
USR002731,transfer_completed,2026-02-15T10:55:07Z
USR000933,app_open,2026-02-15T11:09:13Z
USR002940,app_open,2026-02-15T12:06:17Z
USR001891,transfer_started,2026-02-15T14:41:36Z
USR004018,card_payment_viewed,2026-02-15T17:48:46Z
USR000926,transfer_started,2026-02-15T19:29:36Z
USR003561,crypto_trade_started,2026-02-15T19:30:51Z
USR004686,stock_order_started,2026-02-15T19:45:44Z
USR004558,stock_order_started,2026-02-15T21:48:10Z
USR001306,transfer_completed,2026-02-15T23:01:17Z
USR003700,app_open,2026-02-16T02:08:03Z
USR002670,transfer_completed,2026-02-16T02:51:41Z
USR001421,support_opened,2026-02-16T06:23:17Z
USR001835,app_open,2026-02-16T09:37:54Z
USR001830,plan_screen_viewed,2026-02-16T10:12:26Z
USR004322,app_open,2026-02-16T15:24:23Z
USR000026,card_payment_viewed,2026-02-16T16:26:40Z
USR001959,fx_rate_viewed,2026-02-16T18:38:00Z
USR002071,transfer_completed,2026-02-16T18:51:41Z
USR002949,app_open,2026-02-16T20:17:01Z
USR003370,card_payment_viewed,2026-02-16T20:37:53Z
USR004516,transfer_started,2026-02-16T21:02:58Z
USR003038,fx_rate_viewed,2026-02-16T22:30:17Z
USR001259,transfer_started,2026-02-16T23:14:30Z
USR003109,fx_rate_viewed,2026-02-16T23:21:03Z
USR001039,app_open,2026-02-17T00:00:05Z
USR002939,card_payment_viewed,2026-02-17T01:26:04Z
USR000860,app_open,2026-02-17T04:29:44Z
USR004408,app_open,2026-02-17T07:23:14Z
USR001293,transfer_completed,2026-02-17T09:33:10Z
USR001833,fx_rate_viewed,2026-02-17T10:14:47Z
USR003502,transfer_started,2026-02-17T11:27:31Z
USR004013,card_payment_viewed,2026-02-17T13:42:59Z
USR000011,card_payment_viewed,2026-02-17T14:38:40Z
USR000223,crypto_trade_started,2026-02-17T19:38:25Z
USR004245,app_open,2026-02-17T22:15:59Z
USR001527,fx_rate_viewed,2026-02-18T01:00:38Z
USR000500,stock_order_started,2026-02-18T10:05:57Z
USR001436,app_open,2026-02-18T10:46:24Z
USR000242,transfer_completed,2026-02-18T11:49:22Z
USR004599,app_open,2026-02-18T12:35:12Z
USR003149,transfer_completed,2026-02-18T12:43:22Z
USR000946,app_open,2026-02-18T13:39:33Z
USR003841,fx_rate_viewed,2026-02-18T14:43:48Z
USR002289,transfer_started,2026-02-18T19:50:54Z
USR004273,transfer_completed,2026-02-18T21:54:15Z
USR002053,support_opened,2026-02-18T22:11:29Z
USR002520,support_opened,2026-02-18T22:20:53Z
USR000346,savings_vault_opened,2026-02-19T02:01:47Z
USR003432,app_open,2026-02-19T02:28:33Z
USR003927,transfer_started,2026-02-19T05:13:40Z
USR003479,app_open,2026-02-19T07:24:46Z
USR001468,plan_screen_viewed,2026-02-19T07:36:57Z
USR004476,app_open,2026-02-19T08:33:43Z
USR003883,transfer_completed,2026-02-19T10:21:41Z
USR002946,app_open,2026-02-19T16:19:21Z
USR003283,transfer_started,2026-02-19T18:27:05Z
USR002862,stock_order_started,2026-02-19T21:01:04Z
USR000173,transfer_started,2026-02-19T22:28:14Z
USR001433,app_open,2026-02-19T23:07:33Z
USR004079,app_open,2026-02-20T00:17:47Z
USR000496,savings_vault_opened,2026-02-20T02:36:13Z
USR003313,support_opened,2026-02-20T09:06:28Z
USR002532,transfer_completed,2026-02-20T09:34:24Z
USR001583,app_open,2026-02-20T11:09:52Z
USR004004,transfer_completed,2026-02-20T11:12:58Z
USR004792,app_open,2026-02-20T12:41:03Z
USR000305,plan_screen_viewed,2026-02-20T14:13:22Z
USR001420,app_open,2026-02-20T14:58:37Z
USR003400,crypto_trade_started,2026-02-20T19:09:19Z
USR004848,savings_vault_opened,2026-02-20T20:43:25Z
USR002312,crypto_trade_started,2026-02-20T22:17:19Z
USR004251,app_open,2026-02-20T22:58:16Z
USR000733,crypto_trade_started,2026-02-20T23:13:55Z
USR001094,app_open,2026-02-21T00:38:17Z
USR003387,crypto_trade_started,2026-02-21T02:09:52Z
USR001780,app_open,2026-02-21T02:49:06Z
USR004484,app_open,2026-02-21T02:50:17Z
USR000849,app_open,2026-02-21T05:57:42Z
USR003917,card_payment_viewed,2026-02-21T07:30:29Z
USR004359,transfer_started,2026-02-21T07:59:14Z
USR002163,transfer_completed,2026-02-21T08:01:27Z
USR003765,app_open,2026-02-21T08:50:55Z
USR000290,crypto_trade_started,2026-02-21T09:19:20Z
USR002822,crypto_trade_started,2026-02-21T13:26:08Z
USR001149,app_open,2026-02-21T15:39:15Z
USR002400,app_open,2026-02-21T17:10:04Z
USR003987,crypto_trade_started,2026-02-21T18:47:54Z
USR001112,app_open,2026-02-21T19:48:34Z
USR001203,app_open,2026-02-21T19:55:06Z
USR000587,stock_order_started,2026-02-21T21:02:57Z
USR001692,card_payment_viewed,2026-02-21T21:08:20Z
USR001837,app_open,2026-02-22T00:19:16Z
USR004914,plan_screen_viewed,2026-02-22T01:39:33Z
USR002719,crypto_trade_started,2026-02-22T09:42:49Z
USR003763,app_open,2026-02-22T09:56:22Z
USR000680,app_open,2026-02-22T11:27:07Z
USR002027,crypto_trade_started,2026-02-22T11:38:47Z
USR004769,transfer_completed,2026-02-22T12:30:36Z
USR003514,app_open,2026-02-22T12:43:56Z
USR001657,stock_order_started,2026-02-22T12:49:03Z
USR001729,app_open,2026-02-22T14:44:27Z
USR001872,app_open,2026-02-22T15:55:07Z
USR004593,app_open,2026-02-22T17:31:33Z
USR000546,savings_vault_opened,2026-02-22T18:09:32Z
USR002805,savings_vault_opened,2026-02-22T18:33:10Z
USR000716,transfer_started,2026-02-22T18:43:56Z
USR002664,transfer_completed,2026-02-23T02:02:42Z
USR000176,transfer_completed,2026-02-23T02:07:44Z
USR002101,plan_screen_viewed,2026-02-23T02:32:11Z
USR000941,card_payment_viewed,2026-02-23T03:57:59Z
USR001811,plan_screen_viewed,2026-02-23T06:20:49Z
USR000624,card_payment_viewed,2026-02-23T08:39:04Z
USR003569,transfer_started,2026-02-23T12:07:06Z
USR001499,app_open,2026-02-23T13:24:45Z
USR003243,card_payment_viewed,2026-02-23T13:58:50Z
USR003553,crypto_trade_started,2026-02-23T17:44:54Z
USR000894,transfer_started,2026-02-23T20:44:25Z
USR004168,app_open,2026-02-23T21:04:47Z
USR004590,app_open,2026-02-23T22:09:48Z
USR001472,transfer_completed,2026-02-24T00:23:30Z
USR003906,card_payment_viewed,2026-02-24T02:03:24Z
USR000608,app_open,2026-02-24T03:19:04Z
USR000565,app_open,2026-02-24T04:28:35Z
USR001978,card_payment_viewed,2026-02-24T05:24:49Z
USR000233,transfer_started,2026-02-24T08:16:37Z
USR002316,fx_rate_viewed,2026-02-24T12:35:11Z
USR000186,crypto_trade_started,2026-02-24T13:13:05Z
USR003170,transfer_completed,2026-02-24T16:05:42Z
USR004592,app_open,2026-02-24T18:56:57Z
USR002427,app_open,2026-02-24T21:24:00Z
USR000411,card_payment_viewed,2026-02-25T01:48:50Z
USR004786,app_open,2026-02-25T02:02:12Z
USR001241,crypto_trade_started,2026-02-25T04:54:01Z
USR001079,crypto_trade_started,2026-02-25T05:10:14Z
USR004077,app_open,2026-02-25T07:13:09Z
USR000983,app_open,2026-02-25T07:38:43Z
USR004440,savings_vault_opened,2026-02-25T08:04:12Z
USR000237,plan_screen_viewed,2026-02-25T09:03:51Z
USR000571,card_payment_viewed,2026-02-25T09:20:15Z
USR000792,transfer_completed,2026-02-25T11:02:03Z
USR001428,app_open,2026-02-25T11:10:18Z
USR000110,fx_rate_viewed,2026-02-25T12:27:56Z
USR004312,card_payment_viewed,2026-02-25T12:52:49Z
USR000204,transfer_started,2026-02-25T13:35:27Z
USR002184,savings_vault_opened,2026-02-25T18:04:46Z
USR001586,transfer_started,2026-02-25T22:14:14Z
USR004147,plan_screen_viewed,2026-02-26T00:07:01Z
USR004642,card_payment_viewed,2026-02-26T01:20:59Z
USR000145,card_payment_viewed,2026-02-26T02:02:24Z
USR004493,app_open,2026-02-26T03:14:44Z
USR001769,app_open,2026-02-26T06:28:17Z
USR001530,app_open,2026-02-26T08:57:40Z
USR002635,savings_vault_opened,2026-02-26T09:00:48Z
USR000200,savings_vault_opened,2026-02-26T10:45:36Z
USR001620,card_payment_viewed,2026-02-26T12:11:15Z
USR000540,transfer_completed,2026-02-26T12:28:21Z
USR000027,transfer_started,2026-02-26T12:33:35Z
USR003222,app_open,2026-02-26T12:48:13Z
USR000444,app_open,2026-02-26T13:43:47Z
USR004129,card_payment_viewed,2026-02-26T13:55:05Z
USR003181,app_open,2026-02-26T16:10:38Z
USR001333,card_payment_viewed,2026-02-26T16:34:13Z
USR003407,savings_vault_opened,2026-02-26T16:45:09Z
USR001232,transfer_completed,2026-02-26T17:06:36Z
USR002097,transfer_completed,2026-02-26T17:31:49Z
USR002801,app_open,2026-02-26T18:29:38Z
USR003173,stock_order_started,2026-02-26T19:36:31Z
USR002369,app_open,2026-02-26T20:49:50Z
USR004345,transfer_completed,2026-02-26T21:29:25Z
USR000043,support_opened,2026-02-27T02:53:56Z
USR001545,card_payment_viewed,2026-02-27T03:46:45Z
USR003608,app_open,2026-02-27T08:29:23Z
USR002127,app_open,2026-02-27T13:18:13Z
USR004572,card_payment_viewed,2026-02-27T13:57:17Z
USR003935,app_open,2026-02-27T14:14:37Z
USR001711,card_payment_viewed,2026-02-27T15:03:05Z
USR000799,transfer_started,2026-02-27T16:55:04Z
USR000017,transfer_started,2026-02-27T18:09:10Z
USR003690,transfer_started,2026-02-27T18:18:10Z
USR003771,crypto_trade_started,2026-02-27T20:27:31Z
USR004041,card_payment_viewed,2026-02-27T22:24:24Z
USR002899,app_open,2026-02-27T23:58:50Z
USR002212,app_open,2026-02-28T02:24:12Z
USR000759,card_payment_viewed,2026-02-28T03:07:16Z
USR004303,app_open,2026-02-28T03:30:56Z
USR002504,transfer_started,2026-02-28T07:01:15Z
USR002563,app_open,2026-02-28T07:39:29Z
USR001480,card_payment_viewed,2026-02-28T08:00:38Z
USR003625,card_payment_viewed,2026-02-28T09:16:28Z
USR004547,app_open,2026-02-28T11:19:59Z
USR002219,plan_screen_viewed,2026-02-28T15:29:46Z
USR002774,savings_vault_opened,2026-02-28T19:38:17Z
USR002246,app_open,2026-02-28T22:09:20Z
USR000775,stock_order_started,2026-03-01T02:04:38Z
USR004769,plan_screen_viewed,2026-03-01T04:00:22Z
USR003514,transfer_completed,2026-03-01T05:16:18Z
USR001692,transfer_completed,2026-03-01T07:12:19Z
USR003995,fx_rate_viewed,2026-03-01T08:23:02Z
USR002047,app_open,2026-03-01T10:43:44Z
USR002137,stock_order_started,2026-03-01T11:40:33Z
USR001805,support_opened,2026-03-01T12:17:06Z
USR004055,crypto_trade_started,2026-03-01T13:32:40Z
USR003698,crypto_trade_started,2026-03-01T14:45:28Z
USR001694,card_payment_viewed,2026-03-01T15:50:31Z
USR004038,app_open,2026-03-01T18:37:56Z
USR002020,card_payment_viewed,2026-03-01T23:36:33Z
USR001002,app_open,2026-03-02T01:10:54Z
USR004834,transfer_completed,2026-03-02T01:49:55Z
USR004815,card_payment_viewed,2026-03-02T02:18:59Z
USR001639,transfer_completed,2026-03-02T07:13:21Z
USR002539,savings_vault_opened,2026-03-02T09:00:12Z
USR003467,app_open,2026-03-02T11:07:24Z
USR003122,fx_rate_viewed,2026-03-02T11:08:12Z
USR004082,app_open,2026-03-02T12:21:03Z
USR000338,app_open,2026-03-02T18:14:57Z
USR003460,crypto_trade_started,2026-03-02T19:33:22Z
USR002465,app_open,2026-03-02T23:41:31Z
USR001706,app_open,2026-03-03T00:25:04Z
USR000621,transfer_started,2026-03-03T02:47:32Z
USR004558,app_open,2026-03-03T03:44:08Z
USR004481,app_open,2026-03-03T05:21:29Z
USR002526,plan_screen_viewed,2026-03-03T06:32:04Z
USR001392,card_payment_viewed,2026-03-03T06:48:26Z
USR000222,savings_vault_opened,2026-03-03T08:57:28Z
USR001557,transfer_started,2026-03-03T11:46:51Z
USR004610,card_payment_viewed,2026-03-03T12:19:28Z
USR004846,transfer_started,2026-03-03T12:34:54Z
USR004777,crypto_trade_started,2026-03-03T12:39:16Z
USR000371,crypto_trade_started,2026-03-03T13:44:33Z
USR000204,crypto_trade_started,2026-03-03T14:10:44Z
USR003276,transfer_started,2026-03-03T17:39:49Z
USR004953,app_open,2026-03-03T19:07:52Z
USR000199,transfer_started,2026-03-03T19:15:50Z
USR004653,transfer_completed,2026-03-03T21:13:10Z
USR003829,app_open,2026-03-03T23:24:35Z
USR000611,plan_screen_viewed,2026-03-03T23:31:03Z
USR002038,crypto_trade_started,2026-03-04T02:19:16Z
USR002365,transfer_started,2026-03-04T04:39:59Z
USR004990,app_open,2026-03-04T04:51:42Z
USR004451,card_payment_viewed,2026-03-04T05:30:51Z
USR000735,app_open,2026-03-04T07:27:04Z
USR004706,support_opened,2026-03-04T14:00:42Z
USR003314,transfer_started,2026-03-04T15:25:35Z
USR004704,transfer_started,2026-03-04T16:19:52Z
USR004729,card_payment_viewed,2026-03-04T21:25:42Z
USR003749,crypto_trade_started,2026-03-04T23:33:17Z
USR003636,app_open,2026-03-05T00:25:35Z
USR000835,card_payment_viewed,2026-03-05T00:34:51Z
USR004413,app_open,2026-03-05T01:48:16Z
USR000115,app_open,2026-03-05T08:17:54Z
USR001295,app_open,2026-03-05T09:09:24Z
USR000208,fx_rate_viewed,2026-03-05T11:38:44Z
USR002699,transfer_started,2026-03-05T14:33:51Z
USR003547,app_open,2026-03-05T16:19:33Z
USR003074,transfer_completed,2026-03-05T22:05:42Z
USR000623,transfer_started,2026-03-05T22:18:15Z
USR001839,plan_screen_viewed,2026-03-05T22:48:14Z
USR002169,app_open,2026-03-05T23:17:15Z
USR000721,card_payment_viewed,2026-03-06T03:32:55Z
USR003901,card_payment_viewed,2026-03-06T04:17:10Z
USR003081,app_open,2026-03-06T04:58:39Z
USR000009,fx_rate_viewed,2026-03-06T08:53:17Z
USR001042,fx_rate_viewed,2026-03-06T09:38:32Z
USR000340,transfer_started,2026-03-06T10:13:55Z
USR000109,app_open,2026-03-06T11:20:18Z
USR000402,crypto_trade_started,2026-03-06T11:37:51Z
USR001675,app_open,2026-03-06T11:47:24Z
USR002782,app_open,2026-03-06T14:04:37Z
USR002503,app_open,2026-03-06T17:06:41Z
USR004691,app_open,2026-03-06T17:58:26Z
USR000778,crypto_trade_started,2026-03-06T19:44:12Z
USR004258,crypto_trade_started,2026-03-06T23:55:20Z
USR001251,transfer_completed,2026-03-07T03:10:28Z
USR003157,card_payment_viewed,2026-03-07T06:36:03Z
USR004052,plan_screen_viewed,2026-03-07T07:57:28Z
USR004787,transfer_started,2026-03-07T08:37:52Z
USR003041,app_open,2026-03-07T08:44:41Z
USR001725,card_payment_viewed,2026-03-07T10:22:03Z
USR003611,crypto_trade_started,2026-03-07T11:44:10Z
USR002155,transfer_completed,2026-03-07T13:25:18Z
USR000018,app_open,2026-03-07T21:56:08Z
USR000523,transfer_started,2026-03-07T22:31:01Z
USR004691,support_opened,2026-03-08T00:40:31Z
USR002918,card_payment_viewed,2026-03-08T02:32:25Z
USR001965,transfer_started,2026-03-08T04:35:44Z
USR001793,card_payment_viewed,2026-03-08T08:27:38Z
USR003970,transfer_completed,2026-03-08T10:36:05Z
USR004306,transfer_started,2026-03-08T11:18:34Z
USR002480,card_payment_viewed,2026-03-08T13:47:21Z
USR002633,plan_screen_viewed,2026-03-08T14:40:11Z
USR003160,app_open,2026-03-08T15:06:37Z
USR003525,card_payment_viewed,2026-03-08T16:33:25Z
USR003452,app_open,2026-03-08T16:39:26Z
USR002310,app_open,2026-03-08T17:31:56Z
USR002727,app_open,2026-03-08T19:37:28Z
USR004966,transfer_started,2026-03-08T20:10:03Z
USR000678,crypto_trade_started,2026-03-08T23:32:12Z
USR004779,fx_rate_viewed,2026-03-09T00:09:24Z
USR004346,app_open,2026-03-09T01:06:16Z
USR003149,app_open,2026-03-09T05:50:06Z
USR003882,transfer_started,2026-03-09T12:06:38Z
USR001172,stock_order_started,2026-03-09T17:50:20Z
USR004760,crypto_trade_started,2026-03-09T18:41:05Z
USR003786,transfer_completed,2026-03-09T18:57:03Z
USR002741,transfer_started,2026-03-09T23:10:51Z
USR000367,crypto_trade_started,2026-03-09T23:46:23Z
USR002118,stock_order_started,2026-03-09T23:52:35Z
USR004381,app_open,2026-03-10T04:32:56Z
USR000605,stock_order_started,2026-03-10T04:34:03Z
USR001363,savings_vault_opened,2026-03-10T06:09:28Z
USR001407,card_payment_viewed,2026-03-10T07:11:43Z
USR001733,app_open,2026-03-10T07:28:20Z
USR000149,fx_rate_viewed,2026-03-10T08:49:56Z
USR004658,crypto_trade_started,2026-03-10T09:58:27Z
USR002206,plan_screen_viewed,2026-03-10T11:19:31Z
USR003815,card_payment_viewed,2026-03-10T11:44:45Z
USR000255,crypto_trade_started,2026-03-10T12:48:03Z
USR004251,transfer_completed,2026-03-10T12:49:56Z
USR000649,crypto_trade_started,2026-03-10T13:36:02Z
USR001806,card_payment_viewed,2026-03-10T13:50:42Z
USR003149,crypto_trade_started,2026-03-10T17:07:18Z
USR003453,support_opened,2026-03-10T18:11:48Z
USR004045,app_open,2026-03-10T19:41:20Z
USR001942,fx_rate_viewed,2026-03-10T19:52:04Z
USR000291,app_open,2026-03-10T21:54:32Z
USR004768,stock_order_started,2026-03-10T22:51:16Z
USR002232,support_opened,2026-03-10T22:53:54Z
USR001065,fx_rate_viewed,2026-03-11T00:32:32Z
USR001121,app_open,2026-03-11T09:50:42Z
USR004145,savings_vault_opened,2026-03-11T10:55:16Z
USR000656,transfer_started,2026-03-11T11:10:46Z
USR004428,transfer_started,2026-03-11T11:33:30Z
USR003244,savings_vault_opened,2026-03-11T11:53:50Z
USR003374,transfer_completed,2026-03-11T14:36:41Z
USR004075,app_open,2026-03-11T15:15:12Z
USR001486,app_open,2026-03-11T16:43:29Z
USR004151,plan_screen_viewed,2026-03-11T17:12:39Z
USR002416,savings_vault_opened,2026-03-11T17:34:55Z
USR000797,transfer_started,2026-03-11T18:31:39Z
USR001074,app_open,2026-03-11T18:48:14Z
USR002087,fx_rate_viewed,2026-03-11T22:25:48Z
USR001163,plan_screen_viewed,2026-03-12T00:11:47Z
USR003797,transfer_started,2026-03-12T04:10:58Z
USR003662,stock_order_started,2026-03-12T04:15:53Z
USR002621,app_open,2026-03-12T04:37:47Z
USR003112,transfer_completed,2026-03-12T07:15:37Z
USR004865,app_open,2026-03-12T07:52:48Z
USR003229,fx_rate_viewed,2026-03-12T07:54:43Z
USR003382,stock_order_started,2026-03-12T08:10:37Z
USR003444,app_open,2026-03-12T08:10:59Z
USR001186,transfer_started,2026-03-12T08:34:51Z
USR000677,plan_screen_viewed,2026-03-12T09:34:08Z
USR000527,transfer_started,2026-03-12T09:36:16Z
USR002057,card_payment_viewed,2026-03-12T11:25:20Z
USR003921,app_open,2026-03-12T12:08:53Z
USR003201,card_payment_viewed,2026-03-12T13:03:28Z
USR000532,plan_screen_viewed,2026-03-12T13:56:15Z
USR002166,app_open,2026-03-12T14:20:04Z
USR004073,transfer_started,2026-03-12T20:35:47Z
USR001157,transfer_completed,2026-03-12T22:11:12Z
USR001321,app_open,2026-03-12T22:47:08Z
USR002105,app_open,2026-03-12T23:22:51Z
USR000720,transfer_started,2026-03-13T01:32:59Z
USR000638,card_payment_viewed,2026-03-13T04:04:05Z
USR000163,support_opened,2026-03-13T07:16:04Z
USR002847,transfer_started,2026-03-13T07:31:17Z
USR001971,card_payment_viewed,2026-03-13T12:12:30Z
USR002890,card_payment_viewed,2026-03-13T12:27:48Z
USR003282,app_open,2026-03-13T17:18:50Z
USR001623,app_open,2026-03-13T19:12:09Z
USR003124,fx_rate_viewed,2026-03-13T22:11:46Z
USR003642,app_open,2026-03-14T01:34:04Z
USR002057,transfer_completed,2026-03-14T03:59:36Z
USR002270,savings_vault_opened,2026-03-14T10:38:34Z
USR000124,transfer_started,2026-03-14T14:18:27Z
USR001317,support_opened,2026-03-14T17:42:13Z
USR001449,support_opened,2026-03-14T19:08:50Z
USR004281,stock_order_started,2026-03-14T19:29:37Z
USR001785,app_open,2026-03-14T19:37:16Z
USR004080,transfer_completed,2026-03-14T22:33:52Z
USR004175,transfer_started,2026-03-14T22:45:46Z
USR003744,card_payment_viewed,2026-03-15T00:14:14Z
USR000069,crypto_trade_started,2026-03-15T01:25:29Z
USR002171,transfer_started,2026-03-15T02:48:47Z
USR003252,app_open,2026-03-15T03:16:23Z
USR000154,transfer_started,2026-03-15T04:41:37Z
USR003285,app_open,2026-03-15T06:02:44Z
USR003736,stock_order_started,2026-03-15T06:13:27Z
USR002495,fx_rate_viewed,2026-03-15T06:45:36Z
USR001580,transfer_started,2026-03-15T08:38:44Z
USR002689,transfer_started,2026-03-15T08:47:10Z
USR000909,app_open,2026-03-15T09:25:54Z
USR003224,app_open,2026-03-15T09:33:56Z
USR004907,transfer_started,2026-03-15T09:58:59Z
USR000143,app_open,2026-03-15T14:22:14Z
USR003947,transfer_completed,2026-03-15T14:49:08Z
USR001129,crypto_trade_started,2026-03-15T14:55:54Z
USR004528,card_payment_viewed,2026-03-15T15:00:53Z
USR003832,app_open,2026-03-15T16:10:31Z
USR003190,transfer_started,2026-03-15T19:22:11Z
USR004658,app_open,2026-03-15T19:28:23Z
USR004656,stock_order_started,2026-03-15T21:47:11Z
USR004603,transfer_completed,2026-03-16T00:29:18Z
USR001566,card_payment_viewed,2026-03-16T01:04:35Z
USR004681,card_payment_viewed,2026-03-16T01:45:12Z
USR004296,card_payment_viewed,2026-03-16T02:59:33Z
USR001188,app_open,2026-03-16T05:47:12Z
USR000695,stock_order_started,2026-03-16T06:50:10Z
USR003423,app_open,2026-03-16T09:46:10Z
USR000587,app_open,2026-03-16T09:53:13Z
USR002270,app_open,2026-03-16T12:05:22Z
USR003593,app_open,2026-03-16T13:06:09Z
USR003559,transfer_completed,2026-03-16T14:29:39Z
USR002056,app_open,2026-03-16T16:18:21Z
USR004378,transfer_completed,2026-03-16T16:20:54Z
USR001500,fx_rate_viewed,2026-03-16T17:19:12Z
USR003898,app_open,2026-03-16T19:32:27Z
USR003384,crypto_trade_started,2026-03-16T19:43:50Z
USR002709,support_opened,2026-03-16T20:13:10Z
USR000502,card_payment_viewed,2026-03-16T21:19:35Z
USR002010,support_opened,2026-03-16T21:35:52Z
USR003826,app_open,2026-03-16T22:07:59Z
USR001797,app_open,2026-03-16T22:55:21Z
USR002335,fx_rate_viewed,2026-03-17T00:48:51Z
USR001819,plan_screen_viewed,2026-03-17T02:36:46Z
USR004615,transfer_started,2026-03-17T03:19:45Z
USR002655,card_payment_viewed,2026-03-17T12:29:41Z
USR002725,crypto_trade_started,2026-03-17T16:30:58Z
USR003344,app_open,2026-03-17T19:43:30Z
USR000824,transfer_started,2026-03-17T19:47:01Z
USR004223,app_open,2026-03-17T20:58:25Z
USR002547,app_open,2026-03-18T00:17:58Z
USR000688,support_opened,2026-03-18T00:40:51Z
USR002537,app_open,2026-03-18T05:13:33Z
USR004466,card_payment_viewed,2026-03-18T06:22:48Z
USR001333,transfer_started,2026-03-18T09:20:52Z
USR001213,card_payment_viewed,2026-03-18T17:02:29Z
USR004727,app_open,2026-03-18T20:23:52Z
USR003038,app_open,2026-03-18T21:18:53Z
USR000061,fx_rate_viewed,2026-03-18T23:59:49Z
USR004432,app_open,2026-03-19T00:31:30Z
USR003278,transfer_completed,2026-03-19T03:15:24Z
USR002882,transfer_started,2026-03-19T03:27:12Z
USR003503,app_open,2026-03-19T04:30:31Z
USR001455,app_open,2026-03-19T04:47:27Z
USR000757,app_open,2026-03-19T06:21:25Z
USR004965,transfer_completed,2026-03-19T06:23:50Z
USR001644,card_payment_viewed,2026-03-19T08:15:47Z
USR001119,support_opened,2026-03-19T09:01:53Z
USR002044,app_open,2026-03-19T09:53:23Z
USR004282,crypto_trade_started,2026-03-19T10:43:21Z
USR003386,plan_screen_viewed,2026-03-19T11:59:30Z
USR002709,card_payment_viewed,2026-03-19T12:04:15Z
USR000238,card_payment_viewed,2026-03-19T13:18:38Z
USR000276,transfer_started,2026-03-19T13:27:58Z
USR001452,card_payment_viewed,2026-03-19T13:42:25Z
USR003580,savings_vault_opened,2026-03-19T14:47:31Z
USR000651,app_open,2026-03-19T19:16:43Z
USR003485,app_open,2026-03-19T22:18:11Z
USR000514,app_open,2026-03-19T22:26:54Z
USR001933,card_payment_viewed,2026-03-20T00:39:16Z
USR001581,app_open,2026-03-20T02:05:39Z
USR001572,app_open,2026-03-20T05:40:49Z
USR001722,transfer_started,2026-03-20T05:46:51Z
USR001207,transfer_started,2026-03-20T05:48:20Z
USR002108,plan_screen_viewed,2026-03-20T06:50:30Z
USR002461,app_open,2026-03-20T07:15:49Z
USR001430,card_payment_viewed,2026-03-20T08:51:35Z
USR004869,plan_screen_viewed,2026-03-20T09:43:37Z
USR002821,app_open,2026-03-20T14:52:45Z
USR002826,fx_rate_viewed,2026-03-20T18:09:28Z
USR001642,fx_rate_viewed,2026-03-20T21:18:20Z
USR000254,transfer_completed,2026-03-20T21:19:24Z
USR004208,app_open,2026-03-20T21:47:38Z
USR003132,app_open,2026-03-20T22:04:31Z
USR002813,savings_vault_opened,2026-03-20T22:23:26Z
USR001271,card_payment_viewed,2026-03-21T00:57:14Z
USR004870,app_open,2026-03-21T00:59:12Z
USR001670,fx_rate_viewed,2026-03-21T02:21:29Z
USR001051,app_open,2026-03-21T09:40:18Z
USR004911,stock_order_started,2026-03-21T09:40:19Z
USR003839,card_payment_viewed,2026-03-21T10:37:36Z
USR001082,transfer_started,2026-03-21T11:09:35Z
USR003048,stock_order_started,2026-03-21T12:38:11Z
USR004555,transfer_completed,2026-03-21T14:52:36Z
USR002371,stock_order_started,2026-03-21T16:35:57Z
USR000598,transfer_completed,2026-03-21T16:56:40Z
USR000005,app_open,2026-03-21T19:07:13Z
USR002413,app_open,2026-03-21T19:14:54Z
USR004500,plan_screen_viewed,2026-03-21T20:50:15Z
USR002309,app_open,2026-03-21T21:24:36Z
USR001590,savings_vault_opened,2026-03-21T22:31:42Z
USR001062,plan_screen_viewed,2026-03-21T23:20:52Z
USR003276,app_open,2026-03-22T01:22:05Z
USR004005,app_open,2026-03-22T01:38:39Z
USR002669,app_open,2026-03-22T02:16:11Z
USR001103,fx_rate_viewed,2026-03-22T03:27:35Z
USR002663,transfer_completed,2026-03-22T04:14:18Z
USR002445,app_open,2026-03-22T04:55:10Z
USR000148,app_open,2026-03-22T06:29:13Z
USR001270,app_open,2026-03-22T06:35:15Z
USR003024,transfer_started,2026-03-22T07:20:04Z
USR003425,card_payment_viewed,2026-03-22T07:46:44Z
USR000986,crypto_trade_started,2026-03-22T08:06:38Z
USR002294,app_open,2026-03-22T10:25:45Z
USR004810,support_opened,2026-03-22T11:06:27Z
USR000150,fx_rate_viewed,2026-03-22T12:06:37Z
USR004543,stock_order_started,2026-03-22T12:40:36Z
USR003693,transfer_started,2026-03-22T13:42:22Z
USR001590,transfer_started,2026-03-22T14:58:19Z
USR004660,app_open,2026-03-22T18:21:51Z
USR000320,crypto_trade_started,2026-03-22T19:39:10Z
USR002902,crypto_trade_started,2026-03-22T20:19:11Z
USR000079,crypto_trade_started,2026-03-22T21:57:28Z
USR000174,app_open,2026-03-22T22:50:16Z
USR002840,app_open,2026-03-23T01:27:51Z
USR003516,app_open,2026-03-23T03:48:57Z
USR003358,app_open,2026-03-23T05:04:23Z
USR000368,transfer_completed,2026-03-23T07:56:16Z
USR002528,transfer_completed,2026-03-23T08:27:40Z
USR001293,transfer_started,2026-03-23T08:48:49Z
USR003622,crypto_trade_started,2026-03-23T11:02:04Z
USR000943,transfer_started,2026-03-23T11:06:52Z
USR004492,savings_vault_opened,2026-03-23T11:22:16Z
USR001197,stock_order_started,2026-03-23T12:40:02Z
USR004763,transfer_completed,2026-03-23T13:54:20Z
USR002504,app_open,2026-03-23T14:13:47Z
USR004053,app_open,2026-03-23T21:18:10Z
USR001142,card_payment_viewed,2026-03-23T23:58:30Z
USR003485,crypto_trade_started,2026-03-24T03:36:48Z
USR003747,stock_order_started,2026-03-24T08:03:29Z
USR003588,app_open,2026-03-24T08:31:34Z
USR001611,app_open,2026-03-24T09:27:59Z
USR003538,fx_rate_viewed,2026-03-24T10:32:21Z
USR004669,transfer_completed,2026-03-24T13:11:10Z
USR000020,transfer_completed,2026-03-24T14:32:20Z
USR002950,support_opened,2026-03-24T15:26:19Z
USR002724,app_open,2026-03-24T15:36:22Z
USR002295,card_payment_viewed,2026-03-24T16:25:17Z
USR003191,card_payment_viewed,2026-03-24T16:40:45Z
USR004850,support_opened,2026-03-24T21:25:15Z
USR002581,support_opened,2026-03-24T23:01:54Z
USR001435,plan_screen_viewed,2026-03-24T23:18:35Z
USR002943,savings_vault_opened,2026-03-25T01:58:17Z
USR004825,app_open,2026-03-25T03:27:46Z
USR000447,crypto_trade_started,2026-03-25T03:35:26Z
USR000559,transfer_started,2026-03-25T05:18:26Z
USR004518,plan_screen_viewed,2026-03-25T06:08:52Z
USR004099,transfer_completed,2026-03-25T07:58:08Z
USR003876,transfer_completed,2026-03-25T08:12:02Z
USR002732,card_payment_viewed,2026-03-25T10:19:08Z
USR002618,savings_vault_opened,2026-03-25T12:17:34Z
USR000782,plan_screen_viewed,2026-03-25T16:49:10Z
USR000930,fx_rate_viewed,2026-03-25T18:04:55Z
USR003701,app_open,2026-03-25T22:32:34Z
USR003035,card_payment_viewed,2026-03-26T01:37:10Z
USR003357,transfer_started,2026-03-26T03:05:09Z
USR004615,app_open,2026-03-26T04:01:46Z
USR002492,transfer_started,2026-03-26T04:46:09Z
USR003435,card_payment_viewed,2026-03-26T06:24:23Z
USR004920,transfer_started,2026-03-26T07:54:22Z
USR000739,app_open,2026-03-26T12:52:13Z
USR000326,stock_order_started,2026-03-26T13:25:38Z
USR000317,transfer_started,2026-03-26T15:28:40Z
USR004840,savings_vault_opened,2026-03-26T17:34:45Z
USR004465,support_opened,2026-03-26T18:06:27Z
USR003828,savings_vault_opened,2026-03-26T20:27:47Z
USR003466,savings_vault_opened,2026-03-26T20:56:00Z
USR000265,plan_screen_viewed,2026-03-26T21:21:02Z
USR004505,app_open,2026-03-27T01:56:43Z
USR004809,card_payment_viewed,2026-03-27T01:59:39Z
USR003092,transfer_started,2026-03-27T02:38:03Z
USR004821,card_payment_viewed,2026-03-27T02:44:11Z
USR000909,transfer_started,2026-03-27T02:47:26Z
USR000200,plan_screen_viewed,2026-03-27T05:01:05Z
USR002351,app_open,2026-03-27T10:28:21Z
USR004087,app_open,2026-03-27T11:47:01Z
USR000732,app_open,2026-03-27T12:04:35Z
USR001416,transfer_started,2026-03-27T13:52:00Z
USR001709,app_open,2026-03-27T14:21:56Z
USR000071,stock_order_started,2026-03-27T14:39:51Z
USR004723,app_open,2026-03-27T14:52:50Z
USR001557,fx_rate_viewed,2026-03-27T17:08:53Z
USR002581,app_open,2026-03-27T17:13:47Z
USR002212,card_payment_viewed,2026-03-27T19:08:08Z
USR004159,fx_rate_viewed,2026-03-27T19:56:18Z
USR002670,transfer_started,2026-03-27T22:58:18Z
USR001255,stock_order_started,2026-03-28T00:16:48Z
USR004570,app_open,2026-03-28T01:47:05Z
USR001302,card_payment_viewed,2026-03-28T03:07:28Z
USR001414,card_payment_viewed,2026-03-28T05:41:16Z
USR003590,app_open,2026-03-28T06:06:42Z
USR003380,app_open,2026-03-28T08:33:03Z
USR003278,fx_rate_viewed,2026-03-28T09:09:42Z
USR001871,card_payment_viewed,2026-03-28T13:15:35Z
USR003483,crypto_trade_started,2026-03-28T13:19:03Z
USR003136,crypto_trade_started,2026-03-28T13:47:16Z
USR000980,fx_rate_viewed,2026-03-28T15:34:55Z
USR001555,app_open,2026-03-28T16:20:44Z
USR000958,transfer_completed,2026-03-28T16:30:54Z
USR000167,fx_rate_viewed,2026-03-28T20:10:42Z
USR004952,app_open,2026-03-28T22:04:08Z
USR003274,transfer_started,2026-03-29T02:00:19Z
USR000167,card_payment_viewed,2026-03-29T07:15:38Z
USR000780,plan_screen_viewed,2026-03-29T12:50:26Z
USR003612,fx_rate_viewed,2026-03-29T16:15:52Z
USR000537,crypto_trade_started,2026-03-29T19:11:44Z
USR003278,app_open,2026-03-29T19:29:08Z
USR004025,app_open,2026-03-29T20:21:15Z
USR000242,card_payment_viewed,2026-03-29T20:52:38Z
USR004278,app_open,2026-03-29T20:55:19Z
USR004295,fx_rate_viewed,2026-03-29T22:28:10Z
USR003389,transfer_completed,2026-03-30T00:38:45Z
USR001816,transfer_started,2026-03-30T03:31:54Z
USR000530,crypto_trade_started,2026-03-30T04:52:35Z
USR001182,stock_order_started,2026-03-30T04:54:55Z
USR003024,app_open,2026-03-30T05:46:53Z
USR003618,crypto_trade_started,2026-03-30T06:07:07Z
USR000900,transfer_started,2026-03-30T09:08:15Z
USR001599,savings_vault_opened,2026-03-30T09:37:47Z
USR003611,crypto_trade_started,2026-03-30T10:02:47Z
USR003316,app_open,2026-03-30T11:15:29Z
USR001640,transfer_completed,2026-03-30T11:23:51Z
USR001879,card_payment_viewed,2026-03-30T11:49:40Z
USR003821,plan_screen_viewed,2026-03-30T12:01:01Z
USR001706,fx_rate_viewed,2026-03-30T14:45:00Z
USR000796,transfer_completed,2026-03-30T15:22:28Z
USR004711,transfer_started,2026-03-30T15:56:31Z
USR003794,app_open,2026-03-30T16:47:35Z
USR004453,app_open,2026-03-30T16:50:01Z
USR000146,transfer_completed,2026-03-30T17:18:45Z
USR003408,card_payment_viewed,2026-03-30T18:11:33Z
USR004295,card_payment_viewed,2026-03-30T18:20:29Z
USR003715,transfer_started,2026-03-30T21:50:52Z
USR002734,stock_order_started,2026-03-30T22:32:25Z
USR002002,app_open,2026-03-30T22:48:52Z
USR000891,crypto_trade_started,2026-03-30T22:54:58Z
USR003872,app_open,2026-03-30T23:38:57Z
USR002583,app_open,2026-03-30T23:42:02Z
USR003277,app_open,2026-03-30T23:58:25Z
USR000897,card_payment_viewed,2026-03-31T00:03:21Z
USR001929,app_open,2026-03-31T00:58:04Z
USR003400,transfer_completed,2026-03-31T01:04:56Z
USR001738,card_payment_viewed,2026-03-31T01:49:20Z
USR002515,app_open,2026-03-31T02:29:39Z
USR004248,app_open,2026-03-31T02:54:58Z
USR003549,card_payment_viewed,2026-03-31T03:21:34Z
USR004967,transfer_completed,2026-03-31T04:12:56Z
USR001648,fx_rate_viewed,2026-03-31T08:19:36Z
USR002097,transfer_started,2026-03-31T08:49:02Z
USR003739,card_payment_viewed,2026-03-31T09:47:04Z
USR003803,app_open,2026-03-31T10:31:29Z
USR000695,plan_screen_viewed,2026-03-31T10:56:26Z
USR003378,app_open,2026-03-31T12:41:24Z
USR004041,transfer_started,2026-03-31T14:23:32Z
USR002779,app_open,2026-03-31T15:04:42Z
USR004285,card_payment_viewed,2026-03-31T15:16:04Z
USR003109,transfer_started,2026-03-31T18:44:29Z
USR001399,stock_order_started,2026-03-31T23:34:56Z
USR001877,transfer_completed,2026-04-01T00:07:38Z
USR004630,card_payment_viewed,2026-04-01T01:42:57Z
USR004822,savings_vault_opened,2026-04-01T02:07:33Z
USR003776,app_open,2026-04-01T02:42:59Z
USR003958,transfer_completed,2026-04-01T03:26:19Z
USR002841,support_opened,2026-04-01T04:52:40Z
USR003083,transfer_started,2026-04-01T06:28:46Z
USR004407,transfer_completed,2026-04-01T06:50:10Z
USR003436,app_open,2026-04-01T08:09:04Z
USR000526,app_open,2026-04-01T08:18:11Z
USR004845,app_open,2026-04-01T11:57:26Z
USR000387,transfer_completed,2026-04-01T12:17:38Z
USR000069,card_payment_viewed,2026-04-01T13:38:19Z
USR000241,stock_order_started,2026-04-01T16:31:49Z
USR000281,app_open,2026-04-01T22:13:02Z
USR000666,card_payment_viewed,2026-04-02T00:48:55Z
USR002296,app_open,2026-04-02T00:58:05Z
USR000034,transfer_started,2026-04-02T02:12:56Z
USR004409,app_open,2026-04-02T02:21:53Z
USR004293,savings_vault_opened,2026-04-02T02:33:08Z
USR003838,transfer_completed,2026-04-02T03:01:59Z
USR001318,card_payment_viewed,2026-04-02T05:08:12Z
USR003149,card_payment_viewed,2026-04-02T06:06:39Z
USR001212,stock_order_started,2026-04-02T06:36:14Z
USR004339,crypto_trade_started,2026-04-02T08:06:52Z
USR000110,fx_rate_viewed,2026-04-02T08:30:50Z
USR001682,card_payment_viewed,2026-04-02T12:26:07Z
USR004999,transfer_started,2026-04-02T14:02:57Z
USR001657,app_open,2026-04-02T16:30:54Z
USR001184,app_open,2026-04-02T17:05:14Z
USR001118,fx_rate_viewed,2026-04-02T17:26:10Z
USR003951,savings_vault_opened,2026-04-02T17:48:36Z
USR003255,fx_rate_viewed,2026-04-02T17:57:01Z
USR001639,app_open,2026-04-02T18:41:34Z
USR001342,card_payment_viewed,2026-04-02T19:05:19Z
USR003903,transfer_completed,2026-04-02T19:58:01Z
USR002256,app_open,2026-04-02T20:12:25Z
USR003016,card_payment_viewed,2026-04-02T21:59:49Z
USR001316,card_payment_viewed,2026-04-02T22:39:21Z
USR003085,card_payment_viewed,2026-04-03T01:13:33Z
USR000964,card_payment_viewed,2026-04-03T01:21:16Z
USR003080,app_open,2026-04-03T01:48:31Z
USR000050,fx_rate_viewed,2026-04-03T02:08:19Z
USR004883,app_open,2026-04-03T02:13:47Z
USR004371,transfer_completed,2026-04-03T03:39:45Z
USR003640,app_open,2026-04-03T05:20:46Z
USR002033,card_payment_viewed,2026-04-03T06:09:48Z
USR003923,savings_vault_opened,2026-04-03T06:26:59Z
USR003881,transfer_started,2026-04-03T07:42:24Z
USR002007,card_payment_viewed,2026-04-03T09:34:47Z
USR003951,card_payment_viewed,2026-04-03T10:30:30Z
USR002697,plan_screen_viewed,2026-04-03T12:20:24Z
USR002593,app_open,2026-04-03T13:43:26Z
USR003384,plan_screen_viewed,2026-04-03T15:23:19Z
USR001820,fx_rate_viewed,2026-04-03T19:15:01Z
USR000204,transfer_completed,2026-04-03T19:49:28Z
USR004645,transfer_completed,2026-04-03T20:05:48Z
USR004280,transfer_completed,2026-04-03T21:42:06Z
USR004636,savings_vault_opened,2026-04-03T21:47:48Z
USR003618,card_payment_viewed,2026-04-04T01:47:08Z
USR003893,card_payment_viewed,2026-04-04T01:54:04Z
USR004794,app_open,2026-04-04T02:24:10Z
USR002639,crypto_trade_started,2026-04-04T03:10:37Z
USR004954,transfer_started,2026-04-04T05:34:13Z
USR003861,transfer_completed,2026-04-04T05:35:40Z
USR000830,app_open,2026-04-04T07:05:58Z
USR002861,savings_vault_opened,2026-04-04T10:33:47Z
USR004555,app_open,2026-04-04T10:44:10Z
USR000133,savings_vault_opened,2026-04-04T11:06:15Z
USR000807,app_open,2026-04-04T11:54:22Z
USR003506,app_open,2026-04-04T13:21:34Z
USR000784,fx_rate_viewed,2026-04-04T13:59:10Z
USR002994,stock_order_started,2026-04-04T17:03:55Z
USR003033,app_open,2026-04-04T19:14:37Z
USR002875,app_open,2026-04-04T22:18:20Z
USR001178,plan_screen_viewed,2026-04-04T23:29:36Z
USR004020,card_payment_viewed,2026-04-05T01:47:55Z
USR003928,stock_order_started,2026-04-05T03:42:40Z
USR004139,app_open,2026-04-05T05:19:33Z
USR003701,app_open,2026-04-05T05:35:44Z
USR004462,transfer_started,2026-04-05T06:30:37Z
USR004470,support_opened,2026-04-05T06:32:33Z
USR000883,app_open,2026-04-05T06:46:43Z
USR001313,plan_screen_viewed,2026-04-05T06:52:34Z
USR002797,transfer_completed,2026-04-05T09:17:05Z
USR003800,app_open,2026-04-05T10:05:21Z
USR002085,app_open,2026-04-05T10:57:26Z
USR004014,transfer_started,2026-04-05T12:28:44Z
USR004307,card_payment_viewed,2026-04-05T13:36:12Z
USR002679,app_open,2026-04-05T15:22:22Z
USR002115,app_open,2026-04-05T16:23:38Z
USR003918,app_open,2026-04-05T16:56:00Z
USR004368,card_payment_viewed,2026-04-05T17:20:55Z
USR000821,app_open,2026-04-05T17:52:57Z
USR000143,app_open,2026-04-05T19:22:27Z
USR000529,plan_screen_viewed,2026-04-05T19:34:41Z
USR003696,app_open,2026-04-05T20:39:42Z
USR003488,transfer_completed,2026-04-05T22:58:41Z
USR004574,app_open,2026-04-06T00:04:51Z
USR003048,transfer_started,2026-04-06T01:05:29Z
USR002460,stock_order_started,2026-04-06T01:30:46Z
USR001373,transfer_started,2026-04-06T02:43:19Z
USR002251,transfer_completed,2026-04-06T06:19:24Z
USR001590,fx_rate_viewed,2026-04-06T07:21:03Z
USR002527,transfer_started,2026-04-06T08:39:00Z
USR004142,app_open,2026-04-06T08:54:31Z
USR002284,app_open,2026-04-06T09:04:37Z
USR004661,transfer_completed,2026-04-06T09:07:05Z
USR001742,stock_order_started,2026-04-06T12:07:08Z
USR003829,stock_order_started,2026-04-06T12:40:36Z
USR004723,app_open,2026-04-06T13:51:39Z
USR001831,app_open,2026-04-06T14:37:38Z
USR002636,crypto_trade_started,2026-04-06T18:53:53Z
USR000251,app_open,2026-04-06T20:52:44Z
USR004723,fx_rate_viewed,2026-04-06T23:57:33Z
USR004181,crypto_trade_started,2026-04-07T01:05:00Z
USR002634,support_opened,2026-04-07T01:17:16Z
USR001755,app_open,2026-04-07T03:19:45Z
USR001674,transfer_started,2026-04-07T06:32:10Z
USR003068,transfer_started,2026-04-07T07:20:09Z
USR004109,app_open,2026-04-07T10:36:45Z
USR000768,transfer_started,2026-04-07T14:24:35Z
USR001247,card_payment_viewed,2026-04-07T15:59:05Z
USR002268,savings_vault_opened,2026-04-07T15:59:08Z
USR000766,card_payment_viewed,2026-04-07T16:13:21Z
USR002989,fx_rate_viewed,2026-04-07T18:07:07Z
USR004426,app_open,2026-04-07T18:31:20Z
USR001662,transfer_started,2026-04-07T18:45:32Z
USR001864,transfer_started,2026-04-07T21:06:32Z
USR001382,card_payment_viewed,2026-04-07T23:23:58Z
USR004948,crypto_trade_started,2026-04-08T00:47:05Z
USR001342,card_payment_viewed,2026-04-08T01:38:48Z
USR001946,stock_order_started,2026-04-08T02:34:51Z
USR002741,app_open,2026-04-08T04:23:05Z
USR004727,app_open,2026-04-08T07:34:12Z
USR000122,plan_screen_viewed,2026-04-08T11:34:32Z
USR003049,card_payment_viewed,2026-04-08T12:25:59Z
USR003321,crypto_trade_started,2026-04-08T13:34:20Z
USR001906,transfer_completed,2026-04-08T13:46:58Z
USR004705,app_open,2026-04-08T13:51:26Z
USR002449,transfer_started,2026-04-08T15:06:43Z
USR002400,app_open,2026-04-08T15:57:45Z
USR000665,app_open,2026-04-08T16:23:36Z
USR004896,savings_vault_opened,2026-04-08T17:34:03Z
USR003263,app_open,2026-04-08T17:57:59Z
USR000334,app_open,2026-04-08T18:03:46Z
USR003491,transfer_completed,2026-04-08T18:15:39Z
USR003388,transfer_started,2026-04-08T19:49:50Z
USR002723,card_payment_viewed,2026-04-08T20:10:03Z
USR001986,fx_rate_viewed,2026-04-08T20:11:51Z
USR004211,app_open,2026-04-09T00:20:18Z
USR003588,transfer_started,2026-04-09T00:33:00Z
USR004272,transfer_completed,2026-04-09T02:41:38Z
USR001754,plan_screen_viewed,2026-04-09T04:03:58Z
USR000074,app_open,2026-04-09T05:18:46Z
USR004412,app_open,2026-04-09T06:09:05Z
USR003309,app_open,2026-04-09T06:11:01Z
USR000230,app_open,2026-04-09T06:49:33Z
USR003743,transfer_started,2026-04-09T06:57:22Z
USR002760,app_open,2026-04-09T07:48:32Z
USR003076,stock_order_started,2026-04-09T08:36:02Z
USR002447,app_open,2026-04-09T09:00:51Z
USR004151,transfer_started,2026-04-09T13:06:03Z
USR002379,app_open,2026-04-09T13:12:25Z
USR000097,plan_screen_viewed,2026-04-09T15:42:23Z
USR003341,transfer_completed,2026-04-09T17:28:29Z
USR003372,stock_order_started,2026-04-09T18:38:34Z
USR001693,card_payment_viewed,2026-04-09T18:40:25Z
USR002939,savings_vault_opened,2026-04-09T18:46:18Z
USR000498,app_open,2026-04-09T20:01:15Z
USR001703,transfer_started,2026-04-09T21:20:57Z
USR003495,transfer_completed,2026-04-10T01:40:06Z
USR004098,transfer_completed,2026-04-10T02:09:58Z
USR000739,card_payment_viewed,2026-04-10T02:13:59Z
USR002090,transfer_started,2026-04-10T02:15:58Z
USR002398,support_opened,2026-04-10T03:10:08Z
USR002234,transfer_completed,2026-04-10T03:44:07Z
USR002470,app_open,2026-04-10T04:13:51Z
USR004453,app_open,2026-04-10T06:41:52Z
USR001184,fx_rate_viewed,2026-04-10T06:42:35Z
USR000706,transfer_completed,2026-04-10T06:58:25Z
USR000468,app_open,2026-04-10T07:18:16Z
USR002002,savings_vault_opened,2026-04-10T07:49:41Z
USR003076,fx_rate_viewed,2026-04-10T08:09:32Z
USR003441,savings_vault_opened,2026-04-10T09:57:42Z
USR001075,app_open,2026-04-10T11:49:58Z
USR001303,card_payment_viewed,2026-04-10T12:01:30Z
USR003503,card_payment_viewed,2026-04-10T12:55:58Z
USR003810,app_open,2026-04-10T13:42:59Z
USR000830,app_open,2026-04-10T13:50:35Z
USR003470,transfer_started,2026-04-10T14:49:14Z
USR000132,savings_vault_opened,2026-04-10T15:16:10Z
USR001661,crypto_trade_started,2026-04-10T16:08:16Z
USR003292,app_open,2026-04-10T17:33:54Z
USR004448,card_payment_viewed,2026-04-10T19:17:37Z
USR003495,fx_rate_viewed,2026-04-10T19:53:59Z
USR000936,transfer_completed,2026-04-10T22:45:54Z
USR000658,card_payment_viewed,2026-04-10T22:53:06Z
USR001503,transfer_started,2026-04-10T22:57:25Z
USR002772,app_open,2026-04-10T23:55:03Z
USR002513,app_open,2026-04-11T00:17:29Z
USR000692,card_payment_viewed,2026-04-11T00:43:01Z
USR002439,card_payment_viewed,2026-04-11T02:29:22Z
USR002973,app_open,2026-04-11T02:53:43Z
USR001953,crypto_trade_started,2026-04-11T06:52:19Z
USR000371,card_payment_viewed,2026-04-11T08:35:36Z
USR004978,app_open,2026-04-11T09:43:46Z
USR003138,app_open,2026-04-11T11:41:01Z
USR003869,stock_order_started,2026-04-11T12:09:31Z
USR003307,fx_rate_viewed,2026-04-11T14:48:40Z
USR001083,card_payment_viewed,2026-04-11T19:55:27Z
USR003139,app_open,2026-04-11T21:06:06Z
USR002397,transfer_started,2026-04-11T22:40:36Z
USR001252,transfer_completed,2026-04-11T23:06:48Z
USR004805,app_open,2026-04-11T23:58:55Z
USR001769,card_payment_viewed,2026-04-12T02:12:19Z
USR002770,crypto_trade_started,2026-04-12T03:24:03Z
USR002870,app_open,2026-04-12T04:46:34Z
USR000453,app_open,2026-04-12T04:59:49Z
USR004369,transfer_completed,2026-04-12T05:39:50Z
USR002005,app_open,2026-04-12T05:47:59Z
USR002363,crypto_trade_started,2026-04-12T05:53:53Z
USR003373,app_open,2026-04-12T07:48:55Z
USR003932,app_open,2026-04-12T11:55:43Z
USR002017,transfer_started,2026-04-12T11:58:07Z
USR001532,fx_rate_viewed,2026-04-12T17:02:59Z
USR004887,stock_order_started,2026-04-12T17:51:26Z
USR000147,app_open,2026-04-12T18:33:25Z
USR003035,card_payment_viewed,2026-04-12T20:14:43Z
USR002616,transfer_completed,2026-04-12T20:31:44Z
USR002421,fx_rate_viewed,2026-04-12T21:09:06Z
USR002223,app_open,2026-04-12T21:32:41Z
USR000597,app_open,2026-04-12T22:27:27Z
USR002814,savings_vault_opened,2026-04-12T22:52:45Z
USR004590,card_payment_viewed,2026-04-13T01:15:01Z
USR001262,savings_vault_opened,2026-04-13T01:44:55Z
USR002394,app_open,2026-04-13T02:11:19Z
USR004369,stock_order_started,2026-04-13T02:14:01Z
USR003537,card_payment_viewed,2026-04-13T02:15:30Z
USR000929,savings_vault_opened,2026-04-13T04:17:18Z
USR001989,card_payment_viewed,2026-04-13T06:19:03Z
USR003098,fx_rate_viewed,2026-04-13T07:06:22Z
USR000340,app_open,2026-04-13T09:53:23Z
USR003642,transfer_completed,2026-04-13T12:25:50Z
USR003345,stock_order_started,2026-04-13T14:45:51Z
USR001582,app_open,2026-04-13T17:16:41Z
USR004156,app_open,2026-04-13T17:40:14Z
USR002732,fx_rate_viewed,2026-04-13T19:03:44Z
USR001554,transfer_started,2026-04-13T19:12:10Z
USR000732,transfer_completed,2026-04-13T21:17:27Z
USR002552,app_open,2026-04-14T00:58:25Z
USR000767,app_open,2026-04-14T01:30:26Z
USR002128,transfer_started,2026-04-14T02:22:09Z
USR003622,card_payment_viewed,2026-04-14T03:56:26Z
USR002618,transfer_started,2026-04-14T07:47:39Z
USR001893,app_open,2026-04-14T08:37:10Z
USR001447,transfer_completed,2026-04-14T09:55:08Z
USR001554,app_open,2026-04-14T10:04:16Z
USR003217,app_open,2026-04-14T10:26:53Z
USR004778,transfer_started,2026-04-14T11:02:43Z
USR004600,app_open,2026-04-14T14:15:26Z
USR003036,transfer_started,2026-04-14T14:18:05Z
USR003522,stock_order_started,2026-04-14T20:25:18Z
USR003966,transfer_completed,2026-04-14T20:33:21Z
USR000272,stock_order_started,2026-04-14T21:41:13Z
USR003048,transfer_started,2026-04-14T22:06:26Z
USR003810,support_opened,2026-04-14T22:19:08Z
USR002231,transfer_completed,2026-04-15T00:25:51Z
USR000745,crypto_trade_started,2026-04-15T00:48:18Z
USR001015,transfer_completed,2026-04-15T01:33:34Z
USR002270,transfer_started,2026-04-15T04:00:01Z
USR001640,transfer_completed,2026-04-15T04:58:53Z
USR004630,app_open,2026-04-15T05:12:31Z
USR002038,app_open,2026-04-15T06:42:52Z
USR000447,app_open,2026-04-15T07:58:26Z
USR000015,app_open,2026-04-15T13:24:25Z
USR000920,transfer_started,2026-04-15T14:21:08Z
USR002831,transfer_started,2026-04-15T15:08:52Z
USR002291,transfer_started,2026-04-15T22:14:41Z
USR001818,card_payment_viewed,2026-04-15T23:29:17Z
USR001688,transfer_started,2026-04-16T00:57:49Z
USR000295,app_open,2026-04-16T02:27:49Z
USR002470,app_open,2026-04-16T04:20:29Z
USR000550,support_opened,2026-04-16T05:07:15Z
USR004119,card_payment_viewed,2026-04-16T05:34:32Z
USR002636,savings_vault_opened,2026-04-16T06:18:18Z
USR003079,savings_vault_opened,2026-04-16T06:19:13Z
USR002825,card_payment_viewed,2026-04-16T06:36:20Z
USR003028,savings_vault_opened,2026-04-16T07:30:24Z
USR000012,fx_rate_viewed,2026-04-16T10:08:06Z
USR002953,support_opened,2026-04-16T11:49:23Z
USR004944,fx_rate_viewed,2026-04-16T19:01:00Z
USR001466,plan_screen_viewed,2026-04-16T19:10:46Z
USR000680,transfer_completed,2026-04-16T20:34:41Z
USR001134,app_open,2026-04-16T20:38:05Z
USR004903,card_payment_viewed,2026-04-16T20:43:09Z
USR001065,savings_vault_opened,2026-04-16T20:53:16Z
USR004390,card_payment_viewed,2026-04-16T21:49:23Z
USR002436,app_open,2026-04-16T22:23:50Z
USR003212,app_open,2026-04-16T22:35:38Z
USR003625,transfer_completed,2026-04-17T00:04:02Z
USR003102,savings_vault_opened,2026-04-17T00:17:13Z
USR004977,app_open,2026-04-17T00:54:21Z
USR002423,transfer_completed,2026-04-17T05:22:59Z
USR004480,app_open,2026-04-17T10:30:41Z
USR004622,card_payment_viewed,2026-04-17T12:48:21Z
USR001891,app_open,2026-04-17T12:52:02Z
USR001767,card_payment_viewed,2026-04-17T12:56:57Z
USR001961,plan_screen_viewed,2026-04-17T22:00:31Z
USR002293,app_open,2026-04-17T23:18:25Z
USR002845,app_open,2026-04-17T23:34:10Z
USR003864,card_payment_viewed,2026-04-18T00:08:57Z
USR003114,app_open,2026-04-18T00:28:08Z
USR001142,app_open,2026-04-18T03:19:34Z
USR001234,transfer_started,2026-04-18T04:30:15Z
USR001931,plan_screen_viewed,2026-04-18T07:11:57Z
USR003029,plan_screen_viewed,2026-04-18T08:46:58Z
USR000858,transfer_completed,2026-04-18T10:03:19Z
USR000660,fx_rate_viewed,2026-04-18T11:30:17Z
USR004797,card_payment_viewed,2026-04-18T13:15:28Z
USR003827,card_payment_viewed,2026-04-18T14:47:26Z
USR003273,app_open,2026-04-18T14:48:50Z
USR001005,app_open,2026-04-18T16:10:26Z
USR004119,app_open,2026-04-18T16:58:21Z
USR004931,transfer_completed,2026-04-18T21:50:52Z
USR004103,app_open,2026-04-18T23:29:00Z
USR002278,transfer_completed,2026-04-19T00:04:17Z
USR002438,app_open,2026-04-19T00:38:07Z
USR004360,transfer_completed,2026-04-19T01:02:12Z
USR002684,card_payment_viewed,2026-04-19T01:16:27Z
USR002306,app_open,2026-04-19T01:21:04Z
USR004592,app_open,2026-04-19T04:22:27Z
USR003278,card_payment_viewed,2026-04-19T05:21:10Z
USR004867,app_open,2026-04-19T05:53:30Z
USR002977,app_open,2026-04-19T06:25:01Z
USR001454,transfer_started,2026-04-19T07:42:16Z
USR002470,support_opened,2026-04-19T08:26:06Z
USR002934,app_open,2026-04-19T09:01:34Z
USR004375,app_open,2026-04-19T10:21:24Z
USR002113,stock_order_started,2026-04-19T10:57:47Z
USR004691,card_payment_viewed,2026-04-19T11:17:39Z
USR002013,card_payment_viewed,2026-04-19T11:56:07Z
USR001109,app_open,2026-04-19T15:12:25Z
USR003579,fx_rate_viewed,2026-04-19T15:28:09Z
USR003878,app_open,2026-04-19T17:18:59Z
USR001917,app_open,2026-04-19T19:31:19Z
USR001159,app_open,2026-04-19T19:33:55Z
USR004383,stock_order_started,2026-04-19T21:19:01Z
USR001484,app_open,2026-04-19T23:58:36Z
USR001695,app_open,2026-04-20T02:45:22Z
USR003842,card_payment_viewed,2026-04-20T05:08:04Z
USR004615,transfer_started,2026-04-20T06:22:43Z
USR001911,transfer_completed,2026-04-20T06:31:21Z
USR004114,app_open,2026-04-20T07:46:26Z
USR002304,plan_screen_viewed,2026-04-20T08:50:45Z
USR004560,crypto_trade_started,2026-04-20T08:51:15Z
USR000743,app_open,2026-04-20T11:32:44Z
USR001844,transfer_started,2026-04-20T14:48:57Z
USR004042,crypto_trade_started,2026-04-20T17:29:14Z
USR003340,transfer_started,2026-04-20T19:14:36Z
USR004114,app_open,2026-04-20T21:12:07Z
USR001270,fx_rate_viewed,2026-04-20T22:47:05Z
USR004928,crypto_trade_started,2026-04-20T23:24:37Z
USR004557,app_open,2026-04-20T23:32:48Z
USR003807,app_open,2026-04-21T00:58:41Z
USR001958,transfer_started,2026-04-21T01:27:41Z
USR003348,transfer_completed,2026-04-21T01:44:10Z
USR000081,app_open,2026-04-21T02:16:17Z
USR004399,card_payment_viewed,2026-04-21T04:44:08Z
USR003016,card_payment_viewed,2026-04-21T05:18:47Z
USR003910,plan_screen_viewed,2026-04-21T06:22:53Z
USR003396,transfer_completed,2026-04-21T06:23:41Z
USR003419,app_open,2026-04-21T07:44:22Z
USR004273,fx_rate_viewed,2026-04-21T08:05:50Z
USR003522,card_payment_viewed,2026-04-21T09:18:18Z
USR002285,fx_rate_viewed,2026-04-21T09:31:04Z
USR002608,transfer_completed,2026-04-21T11:38:20Z
USR001354,transfer_started,2026-04-21T12:11:33Z
USR000784,transfer_started,2026-04-21T12:14:54Z
USR001371,fx_rate_viewed,2026-04-21T12:30:24Z
USR000781,support_opened,2026-04-21T14:06:23Z
USR003005,app_open,2026-04-21T14:23:56Z
USR003011,app_open,2026-04-21T15:37:32Z
USR000745,app_open,2026-04-21T23:13:40Z
USR000754,crypto_trade_started,2026-04-22T01:13:44Z
USR001622,app_open,2026-04-22T02:46:39Z
USR001617,plan_screen_viewed,2026-04-22T04:55:47Z
USR002737,app_open,2026-04-22T10:12:39Z
USR001184,transfer_completed,2026-04-22T15:40:43Z
USR002124,transfer_started,2026-04-22T16:12:19Z
USR002874,app_open,2026-04-22T17:16:13Z
USR000373,stock_order_started,2026-04-22T20:41:51Z
USR004832,card_payment_viewed,2026-04-22T22:54:55Z
USR004365,app_open,2026-04-22T22:56:31Z
USR000031,app_open,2026-04-22T23:39:34Z
USR001940,card_payment_viewed,2026-04-22T23:58:46Z
USR003601,support_opened,2026-04-23T00:27:47Z
USR003620,card_payment_viewed,2026-04-23T00:50:02Z
USR003827,card_payment_viewed,2026-04-23T01:09:30Z
USR004918,app_open,2026-04-23T01:42:17Z
USR001742,app_open,2026-04-23T03:42:36Z
USR004001,transfer_completed,2026-04-23T06:54:32Z
USR002639,card_payment_viewed,2026-04-23T08:42:15Z
USR002470,app_open,2026-04-23T10:19:21Z
USR002833,transfer_completed,2026-04-23T11:24:45Z
USR003449,transfer_completed,2026-04-23T12:09:11Z
USR003517,app_open,2026-04-23T12:27:24Z
USR000558,app_open,2026-04-23T12:44:44Z
USR002194,transfer_started,2026-04-23T13:54:58Z
USR004523,plan_screen_viewed,2026-04-23T13:55:42Z
USR000296,crypto_trade_started,2026-04-23T18:09:47Z
USR003547,crypto_trade_started,2026-04-23T18:44:47Z
USR000992,card_payment_viewed,2026-04-23T20:08:31Z
USR001863,app_open,2026-04-23T20:47:14Z
USR001108,plan_screen_viewed,2026-04-23T22:07:54Z
USR000664,transfer_completed,2026-04-23T23:14:07Z
USR002722,app_open,2026-04-23T23:18:57Z
USR002186,crypto_trade_started,2026-04-24T01:52:14Z
USR001107,card_payment_viewed,2026-04-24T02:16:39Z
USR001040,card_payment_viewed,2026-04-24T03:50:49Z
USR003038,card_payment_viewed,2026-04-24T05:33:18Z
USR004593,transfer_completed,2026-04-24T05:45:16Z
USR004017,app_open,2026-04-24T11:51:19Z
USR003306,app_open,2026-04-24T13:08:18Z
USR000344,transfer_started,2026-04-24T17:11:20Z
USR004711,crypto_trade_started,2026-04-24T17:16:46Z
USR000903,transfer_completed,2026-04-24T17:52:18Z
USR000685,transfer_started,2026-04-24T18:57:47Z
USR001200,fx_rate_viewed,2026-04-24T19:56:11Z
USR001544,support_opened,2026-04-24T20:34:50Z
USR001616,card_payment_viewed,2026-04-24T21:20:15Z
USR000880,card_payment_viewed,2026-04-24T22:26:33Z
USR004950,transfer_completed,2026-04-24T22:31:20Z
USR003511,transfer_started,2026-04-25T01:00:54Z
USR004537,savings_vault_opened,2026-04-25T06:16:01Z
USR001279,transfer_completed,2026-04-25T07:29:01Z
USR001407,app_open,2026-04-25T07:35:01Z
USR004924,transfer_started,2026-04-25T08:02:31Z
USR003013,transfer_started,2026-04-25T11:53:54Z
USR003299,card_payment_viewed,2026-04-25T12:35:47Z
USR002691,app_open,2026-04-25T16:27:52Z
USR003919,card_payment_viewed,2026-04-25T16:35:18Z
USR003999,app_open,2026-04-25T17:53:46Z
USR002390,app_open,2026-04-25T18:45:59Z
USR001865,card_payment_viewed,2026-04-25T19:22:39Z
USR004503,transfer_completed,2026-04-25T19:24:15Z
USR001986,fx_rate_viewed,2026-04-25T20:21:03Z
USR004105,app_open,2026-04-25T20:31:50Z
USR002382,crypto_trade_started,2026-04-26T00:23:07Z
USR004249,app_open,2026-04-26T02:41:48Z
USR000873,crypto_trade_started,2026-04-26T03:18:35Z
USR001879,stock_order_started,2026-04-26T03:50:59Z
USR002718,transfer_started,2026-04-26T05:26:24Z
USR001979,transfer_started,2026-04-26T05:35:59Z
USR000279,stock_order_started,2026-04-26T06:48:36Z
USR001949,transfer_started,2026-04-26T12:21:35Z
USR004107,transfer_completed,2026-04-26T12:43:13Z
USR001691,transfer_started,2026-04-26T15:01:23Z
USR004293,app_open,2026-04-26T16:01:48Z
USR004335,card_payment_viewed,2026-04-26T18:46:53Z
USR000071,app_open,2026-04-26T20:48:33Z
USR003268,app_open,2026-04-26T20:49:32Z
USR003011,app_open,2026-04-26T21:33:24Z
USR001439,app_open,2026-04-26T22:56:34Z
USR001998,crypto_trade_started,2026-04-27T00:45:21Z
USR001825,card_payment_viewed,2026-04-27T00:54:48Z
USR003857,transfer_completed,2026-04-27T02:26:48Z
USR003145,crypto_trade_started,2026-04-27T03:47:34Z
USR002304,card_payment_viewed,2026-04-27T05:06:58Z
USR002889,transfer_started,2026-04-27T05:24:10Z
USR003437,app_open,2026-04-27T08:14:31Z
USR003963,card_payment_viewed,2026-04-27T09:00:07Z
USR000710,transfer_completed,2026-04-27T09:49:19Z
USR001336,app_open,2026-04-27T11:43:35Z
USR001636,app_open,2026-04-27T13:58:23Z
USR001425,app_open,2026-04-27T15:38:38Z
USR003669,app_open,2026-04-27T15:44:00Z
USR001006,card_payment_viewed,2026-04-27T17:02:24Z
USR000948,card_payment_viewed,2026-04-27T18:27:22Z
USR001599,transfer_completed,2026-04-28T02:40:13Z
USR002854,app_open,2026-04-28T03:57:28Z
USR004238,transfer_completed,2026-04-28T06:01:21Z
USR001703,crypto_trade_started,2026-04-28T06:28:08Z
USR004861,app_open,2026-04-28T06:58:20Z
USR002795,crypto_trade_started,2026-04-28T07:03:21Z
USR004212,app_open,2026-04-28T08:05:06Z
USR004518,plan_screen_viewed,2026-04-28T08:30:08Z
USR000053,app_open,2026-04-28T10:57:10Z
USR003464,card_payment_viewed,2026-04-28T15:00:18Z
USR001956,stock_order_started,2026-04-28T15:10:16Z
USR003209,app_open,2026-04-28T18:16:14Z
USR000507,card_payment_viewed,2026-04-28T20:05:57Z
USR000402,app_open,2026-04-28T20:12:06Z
USR002160,plan_screen_viewed,2026-04-28T20:27:36Z
USR000051,stock_order_started,2026-04-28T21:07:22Z
USR004637,crypto_trade_started,2026-04-28T21:26:56Z
USR003997,transfer_completed,2026-04-28T21:27:26Z
USR004327,stock_order_started,2026-04-28T22:47:55Z
USR000250,card_payment_viewed,2026-04-29T01:06:22Z
USR000941,transfer_started,2026-04-29T01:06:54Z
USR003266,app_open,2026-04-29T02:13:58Z
USR003254,transfer_completed,2026-04-29T03:31:33Z
USR000452,support_opened,2026-04-29T03:33:29Z
USR000253,card_payment_viewed,2026-04-29T05:22:35Z
USR001476,transfer_completed,2026-04-29T08:50:02Z
USR001564,card_payment_viewed,2026-04-29T08:50:13Z
USR000794,crypto_trade_started,2026-04-29T12:01:16Z
USR002311,fx_rate_viewed,2026-04-29T12:29:00Z
USR004687,app_open,2026-04-29T12:54:15Z
USR004712,transfer_completed,2026-04-29T13:19:01Z
USR000971,card_payment_viewed,2026-04-29T13:21:24Z
USR000528,card_payment_viewed,2026-04-29T16:48:54Z
USR004822,transfer_completed,2026-04-29T16:48:56Z
USR000056,transfer_started,2026-04-29T17:28:05Z
USR003618,support_opened,2026-04-29T17:38:13Z
USR000038,transfer_completed,2026-04-29T17:41:39Z
USR003750,crypto_trade_started,2026-04-29T20:38:19Z
USR000687,savings_vault_opened,2026-04-29T21:31:16Z
USR000638,fx_rate_viewed,2026-04-29T22:18:36Z
USR000122,fx_rate_viewed,2026-04-29T23:14:11Z
USR004650,transfer_started,2026-04-30T03:27:01Z
USR001667,app_open,2026-04-30T05:06:14Z
USR000697,card_payment_viewed,2026-04-30T07:21:52Z
USR001744,plan_screen_viewed,2026-04-30T08:23:26Z
USR004301,app_open,2026-04-30T08:35:07Z
USR002186,transfer_completed,2026-04-30T09:15:02Z
USR000791,transfer_completed,2026-04-30T10:17:34Z
USR002254,app_open,2026-04-30T11:41:07Z
USR003777,app_open,2026-04-30T13:47:46Z
USR002415,transfer_started,2026-04-30T18:38:13Z
USR003112,transfer_started,2026-04-30T19:42:09Z
USR002992,savings_vault_opened,2026-04-30T23:13:18Z
USR001625,plan_screen_viewed,2026-05-01T00:30:56Z
USR004239,transfer_started,2026-05-01T05:37:47Z
USR000209,transfer_started,2026-05-01T06:30:24Z
USR001680,transfer_completed,2026-05-01T06:57:00Z
USR004961,savings_vault_opened,2026-05-01T08:34:13Z
USR003731,card_payment_viewed,2026-05-01T10:30:44Z
USR004525,support_opened,2026-05-01T11:23:28Z
USR001155,transfer_started,2026-05-01T12:39:49Z
USR001670,stock_order_started,2026-05-01T12:58:03Z
USR000971,app_open,2026-05-01T14:46:18Z
USR000681,savings_vault_opened,2026-05-01T18:28:30Z
USR002186,stock_order_started,2026-05-01T20:50:05Z
USR003972,fx_rate_viewed,2026-05-01T23:35:52Z
USR001412,card_payment_viewed,2026-05-02T02:02:48Z
USR000578,card_payment_viewed,2026-05-02T03:26:15Z
USR004496,transfer_started,2026-05-02T04:29:20Z
USR003024,app_open,2026-05-02T06:10:58Z
USR003148,app_open,2026-05-02T08:00:28Z
USR004666,card_payment_viewed,2026-05-02T09:20:30Z
USR001308,app_open,2026-05-02T09:49:03Z
USR000718,savings_vault_opened,2026-05-02T10:47:05Z
USR002276,transfer_started,2026-05-02T12:49:00Z
USR002912,card_payment_viewed,2026-05-02T17:33:41Z
USR000191,card_payment_viewed,2026-05-02T19:30:11Z
USR003414,app_open,2026-05-02T20:10:53Z
USR002363,card_payment_viewed,2026-05-02T20:34:44Z
USR003919,app_open,2026-05-02T20:40:45Z
USR000852,crypto_trade_started,2026-05-02T21:30:49Z
USR001959,card_payment_viewed,2026-05-03T00:13:16Z
USR004893,app_open,2026-05-03T00:21:56Z
USR003208,savings_vault_opened,2026-05-03T00:37:06Z
USR000317,app_open,2026-05-03T03:52:28Z
USR003897,plan_screen_viewed,2026-05-03T07:28:38Z
USR003321,transfer_started,2026-05-03T09:01:37Z
USR003708,app_open,2026-05-03T11:10:57Z
USR004836,transfer_started,2026-05-03T12:15:37Z
USR002723,card_payment_viewed,2026-05-03T14:05:59Z
USR004379,plan_screen_viewed,2026-05-03T15:35:32Z
USR003464,transfer_started,2026-05-03T15:50:38Z
USR000749,transfer_completed,2026-05-03T17:11:15Z
USR000031,app_open,2026-05-03T17:34:34Z
USR002948,app_open,2026-05-03T18:49:26Z
USR003098,card_payment_viewed,2026-05-03T21:32:17Z
USR001795,stock_order_started,2026-05-03T23:27:30Z
USR003516,card_payment_viewed,2026-05-04T00:04:49Z
USR003618,crypto_trade_started,2026-05-04T02:53:16Z
USR001552,app_open,2026-05-04T04:20:28Z
USR000356,app_open,2026-05-04T05:18:28Z
USR001776,card_payment_viewed,2026-05-04T06:40:32Z
USR001741,app_open,2026-05-04T10:53:01Z
USR004424,app_open,2026-05-04T10:56:58Z
USR003365,savings_vault_opened,2026-05-04T11:18:59Z
USR004138,card_payment_viewed,2026-05-04T14:44:19Z
USR002612,card_payment_viewed,2026-05-04T15:07:55Z
USR000925,app_open,2026-05-04T16:47:48Z
USR004035,card_payment_viewed,2026-05-04T17:51:42Z
USR004070,savings_vault_opened,2026-05-04T19:30:33Z
USR000681,app_open,2026-05-04T21:15:47Z
USR004444,card_payment_viewed,2026-05-04T23:40:55Z
USR003812,transfer_started,2026-05-04T23:47:42Z
USR001527,stock_order_started,2026-05-05T01:05:39Z
USR003832,app_open,2026-05-05T03:08:03Z
USR003623,crypto_trade_started,2026-05-05T03:40:40Z
USR001922,support_opened,2026-05-05T06:00:49Z
USR001091,card_payment_viewed,2026-05-05T07:12:46Z
USR002983,fx_rate_viewed,2026-05-05T07:56:52Z
USR001162,app_open,2026-05-05T10:33:00Z
USR001896,savings_vault_opened,2026-05-05T11:02:24Z
USR004143,app_open,2026-05-05T11:53:06Z
USR004833,crypto_trade_started,2026-05-05T12:06:34Z
USR001361,card_payment_viewed,2026-05-05T12:48:21Z
USR001065,transfer_started,2026-05-05T13:00:10Z
USR001378,plan_screen_viewed,2026-05-05T13:31:28Z
USR002320,app_open,2026-05-05T19:22:59Z
USR003750,transfer_completed,2026-05-05T20:51:20Z
USR004223,app_open,2026-05-05T21:45:36Z
USR002612,transfer_completed,2026-05-05T21:55:36Z
USR001975,transfer_completed,2026-05-05T22:08:03Z
USR003737,app_open,2026-05-05T23:30:11Z
USR001532,app_open,2026-05-06T01:55:59Z
USR002258,transfer_completed,2026-05-06T02:39:49Z
USR003837,savings_vault_opened,2026-05-06T05:04:07Z
USR002866,transfer_started,2026-05-06T05:09:15Z
USR001634,app_open,2026-05-06T06:44:17Z
USR004775,app_open,2026-05-06T07:46:45Z
USR000634,stock_order_started,2026-05-06T10:15:37Z
USR002590,app_open,2026-05-06T11:05:52Z
USR004765,app_open,2026-05-06T11:30:49Z
USR001256,app_open,2026-05-06T11:43:25Z
USR001586,savings_vault_opened,2026-05-06T15:17:04Z
USR002149,transfer_started,2026-05-06T15:29:43Z
USR000092,support_opened,2026-05-06T17:41:27Z
USR001195,savings_vault_opened,2026-05-06T18:42:37Z
USR003541,card_payment_viewed,2026-05-06T18:54:10Z
USR004110,app_open,2026-05-06T22:36:58Z
USR000750,transfer_completed,2026-05-06T22:45:13Z
USR002010,transfer_completed,2026-05-07T00:01:11Z
USR003185,plan_screen_viewed,2026-05-07T01:42:04Z
USR004854,card_payment_viewed,2026-05-07T02:05:28Z
USR003431,transfer_started,2026-05-07T02:20:03Z
USR000674,app_open,2026-05-07T03:51:40Z
USR002979,app_open,2026-05-07T04:46:48Z
USR004274,app_open,2026-05-07T06:24:04Z
USR000791,app_open,2026-05-07T07:55:05Z
USR000649,crypto_trade_started,2026-05-07T09:44:40Z
USR004619,stock_order_started,2026-05-07T10:04:57Z
USR003964,support_opened,2026-05-07T11:33:30Z
USR003964,card_payment_viewed,2026-05-07T12:17:22Z
USR001827,card_payment_viewed,2026-05-07T12:42:38Z
USR000254,app_open,2026-05-07T12:49:00Z
USR004495,app_open,2026-05-07T16:09:36Z
USR004740,card_payment_viewed,2026-05-07T16:21:48Z
USR002653,card_payment_viewed,2026-05-07T17:05:00Z
USR004411,transfer_started,2026-05-07T17:13:39Z
USR000910,transfer_completed,2026-05-07T17:32:11Z
USR002447,transfer_completed,2026-05-07T17:58:54Z
USR000923,app_open,2026-05-07T19:04:44Z
USR004868,app_open,2026-05-07T19:28:06Z
USR002177,app_open,2026-05-07T21:03:35Z
USR000671,crypto_trade_started,2026-05-07T22:00:23Z
USR001417,card_payment_viewed,2026-05-08T01:39:17Z
USR002346,transfer_started,2026-05-08T02:31:30Z
USR002937,card_payment_viewed,2026-05-08T02:39:59Z
USR001811,plan_screen_viewed,2026-05-08T02:53:54Z
USR000068,transfer_completed,2026-05-08T03:12:43Z
USR004076,app_open,2026-05-08T04:43:22Z
USR004286,support_opened,2026-05-08T18:19:13Z
USR000906,support_opened,2026-05-08T20:15:06Z
USR000481,fx_rate_viewed,2026-05-08T20:25:40Z
USR002491,crypto_trade_started,2026-05-08T20:41:13Z
USR004751,savings_vault_opened,2026-05-09T00:20:45Z
USR004454,app_open,2026-05-09T01:12:33Z
USR003273,app_open,2026-05-09T01:19:08Z
USR000630,transfer_completed,2026-05-09T04:02:46Z
USR000526,transfer_completed,2026-05-09T04:20:21Z
USR002566,transfer_started,2026-05-09T05:58:25Z
USR000885,card_payment_viewed,2026-05-09T06:12:10Z
USR002864,app_open,2026-05-09T06:14:51Z
USR001020,app_open,2026-05-09T07:48:52Z
USR001325,card_payment_viewed,2026-05-09T10:34:34Z
USR004342,fx_rate_viewed,2026-05-09T10:44:02Z
USR002182,crypto_trade_started,2026-05-09T10:50:08Z
USR004345,app_open,2026-05-09T12:28:51Z
USR003840,crypto_trade_started,2026-05-09T12:39:49Z
USR003487,crypto_trade_started,2026-05-09T13:14:46Z
USR000878,plan_screen_viewed,2026-05-09T14:44:11Z
USR001326,app_open,2026-05-09T15:28:32Z
USR004740,transfer_completed,2026-05-09T16:22:35Z
USR001689,savings_vault_opened,2026-05-09T16:34:59Z
USR002881,transfer_started,2026-05-09T17:21:53Z
USR004467,transfer_started,2026-05-09T18:20:47Z
USR004626,app_open,2026-05-09T20:15:30Z
USR004169,app_open,2026-05-09T20:42:29Z
USR001384,app_open,2026-05-09T21:57:55Z
USR001783,card_payment_viewed,2026-05-09T23:13:35Z
USR004363,fx_rate_viewed,2026-05-09T23:58:33Z
USR004539,transfer_started,2026-05-10T00:16:43Z
USR000324,app_open,2026-05-10T04:04:24Z
USR000403,transfer_completed,2026-05-10T05:28:19Z
USR004209,support_opened,2026-05-10T06:51:45Z
USR000869,card_payment_viewed,2026-05-10T12:53:32Z
USR000916,app_open,2026-05-10T13:38:34Z
USR002258,app_open,2026-05-10T20:38:33Z
USR000285,card_payment_viewed,2026-05-11T01:19:45Z
USR003164,app_open,2026-05-11T01:40:51Z
USR000602,app_open,2026-05-11T01:43:37Z
USR001794,app_open,2026-05-11T10:19:05Z
USR003760,app_open,2026-05-11T12:26:37Z
USR001424,savings_vault_opened,2026-05-11T13:46:26Z
USR003939,app_open,2026-05-11T16:12:02Z
USR002333,app_open,2026-05-11T16:56:15Z
USR001714,savings_vault_opened,2026-05-11T17:47:58Z
USR003994,app_open,2026-05-11T20:49:09Z
USR000578,crypto_trade_started,2026-05-11T21:03:33Z
USR003709,crypto_trade_started,2026-05-11T23:05:36Z
USR001096,app_open,2026-05-11T23:19:22Z
USR000569,fx_rate_viewed,2026-05-12T00:53:59Z
USR000239,app_open,2026-05-12T01:20:00Z
USR003583,crypto_trade_started,2026-05-12T03:19:30Z
USR001495,plan_screen_viewed,2026-05-12T07:28:45Z
USR000015,app_open,2026-05-12T07:58:21Z
USR003719,app_open,2026-05-12T09:08:15Z
USR004057,transfer_started,2026-05-12T10:14:14Z
USR002766,app_open,2026-05-12T12:06:11Z
USR001385,app_open,2026-05-12T12:24:28Z
USR003877,card_payment_viewed,2026-05-12T12:46:49Z
USR003579,card_payment_viewed,2026-05-12T13:11:19Z
USR003151,transfer_completed,2026-05-12T13:11:27Z
USR000769,transfer_started,2026-05-12T13:55:23Z
USR000710,app_open,2026-05-12T15:55:51Z
USR001444,card_payment_viewed,2026-05-12T19:53:10Z
USR000947,transfer_started,2026-05-12T19:54:36Z
USR003864,crypto_trade_started,2026-05-12T20:54:17Z
USR002660,crypto_trade_started,2026-05-12T21:35:14Z
USR004240,stock_order_started,2026-05-12T21:45:19Z
USR001534,app_open,2026-05-12T23:05:58Z
USR003320,transfer_completed,2026-05-12T23:21:08Z
USR000169,crypto_trade_started,2026-05-12T23:28:53Z
USR000869,app_open,2026-05-13T00:43:28Z
USR000283,app_open,2026-05-13T02:42:13Z
USR003811,card_payment_viewed,2026-05-13T04:00:55Z
USR002967,app_open,2026-05-13T04:46:01Z
USR004896,transfer_started,2026-05-13T04:49:27Z
USR000506,app_open,2026-05-13T11:21:16Z
USR000306,transfer_completed,2026-05-13T13:44:46Z
USR000169,app_open,2026-05-13T16:12:50Z
USR002018,app_open,2026-05-13T16:19:18Z
USR002942,app_open,2026-05-13T16:47:42Z
USR002775,card_payment_viewed,2026-05-13T18:38:09Z
USR001920,card_payment_viewed,2026-05-13T21:14:48Z
USR001465,savings_vault_opened,2026-05-14T00:04:23Z
USR004357,card_payment_viewed,2026-05-14T00:47:48Z
USR000693,card_payment_viewed,2026-05-14T02:34:41Z
USR004372,transfer_started,2026-05-14T04:03:17Z
USR001731,app_open,2026-05-14T04:47:00Z
USR002390,transfer_completed,2026-05-14T05:30:01Z
USR001059,crypto_trade_started,2026-05-14T05:46:59Z
USR003299,savings_vault_opened,2026-05-14T06:23:49Z
USR002975,app_open,2026-05-14T07:33:51Z
USR002420,app_open,2026-05-14T08:06:02Z
USR002445,plan_screen_viewed,2026-05-14T10:14:55Z
USR000077,stock_order_started,2026-05-14T13:21:04Z
USR000248,fx_rate_viewed,2026-05-14T13:40:02Z
USR001717,transfer_started,2026-05-14T16:20:55Z
USR004833,app_open,2026-05-14T16:38:30Z
USR000993,app_open,2026-05-14T20:06:42Z
USR004286,transfer_completed,2026-05-14T20:50:42Z
USR001745,savings_vault_opened,2026-05-14T23:43:36Z
USR001356,crypto_trade_started,2026-05-15T00:26:15Z
USR002739,savings_vault_opened,2026-05-15T00:43:45Z
USR004560,app_open,2026-05-15T02:03:41Z
USR003895,transfer_started,2026-05-15T03:35:07Z
USR003098,transfer_started,2026-05-15T04:04:46Z
USR002466,app_open,2026-05-15T04:29:41Z
USR002749,plan_screen_viewed,2026-05-15T04:55:15Z
USR003786,app_open,2026-05-15T05:06:23Z
USR004844,transfer_completed,2026-05-15T05:53:42Z
USR004498,card_payment_viewed,2026-05-15T07:00:25Z
USR000934,support_opened,2026-05-15T08:38:09Z
USR001049,crypto_trade_started,2026-05-15T08:55:49Z
USR004942,card_payment_viewed,2026-05-15T09:20:04Z
USR003723,savings_vault_opened,2026-05-15T09:30:25Z
USR003378,app_open,2026-05-15T10:05:14Z
USR000033,plan_screen_viewed,2026-05-15T13:51:23Z
USR003170,transfer_started,2026-05-15T15:14:38Z
USR001299,card_payment_viewed,2026-05-15T15:16:54Z
USR001080,app_open,2026-05-15T17:46:56Z
USR002916,transfer_completed,2026-05-15T19:04:53Z
USR000191,app_open,2026-05-15T19:28:11Z
USR001652,stock_order_started,2026-05-15T19:49:57Z
USR001318,card_payment_viewed,2026-05-15T20:01:38Z
USR000938,transfer_completed,2026-05-15T20:47:31Z
USR003373,transfer_completed,2026-05-16T00:26:35Z
USR001945,card_payment_viewed,2026-05-16T00:35:08Z
USR001503,app_open,2026-05-16T02:02:50Z
USR001591,transfer_completed,2026-05-16T03:00:10Z
USR000194,app_open,2026-05-16T06:06:48Z
USR000745,app_open,2026-05-16T06:41:57Z
USR002299,card_payment_viewed,2026-05-16T10:41:37Z
USR000302,card_payment_viewed,2026-05-16T11:38:33Z
USR001444,app_open,2026-05-16T13:15:37Z
USR003931,fx_rate_viewed,2026-05-16T13:25:12Z
USR001040,support_opened,2026-05-16T15:04:17Z
USR000371,stock_order_started,2026-05-16T16:21:15Z
USR001195,card_payment_viewed,2026-05-16T18:17:50Z
USR000631,plan_screen_viewed,2026-05-16T18:57:48Z
USR003422,fx_rate_viewed,2026-05-16T19:33:00Z
USR003642,card_payment_viewed,2026-05-16T21:20:05Z
USR000057,plan_screen_viewed,2026-05-16T21:57:34Z
USR003936,app_open,2026-05-16T22:27:34Z
USR002035,crypto_trade_started,2026-05-16T23:08:48Z
USR004347,crypto_trade_started,2026-05-17T00:04:08Z
USR002856,card_payment_viewed,2026-05-17T00:49:52Z
USR001724,app_open,2026-05-17T01:22:01Z
USR004451,card_payment_viewed,2026-05-17T01:31:19Z
USR001001,fx_rate_viewed,2026-05-17T01:55:50Z
USR003791,app_open,2026-05-17T04:14:09Z
USR001186,app_open,2026-05-17T05:13:21Z
USR000077,app_open,2026-05-17T05:27:40Z
USR004158,transfer_started,2026-05-17T05:31:26Z
USR002811,app_open,2026-05-17T06:10:47Z
USR000301,fx_rate_viewed,2026-05-17T08:56:20Z
USR001495,app_open,2026-05-17T14:04:51Z
USR001042,app_open,2026-05-17T14:54:27Z
USR000372,card_payment_viewed,2026-05-17T17:20:24Z
USR002948,app_open,2026-05-17T19:52:48Z
USR003807,transfer_completed,2026-05-17T20:08:34Z
USR001906,app_open,2026-05-17T20:14:57Z
USR004197,fx_rate_viewed,2026-05-17T21:33:00Z
USR004471,transfer_started,2026-05-17T21:46:27Z
USR002789,transfer_started,2026-05-17T22:48:18Z
USR002174,transfer_started,2026-05-18T01:28:14Z
USR000495,app_open,2026-05-18T02:23:00Z
USR004028,app_open,2026-05-18T03:42:03Z
USR001890,plan_screen_viewed,2026-05-18T03:43:34Z
USR001874,app_open,2026-05-18T04:50:12Z
USR004140,transfer_started,2026-05-18T05:13:50Z
USR004388,support_opened,2026-05-18T05:16:11Z
USR002508,app_open,2026-05-18T06:38:03Z
USR002720,plan_screen_viewed,2026-05-18T06:38:29Z
USR002637,transfer_started,2026-05-18T06:57:58Z
USR001407,crypto_trade_started,2026-05-18T10:57:21Z
USR003343,app_open,2026-05-18T12:23:33Z
USR003851,stock_order_started,2026-05-18T13:42:30Z
USR004592,transfer_started,2026-05-18T14:33:34Z
USR000373,fx_rate_viewed,2026-05-18T15:17:50Z
USR000320,app_open,2026-05-18T16:29:15Z
USR003597,card_payment_viewed,2026-05-18T21:17:02Z
USR000671,app_open,2026-05-18T21:56:02Z
USR001164,crypto_trade_started,2026-05-18T22:03:00Z
USR002628,transfer_completed,2026-05-19T00:55:42Z
USR003220,transfer_completed,2026-05-19T01:53:23Z
USR003267,app_open,2026-05-19T02:20:57Z
USR001227,app_open,2026-05-19T02:27:20Z
USR001246,app_open,2026-05-19T02:49:05Z
USR000246,transfer_completed,2026-05-19T04:22:55Z
USR004190,plan_screen_viewed,2026-05-19T04:25:40Z
USR004644,transfer_started,2026-05-19T05:32:37Z
USR001555,crypto_trade_started,2026-05-19T05:47:03Z
USR001253,app_open,2026-05-19T07:52:50Z
USR001955,app_open,2026-05-19T07:57:07Z
USR000104,app_open,2026-05-19T09:44:05Z
USR002467,transfer_completed,2026-05-19T12:59:43Z
USR003457,support_opened,2026-05-19T13:07:47Z
USR001633,stock_order_started,2026-05-19T15:44:03Z
USR000818,transfer_started,2026-05-19T18:35:23Z
USR003895,transfer_started,2026-05-19T19:26:20Z
USR002532,transfer_completed,2026-05-19T21:25:20Z
USR003606,app_open,2026-05-19T21:27:40Z
USR003365,app_open,2026-05-19T21:51:01Z
USR001805,transfer_started,2026-05-19T22:18:05Z
USR000664,transfer_completed,2026-05-20T00:17:34Z
USR003394,card_payment_viewed,2026-05-20T07:12:08Z
USR004412,app_open,2026-05-20T07:30:50Z
USR001913,card_payment_viewed,2026-05-20T08:19:26Z
USR001462,support_opened,2026-05-20T11:25:41Z
USR001177,stock_order_started,2026-05-20T12:44:38Z
USR000238,card_payment_viewed,2026-05-20T13:47:30Z
USR004459,app_open,2026-05-20T13:56:03Z
USR002605,fx_rate_viewed,2026-05-20T14:13:32Z
USR003147,transfer_started,2026-05-20T15:16:41Z
USR004094,savings_vault_opened,2026-05-20T16:10:41Z
USR000955,app_open,2026-05-20T16:58:52Z
USR001618,plan_screen_viewed,2026-05-20T19:29:49Z
USR004398,transfer_started,2026-05-20T21:07:39Z
USR001779,app_open,2026-05-21T02:25:54Z
USR004231,transfer_started,2026-05-21T03:44:40Z
USR002808,crypto_trade_started,2026-05-21T04:17:38Z
USR004674,card_payment_viewed,2026-05-21T06:47:15Z
USR000436,app_open,2026-05-21T06:59:13Z
USR004214,transfer_started,2026-05-21T09:18:21Z
USR004892,app_open,2026-05-21T15:10:24Z
USR002571,app_open,2026-05-21T15:13:24Z
USR002947,app_open,2026-05-21T15:46:40Z
USR000756,transfer_completed,2026-05-21T17:42:41Z
USR001638,app_open,2026-05-21T18:37:23Z
USR001132,app_open,2026-05-21T19:11:47Z
USR001190,crypto_trade_started,2026-05-21T22:18:18Z
USR004915,app_open,2026-05-21T22:49:29Z
USR004064,plan_screen_viewed,2026-05-22T00:01:47Z
USR003277,app_open,2026-05-22T00:49:31Z
USR002231,app_open,2026-05-22T02:33:18Z
USR002378,app_open,2026-05-22T02:52:59Z
USR000467,transfer_started,2026-05-22T02:54:46Z
USR000732,app_open,2026-05-22T04:34:05Z
USR004622,app_open,2026-05-22T06:28:43Z
USR002334,plan_screen_viewed,2026-05-22T07:16:33Z
USR004247,app_open,2026-05-22T07:44:37Z
USR001782,transfer_completed,2026-05-22T09:08:24Z
USR001936,transfer_started,2026-05-22T11:18:38Z
USR002365,app_open,2026-05-22T13:07:27Z
USR000558,app_open,2026-05-22T14:08:44Z
USR002691,crypto_trade_started,2026-05-22T20:17:08Z
USR004890,card_payment_viewed,2026-05-22T20:23:37Z
USR000426,transfer_started,2026-05-22T20:38:50Z
USR004891,transfer_started,2026-05-23T00:34:28Z
USR001578,card_payment_viewed,2026-05-23T03:30:10Z
USR001237,app_open,2026-05-23T04:49:12Z
USR000443,card_payment_viewed,2026-05-23T06:14:57Z
USR000296,stock_order_started,2026-05-23T06:22:21Z
USR004134,transfer_completed,2026-05-23T07:45:05Z
USR001943,fx_rate_viewed,2026-05-23T08:08:58Z
USR004533,stock_order_started,2026-05-23T08:55:04Z
USR004684,fx_rate_viewed,2026-05-23T10:55:14Z
USR001809,app_open,2026-05-23T11:01:28Z
USR002823,card_payment_viewed,2026-05-23T11:36:44Z
USR004529,transfer_completed,2026-05-23T12:52:34Z
USR002995,support_opened,2026-05-23T13:00:15Z
USR001036,plan_screen_viewed,2026-05-23T13:33:42Z
USR000306,app_open,2026-05-23T14:04:23Z
USR004822,savings_vault_opened,2026-05-23T15:27:26Z
USR000405,plan_screen_viewed,2026-05-23T15:36:27Z
USR002387,transfer_started,2026-05-23T17:12:13Z
USR004994,app_open,2026-05-23T17:51:23Z
USR000955,crypto_trade_started,2026-05-23T18:45:44Z
USR000770,card_payment_viewed,2026-05-23T19:14:12Z
USR000938,crypto_trade_started,2026-05-23T20:43:07Z
USR000239,transfer_started,2026-05-23T20:50:36Z
USR002302,stock_order_started,2026-05-23T21:07:21Z
USR001377,app_open,2026-05-23T22:58:31Z
USR001400,card_payment_viewed,2026-05-23T23:47:06Z
USR001795,savings_vault_opened,2026-05-24T00:31:45Z
USR000850,transfer_started,2026-05-24T01:05:04Z
USR004156,stock_order_started,2026-05-24T02:21:24Z
USR003749,transfer_completed,2026-05-24T03:25:15Z
USR000254,transfer_completed,2026-05-24T06:05:49Z
USR000125,transfer_completed,2026-05-24T06:32:14Z
USR004150,app_open,2026-05-24T07:35:47Z
USR000166,transfer_started,2026-05-24T11:55:05Z
USR001295,stock_order_started,2026-05-24T13:13:33Z
USR002150,app_open,2026-05-24T15:30:50Z
USR003193,transfer_completed,2026-05-24T16:37:30Z
USR001324,transfer_completed,2026-05-24T16:37:32Z
USR000940,stock_order_started,2026-05-24T17:28:50Z
USR002272,app_open,2026-05-24T19:18:43Z
USR003847,app_open,2026-05-24T19:37:26Z
USR000936,transfer_started,2026-05-24T21:55:11Z
USR000236,crypto_trade_started,2026-05-25T01:02:16Z
USR003871,app_open,2026-05-25T01:51:34Z
USR004525,card_payment_viewed,2026-05-25T03:26:33Z
USR004363,transfer_started,2026-05-25T03:43:04Z
USR004204,transfer_completed,2026-05-25T03:59:56Z
USR000267,transfer_completed,2026-05-25T04:29:57Z
USR003561,transfer_completed,2026-05-25T08:46:48Z
USR004025,card_payment_viewed,2026-05-25T09:10:52Z
USR001913,support_opened,2026-05-25T09:46:04Z
USR004035,app_open,2026-05-25T11:49:01Z
USR002136,crypto_trade_started,2026-05-25T12:37:37Z
USR002312,fx_rate_viewed,2026-05-25T12:52:50Z
USR000668,card_payment_viewed,2026-05-25T16:18:28Z
USR004540,app_open,2026-05-25T16:49:20Z
USR002934,app_open,2026-05-25T17:05:21Z
USR002326,transfer_started,2026-05-25T18:56:10Z
USR004594,app_open,2026-05-25T19:06:43Z
USR000683,card_payment_viewed,2026-05-25T21:13:36Z
USR003549,fx_rate_viewed,2026-05-26T00:29:27Z
USR004572,app_open,2026-05-26T02:01:28Z
USR002896,card_payment_viewed,2026-05-26T03:25:17Z
USR002686,fx_rate_viewed,2026-05-26T03:54:52Z
USR003822,app_open,2026-05-26T05:06:59Z
USR003608,app_open,2026-05-26T05:43:44Z
USR000993,crypto_trade_started,2026-05-26T05:55:57Z
USR002352,savings_vault_opened,2026-05-26T06:36:13Z
USR003641,app_open,2026-05-26T07:55:31Z
USR003661,app_open,2026-05-26T08:45:55Z
USR002268,app_open,2026-05-26T10:49:41Z
USR004624,card_payment_viewed,2026-05-26T11:44:08Z
USR001837,transfer_started,2026-05-26T14:09:52Z
USR004055,fx_rate_viewed,2026-05-26T14:11:19Z
USR002155,support_opened,2026-05-26T21:11:46Z
USR003337,card_payment_viewed,2026-05-26T21:33:41Z
USR002205,card_payment_viewed,2026-05-26T21:46:05Z
USR003780,card_payment_viewed,2026-05-26T22:10:44Z
USR004625,card_payment_viewed,2026-05-26T22:48:44Z
USR003162,transfer_completed,2026-05-26T23:51:01Z
USR003294,support_opened,2026-05-26T23:57:32Z
USR000840,support_opened,2026-05-27T00:14:14Z
USR000037,support_opened,2026-05-27T02:02:49Z
USR004454,app_open,2026-05-27T02:33:13Z
USR004514,card_payment_viewed,2026-05-27T04:34:49Z
USR003510,fx_rate_viewed,2026-05-27T05:15:14Z
USR004740,app_open,2026-05-27T05:31:32Z
USR000788,stock_order_started,2026-05-27T08:27:27Z
USR004928,transfer_completed,2026-05-27T08:41:00Z
USR004400,crypto_trade_started,2026-05-27T10:11:51Z
USR000741,app_open,2026-05-27T13:02:59Z
USR000745,fx_rate_viewed,2026-05-27T16:11:13Z
USR003021,transfer_started,2026-05-27T16:31:11Z
USR004204,app_open,2026-05-27T17:15:20Z
USR004390,fx_rate_viewed,2026-05-27T19:55:33Z
USR001693,plan_screen_viewed,2026-05-27T21:21:00Z
USR002322,transfer_started,2026-05-27T21:36:56Z
USR003398,fx_rate_viewed,2026-05-27T22:04:11Z
USR003663,card_payment_viewed,2026-05-27T23:16:23Z
USR003130,app_open,2026-05-27T23:26:08Z
USR000818,transfer_started,2026-05-28T00:12:14Z
USR001423,app_open,2026-05-28T01:19:33Z
USR001988,fx_rate_viewed,2026-05-28T03:25:36Z
USR004228,app_open,2026-05-28T04:04:03Z
USR004454,app_open,2026-05-28T06:12:56Z
USR002228,card_payment_viewed,2026-05-28T09:40:34Z
USR002535,transfer_completed,2026-05-28T10:52:04Z
USR001376,transfer_started,2026-05-28T11:07:30Z
USR002967,transfer_started,2026-05-28T11:35:51Z
USR001876,app_open,2026-05-28T11:59:48Z
USR000929,app_open,2026-05-28T12:49:43Z
USR003567,transfer_started,2026-05-28T13:44:47Z
USR000350,app_open,2026-05-28T16:33:14Z
USR003898,app_open,2026-05-28T16:49:46Z
USR003910,card_payment_viewed,2026-05-28T18:51:07Z
USR002340,transfer_started,2026-05-28T19:15:41Z
USR000688,plan_screen_viewed,2026-05-28T19:54:50Z
USR003198,fx_rate_viewed,2026-05-28T20:38:13Z
USR004056,app_open,2026-05-28T22:00:51Z
USR002950,app_open,2026-05-29T00:43:50Z
USR003439,app_open,2026-05-29T00:51:03Z
USR002800,app_open,2026-05-29T01:25:48Z
USR001406,support_opened,2026-05-29T02:35:54Z
USR001100,app_open,2026-05-29T03:33:07Z
USR002910,support_opened,2026-05-29T05:55:39Z
USR003457,fx_rate_viewed,2026-05-29T07:15:53Z
USR002108,app_open,2026-05-29T07:24:36Z
USR001412,transfer_started,2026-05-29T09:06:32Z
USR001044,app_open,2026-05-29T10:23:11Z
USR004262,card_payment_viewed,2026-05-29T10:27:18Z
USR000444,plan_screen_viewed,2026-05-29T11:30:54Z
USR003769,app_open,2026-05-29T11:42:35Z
USR000688,card_payment_viewed,2026-05-29T11:55:36Z
USR000363,card_payment_viewed,2026-05-29T12:33:53Z
USR003336,transfer_started,2026-05-29T15:48:00Z
USR001613,fx_rate_viewed,2026-05-29T17:34:32Z
USR003570,transfer_completed,2026-05-29T19:03:05Z
USR002868,app_open,2026-05-29T19:50:26Z
USR003071,card_payment_viewed,2026-05-29T20:14:40Z
USR001986,transfer_started,2026-05-30T00:43:05Z
USR004546,transfer_completed,2026-05-30T01:59:11Z
USR002978,transfer_completed,2026-05-30T03:05:10Z
USR000045,card_payment_viewed,2026-05-30T04:38:40Z
USR001531,app_open,2026-05-30T04:45:20Z
USR000409,app_open,2026-05-30T04:56:37Z
USR003674,app_open,2026-05-30T06:40:39Z
USR003194,savings_vault_opened,2026-05-30T08:43:14Z
USR004517,transfer_completed,2026-05-30T08:50:43Z
USR003694,card_payment_viewed,2026-05-30T09:03:25Z
USR003415,card_payment_viewed,2026-05-30T09:38:20Z
USR000102,plan_screen_viewed,2026-05-30T09:49:49Z
USR000940,support_opened,2026-05-30T10:15:51Z
USR000671,transfer_completed,2026-05-30T10:58:37Z
USR003330,plan_screen_viewed,2026-05-30T11:28:26Z
USR001789,app_open,2026-05-30T12:16:18Z
USR000229,app_open,2026-05-30T12:44:08Z
USR001852,app_open,2026-05-30T13:40:58Z
USR001467,stock_order_started,2026-05-30T16:03:20Z
USR002511,fx_rate_viewed,2026-05-30T16:11:48Z
USR004483,fx_rate_viewed,2026-05-30T16:15:48Z
USR002860,card_payment_viewed,2026-05-30T18:29:23Z
USR002172,transfer_started,2026-05-30T21:03:06Z
USR001446,plan_screen_viewed,2026-05-30T21:54:10Z
USR003685,savings_vault_opened,2026-05-31T01:22:08Z
USR000841,card_payment_viewed,2026-05-31T01:57:50Z
USR004582,app_open,2026-05-31T05:11:30Z
USR001264,app_open,2026-05-31T11:00:53Z
USR002939,transfer_started,2026-05-31T11:32:13Z
USR001096,plan_screen_viewed,2026-05-31T11:35:15Z
USR001481,app_open,2026-05-31T12:10:42Z
USR001870,card_payment_viewed,2026-05-31T12:57:37Z
USR000066,card_payment_viewed,2026-05-31T13:25:41Z
USR001262,app_open,2026-05-31T13:59:23Z
USR003268,card_payment_viewed,2026-05-31T14:27:42Z
USR000328,transfer_completed,2026-05-31T14:38:26Z
USR002507,card_payment_viewed,2026-05-31T16:56:52Z
USR000130,transfer_started,2026-05-31T17:18:57Z
USR002114,card_payment_viewed,2026-05-31T18:11:48Z
USR001083,plan_screen_viewed,2026-05-31T18:16:44Z
USR002355,app_open,2026-05-31T18:51:00Z
USR004678,support_opened,2026-05-31T18:59:02Z
USR002758,transfer_started,2026-05-31T19:18:19Z
USR000662,transfer_started,2026-05-31T19:56:04Z
USR004249,card_payment_viewed,2026-05-31T20:26:13Z
USR003613,app_open,2026-05-31T21:11:10Z
USR004642,plan_screen_viewed,2026-05-31T21:16:53Z
USR003237,transfer_completed,2026-05-31T21:52:22Z
USR004696,app_open,2026-05-31T22:13:52Z
USR003864,savings_vault_opened,2026-05-31T22:51:29Z
USR003198,app_open,2026-05-31T23:44:09Z
USR000197,crypto_trade_started,2026-05-31T23:57:18Z
USR002945,savings_vault_opened,2026-06-01T00:25:30Z
USR001339,app_open,2026-06-01T00:31:41Z
USR002647,app_open,2026-06-01T02:45:29Z
USR001535,transfer_completed,2026-06-01T03:14:18Z
USR003404,support_opened,2026-06-01T04:02:05Z
USR000097,fx_rate_viewed,2026-06-01T05:07:41Z
USR000707,transfer_started,2026-06-01T05:39:40Z
USR000971,app_open,2026-06-01T05:51:22Z
USR000074,card_payment_viewed,2026-06-01T06:23:08Z
USR000031,app_open,2026-06-01T08:54:21Z
USR001882,app_open,2026-06-01T08:55:21Z
USR004064,card_payment_viewed,2026-06-01T11:22:54Z
USR004032,transfer_completed,2026-06-01T11:26:52Z
USR003655,app_open,2026-06-01T11:41:00Z
USR001940,crypto_trade_started,2026-06-01T12:30:02Z
USR000218,fx_rate_viewed,2026-06-01T18:05:19Z
USR001022,app_open,2026-06-01T20:02:58Z
USR002980,crypto_trade_started,2026-06-01T21:48:43Z
USR003095,app_open,2026-06-02T03:07:19Z
USR002071,plan_screen_viewed,2026-06-02T03:17:36Z
USR001199,plan_screen_viewed,2026-06-02T07:03:29Z
USR004163,crypto_trade_started,2026-06-02T07:51:15Z
USR003454,transfer_started,2026-06-02T09:37:40Z
USR002625,card_payment_viewed,2026-06-02T12:47:56Z
USR004084,app_open,2026-06-02T16:32:17Z
USR002290,app_open,2026-06-02T18:58:01Z
USR002740,transfer_started,2026-06-02T19:30:46Z
USR000117,app_open,2026-06-02T20:55:12Z
USR000546,crypto_trade_started,2026-06-02T22:10:33Z
USR004447,app_open,2026-06-02T22:20:38Z
USR004535,fx_rate_viewed,2026-06-02T22:22:27Z
USR000800,app_open,2026-06-02T22:51:22Z
USR000277,support_opened,2026-06-03T00:21:36Z
USR001858,crypto_trade_started,2026-06-03T01:21:14Z
USR003017,card_payment_viewed,2026-06-03T05:29:55Z
USR000625,transfer_completed,2026-06-03T07:23:41Z
USR002393,app_open,2026-06-03T07:38:22Z
USR000929,app_open,2026-06-03T08:01:30Z
USR004314,transfer_started,2026-06-03T08:28:35Z
USR004407,transfer_started,2026-06-03T08:44:42Z
USR003252,transfer_started,2026-06-03T09:19:17Z
USR004607,crypto_trade_started,2026-06-03T10:33:15Z
USR004093,app_open,2026-06-03T11:36:07Z
USR000089,transfer_started,2026-06-03T11:37:44Z
USR002866,app_open,2026-06-03T12:22:12Z
USR004184,plan_screen_viewed,2026-06-03T16:53:44Z
USR000974,app_open,2026-06-03T18:10:44Z
USR004631,stock_order_started,2026-06-03T19:27:25Z
USR003070,card_payment_viewed,2026-06-03T19:41:38Z
USR001806,app_open,2026-06-03T20:13:53Z
USR001533,savings_vault_opened,2026-06-03T23:37:36Z
USR004044,app_open,2026-06-03T23:42:00Z
USR000185,app_open,2026-06-03T23:59:47Z
USR003669,transfer_started,2026-06-04T06:57:04Z
USR001345,card_payment_viewed,2026-06-04T07:59:35Z
USR000888,app_open,2026-06-04T10:40:17Z
USR002712,fx_rate_viewed,2026-06-04T12:17:23Z
USR000344,app_open,2026-06-04T12:41:07Z
USR002734,transfer_started,2026-06-04T13:15:19Z
USR001900,transfer_started,2026-06-04T17:38:12Z
USR001870,crypto_trade_started,2026-06-04T21:00:06Z
USR004662,app_open,2026-06-04T22:31:49Z
USR002679,app_open,2026-06-04T23:35:41Z
USR000303,app_open,2026-06-04T23:51:50Z
USR000783,crypto_trade_started,2026-06-05T00:26:20Z
USR001642,plan_screen_viewed,2026-06-05T01:14:37Z
USR002333,savings_vault_opened,2026-06-05T02:46:51Z
USR004227,app_open,2026-06-05T03:08:59Z
USR001703,fx_rate_viewed,2026-06-05T04:22:09Z
USR001135,savings_vault_opened,2026-06-05T05:14:41Z
USR000190,crypto_trade_started,2026-06-05T06:10:34Z
USR004870,app_open,2026-06-05T06:46:23Z
USR001374,transfer_completed,2026-06-05T08:19:46Z
USR004108,crypto_trade_started,2026-06-05T08:46:00Z
USR004824,fx_rate_viewed,2026-06-05T09:16:05Z
USR000100,app_open,2026-06-05T09:16:32Z
USR002876,app_open,2026-06-05T09:20:38Z
USR003453,crypto_trade_started,2026-06-05T09:56:01Z
USR001990,card_payment_viewed,2026-06-05T10:41:27Z
USR001946,card_payment_viewed,2026-06-05T10:43:51Z
USR004239,savings_vault_opened,2026-06-05T13:05:58Z
USR002938,app_open,2026-06-05T13:33:01Z
USR000320,fx_rate_viewed,2026-06-05T14:42:16Z
USR004822,transfer_started,2026-06-05T14:52:46Z
USR003560,card_payment_viewed,2026-06-05T15:22:47Z
USR003543,transfer_completed,2026-06-05T15:30:25Z
USR001926,stock_order_started,2026-06-05T16:22:59Z
USR000976,fx_rate_viewed,2026-06-05T17:23:10Z
USR001961,transfer_completed,2026-06-05T21:10:15Z
USR004790,card_payment_viewed,2026-06-05T22:40:31Z
USR000667,app_open,2026-06-05T23:03:00Z
USR001443,app_open,2026-06-06T00:01:36Z
USR000317,app_open,2026-06-06T00:12:19Z
USR004747,savings_vault_opened,2026-06-06T02:14:11Z
USR000087,crypto_trade_started,2026-06-06T04:05:11Z
USR001995,transfer_started,2026-06-06T05:22:34Z
USR000384,fx_rate_viewed,2026-06-06T05:51:05Z
USR004711,card_payment_viewed,2026-06-06T08:49:36Z
USR004344,app_open,2026-06-06T09:56:25Z
USR004219,support_opened,2026-06-06T11:22:19Z
USR004883,app_open,2026-06-06T11:35:50Z
USR000739,card_payment_viewed,2026-06-06T12:39:26Z
USR004481,savings_vault_opened,2026-06-06T14:09:26Z
USR001340,transfer_started,2026-06-06T18:18:22Z
USR002756,card_payment_viewed,2026-06-06T19:36:05Z
USR003362,plan_screen_viewed,2026-06-06T21:27:57Z
USR001292,app_open,2026-06-06T23:10:24Z
USR002491,app_open,2026-06-06T23:24:38Z
USR003577,savings_vault_opened,2026-06-07T01:06:27Z
USR003073,transfer_completed,2026-06-07T02:14:54Z
USR000448,support_opened,2026-06-07T03:20:11Z
USR000631,card_payment_viewed,2026-06-07T03:24:39Z
USR003554,stock_order_started,2026-06-07T04:10:07Z
USR004334,app_open,2026-06-07T04:14:04Z
USR004859,app_open,2026-06-07T05:00:58Z
USR000914,transfer_started,2026-06-07T05:04:03Z
USR001974,card_payment_viewed,2026-06-07T06:26:25Z
USR004131,plan_screen_viewed,2026-06-07T07:02:34Z
USR001477,app_open,2026-06-07T07:46:45Z
USR002925,app_open,2026-06-07T07:58:09Z
USR000370,transfer_started,2026-06-07T08:02:14Z
USR001425,app_open,2026-06-07T08:33:41Z
USR003871,card_payment_viewed,2026-06-07T08:41:35Z
USR003260,app_open,2026-06-07T10:14:38Z
USR002673,card_payment_viewed,2026-06-07T10:23:06Z
USR003369,card_payment_viewed,2026-06-07T12:31:17Z
USR003527,savings_vault_opened,2026-06-07T12:56:41Z
USR004748,transfer_completed,2026-06-07T12:57:45Z
USR002480,plan_screen_viewed,2026-06-07T16:54:03Z
USR002399,crypto_trade_started,2026-06-07T16:56:41Z
USR003934,transfer_completed,2026-06-07T17:35:21Z
USR003317,app_open,2026-06-07T17:49:50Z
USR002535,transfer_completed,2026-06-07T18:35:17Z
USR000358,card_payment_viewed,2026-06-07T19:21:08Z
USR002484,transfer_started,2026-06-07T21:11:52Z
USR001001,app_open,2026-06-07T21:42:54Z
USR001523,transfer_completed,2026-06-07T22:18:32Z
USR002358,app_open,2026-06-08T00:52:02Z
USR003689,transfer_started,2026-06-08T05:16:00Z
USR001099,stock_order_started,2026-06-08T05:31:23Z
USR002026,app_open,2026-06-08T05:44:22Z
USR000803,crypto_trade_started,2026-06-08T07:02:05Z
USR003974,fx_rate_viewed,2026-06-08T07:39:57Z
USR002322,app_open,2026-06-08T10:31:30Z
USR002126,transfer_started,2026-06-08T10:56:01Z
USR003664,savings_vault_opened,2026-06-08T11:15:16Z
USR003146,card_payment_viewed,2026-06-08T13:17:00Z
USR004134,transfer_started,2026-06-08T13:19:55Z
USR001226,stock_order_started,2026-06-08T13:54:53Z
USR000009,card_payment_viewed,2026-06-08T15:17:27Z
USR002815,app_open,2026-06-08T15:33:56Z
USR003286,fx_rate_viewed,2026-06-08T15:57:01Z
USR003086,app_open,2026-06-08T16:00:40Z
USR004795,plan_screen_viewed,2026-06-08T16:52:34Z
USR000583,app_open,2026-06-08T17:17:32Z
USR002998,app_open,2026-06-08T18:37:41Z
USR004996,card_payment_viewed,2026-06-08T22:20:29Z
USR000088,stock_order_started,2026-06-08T23:08:55Z
USR002061,transfer_completed,2026-06-09T00:22:05Z
USR002759,card_payment_viewed,2026-06-09T02:41:04Z
USR003419,savings_vault_opened,2026-06-09T02:51:40Z
USR000955,app_open,2026-06-09T02:56:11Z
USR000375,card_payment_viewed,2026-06-09T03:16:31Z
USR001790,app_open,2026-06-09T03:42:46Z
USR004131,app_open,2026-06-09T05:00:53Z
USR000277,card_payment_viewed,2026-06-09T05:39:22Z
USR004967,app_open,2026-06-09T06:21:37Z
USR004151,app_open,2026-06-09T08:19:21Z
USR003122,savings_vault_opened,2026-06-09T08:37:34Z
USR002602,app_open,2026-06-09T12:38:59Z
USR004977,fx_rate_viewed,2026-06-09T14:15:35Z
USR004747,app_open,2026-06-09T15:08:48Z
USR002297,transfer_started,2026-06-09T17:06:24Z
USR000542,card_payment_viewed,2026-06-09T18:56:23Z
USR002510,transfer_completed,2026-06-09T19:23:47Z
USR002253,savings_vault_opened,2026-06-09T22:16:36Z
USR000723,app_open,2026-06-10T00:22:45Z
USR000691,app_open,2026-06-10T00:43:40Z
USR004328,app_open,2026-06-10T01:19:26Z
USR001643,card_payment_viewed,2026-06-10T01:27:34Z
USR000108,app_open,2026-06-10T01:37:46Z
USR002361,app_open,2026-06-10T02:38:12Z
USR001509,transfer_started,2026-06-10T03:48:42Z
USR001233,app_open,2026-06-10T04:50:00Z
USR000118,app_open,2026-06-10T05:06:39Z
USR003111,app_open,2026-06-10T05:23:20Z
USR003436,fx_rate_viewed,2026-06-10T05:38:53Z
USR001100,app_open,2026-06-10T07:08:05Z
USR003720,stock_order_started,2026-06-10T10:37:59Z
USR004754,card_payment_viewed,2026-06-10T12:13:27Z
USR002116,app_open,2026-06-10T12:47:20Z
USR004000,transfer_completed,2026-06-10T12:53:58Z
USR003172,transfer_started,2026-06-10T14:17:51Z
USR000260,app_open,2026-06-10T14:32:51Z
USR001297,app_open,2026-06-10T16:19:26Z
USR004244,card_payment_viewed,2026-06-10T16:59:08Z
USR002126,transfer_started,2026-06-10T17:05:30Z
USR003898,plan_screen_viewed,2026-06-10T17:16:01Z
USR002235,plan_screen_viewed,2026-06-10T17:51:40Z
USR000899,app_open,2026-06-10T19:20:25Z
USR002322,fx_rate_viewed,2026-06-10T20:07:42Z
USR004559,card_payment_viewed,2026-06-10T21:53:53Z
USR001835,card_payment_viewed,2026-06-11T02:30:08Z
USR004348,card_payment_viewed,2026-06-11T02:46:53Z
USR004684,transfer_completed,2026-06-11T03:17:41Z
USR004493,transfer_completed,2026-06-11T03:20:52Z
USR004447,card_payment_viewed,2026-06-11T05:22:59Z
USR003633,stock_order_started,2026-06-11T06:36:42Z
USR002974,plan_screen_viewed,2026-06-11T07:29:28Z
USR003665,app_open,2026-06-11T08:05:24Z
USR004655,card_payment_viewed,2026-06-11T08:19:48Z
USR002201,transfer_started,2026-06-11T12:30:08Z
USR001371,app_open,2026-06-11T12:47:44Z
USR000990,app_open,2026-06-11T13:13:30Z
USR000279,crypto_trade_started,2026-06-11T13:52:15Z
USR002466,app_open,2026-06-11T15:18:46Z
USR002858,fx_rate_viewed,2026-06-11T16:31:34Z
USR001216,app_open,2026-06-11T18:35:50Z
USR000834,app_open,2026-06-11T20:51:36Z
USR004206,transfer_started,2026-06-11T22:43:16Z
USR004402,transfer_started,2026-06-11T23:14:47Z
USR004852,card_payment_viewed,2026-06-11T23:31:07Z
USR004865,transfer_started,2026-06-11T23:48:51Z
USR003833,transfer_started,2026-06-12T00:27:16Z
USR002601,app_open,2026-06-12T04:11:57Z
USR003276,stock_order_started,2026-06-12T06:58:19Z
USR000363,support_opened,2026-06-12T08:37:50Z
USR001988,transfer_completed,2026-06-12T08:44:27Z
USR003739,fx_rate_viewed,2026-06-12T10:59:14Z
USR002618,transfer_started,2026-06-12T12:05:05Z
USR000260,transfer_started,2026-06-12T12:20:33Z
USR002788,savings_vault_opened,2026-06-12T12:24:47Z
USR001333,app_open,2026-06-12T13:17:55Z
USR000279,fx_rate_viewed,2026-06-12T13:23:53Z
USR003396,app_open,2026-06-12T13:43:01Z
USR002617,app_open,2026-06-12T15:28:09Z
USR002793,savings_vault_opened,2026-06-12T16:10:57Z
USR004432,card_payment_viewed,2026-06-12T16:45:04Z
USR000266,transfer_started,2026-06-12T17:46:27Z
USR001419,transfer_started,2026-06-12T19:50:34Z
USR001782,card_payment_viewed,2026-06-12T21:51:18Z
USR002104,crypto_trade_started,2026-06-12T22:13:00Z
USR002359,transfer_completed,2026-06-12T22:16:09Z
USR001044,crypto_trade_started,2026-06-12T22:56:22Z
USR000365,transfer_started,2026-06-13T00:31:19Z
USR000407,card_payment_viewed,2026-06-13T00:35:18Z
USR000949,crypto_trade_started,2026-06-13T00:39:33Z
USR003906,card_payment_viewed,2026-06-13T00:44:44Z
USR003319,savings_vault_opened,2026-06-13T01:14:49Z
USR002871,plan_screen_viewed,2026-06-13T01:40:08Z
USR000565,fx_rate_viewed,2026-06-13T04:10:02Z
USR003890,card_payment_viewed,2026-06-13T05:23:41Z
USR002415,app_open,2026-06-13T07:03:38Z
USR003254,transfer_completed,2026-06-13T07:28:47Z
USR002662,stock_order_started,2026-06-13T08:06:25Z
USR001674,crypto_trade_started,2026-06-13T08:57:43Z
USR001202,app_open,2026-06-13T10:20:49Z
USR001096,transfer_started,2026-06-13T10:56:15Z
USR001048,transfer_started,2026-06-13T10:57:57Z
USR002328,app_open,2026-06-13T13:08:17Z
USR001654,transfer_started,2026-06-13T13:16:36Z
USR004924,app_open,2026-06-13T14:11:38Z
USR000663,transfer_started,2026-06-13T16:36:48Z
USR004225,stock_order_started,2026-06-13T17:18:32Z
USR003349,transfer_completed,2026-06-13T19:33:22Z
USR002003,transfer_completed,2026-06-13T19:44:57Z
USR003024,transfer_started,2026-06-13T21:28:16Z
USR001951,app_open,2026-06-13T22:57:17Z
USR002152,card_payment_viewed,2026-06-14T02:04:09Z
USR001617,card_payment_viewed,2026-06-14T03:36:06Z
USR003406,app_open,2026-06-14T03:45:22Z
USR001071,plan_screen_viewed,2026-06-14T05:21:03Z
USR000253,transfer_completed,2026-06-14T05:25:33Z
USR002790,app_open,2026-06-14T07:07:10Z
USR001175,card_payment_viewed,2026-06-14T07:40:25Z
USR002855,savings_vault_opened,2026-06-14T07:58:39Z
USR001001,fx_rate_viewed,2026-06-14T08:11:54Z
USR001492,fx_rate_viewed,2026-06-14T08:51:50Z
USR004050,fx_rate_viewed,2026-06-14T11:47:30Z
USR004508,crypto_trade_started,2026-06-14T16:15:00Z
USR003821,card_payment_viewed,2026-06-14T18:44:48Z
USR004882,card_payment_viewed,2026-06-14T19:51:34Z
USR000741,transfer_started,2026-06-14T20:02:11Z
USR004117,card_payment_viewed,2026-06-14T20:40:39Z
USR004023,app_open,2026-06-14T21:09:25Z
USR004319,transfer_started,2026-06-14T22:49:07Z
USR003531,crypto_trade_started,2026-06-15T01:16:47Z
USR000015,crypto_trade_started,2026-06-15T01:23:04Z
USR003297,transfer_completed,2026-06-15T04:13:08Z
USR001374,savings_vault_opened,2026-06-15T05:12:31Z
USR003259,plan_screen_viewed,2026-06-15T05:56:59Z
USR001434,crypto_trade_started,2026-06-15T06:07:45Z
USR004314,transfer_completed,2026-06-15T08:09:11Z
USR002583,transfer_started,2026-06-15T08:42:17Z
USR000274,support_opened,2026-06-15T08:52:03Z
USR002228,card_payment_viewed,2026-06-15T10:32:12Z
USR004236,plan_screen_viewed,2026-06-15T10:43:18Z
USR003858,savings_vault_opened,2026-06-15T11:54:04Z
USR001160,app_open,2026-06-15T12:18:47Z
USR004676,card_payment_viewed,2026-06-15T12:33:23Z
USR000467,app_open,2026-06-15T13:06:24Z
USR004737,app_open,2026-06-15T13:20:08Z
USR000221,app_open,2026-06-15T14:49:24Z
USR002643,transfer_started,2026-06-15T15:57:53Z
USR000104,transfer_started,2026-06-15T17:58:50Z
USR004509,plan_screen_viewed,2026-06-15T18:16:40Z
USR001455,savings_vault_opened,2026-06-15T18:17:55Z
USR003843,support_opened,2026-06-15T19:10:42Z
USR001242,card_payment_viewed,2026-06-15T19:46:23Z
USR001485,support_opened,2026-06-15T20:55:22Z
USR003269,app_open,2026-06-15T21:06:32Z
USR003561,app_open,2026-06-15T22:08:49Z
USR000002,crypto_trade_started,2026-06-15T22:56:23Z
USR002785,app_open,2026-06-16T02:40:17Z
USR002273,crypto_trade_started,2026-06-16T04:16:05Z
USR003281,transfer_started,2026-06-16T06:03:27Z
USR002742,app_open,2026-06-16T06:05:20Z
USR003263,fx_rate_viewed,2026-06-16T07:28:48Z
USR002753,card_payment_viewed,2026-06-16T07:30:50Z
USR001352,app_open,2026-06-16T08:13:03Z
USR003261,card_payment_viewed,2026-06-16T08:52:06Z
USR001561,fx_rate_viewed,2026-06-16T09:35:18Z
USR001944,transfer_started,2026-06-16T12:43:33Z
USR001114,app_open,2026-06-16T13:40:33Z
USR002407,app_open,2026-06-16T14:13:53Z
USR004665,app_open,2026-06-16T14:28:07Z
USR000999,transfer_started,2026-06-16T15:50:04Z
USR002580,transfer_completed,2026-06-16T15:56:39Z
USR004060,plan_screen_viewed,2026-06-16T16:52:19Z
USR001980,app_open,2026-06-16T17:48:33Z
USR003591,crypto_trade_started,2026-06-16T18:02:29Z
USR000167,fx_rate_viewed,2026-06-16T18:49:54Z
USR001509,app_open,2026-06-16T19:48:19Z
USR001858,card_payment_viewed,2026-06-16T23:04:56Z
USR000673,app_open,2026-06-17T03:22:25Z
USR002508,plan_screen_viewed,2026-06-17T04:07:54Z
USR004813,transfer_started,2026-06-17T04:43:37Z
USR002830,app_open,2026-06-17T08:04:30Z
USR002896,transfer_completed,2026-06-17T08:05:40Z
USR004681,transfer_completed,2026-06-17T09:55:53Z
USR004829,app_open,2026-06-17T10:58:51Z
USR000362,card_payment_viewed,2026-06-17T13:09:58Z
USR000660,crypto_trade_started,2026-06-17T13:43:39Z
USR000870,transfer_completed,2026-06-17T15:23:59Z
USR002449,card_payment_viewed,2026-06-17T15:45:51Z
USR002931,support_opened,2026-06-17T16:44:18Z
USR003850,app_open,2026-06-17T22:32:03Z
USR002970,card_payment_viewed,2026-06-18T00:00:04Z
USR001896,fx_rate_viewed,2026-06-18T01:04:18Z
USR003689,app_open,2026-06-18T01:42:50Z
USR002645,app_open,2026-06-18T03:44:23Z
USR001988,app_open,2026-06-18T04:14:16Z
USR003102,app_open,2026-06-18T04:45:24Z
USR000371,transfer_started,2026-06-18T06:48:23Z
USR003800,card_payment_viewed,2026-06-18T08:58:33Z
USR003128,transfer_started,2026-06-18T09:06:37Z
USR004576,card_payment_viewed,2026-06-18T09:25:31Z
USR002775,transfer_completed,2026-06-18T10:08:29Z
USR001536,app_open,2026-06-18T10:52:35Z
USR002948,card_payment_viewed,2026-06-18T11:24:07Z
USR004438,transfer_completed,2026-06-18T11:48:26Z
USR003913,app_open,2026-06-18T13:31:46Z
USR000491,crypto_trade_started,2026-06-18T13:47:14Z
USR003069,app_open,2026-06-18T14:31:02Z
USR000157,crypto_trade_started,2026-06-18T14:39:27Z
USR002518,app_open,2026-06-18T15:22:35Z
USR001308,crypto_trade_started,2026-06-18T15:43:54Z
USR000916,card_payment_viewed,2026-06-18T16:08:41Z
USR000548,stock_order_started,2026-06-18T16:55:41Z
USR001131,app_open,2026-06-18T18:07:46Z
USR001995,app_open,2026-06-18T18:11:53Z
USR000846,card_payment_viewed,2026-06-18T18:33:01Z
USR003705,savings_vault_opened,2026-06-18T18:56:24Z
USR000673,transfer_started,2026-06-18T20:45:35Z
USR001401,app_open,2026-06-18T20:48:35Z
USR004031,app_open,2026-06-18T21:39:15Z
USR002989,transfer_completed,2026-06-19T00:22:37Z
USR002494,app_open,2026-06-19T00:32:01Z
USR000610,fx_rate_viewed,2026-06-19T00:59:11Z
USR004173,card_payment_viewed,2026-06-19T01:36:33Z
USR004318,app_open,2026-06-19T02:38:01Z
USR003625,app_open,2026-06-19T02:59:41Z
USR000245,transfer_started,2026-06-19T03:13:31Z
USR002895,transfer_started,2026-06-19T03:26:42Z
USR003618,app_open,2026-06-19T08:13:22Z
USR001909,card_payment_viewed,2026-06-19T08:14:33Z
USR000676,card_payment_viewed,2026-06-19T08:38:55Z
USR002330,app_open,2026-06-19T11:37:06Z
USR002936,transfer_started,2026-06-19T12:26:52Z
USR001516,plan_screen_viewed,2026-06-19T12:36:08Z
USR001920,app_open,2026-06-19T12:54:51Z
USR000248,transfer_started,2026-06-19T13:42:28Z
USR004980,transfer_started,2026-06-19T13:44:04Z
USR001475,app_open,2026-06-19T13:48:35Z
USR001309,transfer_started,2026-06-19T14:02:26Z
USR003212,fx_rate_viewed,2026-06-19T14:13:19Z
USR003955,transfer_completed,2026-06-19T14:45:01Z
USR004234,transfer_completed,2026-06-19T16:08:12Z
USR000155,app_open,2026-06-19T17:51:56Z
USR003169,app_open,2026-06-19T19:48:12Z
USR000204,app_open,2026-06-19T19:51:51Z
USR000819,card_payment_viewed,2026-06-19T22:07:55Z
USR004941,card_payment_viewed,2026-06-20T00:14:25Z
USR003708,app_open,2026-06-20T00:34:50Z
USR003447,app_open,2026-06-20T01:42:53Z
USR003069,stock_order_started,2026-06-20T04:31:08Z
USR001072,fx_rate_viewed,2026-06-20T04:52:19Z
USR002066,plan_screen_viewed,2026-06-20T05:26:19Z
USR003902,crypto_trade_started,2026-06-20T07:40:43Z
USR001162,stock_order_started,2026-06-20T07:46:55Z
USR004244,fx_rate_viewed,2026-06-20T08:40:24Z
USR004420,savings_vault_opened,2026-06-20T09:52:28Z
USR000370,card_payment_viewed,2026-06-20T10:18:32Z
USR000050,fx_rate_viewed,2026-06-20T10:26:29Z
USR004099,card_payment_viewed,2026-06-20T16:37:31Z
USR004624,app_open,2026-06-20T16:43:32Z
USR001636,app_open,2026-06-20T17:03:22Z
USR001883,transfer_started,2026-06-20T17:03:27Z
USR002719,transfer_started,2026-06-20T20:26:43Z
USR003529,app_open,2026-06-20T21:53:25Z
USR003567,transfer_started,2026-06-21T00:34:36Z
USR002637,transfer_completed,2026-06-21T00:46:28Z
USR003328,transfer_completed,2026-06-21T00:56:20Z
USR003115,card_payment_viewed,2026-06-21T01:15:41Z
USR000303,transfer_completed,2026-06-21T01:45:04Z
USR002704,transfer_started,2026-06-21T03:32:17Z
USR003337,plan_screen_viewed,2026-06-21T03:33:27Z
USR000996,app_open,2026-06-21T03:34:10Z
USR002196,transfer_started,2026-06-21T04:02:58Z
USR001699,transfer_started,2026-06-21T04:24:16Z
USR004916,card_payment_viewed,2026-06-21T04:41:40Z
USR003103,card_payment_viewed,2026-06-21T04:51:18Z
USR002495,app_open,2026-06-21T04:55:55Z
USR000641,app_open,2026-06-21T06:00:06Z
USR003264,crypto_trade_started,2026-06-21T06:17:10Z
USR000749,transfer_completed,2026-06-21T08:27:41Z
USR004721,support_opened,2026-06-21T09:02:53Z
USR004497,crypto_trade_started,2026-06-21T09:17:31Z
USR002592,transfer_started,2026-06-21T10:10:54Z
USR001592,fx_rate_viewed,2026-06-21T11:07:18Z
USR004220,app_open,2026-06-21T16:08:19Z
USR002175,app_open,2026-06-21T18:39:54Z
USR001989,app_open,2026-06-21T18:57:34Z
USR000880,transfer_completed,2026-06-21T19:11:19Z
USR003238,app_open,2026-06-21T19:34:26Z
USR003072,transfer_completed,2026-06-21T20:05:36Z
USR003622,card_payment_viewed,2026-06-21T20:25:31Z
USR001080,plan_screen_viewed,2026-06-21T20:41:50Z
USR000423,stock_order_started,2026-06-21T20:59:25Z
USR002958,fx_rate_viewed,2026-06-21T21:37:56Z
USR003444,fx_rate_viewed,2026-06-21T21:51:40Z
USR000512,app_open,2026-06-21T22:08:03Z
USR000403,app_open,2026-06-21T22:13:02Z
USR000185,transfer_started,2026-06-21T22:39:37Z
USR002407,card_payment_viewed,2026-06-21T23:17:35Z
USR004210,transfer_started,2026-06-22T00:29:04Z
USR002281,transfer_started,2026-06-22T03:04:33Z
USR001782,card_payment_viewed,2026-06-22T03:31:49Z
USR002550,stock_order_started,2026-06-22T04:06:23Z
USR003249,app_open,2026-06-22T07:19:30Z
USR002549,savings_vault_opened,2026-06-22T07:31:51Z
USR002260,app_open,2026-06-22T08:39:21Z
USR000850,transfer_started,2026-06-22T08:50:43Z
USR003011,transfer_completed,2026-06-22T09:40:04Z
USR000697,app_open,2026-06-22T09:45:20Z
USR001262,app_open,2026-06-22T11:00:36Z
USR002548,transfer_started,2026-06-22T14:23:30Z
USR004348,app_open,2026-06-22T14:50:57Z
USR003675,plan_screen_viewed,2026-06-22T15:31:49Z
USR003099,savings_vault_opened,2026-06-22T16:20:03Z
USR003527,app_open,2026-06-22T18:25:54Z
USR002431,savings_vault_opened,2026-06-22T21:44:24Z
USR000292,transfer_started,2026-06-22T22:45:52Z
USR003877,transfer_completed,2026-06-23T00:21:52Z
USR000554,transfer_started,2026-06-23T01:22:11Z
USR001214,card_payment_viewed,2026-06-23T03:09:10Z
USR002642,savings_vault_opened,2026-06-23T03:34:14Z
USR004889,app_open,2026-06-23T04:19:25Z
USR004829,app_open,2026-06-23T04:39:31Z
USR002350,card_payment_viewed,2026-06-23T05:43:34Z
USR000253,support_opened,2026-06-23T05:56:42Z
USR004321,app_open,2026-06-23T06:41:22Z
USR000004,fx_rate_viewed,2026-06-23T06:48:42Z
USR001415,card_payment_viewed,2026-06-23T06:53:21Z
USR001832,transfer_completed,2026-06-23T06:56:49Z
USR001791,plan_screen_viewed,2026-06-23T07:25:38Z
USR001291,card_payment_viewed,2026-06-23T07:44:56Z
USR000766,crypto_trade_started,2026-06-23T08:24:01Z
USR003308,support_opened,2026-06-23T09:14:46Z
USR004041,app_open,2026-06-23T10:46:54Z
USR002685,transfer_completed,2026-06-23T12:13:00Z
USR004150,support_opened,2026-06-23T13:11:59Z
USR000240,savings_vault_opened,2026-06-23T14:17:19Z
USR001719,card_payment_viewed,2026-06-23T14:30:17Z
USR000207,transfer_completed,2026-06-23T14:36:01Z
USR002707,card_payment_viewed,2026-06-23T18:27:13Z
USR001010,transfer_completed,2026-06-23T18:34:54Z
USR003396,app_open,2026-06-23T18:45:46Z
USR000300,transfer_started,2026-06-23T19:01:37Z
USR003514,card_payment_viewed,2026-06-23T19:16:11Z
USR001209,app_open,2026-06-23T21:25:02Z
USR004391,support_opened,2026-06-23T21:35:32Z
USR001153,app_open,2026-06-23T21:40:51Z
USR004996,fx_rate_viewed,2026-06-24T00:40:32Z
USR000820,transfer_completed,2026-06-24T01:51:49Z
USR000566,app_open,2026-06-24T03:02:29Z
USR000471,savings_vault_opened,2026-06-24T03:55:46Z
USR000971,fx_rate_viewed,2026-06-24T04:11:08Z
USR000602,app_open,2026-06-24T05:39:06Z
USR004737,app_open,2026-06-24T10:10:07Z
USR002302,app_open,2026-06-24T11:34:36Z
USR004936,card_payment_viewed,2026-06-24T12:47:06Z
USR002335,transfer_completed,2026-06-24T12:58:53Z
USR003598,support_opened,2026-06-24T15:56:33Z
USR003489,app_open,2026-06-24T18:38:50Z
USR001279,crypto_trade_started,2026-06-24T20:28:21Z
USR002227,card_payment_viewed,2026-06-24T21:08:42Z
USR002392,card_payment_viewed,2026-06-24T21:42:05Z
USR001579,app_open,2026-06-24T22:11:31Z
USR002025,app_open,2026-06-24T23:01:11Z
USR000150,card_payment_viewed,2026-06-25T00:41:59Z
USR001962,support_opened,2026-06-25T01:37:47Z
USR001510,app_open,2026-06-25T01:44:17Z
USR000345,card_payment_viewed,2026-06-25T01:52:23Z
USR003209,crypto_trade_started,2026-06-25T02:36:27Z
USR000190,app_open,2026-06-25T03:13:28Z
USR001284,fx_rate_viewed,2026-06-25T03:19:17Z
USR000604,plan_screen_viewed,2026-06-25T04:55:51Z
USR000640,plan_screen_viewed,2026-06-25T04:57:21Z
USR004293,transfer_completed,2026-06-25T08:03:27Z
USR004040,app_open,2026-06-25T08:07:32Z
USR002225,app_open,2026-06-25T08:44:20Z
USR000807,app_open,2026-06-25T08:52:53Z
USR004992,crypto_trade_started,2026-06-25T10:55:33Z
USR002788,fx_rate_viewed,2026-06-25T10:57:26Z
USR000294,transfer_started,2026-06-25T11:47:38Z
USR000742,transfer_completed,2026-06-25T12:01:13Z
USR001193,card_payment_viewed,2026-06-25T12:18:44Z
USR002777,transfer_completed,2026-06-25T12:27:07Z
USR003944,app_open,2026-06-25T12:33:43Z
USR000965,crypto_trade_started,2026-06-25T13:45:58Z
USR003426,transfer_completed,2026-06-25T14:11:18Z
USR004286,app_open,2026-06-25T15:08:12Z
USR004981,app_open,2026-06-25T16:49:57Z
USR003287,crypto_trade_started,2026-06-25T18:20:29Z
USR003243,app_open,2026-06-25T18:50:52Z
USR003989,app_open,2026-06-25T18:56:05Z
USR000112,crypto_trade_started,2026-06-25T18:59:28Z
USR004112,app_open,2026-06-25T21:39:28Z
USR004518,savings_vault_opened,2026-06-25T22:38:43Z
USR003718,card_payment_viewed,2026-06-25T22:51:19Z
USR000241,app_open,2026-06-26T00:41:10Z
USR003615,transfer_started,2026-06-26T02:04:48Z
USR000973,app_open,2026-06-26T02:55:44Z
USR002852,transfer_completed,2026-06-26T02:58:49Z
USR003797,app_open,2026-06-26T04:08:17Z
USR004609,app_open,2026-06-26T04:19:18Z
USR002357,transfer_started,2026-06-26T06:00:27Z
USR003186,transfer_completed,2026-06-26T09:49:27Z
USR002988,crypto_trade_started,2026-06-26T11:11:01Z
USR001097,fx_rate_viewed,2026-06-26T11:29:14Z
USR000663,app_open,2026-06-26T11:34:50Z
USR000936,stock_order_started,2026-06-26T11:45:56Z
USR004133,stock_order_started,2026-06-26T12:12:09Z
USR002945,stock_order_started,2026-06-26T12:20:23Z
USR002363,card_payment_viewed,2026-06-26T14:35:06Z
USR004767,fx_rate_viewed,2026-06-26T15:10:11Z
USR004070,crypto_trade_started,2026-06-26T15:26:47Z
USR000741,card_payment_viewed,2026-06-26T16:05:44Z
USR002465,fx_rate_viewed,2026-06-26T19:18:05Z
USR004338,app_open,2026-06-26T19:34:36Z
USR000700,card_payment_viewed,2026-06-26T20:34:48Z
USR003872,card_payment_viewed,2026-06-26T21:50:25Z
USR002035,app_open,2026-06-26T22:38:50Z
USR002981,app_open,2026-06-26T22:56:50Z
USR003796,transfer_started,2026-06-26T23:34:08Z
USR002599,transfer_completed,2026-06-26T23:43:23Z
USR003515,transfer_completed,2026-06-27T01:29:48Z
USR003069,app_open,2026-06-27T02:33:24Z
USR002727,app_open,2026-06-27T04:14:39Z
USR000865,app_open,2026-06-27T05:51:23Z
USR002606,app_open,2026-06-27T08:23:13Z
USR002538,app_open,2026-06-27T08:31:41Z
USR004777,stock_order_started,2026-06-27T10:30:55Z
USR001518,stock_order_started,2026-06-27T10:35:09Z
USR004790,transfer_started,2026-06-27T11:01:00Z
USR002437,savings_vault_opened,2026-06-27T11:02:40Z
USR001915,app_open,2026-06-27T14:21:52Z
USR000749,savings_vault_opened,2026-06-27T15:42:20Z
USR000592,transfer_started,2026-06-27T17:36:08Z
USR003691,fx_rate_viewed,2026-06-27T17:43:12Z
USR001692,card_payment_viewed,2026-06-27T22:22:19Z
USR004507,app_open,2026-06-27T22:29:09Z
USR002452,fx_rate_viewed,2026-06-28T01:35:57Z
USR000821,transfer_started,2026-06-28T02:53:13Z
USR001320,app_open,2026-06-28T03:01:51Z
USR002214,fx_rate_viewed,2026-06-28T03:07:57Z
USR004561,card_payment_viewed,2026-06-28T04:31:00Z
USR002519,transfer_started,2026-06-28T04:39:40Z
USR001165,crypto_trade_started,2026-06-28T04:41:38Z
USR004601,transfer_completed,2026-06-28T06:41:10Z
USR000357,app_open,2026-06-28T07:17:10Z
USR003646,crypto_trade_started,2026-06-28T07:46:54Z
USR004247,transfer_completed,2026-06-28T07:58:32Z
USR001240,card_payment_viewed,2026-06-28T08:10:06Z
USR002429,savings_vault_opened,2026-06-28T08:22:23Z
USR000396,stock_order_started,2026-06-28T08:40:41Z
USR000169,transfer_completed,2026-06-28T09:55:19Z
USR004679,app_open,2026-06-28T10:39:27Z
USR000074,card_payment_viewed,2026-06-28T11:28:25Z
USR000450,crypto_trade_started,2026-06-28T11:35:32Z
USR001069,app_open,2026-06-28T14:03:40Z
USR003067,savings_vault_opened,2026-06-28T17:39:53Z
USR003669,crypto_trade_started,2026-06-28T18:38:09Z
USR001175,transfer_started,2026-06-28T18:51:18Z
USR004101,card_payment_viewed,2026-06-28T20:08:48Z
USR000178,crypto_trade_started,2026-06-29T02:44:45Z
USR003998,app_open,2026-06-29T03:02:20Z
USR002037,transfer_started,2026-06-29T03:06:02Z
USR004513,app_open,2026-06-29T03:08:35Z
USR002032,card_payment_viewed,2026-06-29T03:13:39Z
USR000878,card_payment_viewed,2026-06-29T07:03:21Z
USR001116,plan_screen_viewed,2026-06-29T08:08:24Z
USR002830,stock_order_started,2026-06-29T10:12:27Z
USR003753,app_open,2026-06-29T11:45:19Z
USR003409,fx_rate_viewed,2026-06-29T12:43:45Z
USR000881,fx_rate_viewed,2026-06-29T13:05:33Z
USR000931,app_open,2026-06-29T15:40:25Z
USR001749,app_open,2026-06-29T17:41:22Z
USR002824,transfer_started,2026-06-29T18:39:35Z
USR003204,plan_screen_viewed,2026-06-29T20:18:10Z
USR004948,transfer_started,2026-06-29T20:41:00Z
USR003197,transfer_started,2026-06-29T20:53:44Z
USR001417,transfer_started,2026-06-29T22:49:40Z
USR004577,app_open,2026-06-30T02:12:29Z
USR003124,transfer_started,2026-06-30T04:11:47Z
USR002038,app_open,2026-06-30T04:19:44Z
USR001744,app_open,2026-06-30T04:48:42Z
USR001668,app_open,2026-06-30T06:01:50Z
USR004734,app_open,2026-06-30T06:16:35Z
USR000431,transfer_completed,2026-06-30T08:10:21Z
USR004234,app_open,2026-06-30T09:09:30Z
USR002888,transfer_completed,2026-06-30T09:21:03Z
USR001619,card_payment_viewed,2026-06-30T09:47:39Z
USR002326,card_payment_viewed,2026-06-30T09:49:27Z
USR001318,card_payment_viewed,2026-06-30T10:19:21Z
USR002892,fx_rate_viewed,2026-06-30T10:29:54Z
USR000308,transfer_completed,2026-06-30T12:21:52Z
USR001333,app_open,2026-06-30T13:03:06Z
USR002724,app_open,2026-06-30T17:56:02Z
USR001483,app_open,2026-06-30T18:41:22Z
USR002400,card_payment_viewed,2026-06-30T19:38:14Z
USR004684,transfer_started,2026-06-30T20:37:00Z
USR003480,stock_order_started,2026-06-30T21:38:39Z
USR003882,app_open,2026-06-30T22:35:37Z
USR004547,transfer_completed,2026-07-01T01:32:47Z
USR000547,app_open,2026-07-01T05:16:25Z
USR001953,app_open,2026-07-01T05:20:25Z
USR004441,savings_vault_opened,2026-07-01T08:28:35Z
USR002546,stock_order_started,2026-07-01T10:20:31Z
USR003218,transfer_started,2026-07-01T10:39:17Z
USR000931,stock_order_started,2026-07-01T11:59:15Z
USR004262,plan_screen_viewed,2026-07-01T12:34:59Z
USR004741,plan_screen_viewed,2026-07-01T14:27:12Z
USR000012,app_open,2026-07-01T14:43:54Z
USR001712,crypto_trade_started,2026-07-01T15:30:57Z
USR004864,fx_rate_viewed,2026-07-01T16:31:26Z
USR004769,crypto_trade_started,2026-07-01T16:44:58Z
USR003560,card_payment_viewed,2026-07-01T17:59:13Z
USR002932,stock_order_started,2026-07-01T17:59:51Z
USR000119,card_payment_viewed,2026-07-01T18:28:43Z
USR002554,card_payment_viewed,2026-07-01T18:34:42Z
USR003852,app_open,2026-07-01T21:05:56Z
USR004175,crypto_trade_started,2026-07-01T23:42:13Z
USR003352,app_open,2026-07-01T23:54:18Z
USR003362,app_open,2026-07-02T03:15:57Z
USR001573,support_opened,2026-07-02T03:30:02Z
USR001168,card_payment_viewed,2026-07-02T04:18:19Z
USR002834,fx_rate_viewed,2026-07-02T06:20:54Z
USR003712,savings_vault_opened,2026-07-02T06:59:28Z
USR003936,card_payment_viewed,2026-07-02T07:24:20Z
USR003998,savings_vault_opened,2026-07-02T08:42:48Z
USR001042,app_open,2026-07-02T10:16:05Z
USR002888,app_open,2026-07-02T10:28:31Z
USR001240,transfer_completed,2026-07-02T11:09:38Z
USR003423,app_open,2026-07-02T11:27:55Z
USR004823,fx_rate_viewed,2026-07-02T11:49:43Z
USR004025,app_open,2026-07-02T12:53:17Z
USR004163,card_payment_viewed,2026-07-02T17:14:06Z
USR000538,card_payment_viewed,2026-07-02T17:17:35Z
USR002888,savings_vault_opened,2026-07-02T18:27:45Z
USR003097,transfer_completed,2026-07-02T19:14:03Z
USR003974,app_open,2026-07-02T20:57:01Z
USR002267,transfer_started,2026-07-02T21:28:32Z
USR004023,card_payment_viewed,2026-07-02T22:02:59Z
USR003569,app_open,2026-07-02T22:36:12Z
USR003293,transfer_started,2026-07-02T22:41:59Z
USR003586,plan_screen_viewed,2026-07-03T00:22:48Z
USR001817,transfer_completed,2026-07-03T01:19:23Z
USR004672,card_payment_viewed,2026-07-03T01:33:47Z
USR003218,card_payment_viewed,2026-07-03T01:55:21Z
USR000394,app_open,2026-07-03T02:05:34Z
USR004679,card_payment_viewed,2026-07-03T02:39:43Z
USR002948,app_open,2026-07-03T03:09:55Z
USR004150,transfer_completed,2026-07-03T05:42:51Z
USR003807,crypto_trade_started,2026-07-03T06:08:48Z
USR004314,plan_screen_viewed,2026-07-03T06:37:29Z
USR000881,savings_vault_opened,2026-07-03T08:49:21Z
USR004160,app_open,2026-07-03T09:11:40Z
USR004447,support_opened,2026-07-03T09:50:46Z
USR003699,transfer_started,2026-07-03T10:17:05Z
USR000091,card_payment_viewed,2026-07-03T13:11:04Z
USR002936,app_open,2026-07-03T14:08:21Z
USR004264,transfer_started,2026-07-03T15:01:36Z
USR004651,stock_order_started,2026-07-03T16:02:54Z
USR000113,transfer_completed,2026-07-03T16:08:44Z
USR001378,stock_order_started,2026-07-03T16:24:46Z
USR000982,transfer_started,2026-07-03T16:46:07Z
USR003828,card_payment_viewed,2026-07-03T17:37:53Z
USR004906,card_payment_viewed,2026-07-03T17:41:36Z
USR002205,app_open,2026-07-03T17:44:57Z
USR002910,transfer_started,2026-07-03T18:05:43Z
USR000815,fx_rate_viewed,2026-07-03T18:31:09Z
USR004365,transfer_completed,2026-07-03T19:58:44Z
USR000723,crypto_trade_started,2026-07-03T20:18:25Z
USR003697,savings_vault_opened,2026-07-03T20:59:39Z
USR003186,fx_rate_viewed,2026-07-03T21:43:55Z
USR002510,app_open,2026-07-03T22:37:15Z
USR003438,app_open,2026-07-04T02:57:23Z
USR003574,transfer_started,2026-07-04T03:15:29Z
USR004509,card_payment_viewed,2026-07-04T04:08:40Z
USR000153,transfer_completed,2026-07-04T04:44:07Z
USR000507,support_opened,2026-07-04T05:42:13Z
USR004657,app_open,2026-07-04T06:48:26Z
USR004399,plan_screen_viewed,2026-07-04T07:31:27Z
USR004462,stock_order_started,2026-07-04T08:50:11Z
USR002854,card_payment_viewed,2026-07-04T15:40:17Z
USR000840,savings_vault_opened,2026-07-04T16:00:30Z
USR004510,fx_rate_viewed,2026-07-04T16:12:37Z
USR004187,app_open,2026-07-04T17:09:22Z
USR001521,transfer_completed,2026-07-04T17:55:45Z
USR001185,app_open,2026-07-04T18:23:42Z
USR001844,support_opened,2026-07-04T18:49:06Z
USR002035,savings_vault_opened,2026-07-04T21:34:38Z
USR000640,app_open,2026-07-04T21:43:58Z
USR000322,transfer_started,2026-07-04T22:01:29Z
USR001043,app_open,2026-07-04T22:55:50Z
USR001161,transfer_completed,2026-07-04T23:02:24Z
USR001419,app_open,2026-07-04T23:06:21Z
USR002175,transfer_started,2026-07-05T03:00:55Z
USR004855,card_payment_viewed,2026-07-05T03:29:50Z
USR000829,crypto_trade_started,2026-07-05T05:13:38Z
USR004382,card_payment_viewed,2026-07-05T06:17:37Z
USR000201,stock_order_started,2026-07-05T06:53:42Z
USR001503,app_open,2026-07-05T06:58:38Z
USR002880,transfer_started,2026-07-05T07:48:41Z
USR001241,transfer_completed,2026-07-05T07:50:39Z
USR002254,transfer_started,2026-07-05T09:35:01Z
USR004737,transfer_started,2026-07-05T10:15:45Z
USR002177,support_opened,2026-07-05T10:24:50Z
USR001299,app_open,2026-07-05T10:51:49Z
USR001293,card_payment_viewed,2026-07-05T12:11:46Z
USR004777,app_open,2026-07-05T13:05:13Z
USR000048,plan_screen_viewed,2026-07-05T13:44:40Z
USR003180,app_open,2026-07-05T14:41:40Z
USR001605,crypto_trade_started,2026-07-05T15:53:17Z
USR000205,plan_screen_viewed,2026-07-05T16:56:22Z
USR002903,app_open,2026-07-05T17:07:47Z
USR001334,card_payment_viewed,2026-07-05T17:20:35Z
USR004672,card_payment_viewed,2026-07-05T17:32:27Z
USR002186,app_open,2026-07-05T17:53:21Z
USR000504,crypto_trade_started,2026-07-05T18:40:15Z
USR002674,savings_vault_opened,2026-07-05T20:28:07Z
USR000106,plan_screen_viewed,2026-07-05T21:12:46Z
USR001931,crypto_trade_started,2026-07-05T22:17:16Z
USR002392,app_open,2026-07-05T22:42:53Z
USR002131,transfer_started,2026-07-05T23:36:18Z
USR000643,transfer_completed,2026-07-05T23:46:02Z
USR004627,support_opened,2026-07-06T00:39:30Z
USR002463,app_open,2026-07-06T01:07:59Z
USR003182,card_payment_viewed,2026-07-06T01:27:32Z
USR004818,savings_vault_opened,2026-07-06T01:44:02Z
USR000436,transfer_completed,2026-07-06T02:06:55Z
USR004544,card_payment_viewed,2026-07-06T02:12:37Z
USR001851,app_open,2026-07-06T02:58:58Z
USR003433,card_payment_viewed,2026-07-06T03:05:23Z
USR004158,app_open,2026-07-06T05:01:03Z
USR002081,app_open,2026-07-06T08:57:18Z
USR002701,transfer_completed,2026-07-06T10:41:11Z
USR002608,transfer_started,2026-07-06T11:02:44Z
USR004430,transfer_completed,2026-07-06T11:03:24Z
USR002800,app_open,2026-07-06T13:22:56Z
USR004478,fx_rate_viewed,2026-07-06T13:52:09Z
USR001595,savings_vault_opened,2026-07-06T15:02:28Z
USR004870,crypto_trade_started,2026-07-06T15:45:18Z
USR004262,transfer_started,2026-07-06T18:25:16Z
USR004113,app_open,2026-07-06T19:13:44Z
USR002747,card_payment_viewed,2026-07-06T19:16:17Z
USR004846,fx_rate_viewed,2026-07-06T19:24:11Z
USR001493,plan_screen_viewed,2026-07-06T19:39:14Z
USR003302,card_payment_viewed,2026-07-06T19:50:27Z
USR000499,savings_vault_opened,2026-07-06T20:07:41Z
USR002430,app_open,2026-07-06T21:41:54Z
USR001805,transfer_completed,2026-07-06T21:52:32Z
USR000376,card_payment_viewed,2026-07-06T22:09:20Z
USR002236,transfer_started,2026-07-06T22:42:10Z
USR003456,transfer_started,2026-07-06T23:12:59Z
USR000676,support_opened,2026-07-06T23:15:51Z
USR004021,app_open,2026-07-06T23:16:46Z
USR004897,card_payment_viewed,2026-07-06T23:26:50Z
USR004338,card_payment_viewed,2026-07-06T23:48:47Z
USR002172,card_payment_viewed,2026-07-07T00:02:47Z
USR003528,app_open,2026-07-07T01:16:11Z
USR001190,savings_vault_opened,2026-07-07T01:46:50Z
USR000741,card_payment_viewed,2026-07-07T01:47:25Z
USR002758,card_payment_viewed,2026-07-07T02:17:05Z
USR003631,stock_order_started,2026-07-07T03:23:55Z
USR003944,transfer_started,2026-07-07T06:03:18Z
USR001940,card_payment_viewed,2026-07-07T06:11:33Z
USR004700,transfer_started,2026-07-07T06:27:45Z
USR000425,transfer_completed,2026-07-07T06:31:32Z
USR003861,transfer_started,2026-07-07T07:31:45Z
USR000997,app_open,2026-07-07T07:43:05Z
USR002522,crypto_trade_started,2026-07-07T10:42:14Z
USR001983,card_payment_viewed,2026-07-07T12:38:11Z
USR001107,app_open,2026-07-07T12:49:31Z
USR001488,app_open,2026-07-07T13:18:34Z
USR000335,app_open,2026-07-07T14:13:33Z
USR002141,transfer_started,2026-07-07T14:47:17Z
USR004063,transfer_started,2026-07-07T17:42:23Z
USR002561,fx_rate_viewed,2026-07-07T18:54:41Z
USR004475,app_open,2026-07-07T20:12:38Z
USR002769,card_payment_viewed,2026-07-07T20:45:00Z
USR002446,crypto_trade_started,2026-07-07T21:59:43Z
USR001616,app_open,2026-07-07T23:02:26Z
USR004754,transfer_started,2026-07-08T05:17:51Z
USR004646,fx_rate_viewed,2026-07-08T05:24:37Z
USR002927,savings_vault_opened,2026-07-08T05:57:22Z
USR001505,app_open,2026-07-08T07:10:24Z
USR004552,app_open,2026-07-08T07:40:30Z
USR002817,app_open,2026-07-08T07:48:37Z
USR004120,transfer_started,2026-07-08T09:19:33Z
USR003627,app_open,2026-07-08T11:31:13Z
USR001401,app_open,2026-07-08T11:54:05Z
USR000684,card_payment_viewed,2026-07-08T13:07:55Z
USR003595,transfer_started,2026-07-08T13:23:24Z
USR004082,plan_screen_viewed,2026-07-08T13:34:36Z
USR003511,card_payment_viewed,2026-07-08T14:29:46Z
USR004883,support_opened,2026-07-08T16:13:45Z
USR000123,transfer_started,2026-07-08T16:36:00Z
USR002927,app_open,2026-07-08T17:19:34Z
USR002605,card_payment_viewed,2026-07-08T17:33:39Z
USR004176,app_open,2026-07-08T20:20:32Z
USR004210,transfer_completed,2026-07-08T20:32:26Z
USR003766,transfer_completed,2026-07-08T21:53:34Z
USR003531,support_opened,2026-07-08T21:57:18Z
USR000518,transfer_started,2026-07-08T23:34:15Z
USR004101,fx_rate_viewed,2026-07-09T03:07:50Z
USR004004,card_payment_viewed,2026-07-09T03:42:41Z
USR000953,fx_rate_viewed,2026-07-09T04:27:51Z
USR004580,transfer_completed,2026-07-09T05:28:13Z
USR004877,app_open,2026-07-09T06:11:22Z
USR001492,fx_rate_viewed,2026-07-09T07:26:53Z
USR003618,transfer_completed,2026-07-09T11:14:19Z
USR002263,app_open,2026-07-09T11:45:25Z
USR000967,transfer_completed,2026-07-09T13:04:17Z
USR000452,app_open,2026-07-09T13:49:10Z
USR004333,transfer_started,2026-07-09T14:03:28Z
USR001086,card_payment_viewed,2026-07-09T14:32:40Z
USR001448,app_open,2026-07-09T15:04:49Z
USR003624,support_opened,2026-07-09T15:27:53Z
USR003665,fx_rate_viewed,2026-07-09T15:38:40Z
USR002957,transfer_completed,2026-07-09T16:20:15Z
USR004031,fx_rate_viewed,2026-07-09T19:17:16Z
USR001800,crypto_trade_started,2026-07-09T20:07:21Z
USR000602,transfer_completed,2026-07-09T20:16:11Z
USR001953,support_opened,2026-07-09T20:27:51Z
USR003139,app_open,2026-07-10T01:17:47Z
USR003361,transfer_started,2026-07-10T01:47:47Z
USR004251,transfer_started,2026-07-10T02:02:59Z
USR003592,app_open,2026-07-10T02:26:24Z
USR002646,app_open,2026-07-10T03:26:58Z
USR000791,card_payment_viewed,2026-07-10T05:21:37Z
USR004985,crypto_trade_started,2026-07-10T05:41:52Z
USR003763,savings_vault_opened,2026-07-10T05:47:15Z
USR002322,card_payment_viewed,2026-07-10T06:34:59Z
USR000663,app_open,2026-07-10T07:37:26Z
USR000378,savings_vault_opened,2026-07-10T09:38:46Z
USR001230,app_open,2026-07-10T10:13:35Z
USR000277,app_open,2026-07-10T11:40:27Z
USR000868,card_payment_viewed,2026-07-10T12:19:53Z
USR004705,card_payment_viewed,2026-07-10T13:41:51Z
USR004973,app_open,2026-07-10T14:25:49Z
USR002803,app_open,2026-07-10T19:17:18Z
USR004280,stock_order_started,2026-07-10T20:01:01Z
USR003899,transfer_completed,2026-07-10T23:56:08Z
USR003980,stock_order_started,2026-07-11T00:53:34Z
USR001006,crypto_trade_started,2026-07-11T01:03:58Z
USR002258,card_payment_viewed,2026-07-11T03:14:02Z
USR004385,transfer_completed,2026-07-11T03:33:29Z
USR004925,app_open,2026-07-11T03:35:13Z
USR004667,transfer_started,2026-07-11T03:40:07Z
USR002004,transfer_started,2026-07-11T03:49:30Z
USR000738,support_opened,2026-07-11T05:20:26Z
USR001301,app_open,2026-07-11T05:47:42Z
USR004216,savings_vault_opened,2026-07-11T06:02:53Z
USR000931,support_opened,2026-07-11T06:50:46Z
USR004237,app_open,2026-07-11T07:10:36Z
USR003424,app_open,2026-07-11T07:24:57Z
USR002942,card_payment_viewed,2026-07-11T08:33:28Z
USR003822,transfer_completed,2026-07-11T10:03:14Z
USR002521,stock_order_started,2026-07-11T10:10:14Z
USR003097,stock_order_started,2026-07-11T10:55:14Z
USR003531,plan_screen_viewed,2026-07-11T11:18:38Z
USR002161,card_payment_viewed,2026-07-11T14:38:05Z
USR001311,app_open,2026-07-11T14:41:42Z
USR003384,transfer_completed,2026-07-11T16:10:21Z
USR004132,savings_vault_opened,2026-07-11T17:04:13Z
USR003274,transfer_started,2026-07-11T17:20:37Z
USR001337,card_payment_viewed,2026-07-11T17:30:30Z
USR004584,app_open,2026-07-11T18:13:38Z
USR004549,app_open,2026-07-11T19:57:47Z
USR001896,stock_order_started,2026-07-11T22:12:06Z
USR003468,transfer_completed,2026-07-11T22:51:17Z
USR004555,stock_order_started,2026-07-11T23:09:46Z
USR002376,app_open,2026-07-12T00:24:56Z
USR003817,app_open,2026-07-12T00:49:59Z
USR000076,transfer_completed,2026-07-12T00:57:32Z
USR003476,transfer_started,2026-07-12T03:03:43Z
USR004869,app_open,2026-07-12T03:30:40Z
USR003018,app_open,2026-07-12T03:46:21Z
USR000491,transfer_completed,2026-07-12T03:55:16Z
USR003004,transfer_started,2026-07-12T04:03:21Z
USR002982,app_open,2026-07-12T04:22:17Z
USR002823,app_open,2026-07-12T08:04:23Z
USR004781,savings_vault_opened,2026-07-12T11:37:25Z
USR000185,transfer_started,2026-07-12T11:42:23Z
USR003706,card_payment_viewed,2026-07-12T13:05:37Z
USR003980,transfer_started,2026-07-12T14:31:19Z
USR003049,transfer_started,2026-07-12T14:58:01Z
USR001880,transfer_started,2026-07-12T16:08:40Z
USR003207,fx_rate_viewed,2026-07-12T19:24:58Z
USR003276,card_payment_viewed,2026-07-12T20:15:36Z
USR002568,app_open,2026-07-12T21:35:36Z
USR000547,fx_rate_viewed,2026-07-12T23:04:23Z
USR001686,app_open,2026-07-12T23:17:30Z
USR000432,app_open,2026-07-12T23:53:47Z
USR001892,plan_screen_viewed,2026-07-13T00:40:14Z
USR002037,transfer_completed,2026-07-13T01:38:08Z
USR000432,transfer_completed,2026-07-13T02:05:33Z
USR000723,app_open,2026-07-13T05:27:45Z
USR003162,app_open,2026-07-13T08:04:26Z
USR001957,transfer_started,2026-07-13T11:14:02Z
USR001711,card_payment_viewed,2026-07-13T13:57:35Z
USR003038,card_payment_viewed,2026-07-13T14:52:38Z
USR003454,stock_order_started,2026-07-13T14:55:44Z
USR002672,fx_rate_viewed,2026-07-13T16:07:48Z
USR003633,crypto_trade_started,2026-07-13T16:20:13Z
USR000217,card_payment_viewed,2026-07-13T18:56:36Z
USR003729,stock_order_started,2026-07-13T19:29:46Z
USR003824,card_payment_viewed,2026-07-13T20:02:22Z
USR000382,savings_vault_opened,2026-07-13T20:10:16Z
USR002078,card_payment_viewed,2026-07-13T22:42:26Z
USR003337,app_open,2026-07-13T23:15:49Z
USR000492,card_payment_viewed,2026-07-13T23:40:03Z
USR003955,transfer_completed,2026-07-14T02:20:46Z
USR003069,app_open,2026-07-14T02:50:15Z
USR000452,fx_rate_viewed,2026-07-14T04:24:04Z
USR001654,transfer_started,2026-07-14T06:25:36Z
USR003530,transfer_started,2026-07-14T06:41:27Z
USR003520,savings_vault_opened,2026-07-14T07:36:58Z
USR000974,card_payment_viewed,2026-07-14T07:56:17Z
USR001137,savings_vault_opened,2026-07-14T08:05:24Z
USR000505,transfer_started,2026-07-14T09:00:11Z
USR002301,card_payment_viewed,2026-07-14T12:15:26Z
USR002824,app_open,2026-07-14T12:27:03Z
USR001873,fx_rate_viewed,2026-07-14T14:58:37Z
USR000185,app_open,2026-07-14T17:51:55Z
USR002716,app_open,2026-07-14T19:10:12Z
USR000600,app_open,2026-07-14T21:41:44Z
USR003030,fx_rate_viewed,2026-07-14T22:20:57Z
USR003346,crypto_trade_started,2026-07-14T23:01:39Z
USR001361,savings_vault_opened,2026-07-14T23:51:38Z
USR002928,card_payment_viewed,2026-07-14T23:57:19Z
USR001027,card_payment_viewed,2026-07-15T00:16:27Z
USR003041,transfer_completed,2026-07-15T00:30:55Z
USR001488,transfer_started,2026-07-15T02:11:58Z
USR002817,support_opened,2026-07-15T02:15:00Z
USR000620,app_open,2026-07-15T04:29:48Z
USR001307,transfer_started,2026-07-15T06:25:39Z
USR004646,crypto_trade_started,2026-07-15T06:44:03Z
USR000999,transfer_started,2026-07-15T07:05:17Z
USR004174,app_open,2026-07-15T07:36:49Z
USR003268,transfer_started,2026-07-15T07:38:32Z
USR003696,app_open,2026-07-15T09:46:09Z
USR000252,transfer_completed,2026-07-15T10:20:24Z
USR000113,fx_rate_viewed,2026-07-15T10:23:52Z
USR003430,app_open,2026-07-15T10:26:23Z
USR002457,transfer_started,2026-07-15T10:33:15Z
USR000960,stock_order_started,2026-07-15T10:57:40Z
USR000997,plan_screen_viewed,2026-07-15T12:39:14Z
USR001647,app_open,2026-07-15T13:24:35Z
USR000732,fx_rate_viewed,2026-07-15T13:43:49Z
USR004477,card_payment_viewed,2026-07-15T14:49:55Z
USR000845,app_open,2026-07-15T16:10:46Z
USR001488,app_open,2026-07-15T21:14:52Z
USR002762,stock_order_started,2026-07-15T22:04:35Z
USR003334,stock_order_started,2026-07-15T23:05:23Z
USR001281,fx_rate_viewed,2026-07-15T23:48:33Z
USR000113,app_open,2026-07-16T00:10:21Z
USR002008,app_open,2026-07-16T00:29:06Z
USR002087,card_payment_viewed,2026-07-16T00:32:07Z
USR002633,app_open,2026-07-16T00:38:26Z
USR003764,transfer_completed,2026-07-16T01:38:37Z
USR001473,stock_order_started,2026-07-16T02:39:14Z
USR002904,savings_vault_opened,2026-07-16T03:03:28Z
USR002429,card_payment_viewed,2026-07-16T03:05:48Z
USR003639,card_payment_viewed,2026-07-16T03:25:37Z
USR001941,app_open,2026-07-16T04:41:37Z
USR001782,crypto_trade_started,2026-07-16T04:55:35Z
USR002754,transfer_completed,2026-07-16T05:01:42Z
USR001463,app_open,2026-07-16T10:58:41Z
USR002200,app_open,2026-07-16T13:39:53Z
USR002173,crypto_trade_started,2026-07-16T14:14:36Z
USR000002,plan_screen_viewed,2026-07-16T14:27:52Z
USR000770,savings_vault_opened,2026-07-16T14:53:52Z
USR004205,plan_screen_viewed,2026-07-16T16:12:22Z
USR001901,fx_rate_viewed,2026-07-16T17:02:08Z
USR003285,card_payment_viewed,2026-07-16T17:05:22Z
USR002763,transfer_started,2026-07-16T18:55:23Z
USR003631,plan_screen_viewed,2026-07-16T21:15:34Z
USR002143,card_payment_viewed,2026-07-16T21:25:45Z
USR003288,app_open,2026-07-16T23:50:24Z
USR002630,card_payment_viewed,2026-07-17T00:39:35Z
USR003832,app_open,2026-07-17T02:23:02Z
USR003665,card_payment_viewed,2026-07-17T02:47:10Z
USR000684,card_payment_viewed,2026-07-17T02:51:45Z
USR004041,app_open,2026-07-17T03:27:33Z
USR002754,app_open,2026-07-17T03:45:12Z
USR002225,transfer_completed,2026-07-17T03:54:38Z
USR002945,app_open,2026-07-17T05:21:55Z
USR001752,transfer_completed,2026-07-17T06:32:27Z
USR003521,app_open,2026-07-17T06:46:25Z
USR001859,transfer_completed,2026-07-17T07:02:31Z
USR002117,app_open,2026-07-17T07:06:59Z
USR002904,stock_order_started,2026-07-17T08:25:03Z
USR001209,stock_order_started,2026-07-17T08:45:39Z
USR002008,app_open,2026-07-17T08:47:57Z
USR001789,crypto_trade_started,2026-07-17T11:05:10Z
USR002048,app_open,2026-07-17T11:19:06Z
USR004789,card_payment_viewed,2026-07-17T13:19:26Z
USR003988,card_payment_viewed,2026-07-17T15:26:41Z
USR002175,app_open,2026-07-17T16:54:25Z
USR002023,crypto_trade_started,2026-07-17T17:21:13Z
USR003604,app_open,2026-07-17T17:27:37Z
USR002189,app_open,2026-07-17T19:02:49Z
USR004698,app_open,2026-07-17T19:50:43Z
USR001427,app_open,2026-07-17T20:59:56Z
USR004538,savings_vault_opened,2026-07-17T21:58:44Z
USR002491,savings_vault_opened,2026-07-18T02:26:14Z
USR002771,savings_vault_opened,2026-07-18T02:54:49Z
USR001404,app_open,2026-07-18T03:04:55Z
USR000705,transfer_started,2026-07-18T03:34:45Z
USR004672,fx_rate_viewed,2026-07-18T05:13:36Z
USR003944,app_open,2026-07-18T06:41:19Z
USR003456,app_open,2026-07-18T07:38:53Z
USR003249,transfer_started,2026-07-18T08:55:44Z
USR004873,card_payment_viewed,2026-07-18T09:53:01Z
USR003007,app_open,2026-07-18T10:02:46Z
USR000450,card_payment_viewed,2026-07-18T11:33:14Z
USR002566,card_payment_viewed,2026-07-18T11:59:21Z
USR000887,card_payment_viewed,2026-07-18T13:46:55Z
USR002986,card_payment_viewed,2026-07-18T17:41:01Z
USR003926,app_open,2026-07-18T20:02:25Z
USR001774,stock_order_started,2026-07-18T21:32:58Z
USR002479,transfer_completed,2026-07-18T21:47:55Z
USR000062,fx_rate_viewed,2026-07-18T21:51:40Z
USR004659,support_opened,2026-07-18T23:46:16Z
USR000372,fx_rate_viewed,2026-07-19T00:57:28Z
USR004116,savings_vault_opened,2026-07-19T01:21:30Z
USR002527,transfer_started,2026-07-19T01:42:18Z
USR002317,transfer_started,2026-07-19T01:49:37Z
USR002038,transfer_started,2026-07-19T02:33:39Z
USR002530,app_open,2026-07-19T03:08:41Z
USR004344,crypto_trade_started,2026-07-19T03:15:37Z
USR003867,app_open,2026-07-19T04:02:02Z
USR002735,transfer_completed,2026-07-19T05:02:36Z
USR001740,card_payment_viewed,2026-07-19T05:59:28Z
USR001873,crypto_trade_started,2026-07-19T06:18:50Z
USR000560,transfer_started,2026-07-19T06:27:32Z
USR001181,savings_vault_opened,2026-07-19T07:20:37Z
USR002960,app_open,2026-07-19T07:28:05Z
USR002491,card_payment_viewed,2026-07-19T08:14:38Z
USR003357,crypto_trade_started,2026-07-19T08:33:55Z
USR000078,app_open,2026-07-19T08:54:52Z
USR000460,support_opened,2026-07-19T11:10:28Z
USR004189,app_open,2026-07-19T11:22:26Z
USR001307,crypto_trade_started,2026-07-19T11:35:56Z
USR003197,crypto_trade_started,2026-07-19T12:07:17Z
USR002022,card_payment_viewed,2026-07-19T15:47:48Z
USR001340,app_open,2026-07-19T15:48:01Z
USR001446,stock_order_started,2026-07-19T16:37:51Z
USR000558,stock_order_started,2026-07-19T16:40:35Z
USR001579,stock_order_started,2026-07-19T16:45:43Z
USR004798,crypto_trade_started,2026-07-19T21:04:57Z
USR004674,crypto_trade_started,2026-07-19T21:06:28Z
USR004441,savings_vault_opened,2026-07-20T00:28:31Z
USR000620,card_payment_viewed,2026-07-20T01:10:50Z
USR004178,app_open,2026-07-20T01:57:29Z
USR004943,card_payment_viewed,2026-07-20T02:50:29Z
USR004879,plan_screen_viewed,2026-07-20T03:09:54Z
USR001058,card_payment_viewed,2026-07-20T05:14:59Z
USR002270,app_open,2026-07-20T06:08:15Z
USR000559,savings_vault_opened,2026-07-20T07:27:45Z
USR002452,plan_screen_viewed,2026-07-20T08:37:29Z
USR002487,app_open,2026-07-20T09:20:28Z
USR004863,stock_order_started,2026-07-20T10:04:03Z
USR004831,card_payment_viewed,2026-07-20T13:14:59Z
USR002554,support_opened,2026-07-20T13:36:07Z
USR002686,transfer_started,2026-07-20T15:01:38Z
USR004888,app_open,2026-07-20T16:27:35Z
USR000529,transfer_completed,2026-07-20T16:56:57Z
USR002762,card_payment_viewed,2026-07-20T19:32:35Z
USR004993,fx_rate_viewed,2026-07-20T19:47:08Z
USR003138,card_payment_viewed,2026-07-20T20:51:24Z
USR003350,plan_screen_viewed,2026-07-20T20:56:36Z
USR002196,support_opened,2026-07-20T21:22:45Z
USR003695,app_open,2026-07-20T21:35:19Z
USR001444,stock_order_started,2026-07-20T21:54:05Z
USR000105,app_open,2026-07-20T21:59:14Z
USR002467,transfer_completed,2026-07-20T23:03:17Z
USR000957,app_open,2026-07-20T23:42:19Z
USR003607,fx_rate_viewed,2026-07-21T00:30:58Z
USR004703,app_open,2026-07-21T00:51:58Z
USR000489,card_payment_viewed,2026-07-21T02:15:25Z
USR004352,transfer_started,2026-07-21T02:25:39Z
USR000931,app_open,2026-07-21T04:47:00Z
USR001108,transfer_started,2026-07-21T05:43:28Z
USR000997,fx_rate_viewed,2026-07-21T06:53:58Z
USR003490,transfer_completed,2026-07-21T06:56:00Z
USR004195,transfer_started,2026-07-21T08:16:11Z
USR003345,card_payment_viewed,2026-07-21T08:43:03Z
USR000108,plan_screen_viewed,2026-07-21T09:29:51Z
USR004410,app_open,2026-07-21T10:45:58Z
USR002698,savings_vault_opened,2026-07-21T11:02:49Z
USR000144,support_opened,2026-07-21T12:37:11Z
USR004588,app_open,2026-07-21T13:05:26Z
USR003398,app_open,2026-07-21T13:18:48Z
USR002087,card_payment_viewed,2026-07-21T13:19:26Z
USR000281,transfer_started,2026-07-21T13:59:07Z
USR001492,card_payment_viewed,2026-07-21T14:49:34Z
USR001685,crypto_trade_started,2026-07-21T15:29:53Z
USR002939,crypto_trade_started,2026-07-21T16:22:27Z
USR002488,app_open,2026-07-21T17:50:18Z
USR002958,transfer_completed,2026-07-21T20:45:59Z
USR004321,app_open,2026-07-21T21:03:50Z
USR002542,fx_rate_viewed,2026-07-21T21:06:07Z
USR001619,transfer_started,2026-07-21T21:48:59Z
USR000746,stock_order_started,2026-07-21T23:11:34Z
USR000096,transfer_completed,2026-07-22T01:05:16Z
USR003614,app_open,2026-07-22T01:26:25Z
USR002450,plan_screen_viewed,2026-07-22T02:41:24Z
USR000761,crypto_trade_started,2026-07-22T02:45:38Z
USR003926,transfer_started,2026-07-22T02:48:48Z
USR001994,app_open,2026-07-22T04:05:38Z
USR000505,stock_order_started,2026-07-22T04:17:28Z
USR000177,card_payment_viewed,2026-07-22T04:32:06Z
USR000700,crypto_trade_started,2026-07-22T05:03:28Z
USR003044,transfer_started,2026-07-22T05:21:28Z
USR004741,app_open,2026-07-22T05:42:57Z
USR000993,card_payment_viewed,2026-07-22T06:50:20Z
USR001632,app_open,2026-07-22T07:26:04Z
USR000172,transfer_completed,2026-07-22T07:28:05Z
USR000618,fx_rate_viewed,2026-07-22T08:54:35Z
USR003729,app_open,2026-07-22T08:58:00Z
USR003501,stock_order_started,2026-07-22T09:14:59Z
USR002548,plan_screen_viewed,2026-07-22T11:52:57Z
USR000383,crypto_trade_started,2026-07-22T13:42:29Z
USR000668,card_payment_viewed,2026-07-22T15:40:33Z
USR001315,card_payment_viewed,2026-07-22T18:47:54Z
USR004888,crypto_trade_started,2026-07-22T19:13:17Z
USR002137,card_payment_viewed,2026-07-22T21:35:00Z
USR004747,app_open,2026-07-22T21:52:52Z
USR001085,app_open,2026-07-22T22:52:20Z
USR001516,transfer_started,2026-07-22T23:12:12Z
USR004112,transfer_started,2026-07-22T23:20:17Z
USR000828,support_opened,2026-07-23T00:08:49Z
USR001561,app_open,2026-07-23T00:22:51Z
USR001624,transfer_started,2026-07-23T01:21:25Z
USR003480,card_payment_viewed,2026-07-23T01:53:49Z
USR000707,transfer_started,2026-07-23T02:20:34Z
USR002417,fx_rate_viewed,2026-07-23T02:58:28Z
USR000180,app_open,2026-07-23T05:34:03Z
USR003075,app_open,2026-07-23T06:43:18Z
USR004337,card_payment_viewed,2026-07-23T06:53:30Z
USR004993,app_open,2026-07-23T08:42:45Z
USR003324,card_payment_viewed,2026-07-23T09:32:06Z
USR000661,plan_screen_viewed,2026-07-23T09:46:45Z
USR001904,card_payment_viewed,2026-07-23T10:05:48Z
USR002249,app_open,2026-07-23T11:13:20Z
USR000955,card_payment_viewed,2026-07-23T11:34:50Z
USR004408,card_payment_viewed,2026-07-23T11:54:21Z
USR000158,app_open,2026-07-23T13:04:06Z
USR003073,fx_rate_viewed,2026-07-23T15:49:38Z
USR004261,card_payment_viewed,2026-07-23T16:48:41Z
USR003493,crypto_trade_started,2026-07-23T17:06:24Z
USR004993,transfer_completed,2026-07-23T17:33:15Z
USR003069,app_open,2026-07-23T17:43:32Z
USR000113,app_open,2026-07-23T18:03:21Z
USR002504,fx_rate_viewed,2026-07-23T19:01:34Z
USR004727,transfer_started,2026-07-23T20:02:30Z
USR000547,savings_vault_opened,2026-07-23T20:36:32Z
USR004141,transfer_started,2026-07-23T20:51:05Z
USR003253,transfer_started,2026-07-23T22:26:49Z
USR003364,crypto_trade_started,2026-07-23T22:33:50Z
USR000196,transfer_completed,2026-07-23T22:37:56Z
USR002509,transfer_completed,2026-07-23T23:06:39Z
USR003723,card_payment_viewed,2026-07-23T23:48:53Z
USR002622,plan_screen_viewed,2026-07-23T23:58:33Z
USR004584,app_open,2026-07-24T00:54:14Z
USR003317,transfer_started,2026-07-24T01:53:10Z
USR004959,transfer_started,2026-07-24T01:53:18Z
USR000570,card_payment_viewed,2026-07-24T03:46:22Z
USR002911,plan_screen_viewed,2026-07-24T03:50:16Z
USR004189,transfer_started,2026-07-24T05:03:34Z
USR002024,transfer_started,2026-07-24T05:49:16Z
USR004063,savings_vault_opened,2026-07-24T05:59:00Z
USR003162,card_payment_viewed,2026-07-24T06:30:08Z
USR000113,card_payment_viewed,2026-07-24T06:56:13Z
USR000477,transfer_started,2026-07-24T07:37:11Z
USR002190,app_open,2026-07-24T08:26:34Z
USR000340,crypto_trade_started,2026-07-24T12:32:28Z
USR001473,stock_order_started,2026-07-24T12:55:41Z
USR000966,app_open,2026-07-24T14:17:52Z
USR002399,card_payment_viewed,2026-07-24T14:30:31Z
USR001919,crypto_trade_started,2026-07-24T16:09:36Z
USR003171,app_open,2026-07-24T18:36:40Z
USR003087,transfer_started,2026-07-24T18:51:30Z
USR003346,savings_vault_opened,2026-07-24T20:09:36Z
USR003097,transfer_completed,2026-07-24T21:15:48Z
USR000487,app_open,2026-07-24T23:13:51Z
USR003508,app_open,2026-07-24T23:43:12Z
USR002702,transfer_started,2026-07-25T00:07:03Z
USR004193,stock_order_started,2026-07-25T00:19:03Z
USR001272,crypto_trade_started,2026-07-25T01:02:43Z
USR002856,transfer_completed,2026-07-25T01:05:32Z
USR000432,fx_rate_viewed,2026-07-25T01:08:11Z
USR002502,transfer_completed,2026-07-25T03:19:40Z
USR004722,savings_vault_opened,2026-07-25T03:53:41Z
USR001819,card_payment_viewed,2026-07-25T04:02:16Z
USR000642,transfer_completed,2026-07-25T04:13:52Z
USR000182,app_open,2026-07-25T06:10:27Z
USR002303,app_open,2026-07-25T07:09:37Z
USR000068,plan_screen_viewed,2026-07-25T07:43:43Z
USR004524,app_open,2026-07-25T09:37:47Z
USR004171,transfer_started,2026-07-25T09:55:35Z
USR002371,app_open,2026-07-25T10:06:09Z
USR002344,plan_screen_viewed,2026-07-25T12:27:13Z
USR003445,stock_order_started,2026-07-25T14:16:06Z
USR001315,card_payment_viewed,2026-07-25T14:33:22Z
USR001977,app_open,2026-07-25T16:17:17Z
USR000984,card_payment_viewed,2026-07-25T17:38:24Z
USR002638,card_payment_viewed,2026-07-25T18:30:48Z
USR003235,card_payment_viewed,2026-07-25T19:12:22Z
USR003864,transfer_started,2026-07-25T19:31:43Z
USR001417,app_open,2026-07-25T19:44:37Z
USR002202,transfer_completed,2026-07-25T21:53:20Z
USR002547,savings_vault_opened,2026-07-25T22:12:36Z
USR000820,transfer_started,2026-07-25T22:47:32Z
USR001523,app_open,2026-07-25T23:02:14Z
USR000861,card_payment_viewed,2026-07-26T01:22:35Z
USR001776,transfer_started,2026-07-26T01:23:59Z
USR000336,card_payment_viewed,2026-07-26T01:53:17Z
USR004008,support_opened,2026-07-26T02:17:32Z
USR001642,transfer_started,2026-07-26T02:37:29Z
USR000082,transfer_completed,2026-07-26T03:56:03Z
USR004420,transfer_completed,2026-07-26T04:30:08Z
USR003043,app_open,2026-07-26T04:49:54Z
USR002181,app_open,2026-07-26T05:59:39Z
USR000352,transfer_started,2026-07-26T07:57:53Z
USR004117,transfer_started,2026-07-26T08:52:57Z
USR001702,transfer_completed,2026-07-26T10:01:10Z
USR002739,app_open,2026-07-26T10:17:12Z
USR001934,app_open,2026-07-26T11:24:03Z
USR000089,app_open,2026-07-26T12:44:03Z
USR002407,transfer_completed,2026-07-26T13:09:30Z
USR003572,transfer_started,2026-07-26T13:15:51Z
USR002807,app_open,2026-07-26T14:02:36Z
USR003451,card_payment_viewed,2026-07-26T15:21:44Z
USR003073,transfer_started,2026-07-26T15:35:24Z
USR003162,app_open,2026-07-26T16:14:10Z
USR004541,stock_order_started,2026-07-26T16:19:54Z
USR001257,support_opened,2026-07-26T16:29:15Z
USR002548,app_open,2026-07-26T17:49:00Z
USR002186,app_open,2026-07-26T18:39:09Z
USR003829,app_open,2026-07-26T19:57:17Z
USR002469,app_open,2026-07-26T21:32:01Z
USR004982,plan_screen_viewed,2026-07-26T21:41:45Z
USR000098,plan_screen_viewed,2026-07-26T23:08:23Z
USR002775,crypto_trade_started,2026-07-26T23:15:53Z
USR001708,crypto_trade_started,2026-07-27T00:08:21Z
USR002793,app_open,2026-07-27T01:17:27Z
USR000410,transfer_started,2026-07-27T02:28:24Z
USR001716,transfer_started,2026-07-27T02:53:58Z
USR003290,card_payment_viewed,2026-07-27T03:02:03Z
USR003091,card_payment_viewed,2026-07-27T03:05:47Z
USR001541,fx_rate_viewed,2026-07-27T06:05:52Z
USR003871,transfer_started,2026-07-27T06:11:45Z
USR001286,transfer_started,2026-07-27T08:16:03Z
USR002670,transfer_completed,2026-07-27T08:40:09Z
USR001477,transfer_started,2026-07-27T08:44:51Z
USR002003,fx_rate_viewed,2026-07-27T09:59:20Z
USR003021,transfer_started,2026-07-27T13:04:53Z
USR004714,card_payment_viewed,2026-07-27T13:48:19Z
USR003845,card_payment_viewed,2026-07-27T13:49:47Z
USR000064,app_open,2026-07-27T13:52:44Z
USR001386,app_open,2026-07-27T13:54:01Z
USR004673,app_open,2026-07-27T13:59:40Z
USR004160,card_payment_viewed,2026-07-27T14:08:40Z
USR004288,fx_rate_viewed,2026-07-27T17:51:02Z
USR000110,card_payment_viewed,2026-07-27T19:14:46Z
USR004738,app_open,2026-07-27T20:58:17Z
USR004914,transfer_started,2026-07-27T22:25:07Z
USR004970,crypto_trade_started,2026-07-27T22:41:14Z
USR003373,app_open,2026-07-27T23:30:51Z
USR004459,plan_screen_viewed,2026-07-28T02:26:16Z
USR000110,app_open,2026-07-28T03:02:25Z
USR000966,app_open,2026-07-28T03:32:59Z
USR003009,card_payment_viewed,2026-07-28T04:37:17Z
USR001551,support_opened,2026-07-28T04:37:56Z
USR002603,plan_screen_viewed,2026-07-28T04:43:15Z
USR003111,card_payment_viewed,2026-07-28T09:38:21Z
USR004131,support_opened,2026-07-28T10:11:53Z
USR001997,transfer_completed,2026-07-28T10:14:47Z
USR004119,card_payment_viewed,2026-07-28T10:30:33Z
USR004215,crypto_trade_started,2026-07-28T11:49:47Z
USR000151,plan_screen_viewed,2026-07-28T12:22:42Z
USR000897,stock_order_started,2026-07-28T13:16:05Z
USR002538,card_payment_viewed,2026-07-28T13:17:09Z
USR003836,transfer_completed,2026-07-28T16:04:04Z
USR000929,transfer_started,2026-07-28T17:03:56Z
USR002803,support_opened,2026-07-28T19:33:47Z
USR004098,card_payment_viewed,2026-07-28T20:22:47Z
USR002915,fx_rate_viewed,2026-07-28T20:54:50Z
USR000181,plan_screen_viewed,2026-07-28T21:17:41Z
USR003663,card_payment_viewed,2026-07-28T21:42:41Z
USR001641,savings_vault_opened,2026-07-28T22:04:30Z
USR004410,transfer_completed,2026-07-28T23:53:19Z
USR000091,transfer_started,2026-07-29T00:55:36Z
USR003631,card_payment_viewed,2026-07-29T01:17:13Z
USR001307,app_open,2026-07-29T03:29:57Z
USR000448,transfer_completed,2026-07-29T04:09:21Z
USR000125,transfer_completed,2026-07-29T05:23:42Z
USR002487,transfer_completed,2026-07-29T06:07:38Z
USR004808,card_payment_viewed,2026-07-29T06:27:39Z
USR000062,stock_order_started,2026-07-29T08:51:51Z
USR000588,transfer_started,2026-07-29T10:13:36Z
USR003889,app_open,2026-07-29T11:33:14Z
USR003786,transfer_completed,2026-07-29T16:24:03Z
USR003104,transfer_started,2026-07-29T17:01:47Z
USR001219,savings_vault_opened,2026-07-29T17:37:48Z
USR000673,card_payment_viewed,2026-07-29T17:50:47Z
USR003825,support_opened,2026-07-29T19:18:13Z
USR003131,transfer_completed,2026-07-29T19:33:06Z
USR003007,fx_rate_viewed,2026-07-29T19:59:30Z
USR000017,card_payment_viewed,2026-07-29T22:47:25Z
USR003816,plan_screen_viewed,2026-07-29T23:15:51Z
USR002800,crypto_trade_started,2026-07-30T01:56:24Z
USR001651,savings_vault_opened,2026-07-30T02:29:05Z
USR004683,card_payment_viewed,2026-07-30T03:57:42Z
USR004435,crypto_trade_started,2026-07-30T04:10:40Z
USR001977,crypto_trade_started,2026-07-30T04:17:52Z
USR004411,support_opened,2026-07-30T05:01:49Z
USR001635,support_opened,2026-07-30T05:13:42Z
USR001295,card_payment_viewed,2026-07-30T06:00:05Z
USR001247,app_open,2026-07-30T06:48:16Z
USR002102,transfer_started,2026-07-30T07:23:27Z
USR002830,card_payment_viewed,2026-07-30T07:48:10Z
USR002080,transfer_completed,2026-07-30T08:56:19Z
USR001223,app_open,2026-07-30T10:05:57Z
USR004042,crypto_trade_started,2026-07-30T10:37:51Z
USR003084,app_open,2026-07-30T13:06:14Z
USR001064,app_open,2026-07-30T13:14:55Z
USR002980,transfer_started,2026-07-30T14:50:44Z
USR001226,transfer_started,2026-07-30T15:21:51Z
USR003163,transfer_started,2026-07-30T16:49:37Z
USR003402,fx_rate_viewed,2026-07-30T17:55:16Z
USR001555,plan_screen_viewed,2026-07-30T18:20:09Z
USR001478,app_open,2026-07-30T19:32:59Z
USR002557,app_open,2026-07-30T20:05:31Z
USR002024,app_open,2026-07-30T20:54:42Z
USR000088,plan_screen_viewed,2026-07-30T21:01:08Z
USR002862,card_payment_viewed,2026-07-30T23:34:00Z
USR000124,support_opened,2026-07-31T01:52:30Z
USR003545,transfer_started,2026-07-31T02:15:04Z
USR003350,app_open,2026-07-31T02:34:50Z
USR004939,crypto_trade_started,2026-07-31T03:27:58Z
USR001554,transfer_completed,2026-07-31T09:00:27Z
USR004189,app_open,2026-07-31T09:12:58Z
USR001620,transfer_started,2026-07-31T09:51:12Z
USR002655,app_open,2026-07-31T10:08:38Z
USR001810,card_payment_viewed,2026-07-31T10:54:15Z
USR000389,crypto_trade_started,2026-07-31T11:41:35Z
USR001097,fx_rate_viewed,2026-07-31T12:13:13Z
USR002851,app_open,2026-07-31T12:54:59Z
USR000568,stock_order_started,2026-07-31T13:04:30Z
USR000453,fx_rate_viewed,2026-07-31T13:11:24Z
USR004794,transfer_completed,2026-07-31T15:24:10Z
USR001554,app_open,2026-07-31T16:27:01Z
USR003665,transfer_started,2026-07-31T16:30:04Z
USR001996,transfer_started,2026-07-31T17:23:01Z
USR000791,transfer_started,2026-07-31T18:07:14Z
USR004657,transfer_completed,2026-07-31T18:14:08Z
USR002967,crypto_trade_started,2026-07-31T19:22:24Z
USR000814,transfer_completed,2026-07-31T22:43:22Z
USR004093,savings_vault_opened,2026-07-31T23:43:40Z
USR001473,transfer_completed,2026-07-31T23:56:34Z
USR002408,crypto_trade_started,2026-08-01T00:05:05Z
USR003774,card_payment_viewed,2026-08-01T00:20:18Z
USR000071,savings_vault_opened,2026-08-01T00:31:04Z
USR001131,app_open,2026-08-01T02:06:21Z
USR004278,support_opened,2026-08-01T03:26:39Z
USR004540,app_open,2026-08-01T03:40:33Z
USR000488,card_payment_viewed,2026-08-01T04:03:21Z
USR004186,transfer_started,2026-08-01T05:05:48Z
USR003676,transfer_started,2026-08-01T07:04:30Z
USR003697,app_open,2026-08-01T09:59:01Z
USR002883,crypto_trade_started,2026-08-01T10:39:40Z
USR001348,app_open,2026-08-01T10:52:53Z
USR000907,support_opened,2026-08-01T10:55:15Z
USR002719,card_payment_viewed,2026-08-01T12:33:59Z
USR002389,transfer_started,2026-08-01T13:11:27Z
USR001323,savings_vault_opened,2026-08-01T16:02:19Z
USR002075,fx_rate_viewed,2026-08-01T16:52:36Z
USR002506,app_open,2026-08-01T17:28:56Z
USR001215,app_open,2026-08-01T17:33:01Z
USR000969,transfer_started,2026-08-01T19:29:33Z
USR004839,app_open,2026-08-01T20:12:58Z
USR001787,card_payment_viewed,2026-08-01T20:20:23Z
USR003007,transfer_started,2026-08-01T21:13:12Z
USR002127,stock_order_started,2026-08-01T21:36:46Z
USR003463,app_open,2026-08-01T21:39:55Z
USR004775,savings_vault_opened,2026-08-01T22:00:02Z
USR002578,crypto_trade_started,2026-08-01T22:06:04Z
USR004647,app_open,2026-08-01T22:13:35Z
USR003145,stock_order_started,2026-08-01T23:33:31Z
USR002191,card_payment_viewed,2026-08-02T02:12:20Z
USR002969,app_open,2026-08-02T02:45:30Z
USR001086,fx_rate_viewed,2026-08-02T03:42:23Z
USR002092,app_open,2026-08-02T04:18:41Z
USR001065,transfer_started,2026-08-02T04:20:25Z
USR004627,plan_screen_viewed,2026-08-02T05:02:20Z
USR004702,transfer_completed,2026-08-02T06:03:27Z
USR000592,app_open,2026-08-02T06:16:48Z
USR003620,app_open,2026-08-02T07:21:54Z
USR000327,plan_screen_viewed,2026-08-02T08:23:21Z
USR004858,app_open,2026-08-02T10:17:39Z
USR001182,card_payment_viewed,2026-08-02T11:21:56Z
USR002195,crypto_trade_started,2026-08-02T12:54:05Z
USR004838,support_opened,2026-08-02T13:38:54Z
USR003916,app_open,2026-08-02T13:56:38Z
USR004714,card_payment_viewed,2026-08-02T14:56:19Z
USR004796,fx_rate_viewed,2026-08-02T15:42:28Z
USR003317,app_open,2026-08-02T15:43:23Z
USR002995,transfer_started,2026-08-02T17:57:49Z
USR002161,transfer_completed,2026-08-02T18:02:25Z
USR004655,transfer_completed,2026-08-02T18:51:02Z
USR000519,crypto_trade_started,2026-08-02T20:16:35Z
USR002877,card_payment_viewed,2026-08-02T20:25:43Z
USR004659,fx_rate_viewed,2026-08-02T21:15:37Z
USR001992,transfer_started,2026-08-02T21:32:59Z
USR004916,transfer_started,2026-08-02T21:54:55Z
USR003654,app_open,2026-08-02T22:23:57Z
USR003055,app_open,2026-08-02T23:19:39Z
USR000959,fx_rate_viewed,2026-08-02T23:22:41Z
USR003364,transfer_started,2026-08-03T00:02:22Z
USR004182,app_open,2026-08-03T01:07:01Z
USR000736,stock_order_started,2026-08-03T02:13:32Z
USR001168,crypto_trade_started,2026-08-03T02:45:40Z
USR003778,savings_vault_opened,2026-08-03T03:36:38Z
USR004884,plan_screen_viewed,2026-08-03T03:49:14Z
USR000741,card_payment_viewed,2026-08-03T04:15:53Z
USR004111,app_open,2026-08-03T04:23:05Z
USR004804,app_open,2026-08-03T04:30:32Z
USR003482,transfer_started,2026-08-03T04:49:28Z
USR001715,fx_rate_viewed,2026-08-03T05:59:13Z
USR002079,crypto_trade_started,2026-08-03T06:03:30Z
USR001098,card_payment_viewed,2026-08-03T06:20:14Z
USR004263,card_payment_viewed,2026-08-03T09:36:23Z
USR000985,app_open,2026-08-03T09:36:52Z
USR004700,transfer_started,2026-08-03T10:30:27Z
USR003477,app_open,2026-08-03T11:15:11Z
USR000859,card_payment_viewed,2026-08-03T11:28:47Z
USR000722,app_open,2026-08-03T12:26:00Z
USR000434,app_open,2026-08-03T12:31:58Z
USR001090,support_opened,2026-08-03T13:42:24Z
USR000103,crypto_trade_started,2026-08-03T15:54:08Z
USR003205,app_open,2026-08-03T16:18:29Z
USR004241,card_payment_viewed,2026-08-03T16:22:33Z
USR004540,transfer_started,2026-08-03T18:50:11Z
USR002111,transfer_completed,2026-08-03T19:23:48Z
USR000186,crypto_trade_started,2026-08-03T20:38:10Z
USR000549,savings_vault_opened,2026-08-03T21:35:05Z
USR002796,app_open,2026-08-03T21:50:08Z
USR004359,crypto_trade_started,2026-08-03T22:01:48Z
USR002263,fx_rate_viewed,2026-08-03T22:19:10Z
USR004778,crypto_trade_started,2026-08-03T23:07:05Z
USR000681,transfer_started,2026-08-03T23:37:56Z
USR001343,app_open,2026-08-04T02:10:59Z
USR002091,transfer_completed,2026-08-04T03:03:51Z
USR000975,stock_order_started,2026-08-04T03:37:10Z
USR002667,transfer_started,2026-08-04T05:21:01Z
USR001938,transfer_started,2026-08-04T05:28:25Z
USR004942,app_open,2026-08-04T05:59:45Z
USR000523,app_open,2026-08-04T06:54:20Z
USR003632,card_payment_viewed,2026-08-04T08:16:48Z
USR003413,transfer_started,2026-08-04T12:28:03Z
USR000417,app_open,2026-08-04T14:35:04Z
USR002191,crypto_trade_started,2026-08-04T17:23:56Z
USR004280,app_open,2026-08-04T18:21:45Z
USR002853,app_open,2026-08-04T19:26:55Z
USR002486,app_open,2026-08-04T20:36:10Z
USR001904,crypto_trade_started,2026-08-04T20:41:05Z
USR000558,transfer_started,2026-08-04T21:01:07Z
USR001561,savings_vault_opened,2026-08-04T21:36:11Z
USR004162,transfer_completed,2026-08-04T21:41:49Z
USR000381,transfer_completed,2026-08-04T22:02:17Z
USR003285,transfer_completed,2026-08-04T22:11:28Z
USR002392,savings_vault_opened,2026-08-04T23:06:59Z
USR001170,transfer_started,2026-08-04T23:18:10Z
USR003689,app_open,2026-08-04T23:24:39Z
USR002095,transfer_completed,2026-08-04T23:41:00Z
USR002628,fx_rate_viewed,2026-08-05T01:39:29Z
USR003184,savings_vault_opened,2026-08-05T02:29:40Z
USR001016,savings_vault_opened,2026-08-05T03:05:54Z
USR000189,app_open,2026-08-05T04:38:52Z
USR002032,app_open,2026-08-05T04:55:18Z
USR003826,transfer_started,2026-08-05T05:40:49Z
USR003455,savings_vault_opened,2026-08-05T06:14:27Z
USR003318,transfer_completed,2026-08-05T07:45:34Z
USR002621,app_open,2026-08-05T08:31:30Z
USR002181,app_open,2026-08-05T10:09:18Z
USR001089,card_payment_viewed,2026-08-05T10:47:17Z
USR000730,app_open,2026-08-05T12:24:00Z
USR001744,plan_screen_viewed,2026-08-05T12:47:16Z
USR001094,app_open,2026-08-05T12:57:33Z
USR001509,app_open,2026-08-05T13:56:23Z
USR000297,app_open,2026-08-05T14:45:19Z
USR002023,app_open,2026-08-05T15:20:48Z
USR001375,app_open,2026-08-05T16:24:41Z
USR003647,plan_screen_viewed,2026-08-05T16:28:48Z
USR000856,transfer_completed,2026-08-05T16:53:49Z
USR000172,support_opened,2026-08-05T18:21:12Z
USR001245,stock_order_started,2026-08-05T18:21:23Z
USR000448,card_payment_viewed,2026-08-05T18:32:12Z
USR001792,crypto_trade_started,2026-08-05T19:07:22Z
USR004761,app_open,2026-08-05T19:54:24Z
USR002551,app_open,2026-08-05T21:58:11Z
USR000297,fx_rate_viewed,2026-08-05T23:36:04Z
USR003745,app_open,2026-08-06T00:14:23Z
USR002714,fx_rate_viewed,2026-08-06T00:27:21Z
USR000957,transfer_started,2026-08-06T02:38:26Z
USR000177,card_payment_viewed,2026-08-06T03:07:43Z
USR004679,app_open,2026-08-06T03:25:53Z
USR001145,card_payment_viewed,2026-08-06T03:45:55Z
USR001122,app_open,2026-08-06T04:55:52Z
USR002680,transfer_started,2026-08-06T05:17:00Z
USR000051,card_payment_viewed,2026-08-06T06:35:49Z
USR002726,app_open,2026-08-06T09:06:49Z
USR002102,card_payment_viewed,2026-08-06T09:38:28Z
USR002399,app_open,2026-08-06T09:54:21Z
USR000434,transfer_completed,2026-08-06T10:19:36Z
USR001617,transfer_completed,2026-08-06T12:16:20Z
USR001311,app_open,2026-08-06T12:54:09Z
USR004454,app_open,2026-08-06T12:55:19Z
USR002349,app_open,2026-08-06T13:12:47Z
USR004652,app_open,2026-08-06T13:23:31Z
USR003455,app_open,2026-08-06T14:03:36Z
USR002625,app_open,2026-08-06T14:14:03Z
USR004450,app_open,2026-08-06T14:55:19Z
USR001837,app_open,2026-08-06T15:05:02Z
USR002411,transfer_started,2026-08-06T15:20:17Z
USR001083,transfer_completed,2026-08-06T16:52:22Z
USR001315,app_open,2026-08-06T17:38:57Z
USR003059,transfer_started,2026-08-06T20:51:12Z
USR001631,transfer_started,2026-08-06T21:19:49Z
USR000532,card_payment_viewed,2026-08-06T21:30:50Z
USR004544,card_payment_viewed,2026-08-07T01:00:05Z
USR004371,app_open,2026-08-07T01:23:11Z
USR001075,fx_rate_viewed,2026-08-07T01:56:56Z
USR000530,app_open,2026-08-07T02:19:50Z
USR000832,app_open,2026-08-07T02:46:38Z
USR002747,stock_order_started,2026-08-07T05:24:20Z
USR004511,transfer_started,2026-08-07T05:49:02Z
USR003398,app_open,2026-08-07T06:08:45Z
USR003723,app_open,2026-08-07T06:43:58Z
USR003984,plan_screen_viewed,2026-08-07T07:30:53Z
USR003616,card_payment_viewed,2026-08-07T09:05:31Z
USR001233,transfer_started,2026-08-07T10:00:44Z
USR001903,stock_order_started,2026-08-07T10:25:06Z
USR002079,transfer_started,2026-08-07T10:44:01Z
USR000972,app_open,2026-08-07T11:34:32Z
USR004099,app_open,2026-08-07T12:40:07Z
USR003010,plan_screen_viewed,2026-08-07T13:33:34Z
USR001126,transfer_started,2026-08-07T14:32:43Z
USR004288,savings_vault_opened,2026-08-07T16:38:42Z
USR002847,app_open,2026-08-07T17:08:15Z
USR002640,crypto_trade_started,2026-08-07T17:38:14Z
USR001652,app_open,2026-08-07T18:07:26Z
USR002703,transfer_completed,2026-08-07T18:09:44Z
USR004909,support_opened,2026-08-07T18:29:54Z
USR000291,app_open,2026-08-07T20:02:43Z
USR003925,transfer_completed,2026-08-07T20:14:07Z
USR004101,stock_order_started,2026-08-07T20:16:58Z
USR002182,app_open,2026-08-07T21:47:03Z
USR000603,card_payment_viewed,2026-08-07T22:58:00Z
USR002303,app_open,2026-08-08T00:42:05Z
USR003723,app_open,2026-08-08T01:30:32Z
USR004141,transfer_completed,2026-08-08T02:03:01Z
USR002517,stock_order_started,2026-08-08T04:18:14Z
USR004961,card_payment_viewed,2026-08-08T04:53:23Z
USR001201,app_open,2026-08-08T06:00:43Z
USR004713,plan_screen_viewed,2026-08-08T07:47:10Z
USR003561,card_payment_viewed,2026-08-08T09:37:12Z
USR002646,app_open,2026-08-08T10:04:27Z
USR003370,app_open,2026-08-08T10:12:11Z
USR002399,app_open,2026-08-08T12:15:18Z
USR001236,stock_order_started,2026-08-08T13:30:20Z
USR004147,transfer_completed,2026-08-08T15:36:57Z
USR001319,card_payment_viewed,2026-08-08T15:53:49Z
USR002829,plan_screen_viewed,2026-08-08T15:56:30Z
USR002698,fx_rate_viewed,2026-08-08T20:34:57Z
USR001938,transfer_completed,2026-08-08T21:19:41Z
USR001841,plan_screen_viewed,2026-08-08T22:15:19Z
USR000699,app_open,2026-08-09T00:15:30Z
USR004370,card_payment_viewed,2026-08-09T01:44:45Z
USR003947,card_payment_viewed,2026-08-09T01:47:18Z
USR000189,transfer_started,2026-08-09T01:54:47Z
USR002128,plan_screen_viewed,2026-08-09T02:43:39Z
USR003746,transfer_completed,2026-08-09T03:30:17Z
USR004457,app_open,2026-08-09T03:38:51Z
USR002248,crypto_trade_started,2026-08-09T04:04:59Z
USR002740,transfer_started,2026-08-09T04:33:30Z
USR004836,card_payment_viewed,2026-08-09T05:36:06Z
USR001295,savings_vault_opened,2026-08-09T05:56:20Z
USR001617,card_payment_viewed,2026-08-09T07:32:48Z
USR002758,transfer_started,2026-08-09T08:09:14Z
USR004205,app_open,2026-08-09T10:37:10Z
USR000561,transfer_completed,2026-08-09T11:10:06Z
USR004709,transfer_completed,2026-08-09T11:28:15Z
USR001924,app_open,2026-08-09T11:46:41Z
USR000389,card_payment_viewed,2026-08-09T13:18:39Z
USR001351,stock_order_started,2026-08-09T13:23:54Z
USR004274,card_payment_viewed,2026-08-09T14:35:23Z
USR000856,fx_rate_viewed,2026-08-09T15:28:22Z
USR003639,card_payment_viewed,2026-08-09T16:13:03Z
USR003536,card_payment_viewed,2026-08-09T16:43:36Z
USR000815,transfer_completed,2026-08-09T17:18:13Z
USR003066,app_open,2026-08-09T17:51:51Z
USR002734,transfer_completed,2026-08-09T18:28:09Z
USR002353,card_payment_viewed,2026-08-09T18:43:07Z
USR003245,app_open,2026-08-09T20:30:16Z
USR002794,transfer_completed,2026-08-09T21:14:10Z
USR003741,card_payment_viewed,2026-08-09T21:32:30Z
USR003762,card_payment_viewed,2026-08-09T21:44:38Z
USR003464,stock_order_started,2026-08-09T22:44:48Z
USR003387,crypto_trade_started,2026-08-09T23:01:47Z
USR003916,stock_order_started,2026-08-09T23:32:55Z
USR000791,app_open,2026-08-10T00:25:42Z
USR002299,transfer_started,2026-08-10T00:32:12Z
USR000122,app_open,2026-08-10T01:00:41Z
USR001789,app_open,2026-08-10T03:06:43Z
USR001573,app_open,2026-08-10T03:18:37Z
USR002659,transfer_completed,2026-08-10T04:14:03Z
USR000040,card_payment_viewed,2026-08-10T05:29:08Z
USR001429,app_open,2026-08-10T07:13:09Z
USR001530,app_open,2026-08-10T07:13:20Z
USR003214,card_payment_viewed,2026-08-10T07:42:14Z
USR003133,app_open,2026-08-10T08:26:40Z
USR000167,savings_vault_opened,2026-08-10T09:32:14Z
USR000810,plan_screen_viewed,2026-08-10T11:34:36Z
USR000249,app_open,2026-08-10T13:37:14Z
USR002680,card_payment_viewed,2026-08-10T14:36:13Z
USR004700,plan_screen_viewed,2026-08-10T14:43:11Z
USR000655,stock_order_started,2026-08-10T15:05:27Z
USR002298,transfer_started,2026-08-10T16:30:32Z
USR000603,crypto_trade_started,2026-08-10T17:26:21Z
USR003888,transfer_completed,2026-08-10T17:59:41Z
USR003356,card_payment_viewed,2026-08-10T18:28:19Z
USR001282,card_payment_viewed,2026-08-10T18:36:23Z
USR004491,card_payment_viewed,2026-08-10T18:54:43Z
USR003300,transfer_completed,2026-08-10T18:59:15Z
USR003570,app_open,2026-08-10T21:20:47Z
USR003356,app_open,2026-08-10T22:20:18Z
USR002087,card_payment_viewed,2026-08-10T23:08:42Z
USR004697,app_open,2026-08-10T23:33:24Z
USR004579,transfer_completed,2026-08-10T23:46:07Z
USR002471,app_open,2026-08-10T23:58:28Z
USR004530,app_open,2026-08-11T00:15:40Z
USR000023,app_open,2026-08-11T00:24:30Z
USR002205,app_open,2026-08-11T01:52:53Z
USR000881,app_open,2026-08-11T02:25:37Z
USR002960,app_open,2026-08-11T03:07:17Z
USR003101,transfer_started,2026-08-11T03:19:54Z
USR000570,app_open,2026-08-11T03:31:41Z
USR004509,transfer_completed,2026-08-11T03:41:17Z
USR002491,transfer_started,2026-08-11T07:41:28Z
USR000108,card_payment_viewed,2026-08-11T08:13:55Z
USR000421,app_open,2026-08-11T08:45:05Z
USR000544,card_payment_viewed,2026-08-11T10:50:47Z
USR002508,transfer_completed,2026-08-11T11:39:13Z
USR003043,fx_rate_viewed,2026-08-11T11:44:44Z
USR001215,savings_vault_opened,2026-08-11T15:07:55Z
USR004793,app_open,2026-08-11T15:17:16Z
USR000159,plan_screen_viewed,2026-08-11T15:29:27Z
USR000343,app_open,2026-08-11T15:43:13Z
USR004735,transfer_completed,2026-08-11T16:57:27Z
USR003804,card_payment_viewed,2026-08-11T17:32:06Z
USR003427,app_open,2026-08-11T17:49:16Z
USR002157,app_open,2026-08-11T18:15:36Z
USR005000,app_open,2026-08-11T18:23:22Z
USR003322,transfer_started,2026-08-11T20:44:09Z
USR003304,app_open,2026-08-11T21:10:37Z
USR001784,transfer_started,2026-08-11T22:04:22Z
USR002087,card_payment_viewed,2026-08-11T22:17:05Z
USR000468,card_payment_viewed,2026-08-11T22:34:59Z
USR004443,fx_rate_viewed,2026-08-11T22:43:00Z
USR004881,support_opened,2026-08-11T23:08:53Z
USR004697,app_open,2026-08-11T23:34:51Z
USR004140,card_payment_viewed,2026-08-12T00:18:52Z
USR003184,app_open,2026-08-12T00:38:03Z
USR001365,app_open,2026-08-12T00:38:53Z
USR001302,app_open,2026-08-12T01:52:31Z
USR004551,app_open,2026-08-12T01:58:34Z
USR002166,support_opened,2026-08-12T03:19:09Z
USR004233,plan_screen_viewed,2026-08-12T04:55:08Z
USR003006,app_open,2026-08-12T06:19:27Z
USR001212,transfer_completed,2026-08-12T07:10:09Z
USR000389,card_payment_viewed,2026-08-12T08:10:33Z
USR004918,card_payment_viewed,2026-08-12T08:26:13Z
USR004414,app_open,2026-08-12T08:37:35Z
USR002248,app_open,2026-08-12T10:06:36Z
USR004432,app_open,2026-08-12T10:57:19Z
USR002785,plan_screen_viewed,2026-08-12T11:59:22Z
USR004123,app_open,2026-08-12T12:58:24Z
USR000772,transfer_started,2026-08-12T13:40:30Z
USR002513,support_opened,2026-08-12T13:46:46Z
USR004891,transfer_completed,2026-08-12T15:45:16Z
USR003785,savings_vault_opened,2026-08-12T16:26:29Z
USR000040,app_open,2026-08-12T16:36:43Z
USR002819,app_open,2026-08-12T17:24:33Z
USR000284,savings_vault_opened,2026-08-12T17:37:15Z
USR004412,stock_order_started,2026-08-12T19:36:57Z
USR002039,app_open,2026-08-12T20:21:30Z
USR004685,transfer_completed,2026-08-12T21:26:51Z
USR001098,stock_order_started,2026-08-12T21:37:36Z
USR003095,transfer_started,2026-08-12T21:50:49Z
USR002548,transfer_completed,2026-08-12T21:53:30Z
USR004976,transfer_started,2026-08-12T23:54:53Z
USR003914,app_open,2026-08-12T23:57:04Z
USR001497,app_open,2026-08-13T00:04:14Z
USR000646,app_open,2026-08-13T00:44:46Z
USR001514,fx_rate_viewed,2026-08-13T00:54:38Z
USR002415,crypto_trade_started,2026-08-13T02:12:53Z
USR002442,app_open,2026-08-13T03:21:01Z
USR002966,fx_rate_viewed,2026-08-13T03:29:37Z
USR004596,transfer_started,2026-08-13T03:59:15Z
USR000489,plan_screen_viewed,2026-08-13T04:49:04Z
USR000579,transfer_completed,2026-08-13T06:20:59Z
USR003616,card_payment_viewed,2026-08-13T07:28:59Z
USR000811,card_payment_viewed,2026-08-13T10:04:59Z
USR000755,app_open,2026-08-13T10:16:16Z
USR002083,app_open,2026-08-13T10:45:06Z
USR000717,app_open,2026-08-13T12:15:44Z
USR002001,app_open,2026-08-13T12:16:48Z
USR000066,transfer_completed,2026-08-13T13:19:30Z
USR001107,transfer_started,2026-08-13T13:35:36Z
USR002563,transfer_completed,2026-08-13T18:32:39Z
USR001635,app_open,2026-08-13T19:01:23Z
USR001974,card_payment_viewed,2026-08-13T19:06:00Z
USR000579,app_open,2026-08-13T19:25:36Z
USR003697,transfer_started,2026-08-13T22:00:09Z
USR003389,transfer_completed,2026-08-13T22:28:09Z
USR003006,crypto_trade_started,2026-08-13T22:34:48Z
USR001033,app_open,2026-08-13T23:00:55Z
USR000842,stock_order_started,2026-08-13T23:54:53Z
USR003381,fx_rate_viewed,2026-08-14T02:14:07Z
USR003955,transfer_completed,2026-08-14T02:31:56Z
USR001355,card_payment_viewed,2026-08-14T02:59:21Z
USR002784,app_open,2026-08-14T04:22:12Z
USR002535,card_payment_viewed,2026-08-14T04:27:50Z
USR000922,plan_screen_viewed,2026-08-14T04:39:21Z
USR003718,crypto_trade_started,2026-08-14T06:03:38Z
USR000604,plan_screen_viewed,2026-08-14T07:18:40Z
USR000159,transfer_completed,2026-08-14T08:09:00Z
USR000196,transfer_completed,2026-08-14T08:17:09Z
USR001693,transfer_started,2026-08-14T08:54:25Z
USR002696,app_open,2026-08-14T08:56:00Z
USR000547,app_open,2026-08-14T09:05:24Z
USR001197,support_opened,2026-08-14T09:15:54Z
USR004499,app_open,2026-08-14T14:00:32Z
USR000404,app_open,2026-08-14T14:06:55Z
USR003270,app_open,2026-08-14T14:51:10Z
USR001350,transfer_started,2026-08-14T15:41:48Z
USR004770,stock_order_started,2026-08-14T15:53:23Z
USR003859,app_open,2026-08-14T16:49:49Z
USR003941,app_open,2026-08-14T18:25:46Z
USR000185,transfer_completed,2026-08-14T19:07:34Z
USR000083,app_open,2026-08-15T00:16:32Z
USR004588,app_open,2026-08-15T01:43:28Z
USR001019,fx_rate_viewed,2026-08-15T02:29:40Z
USR000175,plan_screen_viewed,2026-08-15T02:52:56Z
USR000700,stock_order_started,2026-08-15T03:33:09Z
USR000542,app_open,2026-08-15T04:10:06Z
USR004710,plan_screen_viewed,2026-08-15T04:29:51Z
USR000595,card_payment_viewed,2026-08-15T04:57:18Z
USR000579,savings_vault_opened,2026-08-15T05:54:02Z
USR000270,transfer_started,2026-08-15T06:38:24Z
USR001896,app_open,2026-08-15T07:27:35Z
USR000766,card_payment_viewed,2026-08-15T07:31:35Z
USR002696,fx_rate_viewed,2026-08-15T09:08:13Z
USR004699,crypto_trade_started,2026-08-15T10:00:47Z
USR003675,plan_screen_viewed,2026-08-15T11:20:39Z
USR000655,app_open,2026-08-15T12:24:40Z
USR004850,transfer_started,2026-08-15T13:21:20Z
USR000505,support_opened,2026-08-15T13:44:52Z
USR004602,transfer_started,2026-08-15T13:51:39Z
USR002683,card_payment_viewed,2026-08-15T13:58:54Z
USR002852,app_open,2026-08-15T14:54:41Z
USR002502,app_open,2026-08-15T16:36:53Z
USR003006,transfer_started,2026-08-15T17:59:21Z
USR001181,app_open,2026-08-15T18:48:03Z
USR001117,app_open,2026-08-15T19:24:15Z
USR003944,savings_vault_opened,2026-08-15T20:13:23Z
USR003490,app_open,2026-08-15T20:38:40Z
USR003010,transfer_started,2026-08-15T20:52:19Z
USR003360,stock_order_started,2026-08-15T21:34:15Z
USR002004,crypto_trade_started,2026-08-15T23:35:14Z
USR004118,transfer_started,2026-08-15T23:40:05Z
USR002013,card_payment_viewed,2026-08-15T23:57:08Z
USR004700,transfer_started,2026-08-16T00:53:56Z
USR001398,app_open,2026-08-16T01:02:16Z
USR003922,transfer_completed,2026-08-16T01:03:02Z
USR000709,transfer_started,2026-08-16T01:29:49Z
USR002164,crypto_trade_started,2026-08-16T02:32:06Z
USR001732,fx_rate_viewed,2026-08-16T03:09:28Z
USR003536,transfer_completed,2026-08-16T03:24:41Z
USR004009,card_payment_viewed,2026-08-16T04:17:18Z
USR003141,app_open,2026-08-16T05:57:00Z
USR002762,app_open,2026-08-16T06:11:11Z
USR004655,transfer_completed,2026-08-16T06:22:04Z
USR002688,transfer_completed,2026-08-16T06:46:16Z
USR003368,transfer_completed,2026-08-16T09:43:26Z
USR000689,app_open,2026-08-16T09:53:13Z
USR000573,app_open,2026-08-16T10:13:44Z
USR003188,fx_rate_viewed,2026-08-16T12:05:07Z
USR002099,card_payment_viewed,2026-08-16T12:28:09Z
USR001238,transfer_completed,2026-08-16T13:20:13Z
USR003346,transfer_completed,2026-08-16T13:38:48Z
USR004498,fx_rate_viewed,2026-08-16T13:44:45Z
USR003173,app_open,2026-08-16T14:07:16Z
USR003158,fx_rate_viewed,2026-08-16T14:40:42Z
USR002928,card_payment_viewed,2026-08-16T15:15:02Z
USR003044,plan_screen_viewed,2026-08-16T15:49:19Z
USR001186,fx_rate_viewed,2026-08-16T15:53:39Z
USR004243,fx_rate_viewed,2026-08-16T16:31:54Z
USR001020,app_open,2026-08-16T16:52:44Z
USR000268,fx_rate_viewed,2026-08-16T17:57:25Z
USR000120,app_open,2026-08-16T18:53:23Z
USR000707,crypto_trade_started,2026-08-16T19:56:11Z
USR002772,transfer_completed,2026-08-16T20:19:43Z
USR002910,app_open,2026-08-16T20:24:38Z
USR003164,app_open,2026-08-16T21:07:08Z
USR002329,transfer_completed,2026-08-16T21:50:15Z
USR003968,transfer_started,2026-08-16T22:00:09Z
USR002809,plan_screen_viewed,2026-08-16T22:04:02Z
USR004699,app_open,2026-08-16T22:08:09Z
USR003211,transfer_started,2026-08-16T22:30:01Z
USR002545,card_payment_viewed,2026-08-16T22:33:59Z
USR002673,transfer_completed,2026-08-16T23:15:27Z
USR004466,card_payment_viewed,2026-08-17T00:28:34Z
USR002757,transfer_started,2026-08-17T00:55:35Z
USR002463,crypto_trade_started,2026-08-17T01:57:29Z
USR002753,support_opened,2026-08-17T02:03:56Z
USR000234,fx_rate_viewed,2026-08-17T03:48:48Z
USR002224,card_payment_viewed,2026-08-17T04:10:03Z
USR003454,crypto_trade_started,2026-08-17T04:25:02Z
USR002141,card_payment_viewed,2026-08-17T05:07:24Z
USR000178,app_open,2026-08-17T05:28:04Z
USR000401,app_open,2026-08-17T06:08:40Z
USR003652,transfer_completed,2026-08-17T07:21:19Z
USR002182,savings_vault_opened,2026-08-17T08:42:41Z
USR001860,plan_screen_viewed,2026-08-17T09:01:15Z
USR002627,plan_screen_viewed,2026-08-17T09:22:44Z
USR000609,app_open,2026-08-17T09:45:42Z
USR002667,stock_order_started,2026-08-17T10:13:14Z
USR001378,app_open,2026-08-17T11:30:08Z
USR003230,fx_rate_viewed,2026-08-17T11:38:51Z
USR004261,app_open,2026-08-17T11:53:58Z
USR003392,fx_rate_viewed,2026-08-17T12:00:14Z
USR002437,transfer_completed,2026-08-17T12:13:02Z
USR000884,crypto_trade_started,2026-08-17T14:50:02Z
USR004569,app_open,2026-08-17T14:58:20Z
USR003305,fx_rate_viewed,2026-08-17T15:16:33Z
USR000145,savings_vault_opened,2026-08-17T15:59:39Z
USR002199,app_open,2026-08-17T17:16:57Z
USR001070,transfer_started,2026-08-17T18:53:41Z
USR003561,transfer_completed,2026-08-17T19:53:43Z
USR002809,transfer_completed,2026-08-17T20:42:11Z
USR000213,transfer_started,2026-08-17T20:55:39Z
USR004200,transfer_started,2026-08-17T21:07:51Z
USR003381,stock_order_started,2026-08-17T23:03:33Z
USR003110,app_open,2026-08-17T23:14:26Z
USR003654,card_payment_viewed,2026-08-18T00:35:23Z
USR004980,app_open,2026-08-18T01:36:34Z
USR001021,card_payment_viewed,2026-08-18T03:31:42Z
USR004574,app_open,2026-08-18T05:05:19Z
USR003216,crypto_trade_started,2026-08-18T05:49:04Z
USR000109,transfer_started,2026-08-18T06:08:37Z
USR003833,card_payment_viewed,2026-08-18T06:48:14Z
USR001362,app_open,2026-08-18T07:15:29Z
USR003620,app_open,2026-08-18T07:34:11Z
USR002125,card_payment_viewed,2026-08-18T08:50:36Z
USR003508,card_payment_viewed,2026-08-18T08:59:39Z
USR001551,app_open,2026-08-18T09:20:19Z
USR003724,fx_rate_viewed,2026-08-18T09:21:12Z
USR003137,app_open,2026-08-18T09:55:48Z
USR004611,card_payment_viewed,2026-08-18T10:31:41Z
USR001412,app_open,2026-08-18T10:56:45Z
USR003203,app_open,2026-08-18T11:30:34Z
USR004093,app_open,2026-08-18T13:44:36Z
USR003910,app_open,2026-08-18T15:01:37Z
USR004040,app_open,2026-08-18T15:02:25Z
USR001582,transfer_completed,2026-08-18T15:22:21Z
USR002415,stock_order_started,2026-08-18T15:36:42Z
USR003908,transfer_completed,2026-08-18T15:54:33Z
USR000528,plan_screen_viewed,2026-08-18T16:02:00Z
USR000380,stock_order_started,2026-08-18T16:11:01Z
USR003485,transfer_completed,2026-08-18T16:38:34Z
USR001713,app_open,2026-08-18T16:46:29Z
USR001374,crypto_trade_started,2026-08-18T21:47:02Z
USR001175,fx_rate_viewed,2026-08-19T00:04:07Z
USR004255,card_payment_viewed,2026-08-19T00:14:56Z
USR001933,card_payment_viewed,2026-08-19T01:22:04Z
USR004382,app_open,2026-08-19T01:28:29Z
USR002028,plan_screen_viewed,2026-08-19T03:29:30Z
USR001902,app_open,2026-08-19T03:59:04Z
USR001181,app_open,2026-08-19T04:09:59Z
USR001186,transfer_completed,2026-08-19T04:47:39Z
USR000016,app_open,2026-08-19T06:01:10Z
USR003691,transfer_completed,2026-08-19T07:23:09Z
USR003451,card_payment_viewed,2026-08-19T09:38:55Z
USR002928,transfer_started,2026-08-19T10:04:45Z
USR000142,app_open,2026-08-19T10:07:33Z
USR000910,card_payment_viewed,2026-08-19T10:19:52Z
USR002050,transfer_completed,2026-08-19T10:25:15Z
USR000716,savings_vault_opened,2026-08-19T10:31:56Z
USR000273,savings_vault_opened,2026-08-19T11:07:03Z
USR003413,savings_vault_opened,2026-08-19T12:42:57Z
USR000057,transfer_started,2026-08-19T13:28:24Z
USR003455,savings_vault_opened,2026-08-19T14:18:06Z
USR000055,savings_vault_opened,2026-08-19T16:04:16Z
USR002839,app_open,2026-08-19T16:39:15Z
USR001322,plan_screen_viewed,2026-08-19T16:46:28Z
USR002330,app_open,2026-08-19T17:43:21Z
USR002141,app_open,2026-08-19T20:34:39Z
USR004746,fx_rate_viewed,2026-08-19T22:07:58Z
USR001670,crypto_trade_started,2026-08-19T23:55:00Z
USR004262,stock_order_started,2026-08-20T00:13:39Z
USR002253,card_payment_viewed,2026-08-20T04:07:28Z
USR001696,app_open,2026-08-20T05:05:09Z
USR000087,app_open,2026-08-20T06:07:46Z
USR004129,app_open,2026-08-20T07:11:59Z
USR002138,savings_vault_opened,2026-08-20T07:35:19Z
USR001520,card_payment_viewed,2026-08-20T07:44:31Z
USR000770,app_open,2026-08-20T09:05:40Z
USR001078,transfer_started,2026-08-20T09:55:46Z
USR002710,transfer_completed,2026-08-20T10:42:14Z
USR000640,app_open,2026-08-20T12:05:32Z
USR000746,app_open,2026-08-20T12:11:33Z
USR000695,card_payment_viewed,2026-08-20T12:48:10Z
USR001568,app_open,2026-08-20T12:56:56Z
USR003753,fx_rate_viewed,2026-08-20T13:08:34Z
USR000945,card_payment_viewed,2026-08-20T14:29:20Z
USR004994,stock_order_started,2026-08-20T15:10:13Z
USR000818,card_payment_viewed,2026-08-20T15:15:50Z
USR004135,transfer_completed,2026-08-20T16:09:39Z
USR003720,transfer_started,2026-08-20T17:13:03Z
USR000258,app_open,2026-08-20T18:01:37Z
USR001807,card_payment_viewed,2026-08-20T19:09:27Z
USR004193,transfer_completed,2026-08-20T19:18:34Z
USR003903,app_open,2026-08-20T21:53:55Z
USR002005,crypto_trade_started,2026-08-20T23:26:53Z
USR001894,app_open,2026-08-20T23:32:10Z
USR002469,card_payment_viewed,2026-08-20T23:40:16Z
USR003360,app_open,2026-08-20T23:53:07Z
USR000273,app_open,2026-08-20T23:58:12Z
USR004391,savings_vault_opened,2026-08-21T01:10:43Z
USR004458,app_open,2026-08-21T02:27:33Z
USR004770,stock_order_started,2026-08-21T04:29:06Z
USR003439,app_open,2026-08-21T05:40:24Z
USR000075,support_opened,2026-08-21T06:37:00Z
USR000529,app_open,2026-08-21T07:04:15Z
USR000412,app_open,2026-08-21T08:40:42Z
USR002357,app_open,2026-08-21T08:44:19Z
USR001759,card_payment_viewed,2026-08-21T09:11:01Z
USR001052,card_payment_viewed,2026-08-21T09:40:52Z
USR003848,fx_rate_viewed,2026-08-21T10:33:58Z
USR000592,transfer_completed,2026-08-21T11:22:27Z
USR004839,plan_screen_viewed,2026-08-21T13:09:51Z
USR004505,app_open,2026-08-21T13:31:18Z
USR001784,plan_screen_viewed,2026-08-21T13:50:52Z
USR003051,crypto_trade_started,2026-08-21T15:39:47Z
USR001022,app_open,2026-08-21T16:00:53Z
USR001656,app_open,2026-08-21T16:24:03Z
USR000643,transfer_completed,2026-08-21T16:58:27Z
USR002696,crypto_trade_started,2026-08-21T20:14:26Z
USR003762,app_open,2026-08-21T20:20:43Z
USR004261,app_open,2026-08-21T20:58:40Z
USR004712,crypto_trade_started,2026-08-21T21:25:45Z
USR003655,card_payment_viewed,2026-08-21T22:23:56Z
USR003284,plan_screen_viewed,2026-08-22T00:16:40Z
USR002079,app_open,2026-08-22T02:07:48Z
USR002502,card_payment_viewed,2026-08-22T02:08:43Z
USR003246,app_open,2026-08-22T02:13:30Z
USR004130,crypto_trade_started,2026-08-22T02:48:06Z
USR002691,support_opened,2026-08-22T03:01:40Z
USR002721,transfer_completed,2026-08-22T03:03:59Z
USR000825,app_open,2026-08-22T05:18:40Z
USR003501,savings_vault_opened,2026-08-22T05:22:55Z
USR003301,crypto_trade_started,2026-08-22T05:44:16Z
USR001444,app_open,2026-08-22T05:44:58Z
USR003610,transfer_completed,2026-08-22T06:41:08Z
USR003335,transfer_completed,2026-08-22T07:06:00Z
USR003178,app_open,2026-08-22T07:17:36Z
USR001822,transfer_started,2026-08-22T08:29:38Z
USR003826,app_open,2026-08-22T10:10:26Z
USR003988,app_open,2026-08-22T10:12:24Z
USR002963,stock_order_started,2026-08-22T10:13:49Z
USR003186,app_open,2026-08-22T12:19:50Z
USR003591,support_opened,2026-08-22T12:34:51Z
USR001667,crypto_trade_started,2026-08-22T12:56:14Z
USR000109,card_payment_viewed,2026-08-22T13:14:09Z
USR000425,transfer_started,2026-08-22T13:57:30Z
USR004183,transfer_started,2026-08-22T14:11:13Z
USR002540,transfer_started,2026-08-22T14:32:45Z
USR000931,transfer_completed,2026-08-22T16:11:21Z
USR001797,stock_order_started,2026-08-22T16:35:32Z
USR004697,stock_order_started,2026-08-22T16:59:13Z
USR004112,transfer_completed,2026-08-22T17:36:37Z
USR004390,support_opened,2026-08-22T17:45:55Z
USR003304,card_payment_viewed,2026-08-22T18:37:31Z
USR004715,transfer_completed,2026-08-22T19:30:38Z
USR001822,transfer_completed,2026-08-22T20:19:36Z
USR003920,plan_screen_viewed,2026-08-22T20:52:13Z
USR002221,app_open,2026-08-22T21:15:38Z
USR000603,app_open,2026-08-22T21:30:37Z
USR003230,transfer_completed,2026-08-22T22:32:37Z
USR000274,fx_rate_viewed,2026-08-23T00:17:16Z
USR002431,app_open,2026-08-23T00:41:50Z
USR002210,card_payment_viewed,2026-08-23T01:15:26Z
USR000063,transfer_started,2026-08-23T01:53:15Z
USR002678,support_opened,2026-08-23T02:11:09Z
USR004193,card_payment_viewed,2026-08-23T02:49:27Z
USR001156,savings_vault_opened,2026-08-23T02:57:06Z
USR003977,plan_screen_viewed,2026-08-23T03:10:15Z
USR002418,card_payment_viewed,2026-08-23T03:40:00Z
USR003527,transfer_completed,2026-08-23T05:25:22Z
USR000231,plan_screen_viewed,2026-08-23T07:56:26Z
USR004934,transfer_started,2026-08-23T08:45:57Z
USR000109,support_opened,2026-08-23T10:03:29Z
USR001460,fx_rate_viewed,2026-08-23T10:34:52Z
USR000249,savings_vault_opened,2026-08-23T10:36:32Z
USR002493,crypto_trade_started,2026-08-23T11:31:24Z
USR002888,app_open,2026-08-23T12:57:08Z
USR002186,transfer_completed,2026-08-23T13:57:17Z
USR002678,stock_order_started,2026-08-23T14:26:27Z
USR001802,app_open,2026-08-23T14:47:18Z
USR000817,app_open,2026-08-23T15:11:51Z
USR000312,fx_rate_viewed,2026-08-23T15:18:15Z
USR004096,card_payment_viewed,2026-08-23T15:27:27Z
USR001465,app_open,2026-08-23T15:46:15Z
USR001834,transfer_started,2026-08-23T16:04:04Z
USR002568,stock_order_started,2026-08-23T16:32:26Z
USR002455,app_open,2026-08-23T17:40:41Z
USR002216,transfer_completed,2026-08-23T18:49:35Z
USR004985,savings_vault_opened,2026-08-23T18:58:07Z
USR002629,stock_order_started,2026-08-23T19:15:27Z
USR001338,transfer_started,2026-08-23T19:44:55Z
USR003614,app_open,2026-08-23T20:28:06Z
USR000439,app_open,2026-08-23T21:09:31Z
USR001460,transfer_started,2026-08-23T21:37:04Z
USR003976,fx_rate_viewed,2026-08-23T21:55:44Z
USR004465,transfer_completed,2026-08-24T00:13:33Z
USR002098,support_opened,2026-08-24T00:30:04Z
USR002095,card_payment_viewed,2026-08-24T01:15:31Z
USR001507,transfer_completed,2026-08-24T02:38:16Z
USR004007,fx_rate_viewed,2026-08-24T03:09:34Z
USR003322,card_payment_viewed,2026-08-24T03:55:30Z
USR003006,app_open,2026-08-24T04:03:48Z
USR003877,app_open,2026-08-24T04:57:16Z
USR002588,card_payment_viewed,2026-08-24T05:39:32Z
USR000556,transfer_started,2026-08-24T06:39:08Z
USR001315,transfer_started,2026-08-24T08:07:38Z
USR004275,transfer_started,2026-08-24T09:03:51Z
USR004715,card_payment_viewed,2026-08-24T09:05:26Z
USR004740,fx_rate_viewed,2026-08-24T09:20:54Z
USR000439,fx_rate_viewed,2026-08-24T09:59:33Z
USR004420,app_open,2026-08-24T12:56:23Z
USR004255,crypto_trade_started,2026-08-24T13:00:35Z
USR003224,card_payment_viewed,2026-08-24T13:32:05Z
USR003131,app_open,2026-08-24T14:05:40Z
USR000570,stock_order_started,2026-08-24T14:18:46Z
USR003557,card_payment_viewed,2026-08-24T15:00:55Z
USR003018,savings_vault_opened,2026-08-24T15:03:51Z
USR000007,app_open,2026-08-24T16:16:19Z
USR001441,card_payment_viewed,2026-08-24T16:47:25Z
USR003549,app_open,2026-08-24T17:27:51Z
USR003337,app_open,2026-08-24T19:21:14Z
USR004267,transfer_started,2026-08-24T20:52:26Z
USR001610,card_payment_viewed,2026-08-24T21:09:47Z
USR002523,transfer_completed,2026-08-24T21:46:20Z
USR004641,app_open,2026-08-24T23:10:33Z
USR000423,fx_rate_viewed,2026-08-25T00:33:03Z
USR002210,crypto_trade_started,2026-08-25T01:16:58Z
USR001957,stock_order_started,2026-08-25T02:05:19Z
USR004349,card_payment_viewed,2026-08-25T03:37:50Z
USR002957,card_payment_viewed,2026-08-25T04:26:35Z
USR002540,plan_screen_viewed,2026-08-25T06:16:33Z
USR000662,app_open,2026-08-25T06:23:56Z
USR003091,savings_vault_opened,2026-08-25T06:29:24Z
USR003133,app_open,2026-08-25T07:13:02Z
USR003592,card_payment_viewed,2026-08-25T07:22:58Z
USR002208,fx_rate_viewed,2026-08-25T07:24:23Z
USR003205,app_open,2026-08-25T08:06:39Z
USR001563,plan_screen_viewed,2026-08-25T08:10:10Z
USR000787,app_open,2026-08-25T09:06:14Z
USR004858,transfer_started,2026-08-25T09:37:37Z
USR002280,app_open,2026-08-25T10:32:34Z
USR003076,app_open,2026-08-25T10:35:12Z
USR004891,stock_order_started,2026-08-25T11:17:14Z
USR003394,app_open,2026-08-25T11:33:53Z
USR000359,app_open,2026-08-25T11:43:15Z
USR003778,app_open,2026-08-25T11:54:53Z
USR002906,app_open,2026-08-25T12:11:25Z
USR002963,card_payment_viewed,2026-08-25T14:53:13Z
USR001096,transfer_started,2026-08-25T15:49:49Z
USR001053,app_open,2026-08-25T16:41:43Z
USR001803,crypto_trade_started,2026-08-25T16:48:20Z
USR003660,stock_order_started,2026-08-25T16:55:14Z
USR004828,app_open,2026-08-25T18:33:30Z
USR002077,app_open,2026-08-25T19:27:11Z
USR001775,app_open,2026-08-25T19:41:25Z
USR003830,transfer_completed,2026-08-25T20:13:58Z
USR004043,plan_screen_viewed,2026-08-25T20:35:01Z
USR003380,app_open,2026-08-25T20:49:07Z
USR000629,crypto_trade_started,2026-08-25T21:30:31Z
USR004019,app_open,2026-08-25T21:36:07Z
USR003870,app_open,2026-08-25T23:29:34Z
USR004541,app_open,2026-08-25T23:49:07Z
USR002297,app_open,2026-08-26T00:41:49Z
USR004102,app_open,2026-08-26T01:41:29Z
USR004607,app_open,2026-08-26T02:16:49Z
USR002680,card_payment_viewed,2026-08-26T02:44:13Z
USR002906,app_open,2026-08-26T05:06:09Z
USR000247,app_open,2026-08-26T05:24:05Z
USR002238,fx_rate_viewed,2026-08-26T05:26:22Z
USR002460,app_open,2026-08-26T05:34:08Z
USR001021,app_open,2026-08-26T06:23:00Z
USR002656,transfer_completed,2026-08-26T06:23:30Z
USR000945,transfer_completed,2026-08-26T06:26:43Z
USR003026,transfer_completed,2026-08-26T07:07:30Z
USR001638,transfer_started,2026-08-26T08:53:04Z
USR002721,app_open,2026-08-26T10:27:33Z
USR002553,savings_vault_opened,2026-08-26T10:29:21Z
USR002691,savings_vault_opened,2026-08-26T10:35:37Z
USR000826,transfer_completed,2026-08-26T11:05:44Z
USR002009,fx_rate_viewed,2026-08-26T11:31:40Z
USR001154,app_open,2026-08-26T14:05:57Z
USR001786,transfer_started,2026-08-26T14:10:25Z
USR004999,savings_vault_opened,2026-08-26T15:44:50Z
USR000450,card_payment_viewed,2026-08-26T16:29:37Z
USR004474,app_open,2026-08-26T16:45:45Z
USR004383,plan_screen_viewed,2026-08-26T16:50:38Z
USR000071,fx_rate_viewed,2026-08-26T17:20:54Z
USR003595,plan_screen_viewed,2026-08-26T17:57:54Z
USR004620,transfer_started,2026-08-26T18:05:11Z
USR000028,transfer_completed,2026-08-26T19:00:02Z
USR004138,transfer_started,2026-08-26T19:02:10Z
USR003178,crypto_trade_started,2026-08-26T19:29:27Z
USR002668,fx_rate_viewed,2026-08-26T20:04:44Z
USR001013,card_payment_viewed,2026-08-26T20:19:55Z
USR003895,app_open,2026-08-26T21:13:01Z
USR003935,card_payment_viewed,2026-08-26T21:29:32Z
USR000480,app_open,2026-08-26T21:38:00Z
USR002721,fx_rate_viewed,2026-08-27T01:04:39Z
USR000704,transfer_completed,2026-08-27T01:38:49Z
USR002446,app_open,2026-08-27T01:42:20Z
USR004038,app_open,2026-08-27T03:47:04Z
USR003614,plan_screen_viewed,2026-08-27T04:21:18Z
USR001628,transfer_started,2026-08-27T06:30:01Z
USR002947,app_open,2026-08-27T07:45:16Z
USR001544,app_open,2026-08-27T07:57:08Z
USR001352,app_open,2026-08-27T08:06:57Z
USR003887,app_open,2026-08-27T08:50:16Z
USR001860,card_payment_viewed,2026-08-27T09:32:08Z
USR003455,fx_rate_viewed,2026-08-27T10:01:56Z
USR003073,app_open,2026-08-27T10:23:31Z
USR002594,transfer_completed,2026-08-27T11:14:11Z
USR004340,app_open,2026-08-27T12:09:09Z
USR001590,support_opened,2026-08-27T13:11:30Z
USR001901,transfer_started,2026-08-27T13:25:32Z
USR002877,transfer_completed,2026-08-27T14:39:29Z
USR000696,transfer_started,2026-08-27T17:52:03Z
USR000749,card_payment_viewed,2026-08-27T20:27:06Z
USR002076,fx_rate_viewed,2026-08-27T21:02:02Z
USR004031,transfer_started,2026-08-27T21:05:48Z
USR000691,app_open,2026-08-27T21:25:10Z
USR003406,transfer_started,2026-08-27T21:56:37Z
USR001414,app_open,2026-08-27T22:33:29Z
USR000425,transfer_completed,2026-08-27T22:46:52Z
USR003830,transfer_started,2026-08-27T23:27:09Z
USR002037,savings_vault_opened,2026-08-27T23:27:19Z
USR003515,app_open,2026-08-28T00:54:06Z
USR002316,app_open,2026-08-28T01:52:22Z
USR000855,support_opened,2026-08-28T02:07:03Z
USR000782,fx_rate_viewed,2026-08-28T03:26:11Z
USR002039,app_open,2026-08-28T03:44:03Z
USR003310,card_payment_viewed,2026-08-28T03:51:41Z
USR003310,app_open,2026-08-28T03:52:56Z
USR003010,app_open,2026-08-28T04:18:59Z
USR001822,app_open,2026-08-28T04:55:36Z
USR000951,transfer_started,2026-08-28T05:12:48Z
USR004540,card_payment_viewed,2026-08-28T05:48:01Z
USR000920,crypto_trade_started,2026-08-28T05:51:16Z
USR003457,stock_order_started,2026-08-28T06:09:04Z
USR003819,stock_order_started,2026-08-28T07:33:08Z
USR001293,card_payment_viewed,2026-08-28T07:45:13Z
USR002758,transfer_completed,2026-08-28T08:48:25Z
USR000872,transfer_started,2026-08-28T09:41:11Z
USR000541,app_open,2026-08-28T13:17:45Z
USR002698,transfer_started,2026-08-28T13:36:44Z
USR001901,card_payment_viewed,2026-08-28T14:07:49Z
USR003178,app_open,2026-08-28T14:35:16Z
USR003519,app_open,2026-08-28T14:35:57Z
USR001018,app_open,2026-08-28T15:04:08Z
USR004340,app_open,2026-08-28T15:30:03Z
USR003006,transfer_started,2026-08-28T15:54:02Z
USR002180,card_payment_viewed,2026-08-28T16:06:21Z
USR001587,crypto_trade_started,2026-08-28T16:23:17Z
USR004273,transfer_completed,2026-08-28T16:55:49Z
USR004088,transfer_completed,2026-08-28T20:19:46Z
USR002319,crypto_trade_started,2026-08-28T20:29:46Z
USR001716,card_payment_viewed,2026-08-28T20:31:12Z
USR001248,transfer_completed,2026-08-28T20:56:55Z
USR000207,fx_rate_viewed,2026-08-28T23:32:40Z
USR004833,fx_rate_viewed,2026-08-28T23:41:34Z
USR000505,app_open,2026-08-28T23:41:54Z
USR003384,app_open,2026-08-28T23:45:56Z
USR003865,plan_screen_viewed,2026-08-28T23:54:18Z
USR000901,transfer_started,2026-08-29T01:42:46Z
USR003446,plan_screen_viewed,2026-08-29T01:50:06Z
USR000227,app_open,2026-08-29T02:10:04Z
USR002216,card_payment_viewed,2026-08-29T03:12:11Z
USR003826,stock_order_started,2026-08-29T03:33:44Z
USR004438,app_open,2026-08-29T04:16:54Z
USR004050,transfer_completed,2026-08-29T04:43:45Z
USR001075,crypto_trade_started,2026-08-29T05:09:22Z
USR000887,app_open,2026-08-29T05:59:44Z
USR000473,plan_screen_viewed,2026-08-29T06:37:07Z
USR003944,card_payment_viewed,2026-08-29T07:05:39Z
USR002672,app_open,2026-08-29T08:16:28Z
USR002586,app_open,2026-08-29T08:18:46Z
USR001023,app_open,2026-08-29T08:46:36Z
USR001512,card_payment_viewed,2026-08-29T09:09:25Z
USR003534,fx_rate_viewed,2026-08-29T09:36:52Z
USR001834,savings_vault_opened,2026-08-29T10:57:58Z
USR003591,transfer_started,2026-08-29T11:39:33Z
USR000714,card_payment_viewed,2026-08-29T11:48:01Z
USR003519,card_payment_viewed,2026-08-29T14:26:43Z
USR000470,app_open,2026-08-29T15:02:20Z
USR002036,app_open,2026-08-29T16:18:04Z
USR001040,transfer_completed,2026-08-29T16:33:46Z
USR000354,transfer_started,2026-08-29T16:53:10Z
USR002319,app_open,2026-08-29T17:30:56Z
USR003534,app_open,2026-08-29T19:18:04Z
USR002682,app_open,2026-08-29T19:40:16Z
USR001577,card_payment_viewed,2026-08-29T20:25:51Z
USR002165,app_open,2026-08-29T20:41:01Z
USR001460,support_opened,2026-08-29T20:58:06Z
USR001577,card_payment_viewed,2026-08-29T22:12:36Z
USR000685,app_open,2026-08-29T22:37:06Z
USR001778,app_open,2026-08-30T00:31:13Z
USR002036,card_payment_viewed,2026-08-30T00:33:00Z
USR001844,transfer_completed,2026-08-30T01:05:02Z
USR003746,fx_rate_viewed,2026-08-30T01:09:49Z
USR003771,card_payment_viewed,2026-08-30T02:55:49Z
USR001401,transfer_completed,2026-08-30T03:25:56Z
USR002221,crypto_trade_started,2026-08-30T06:01:28Z
USR004964,transfer_completed,2026-08-30T06:35:57Z
USR000439,card_payment_viewed,2026-08-30T07:37:18Z
USR004553,app_open,2026-08-30T09:36:41Z
USR003697,card_payment_viewed,2026-08-30T09:44:30Z
USR004027,app_open,2026-08-30T09:52:44Z
USR003764,savings_vault_opened,2026-08-30T10:10:07Z
USR004313,transfer_completed,2026-08-30T10:38:45Z
USR001004,app_open,2026-08-30T10:53:06Z
USR001972,card_payment_viewed,2026-08-30T12:20:41Z
USR002003,stock_order_started,2026-08-30T12:45:53Z
USR000941,plan_screen_viewed,2026-08-30T13:01:11Z
USR003427,crypto_trade_started,2026-08-30T13:07:10Z
USR000309,card_payment_viewed,2026-08-30T13:39:49Z
USR000434,fx_rate_viewed,2026-08-30T13:50:30Z
USR000777,transfer_started,2026-08-30T15:41:36Z
USR000211,transfer_started,2026-08-30T15:44:13Z
USR003651,support_opened,2026-08-30T16:31:34Z
USR003954,app_open,2026-08-30T16:42:22Z
USR000450,app_open,2026-08-30T16:48:07Z
USR003900,card_payment_viewed,2026-08-30T16:57:58Z
USR003574,plan_screen_viewed,2026-08-30T17:29:32Z
USR000257,card_payment_viewed,2026-08-30T18:04:57Z
USR000030,transfer_started,2026-08-30T18:16:43Z
USR003036,transfer_started,2026-08-30T18:45:32Z
USR004131,plan_screen_viewed,2026-08-30T18:53:57Z
USR001510,transfer_completed,2026-08-30T19:08:51Z
USR002678,transfer_started,2026-08-30T19:25:24Z
USR001180,plan_screen_viewed,2026-08-30T20:28:24Z
USR001553,transfer_started,2026-08-30T20:54:54Z
USR003514,app_open,2026-08-30T21:15:33Z
USR003631,savings_vault_opened,2026-08-30T21:27:23Z
USR004119,plan_screen_viewed,2026-08-30T22:02:24Z
USR004134,savings_vault_opened,2026-08-30T22:27:17Z
USR000439,app_open,2026-08-30T22:51:15Z
USR001212,card_payment_viewed,2026-08-30T23:15:37Z
USR002373,app_open,2026-08-30T23:17:11Z
USR002306,app_open,2026-08-30T23:35:05Z
USR002783,transfer_started,2026-08-30T23:42:25Z
USR002434,fx_rate_viewed,2026-08-31T00:52:00Z
USR000801,app_open,2026-08-31T01:51:41Z
USR001493,app_open,2026-08-31T02:03:04Z
USR002199,savings_vault_opened,2026-08-31T02:47:43Z
USR003631,crypto_trade_started,2026-08-31T03:53:45Z
USR004213,support_opened,2026-08-31T04:14:54Z
USR004734,transfer_started,2026-08-31T04:42:38Z
USR002262,app_open,2026-08-31T04:53:32Z
USR003806,crypto_trade_started,2026-08-31T05:06:14Z
USR001545,transfer_started,2026-08-31T05:27:13Z
USR004002,card_payment_viewed,2026-08-31T06:33:44Z
USR000470,fx_rate_viewed,2026-08-31T07:12:44Z
USR000717,app_open,2026-08-31T07:35:56Z
USR004739,transfer_completed,2026-08-31T08:04:33Z
USR000345,app_open,2026-08-31T08:14:00Z
USR004112,stock_order_started,2026-08-31T08:18:04Z
USR002181,card_payment_viewed,2026-08-31T08:18:40Z
USR000924,plan_screen_viewed,2026-08-31T09:08:24Z
USR000475,card_payment_viewed,2026-08-31T09:54:49Z
USR002319,stock_order_started,2026-08-31T10:17:27Z
USR002496,transfer_completed,2026-08-31T10:19:02Z
USR003392,transfer_started,2026-08-31T10:34:57Z
USR002546,transfer_started,2026-08-31T11:37:03Z
USR004344,card_payment_viewed,2026-08-31T12:06:43Z
USR000603,fx_rate_viewed,2026-08-31T12:20:59Z
USR000826,transfer_completed,2026-08-31T12:32:30Z
USR003381,app_open,2026-08-31T14:05:35Z
USR003183,transfer_completed,2026-08-31T15:15:16Z
USR003246,app_open,2026-08-31T15:42:10Z
USR002370,app_open,2026-08-31T15:43:19Z
USR004314,transfer_completed,2026-08-31T17:40:13Z
USR001785,card_payment_viewed,2026-08-31T18:35:28Z
USR004201,app_open,2026-08-31T18:57:56Z
USR002721,app_open,2026-08-31T19:50:00Z
USR004931,savings_vault_opened,2026-08-31T20:01:48Z
USR002573,stock_order_started,2026-08-31T20:56:03Z
USR003027,app_open,2026-08-31T21:13:43Z
USR004556,card_payment_viewed,2026-08-31T21:50:08Z
USR001035,savings_vault_opened,2026-08-31T21:58:42Z
USR002680,transfer_started,2026-08-31T21:58:50Z
USR001088,savings_vault_opened,2026-08-31T23:14:22Z
USR001986,app_open,2026-08-31T23:30:09Z
USR003559,savings_vault_opened,2026-09-01T02:14:05Z
USR000704,savings_vault_opened,2026-09-01T02:30:44Z
USR002054,app_open,2026-09-01T02:57:38Z
USR003216,transfer_started,2026-09-01T03:16:28Z
USR004090,card_payment_viewed,2026-09-01T03:59:08Z
USR004652,plan_screen_viewed,2026-09-01T04:30:25Z
USR000519,transfer_completed,2026-09-01T05:20:31Z
USR003764,card_payment_viewed,2026-09-01T05:50:11Z
USR002783,transfer_started,2026-09-01T07:37:00Z
USR001053,app_open,2026-09-01T09:13:40Z
USR001924,fx_rate_viewed,2026-09-01T09:28:57Z
USR004150,card_payment_viewed,2026-09-01T10:23:23Z
USR004340,transfer_completed,2026-09-01T11:05:19Z
USR003310,app_open,2026-09-01T12:52:58Z
USR000519,card_payment_viewed,2026-09-01T13:37:50Z
USR002425,savings_vault_opened,2026-09-01T14:58:47Z
USR000299,crypto_trade_started,2026-09-01T15:21:13Z
USR001460,app_open,2026-09-01T15:37:27Z
USR001268,app_open,2026-09-01T15:50:44Z
USR001247,card_payment_viewed,2026-09-01T17:13:20Z
USR004498,transfer_completed,2026-09-01T17:55:39Z
USR004890,transfer_completed,2026-09-01T18:33:07Z
USR003118,transfer_started,2026-09-01T19:39:42Z
USR003420,plan_screen_viewed,2026-09-01T21:53:11Z
USR000252,card_payment_viewed,2026-09-01T22:02:56Z
USR002093,fx_rate_viewed,2026-09-01T22:15:08Z
USR001065,app_open,2026-09-01T23:49:56Z
USR002776,card_payment_viewed,2026-09-02T00:07:27Z
USR001173,savings_vault_opened,2026-09-02T00:43:39Z
USR002366,app_open,2026-09-02T01:19:32Z
USR003387,crypto_trade_started,2026-09-02T01:44:40Z
USR000567,app_open,2026-09-02T02:34:17Z
USR003719,fx_rate_viewed,2026-09-02T02:38:40Z
USR003271,app_open,2026-09-02T04:16:31Z
USR002464,savings_vault_opened,2026-09-02T04:19:57Z
USR001333,fx_rate_viewed,2026-09-02T04:45:12Z
USR000532,app_open,2026-09-02T04:55:01Z
USR001854,transfer_started,2026-09-02T05:05:22Z
USR004620,crypto_trade_started,2026-09-02T05:59:07Z
USR004991,app_open,2026-09-02T06:34:02Z
USR004675,plan_screen_viewed,2026-09-02T06:46:06Z
USR002395,app_open,2026-09-02T06:49:13Z
USR001928,transfer_started,2026-09-02T06:56:10Z
USR000190,app_open,2026-09-02T07:12:44Z
USR003253,transfer_started,2026-09-02T07:24:16Z
USR002191,card_payment_viewed,2026-09-02T08:03:52Z
USR001436,plan_screen_viewed,2026-09-02T08:14:54Z
USR004712,card_payment_viewed,2026-09-02T08:57:51Z
USR003133,card_payment_viewed,2026-09-02T09:10:24Z
USR004024,app_open,2026-09-02T09:42:51Z
USR002432,card_payment_viewed,2026-09-02T09:49:04Z
USR001985,transfer_completed,2026-09-02T11:57:49Z
USR000074,stock_order_started,2026-09-02T11:57:52Z
USR003381,plan_screen_viewed,2026-09-02T12:02:28Z
USR004046,app_open,2026-09-02T12:22:23Z
USR003534,app_open,2026-09-02T12:48:12Z
USR002333,card_payment_viewed,2026-09-02T13:39:29Z
USR003045,savings_vault_opened,2026-09-02T15:01:57Z
USR003368,app_open,2026-09-02T15:12:29Z
USR002594,app_open,2026-09-02T15:24:10Z
USR004754,card_payment_viewed,2026-09-02T16:28:23Z
USR004647,transfer_started,2026-09-02T17:17:29Z
USR002336,savings_vault_opened,2026-09-02T17:58:31Z
USR000406,stock_order_started,2026-09-02T19:05:01Z
USR004294,transfer_started,2026-09-02T19:16:19Z
USR000075,app_open,2026-09-02T19:29:05Z
USR003540,transfer_started,2026-09-02T19:43:58Z
USR000977,app_open,2026-09-02T21:18:08Z
USR004397,app_open,2026-09-02T21:49:58Z
USR000982,plan_screen_viewed,2026-09-02T22:23:19Z
USR002594,app_open,2026-09-02T22:42:27Z
USR002215,app_open,2026-09-02T22:55:44Z
USR001245,savings_vault_opened,2026-09-02T23:38:55Z
USR002793,app_open,2026-09-03T00:24:54Z
USR000814,card_payment_viewed,2026-09-03T01:11:43Z
USR001314,card_payment_viewed,2026-09-03T01:43:11Z
USR000704,crypto_trade_started,2026-09-03T02:45:45Z
USR000470,card_payment_viewed,2026-09-03T03:57:22Z
USR002281,transfer_started,2026-09-03T04:19:55Z
USR000885,transfer_started,2026-09-03T04:49:52Z
USR002432,transfer_started,2026-09-03T05:56:35Z
USR004947,plan_screen_viewed,2026-09-03T06:54:05Z
USR000735,savings_vault_opened,2026-09-03T07:02:56Z
USR004497,crypto_trade_started,2026-09-03T07:53:22Z
USR000715,card_payment_viewed,2026-09-03T08:44:59Z
USR003955,transfer_started,2026-09-03T09:35:27Z
USR001791,app_open,2026-09-03T10:11:04Z
USR001446,app_open,2026-09-03T10:28:08Z
USR003542,transfer_started,2026-09-03T11:04:51Z
USR004654,app_open,2026-09-03T11:25:15Z
USR004002,savings_vault_opened,2026-09-03T12:37:52Z
USR001507,app_open,2026-09-03T13:32:27Z
USR000100,fx_rate_viewed,2026-09-03T14:33:06Z
USR003099,app_open,2026-09-03T14:35:03Z
USR002036,app_open,2026-09-03T15:40:43Z
USR001120,crypto_trade_started,2026-09-03T17:44:16Z
USR003557,support_opened,2026-09-03T17:50:13Z
USR003692,app_open,2026-09-03T19:04:36Z
USR001215,transfer_completed,2026-09-03T20:05:51Z
USR000030,crypto_trade_started,2026-09-03T21:46:04Z
USR002938,stock_order_started,2026-09-03T21:47:25Z
USR002019,support_opened,2026-09-03T21:59:40Z
USR004613,card_payment_viewed,2026-09-04T00:00:00Z
USR002011,app_open,2026-09-04T00:37:06Z
USR003723,savings_vault_opened,2026-09-04T01:00:34Z
USR004808,transfer_started,2026-09-04T02:29:26Z
USR002363,app_open,2026-09-04T02:49:06Z
USR003473,stock_order_started,2026-09-04T02:50:33Z
USR002565,transfer_completed,2026-09-04T03:06:43Z
USR001180,app_open,2026-09-04T03:57:08Z
USR002107,card_payment_viewed,2026-09-04T05:50:45Z
USR004065,card_payment_viewed,2026-09-04T06:27:36Z
USR001760,app_open,2026-09-04T07:07:28Z
USR001547,savings_vault_opened,2026-09-04T07:29:56Z
USR004985,transfer_started,2026-09-04T08:37:35Z
USR001602,stock_order_started,2026-09-04T08:57:56Z
USR001887,app_open,2026-09-04T09:29:52Z
USR003894,crypto_trade_started,2026-09-04T09:51:59Z
USR002573,app_open,2026-09-04T10:09:02Z
USR004159,plan_screen_viewed,2026-09-04T10:21:13Z
USR001248,app_open,2026-09-04T10:27:06Z
USR001132,app_open,2026-09-04T10:56:24Z
USR004190,app_open,2026-09-04T11:05:54Z
USR002783,crypto_trade_started,2026-09-04T11:28:26Z
USR002488,card_payment_viewed,2026-09-04T11:41:29Z
USR003931,card_payment_viewed,2026-09-04T11:41:57Z
USR000389,transfer_completed,2026-09-04T11:49:01Z
USR004313,app_open,2026-09-04T12:27:04Z
USR002284,transfer_completed,2026-09-04T12:45:31Z
USR000124,stock_order_started,2026-09-04T12:55:33Z
USR002238,app_open,2026-09-04T13:30:57Z
USR002075,card_payment_viewed,2026-09-04T15:42:07Z
USR000172,fx_rate_viewed,2026-09-04T16:18:05Z
USR001276,card_payment_viewed,2026-09-04T18:14:50Z
USR001932,plan_screen_viewed,2026-09-04T19:05:28Z
USR002666,plan_screen_viewed,2026-09-04T21:31:38Z
USR001529,card_payment_viewed,2026-09-04T21:48:39Z
USR004627,savings_vault_opened,2026-09-04T23:25:59Z
USR001834,app_open,2026-09-04T23:39:55Z
USR003256,app_open,2026-09-04T23:52:30Z
USR000567,card_payment_viewed,2026-09-05T01:18:46Z
USR004785,savings_vault_opened,2026-09-05T01:35:38Z
USR004345,app_open,2026-09-05T03:13:21Z
USR000715,card_payment_viewed,2026-09-05T04:25:40Z
USR000847,fx_rate_viewed,2026-09-05T05:13:26Z
USR000542,app_open,2026-09-05T07:03:44Z
USR000567,app_open,2026-09-05T08:11:49Z
USR003351,app_open,2026-09-05T08:22:42Z
USR001541,transfer_started,2026-09-05T08:40:41Z
USR003749,stock_order_started,2026-09-05T08:48:32Z
USR003627,app_open,2026-09-05T09:12:31Z
USR002084,app_open,2026-09-05T09:32:34Z
USR000190,plan_screen_viewed,2026-09-05T09:41:36Z
USR002191,app_open,2026-09-05T10:20:37Z
USR002260,transfer_started,2026-09-05T11:03:45Z
USR002305,card_payment_viewed,2026-09-05T11:57:28Z
USR004374,transfer_completed,2026-09-05T13:36:18Z
USR003320,app_open,2026-09-05T15:28:42Z
USR003127,card_payment_viewed,2026-09-05T17:15:31Z
USR005000,app_open,2026-09-05T17:20:44Z
USR003497,app_open,2026-09-05T19:47:42Z
USR000401,transfer_completed,2026-09-05T20:13:23Z
USR004655,plan_screen_viewed,2026-09-05T21:53:53Z
USR004170,plan_screen_viewed,2026-09-05T22:03:02Z
USR003337,card_payment_viewed,2026-09-05T22:17:26Z
USR001663,app_open,2026-09-06T00:20:35Z
USR002407,transfer_started,2026-09-06T00:21:38Z
USR003183,crypto_trade_started,2026-09-06T00:35:23Z
USR001859,savings_vault_opened,2026-09-06T01:05:57Z
USR003413,card_payment_viewed,2026-09-06T02:04:37Z
USR002262,app_open,2026-09-06T03:03:28Z
USR000239,transfer_completed,2026-09-06T03:16:23Z
USR003127,fx_rate_viewed,2026-09-06T03:38:44Z
USR002937,card_payment_viewed,2026-09-06T04:42:52Z
USR001174,card_payment_viewed,2026-09-06T04:58:53Z
USR004348,app_open,2026-09-06T05:07:52Z
USR003790,transfer_started,2026-09-06T05:28:10Z
USR000907,crypto_trade_started,2026-09-06T06:19:53Z
USR001514,app_open,2026-09-06T07:58:57Z
USR000962,card_payment_viewed,2026-09-06T08:37:19Z
USR001352,app_open,2026-09-06T08:43:02Z
USR003373,transfer_completed,2026-09-06T09:08:46Z
USR003381,crypto_trade_started,2026-09-06T09:09:18Z
USR002990,app_open,2026-09-06T11:24:17Z
USR003184,plan_screen_viewed,2026-09-06T11:59:49Z
USR000556,plan_screen_viewed,2026-09-06T12:29:54Z
USR001397,app_open,2026-09-06T12:36:57Z
USR000504,transfer_started,2026-09-06T13:23:20Z
USR001799,transfer_completed,2026-09-06T13:39:22Z
USR000446,app_open,2026-09-06T14:05:58Z
USR003257,card_payment_viewed,2026-09-06T15:15:37Z
USR000556,card_payment_viewed,2026-09-06T15:44:37Z
USR003625,app_open,2026-09-06T16:06:20Z
USR003616,savings_vault_opened,2026-09-06T17:27:19Z
USR001168,stock_order_started,2026-09-06T19:04:24Z
USR000099,app_open,2026-09-06T19:07:17Z
USR002783,plan_screen_viewed,2026-09-06T20:59:40Z
USR004102,transfer_started,2026-09-06T21:35:16Z
USR002610,app_open,2026-09-06T21:59:39Z
USR001944,app_open,2026-09-06T22:22:30Z
USR002910,savings_vault_opened,2026-09-06T22:51:05Z
USR004102,card_payment_viewed,2026-09-06T23:13:42Z
USR004315,savings_vault_opened,2026-09-06T23:46:31Z
USR004255,app_open,2026-09-07T01:39:07Z
USR000324,app_open,2026-09-07T01:49:34Z
USR000403,plan_screen_viewed,2026-09-07T02:28:22Z
USR001663,plan_screen_viewed,2026-09-07T03:15:39Z
USR000277,app_open,2026-09-07T05:09:23Z
USR004525,transfer_started,2026-09-07T05:23:01Z
USR004278,app_open,2026-09-07T05:34:08Z
USR001332,app_open,2026-09-07T05:38:28Z
USR002014,app_open,2026-09-07T06:08:15Z
USR002985,card_payment_viewed,2026-09-07T07:55:41Z
USR003570,app_open,2026-09-07T08:02:03Z
USR003939,card_payment_viewed,2026-09-07T10:14:02Z
USR000467,transfer_started,2026-09-07T10:38:14Z
USR001805,transfer_completed,2026-09-07T11:24:14Z
USR001241,fx_rate_viewed,2026-09-07T11:43:03Z
USR004024,crypto_trade_started,2026-09-07T11:44:32Z
USR000977,card_payment_viewed,2026-09-07T12:01:03Z
USR004968,app_open,2026-09-07T12:01:14Z
USR004801,stock_order_started,2026-09-07T12:42:08Z
USR002630,card_payment_viewed,2026-09-07T15:28:36Z
USR001154,card_payment_viewed,2026-09-07T17:13:22Z
USR000618,fx_rate_viewed,2026-09-07T18:35:39Z
USR000820,fx_rate_viewed,2026-09-07T18:42:37Z
USR003439,crypto_trade_started,2026-09-07T18:46:47Z
USR003985,app_open,2026-09-07T20:47:17Z
USR004050,plan_screen_viewed,2026-09-07T23:10:45Z
USR004888,savings_vault_opened,2026-09-07T23:17:27Z
USR001053,app_open,2026-09-07T23:18:25Z
USR001894,app_open,2026-09-08T00:37:38Z
USR001579,card_payment_viewed,2026-09-08T00:38:24Z
USR000820,card_payment_viewed,2026-09-08T00:39:08Z
USR000256,app_open,2026-09-08T01:26:28Z
USR002963,app_open,2026-09-08T01:27:12Z
USR004573,transfer_started,2026-09-08T02:02:26Z
USR001492,app_open,2026-09-08T02:05:03Z
USR003507,transfer_completed,2026-09-08T02:11:50Z
USR002469,app_open,2026-09-08T02:31:34Z
USR004241,crypto_trade_started,2026-09-08T02:41:40Z
USR001371,app_open,2026-09-08T02:53:49Z
USR000610,card_payment_viewed,2026-09-08T02:59:02Z
USR001021,support_opened,2026-09-08T04:30:21Z
USR002924,fx_rate_viewed,2026-09-08T04:33:37Z
USR000685,support_opened,2026-09-08T05:00:43Z
USR001180,app_open,2026-09-08T06:12:50Z
USR000159,transfer_completed,2026-09-08T07:22:16Z
USR002084,app_open,2026-09-08T09:23:48Z
USR002717,transfer_completed,2026-09-08T09:39:35Z
USR001180,app_open,2026-09-08T10:19:08Z
USR000470,transfer_started,2026-09-08T12:07:04Z
USR002880,card_payment_viewed,2026-09-08T13:11:03Z
USR002408,stock_order_started,2026-09-08T13:22:02Z
USR004389,stock_order_started,2026-09-08T15:02:30Z
USR001561,transfer_completed,2026-09-08T15:06:38Z
USR003962,stock_order_started,2026-09-08T15:44:01Z
USR002980,transfer_completed,2026-09-08T16:04:37Z
USR003013,stock_order_started,2026-09-08T16:36:21Z
USR004084,plan_screen_viewed,2026-09-08T17:30:19Z
USR003494,crypto_trade_started,2026-09-08T17:48:46Z
USR000847,crypto_trade_started,2026-09-08T18:12:22Z
USR001465,card_payment_viewed,2026-09-08T18:20:22Z
USR004430,transfer_completed,2026-09-08T18:33:03Z
USR003471,fx_rate_viewed,2026-09-08T19:20:18Z
USR002852,transfer_started,2026-09-08T19:35:13Z
USR000253,app_open,2026-09-08T20:32:55Z
USR004940,app_open,2026-09-08T22:25:28Z
USR004027,card_payment_viewed,2026-09-08T22:34:32Z
