user_id,plan,start_date,end_date
USR000001,Premium,2023-07-05,
USR000002,Standard,2026-01-16,
USR000003,Metal,2023-01-06,
USR000004,Standard,2026-04-23,
USR000005,Standard,2024-02-05,
USR000006,Standard,2025-06-09,
USR000007,Standard,2025-06-23,
USR000008,Metal,2024-05-12,
USR000009,Premium,2026-01-04,
USR000010,Metal,2024-05-08,
USR000011,Plus,2025-07-20,
USR000012,Metal,2025-09-17,2026-05-25
USR000012,Premium,2026-05-26,
USR000013,Standard,2023-03-24,
USR000014,Standard,2023-07-11,
USR000015,Standard,2025-10-21,
USR000016,Plus,2026-01-07,
USR000017,Standard,2025-10-16,
USR000018,Premium,2024-07-30,2026-05-28
USR000018,Standard,2026-05-29,
USR000019,Standard,2024-11-28,
USR000020,Metal,2025-11-12,
USR000021,Standard,2024-09-13,
USR000022,Plus,2024-06-26,
USR000023,Standard,2025-01-26,
USR000024,Standard,2023-09-20,
USR000025,Metal,2025-10-11,
USR000026,Metal,2024-11-04,
USR000027,Plus,2025-03-06,
USR000028,Standard,2025-11-25,
USR000029,Standard,2025-06-28,
USR000030,Standard,2026-07-18,
USR000031,Metal,2026-02-25,
USR000032,Premium,2024-01-29,
USR000033,Plus,2025-10-12,2026-08-25
USR000033,Standard,2026-08-26,
USR000034,Standard,2025-09-08,
USR000035,Standard,2024-09-27,
USR000036,Standard,2023-10-25,
USR000037,Premium,2024-07-25,
USR000038,Standard,2023-06-18,
USR000039,Premium,2024-06-26,2025-11-29
USR000039,Standard,2025-11-30,
USR000040,Premium,2026-05-28,
USR000041,Standard,2024-09-13,2026-03-25
USR000041,Plus,2026-03-26,
USR000042,Standard,2023-03-11,
USR000043,Standard,2025-05-20,
USR000044,Standard,2024-12-08,
USR000045,Standard,2025-10-02,
USR000046,Plus,2023-03-08,
USR000047,Standard,2023-01-28,
USR000048,Ultra,2024-09-03,
USR000049,Premium,2025-01-21,
USR000050,Metal,2025-02-08,
USR000051,Standard,2024-11-04,
USR000052,Premium,2025-08-19,
USR000053,Standard,2025-09-27,
USR000054,Metal,2023-02-24,
USR000055,Plus,2025-05-04,
USR000056,Standard,2025-11-14,
USR000057,Plus,2026-03-11,
USR000058,Standard,2023-06-13,2023-09-16
USR000058,Metal,2023-09-17,
USR000059,Metal,2024-12-08,2026-05-13
USR000059,Standard,2026-05-14,
USR000060,Standard,2023-10-01,
USR000061,Plus,2024-02-25,
USR000062,Metal,2026-06-12,
USR000063,Metal,2026-07-27,
USR000064,Standard,2024-08-09,
USR000065,Plus,2024-11-15,
USR000066,Standard,2024-08-20,
USR000067,Metal,2024-09-29,2025-04-18
USR000067,Plus,2025-04-19,
USR000068,Metal,2026-02-13,2026-07-28
USR000068,Premium,2026-07-29,
USR000069,Premium,2024-02-16,2025-08-27
USR000069,Standard,2025-08-28,
USR000070,Plus,2024-01-31,
USR000071,Premium,2025-12-10,
USR000072,Standard,2023-01-22,
USR000073,Standard,2024-01-11,
USR000074,Standard,2026-03-10,
USR000075,Standard,2026-08-10,
USR000076,Plus,2025-11-14,2026-04-03
USR000076,Standard,2026-04-04,
USR000077,Metal,2023-10-09,
USR000078,Standard,2026-05-29,
USR000079,Premium,2024-11-09,
USR000080,Standard,2023-10-24,
USR000081,Premium,2026-04-11,2026-08-09
USR000081,Standard,2026-08-10,
USR000082,Metal,2025-12-07,
USR000083,Metal,2026-06-07,2026-09-03
USR000083,Standard,2026-09-04,
USR000084,Standard,2024-09-30,
USR000085,Standard,2023-10-15,
USR000086,Plus,2023-07-09,
USR000087,Standard,2026-01-12,
USR000088,Standard,2026-01-30,
USR000089,Standard,2026-04-07,
USR000090,Standard,2023-07-02,
USR000091,Standard,2026-03-21,
USR000092,Standard,2023-01-06,
USR000093,Ultra,2023-07-31,
USR000094,Standard,2025-01-09,
USR000095,Metal,2023-02-08,2024-11-29
USR000095,Standard,2024-11-30,
USR000096,Metal,2025-12-19,
USR000097,Ultra,2025-08-17,2026-05-13
USR000097,Metal,2026-05-14,
USR000098,Standard,2025-08-02,
USR000099,Standard,2026-08-28,
USR000100,Plus,2024-06-21,
USR000101,Premium,2024-11-21,
USR000102,Premium,2024-06-21,2026-08-30
USR000102,Plus,2026-08-31,
USR000103,Standard,2023-08-04,
USR000104,Standard,2025-06-06,2025-08-12
USR000104,Ultra,2025-08-13,
USR000105,Standard,2025-09-20,
USR000106,Premium,2023-07-06,
USR000107,Ultra,2024-11-23,2025-10-19
USR000107,Standard,2025-10-20,
USR000108,Premium,2026-06-02,
USR000109,Premium,2026-01-24,
USR000110,Standard,2026-02-10,
USR000111,Ultra,2023-12-12,2024-03-10
USR000111,Standard,2024-03-11,
USR000112,Premium,2025-08-21,
USR000113,Plus,2026-06-16,
USR000114,Plus,2025-07-20,2025-08-18
USR000114,Standard,2025-08-19,
USR000115,Metal,2023-12-07,
USR000116,Standard,2023-04-22,
USR000117,Premium,2026-02-03,
USR000118,Standard,2024-02-25,
USR000119,Premium,2026-03-15,
USR000120,Standard,2024-10-31,
USR000121,Standard,2025-10-12,
USR000122,Plus,2026-01-06,
USR000123,Premium,2025-05-28,
USR000124,Premium,2026-03-07,
USR000125,Standard,2026-01-07,
USR000126,Metal,2024-02-02,
USR000127,Premium,2023-09-03,
USR000128,Standard,2025-03-09,
USR000129,Standard,2025-07-14,
USR000130,Standard,2025-09-10,
USR000131,Standard,2023-06-23,
USR000132,Metal,2023-07-25,
USR000133,Standard,2024-10-04,
USR000134,Metal,2024-10-11,
USR000135,Standard,2023-04-20,
USR000136,Standard,2024-04-21,
USR000137,Premium,2023-04-12,
USR000138,Metal,2024-08-26,
USR000139,Plus,2024-06-26,
USR000140,Standard,2023-02-25,
USR000141,Metal,2023-05-05,
USR000142,Standard,2026-01-12,
USR000143,Standard,2026-03-09,
USR000144,Standard,2025-03-16,
USR000145,Standard,2026-02-20,
USR000146,Premium,2025-11-04,
USR000147,Standard,2024-06-15,2025-09-16
USR000147,Premium,2025-09-17,
USR000148,Standard,2023-10-12,2024-07-30
USR000148,Ultra,2024-07-31,
USR000149,Standard,2023-09-16,
USR000150,Standard,2025-10-20,
USR000151,Premium,2025-06-08,
USR000152,Metal,2025-09-16,
USR000153,Standard,2025-02-16,
USR000154,Standard,2025-08-07,
USR000155,Ultra,2024-05-28,
USR000156,Premium,2025-06-20,2025-12-15
USR000156,Standard,2025-12-16,
USR000157,Standard,2023-08-10,
USR000158,Standard,2025-10-19,
USR000159,Standard,2026-07-31,
USR000160,Ultra,2025-08-20,
USR000161,Premium,2024-02-17,
USR000162,Metal,2023-08-19,
USR000163,Standard,2023-12-06,
USR000164,Standard,2024-07-06,
USR000165,Plus,2025-03-26,
USR000166,Standard,2024-01-13,
USR000167,Ultra,2026-01-22,2026-08-27
USR000167,Standard,2026-08-28,
USR000168,Metal,2025-07-17,2025-12-13
USR000168,Standard,2025-12-14,
USR000169,Metal,2025-04-14,
USR000170,Standard,2024-02-04,
USR000171,Premium,2025-04-25,
USR000172,Premium,2026-05-01,
USR000173,Standard,2023-06-14,
USR000174,Plus,2025-11-20,
USR000175,Standard,2025-10-07,
USR000176,Standard,2024-07-16,
USR000177,Premium,2026-05-21,2026-08-24
USR000177,Metal,2026-08-25,
USR000178,Plus,2026-06-18,2026-07-29
USR000178,Standard,2026-07-30,
USR000179,Standard,2024-08-14,
USR000180,Standard,2024-11-12,
USR000181,Standard,2026-02-08,
USR000182,Standard,2023-06-25,
USR000183,Standard,2023-06-19,
USR000184,Standard,2023-12-04,
USR000185,Standard,2026-05-25,
USR000186,Premium,2025-06-25,
USR000187,Premium,2023-10-11,
USR000188,Standard,2025-02-14,
USR000189,Premium,2025-08-06,
USR000190,Standard,2026-05-28,
USR000191,Premium,2024-12-23,
USR000192,Standard,2024-04-25,
USR000193,Metal,2024-01-25,
USR000194,Plus,2023-01-17,
USR000195,Plus,2023-11-12,2024-08-27
USR000195,Standard,2024-08-28,
USR000196,Plus,2024-04-05,
USR000197,Standard,2024-11-18,
USR000198,Plus,2024-03-11,
USR000199,Premium,2024-08-26,
USR000200,Premium,2024-12-22,2026-02-13
USR000200,Standard,2026-02-14,
USR000201,Premium,2025-10-04,
USR000202,Standard,2023-07-18,
USR000203,Standard,2024-04-20,
USR000204,Ultra,2026-02-21,2026-04-22
USR000204,Standard,2026-04-23,
USR000205,Premium,2025-03-02,
USR000206,Ultra,2024-01-03,
USR000207,Metal,2024-03-29,
USR000208,Premium,2025-09-01,2025-10-05
USR000208,Ultra,2025-10-06,
USR000209,Standard,2025-01-20,
USR000210,Plus,2024-12-06,2025-07-29
USR000210,Premium,2025-07-30,
USR000211,Premium,2025-03-15,2026-01-04
USR000211,Standard,2026-01-05,
USR000212,Standard,2025-05-18,
USR000213,Premium,2025-04-13,
USR000214,Standard,2023-07-31,
USR000215,Ultra,2023-12-08,
USR000216,Ultra,2024-09-25,
USR000217,Standard,2023-07-01,
USR000218,Plus,2026-03-13,
USR000219,Ultra,2024-02-19,2025-07-30
USR000219,Standard,2025-07-31,
USR000220,Standard,2024-09-09,
USR000221,Plus,2025-05-25,
USR000222,Standard,2023-04-17,
USR000223,Standard,2026-01-18,
USR000224,Premium,2023-11-10,
USR000225,Standard,2025-05-01,
USR000226,Standard,2023-11-16,
USR000227,Metal,2024-08-30,
USR000228,Standard,2024-04-17,
USR000229,Standard,2024-10-12,
USR000230,Standard,2026-01-03,
USR000231,Standard,2026-08-11,
USR000232,Standard,2023-04-26,
USR000233,Metal,2024-02-26,
USR000234,Premium,2023-06-24,2026-08-03
USR000234,Standard,2026-08-04,
USR000235,Metal,2026-01-07,
USR000236,Standard,2024-08-08,
USR000237,Standard,2025-02-15,
USR000238,Premium,2026-01-14,
USR000239,Standard,2026-04-25,
USR000240,Standard,2026-05-28,
USR000241,Premium,2026-03-02,
USR000242,Plus,2024-06-03,
USR000243,Ultra,2023-08-20,
USR000244,Metal,2023-07-16,2024-06-14
USR000244,Standard,2024-06-15,
USR000245,Standard,2026-01-22,
USR000246,Premium,2023-10-25,
USR000247,Ultra,2025-07-13,2026-05-29
USR000247,Metal,2026-05-30,
USR000248,Standard,2023-01-02,2025-05-04
USR000248,Plus,2025-05-05,
USR000249,Standard,2026-08-04,
USR000250,Premium,2023-04-01,
USR000251,Premium,2024-01-06,
USR000252,Metal,2026-04-21,
USR000253,Metal,2026-03-26,
USR000254,Standard,2026-02-10,
USR000255,Standard,2025-12-21,2026-05-23
USR000255,Plus,2026-05-24,
USR000256,Ultra,2025-06-13,2026-04-16
USR000256,Premium,2026-04-17,
USR000257,Standard,2026-08-01,
USR000258,Premium,2025-07-10,
USR000259,Standard,2023-02-02,
USR000260,Premium,2025-12-24,
USR000261,Plus,2023-05-15,
USR000262,Premium,2023-03-23,
USR000263,Standard,2023-06-06,
USR000264,Standard,2024-08-14,
USR000265,Standard,2025-06-24,2025-08-28
USR000265,Ultra,2025-08-29,
USR000266,Metal,2026-04-30,
USR000267,Ultra,2024-11-18,
USR000268,Standard,2026-01-26,
USR000269,Standard,2023-03-13,2025-09-17
USR000269,Premium,2025-09-18,
USR000270,Premium,2025-09-24,
USR000271,Plus,2025-06-13,2025-09-02
USR000271,Standard,2025-09-03,
USR000272,Metal,2026-01-15,
USR000273,Plus,2026-08-12,
USR000274,Standard,2025-12-08,
USR000275,Standard,2023-04-22,
USR000276,Standard,2023-09-08,
USR000277,Ultra,2026-05-14,
USR000278,Standard,2024-08-18,2026-04-25
USR000278,Metal,2026-04-26,
USR000279,Standard,2026-04-07,
USR000280,Standard,2024-09-28,
USR000281,Ultra,2025-05-11,2026-04-07
USR000281,Standard,2026-04-08,
USR000282,Premium,2024-01-11,
USR000283,Standard,2025-01-24,
USR000284,Standard,2025-03-01,
USR000285,Standard,2023-06-20,
USR000286,Premium,2024-08-01,
USR000287,Plus,2023-08-14,
USR000288,Plus,2023-05-05,
USR000289,Plus,2023-04-01,
USR000290,Standard,2025-01-05,
USR000291,Standard,2025-11-11,
USR000292,Standard,2024-08-17,
USR000293,Plus,2025-02-21,
USR000294,Metal,2023-05-07,2025-01-01
USR000294,Plus,2025-01-02,
USR000295,Plus,2024-03-23,2026-06-30
USR000295,Standard,2026-07-01,
USR000296,Standard,2025-12-17,
USR000297,Standard,2026-07-05,
USR000298,Standard,2023-12-21,2025-12-04
USR000298,Metal,2025-12-05,
USR000299,Metal,2026-06-22,
USR000300,Metal,2024-06-02,
USR000301,Premium,2026-04-09,
USR000302,Standard,2025-07-01,
USR000303,Standard,2025-11-03,
USR000304,Standard,2024-03-21,
USR000305,Standard,2024-07-02,
USR000306,Standard,2025-09-17,
USR000307,Plus,2023-08-19,2024-09-02
USR000307,Standard,2024-09-03,
USR000308,Plus,2025-02-23,
USR000309,Metal,2025-12-10,
USR000310,Metal,2023-09-25,
USR000311,Standard,2023-10-11,
USR000312,Premium,2026-07-29,
USR000313,Premium,2025-01-30,
USR000314,Premium,2023-08-13,
USR000315,Metal,2025-09-02,
USR000316,Ultra,2025-03-28,
USR000317,Plus,2026-02-03,
USR000318,Ultra,2023-05-10,2025-02-10
USR000318,Plus,2025-02-11,
USR000319,Metal,2025-03-10,
USR000320,Plus,2025-12-06,2026-07-26
USR000320,Standard,2026-07-27,
USR000321,Standard,2024-12-18,
USR000322,Standard,2024-11-15,
USR000323,Standard,2023-01-23,
USR000324,Standard,2026-04-07,
USR000325,Standard,2025-05-04,
USR000326,Metal,2025-03-22,2025-07-14
USR000326,Premium,2025-07-15,
USR000327,Metal,2024-06-10,2025-12-13
USR000327,Ultra,2025-12-14,
USR000328,Standard,2025-04-13,
USR000329,Standard,2023-06-06,
USR000330,Standard,2023-05-17,
USR000331,Standard,2023-06-20,
USR000332,Premium,2025-01-15,2026-02-15
USR000332,Standard,2026-02-16,
USR000333,Standard,2024-01-06,
USR000334,Standard,2024-09-10,
USR000335,Metal,2025-09-03,2026-08-17
USR000335,Premium,2026-08-18,
USR000336,Plus,2025-08-15,2025-10-05
USR000336,Premium,2025-10-06,
USR000337,Premium,2023-02-08,
USR000338,Standard,2023-02-09,
USR000339,Plus,2024-02-05,
USR000340,Premium,2026-01-28,
USR000341,Standard,2025-11-28,
USR000342,Standard,2024-03-18,
USR000343,Standard,2026-06-11,
USR000344,Premium,2026-03-03,
USR000345,Standard,2026-01-23,
USR000346,Standard,2026-01-26,
USR000347,Standard,2025-01-30,
USR000348,Standard,2024-10-27,
USR000349,Metal,2023-06-15,
USR000350,Metal,2024-06-04,2026-08-15
USR000350,Premium,2026-08-16,
USR000351,Metal,2023-04-04,2024-09-18
USR000351,Premium,2024-09-19,
USR000352,Metal,2026-05-01,2026-09-05
USR000352,Premium,2026-09-06,
USR000353,Plus,2024-02-03,2024-04-05
USR000353,Standard,2024-04-06,
USR000354,Standard,2026-08-18,
USR000355,Metal,2024-03-06,
USR000356,Ultra,2023-01-22,
USR000357,Standard,2024-11-18,
USR000358,Premium,2023-10-26,2025-07-10
USR000358,Plus,2025-07-11,
USR000359,Standard,2024-10-09,
USR000360,Plus,2024-12-29,2025-09-26
USR000360,Standard,2025-09-27,
USR000361,Standard,2025-05-31,
USR000362,Plus,2025-08-02,
USR000363,Standard,2025-12-06,
USR000364,Plus,2025-08-01,
USR000365,Standard,2025-09-27,2026-04-28
USR000365,Premium,2026-04-29,
USR000366,Standard,2025-01-06,
USR000367,Standard,2025-04-01,
USR000368,Metal,2025-06-28,
USR000369,Standard,2023-01-05,
USR000370,Standard,2024-11-03,
USR000371,Standard,2025-11-29,
USR000372,Premium,2026-03-17,
USR000373,Ultra,2025-09-16,2025-11-24
USR000373,Premium,2025-11-25,
USR000374,Ultra,2023-11-21,2025-01-25
USR000374,Premium,2025-01-26,
USR000375,Standard,2025-07-07,
USR000376,Ultra,2026-06-23,2026-08-31
USR000376,Standard,2026-09-01,
USR000377,Standard,2024-06-10,
USR000378,Ultra,2025-01-28,
USR000379,Premium,2023-08-27,
USR000380,Standard,2026-08-12,
USR000381,Metal,2024-04-08,
USR000382,Premium,2024-05-21,
USR000383,Premium,2025-12-17,2026-02-02
USR000383,Metal,2026-02-03,
USR000384,Standard,2024-02-21,
USR000385,Premium,2023-07-27,
USR000386,Metal,2023-09-11,
USR000387,Standard,2024-12-02,
USR000388,Standard,2024-05-06,
USR000389,Plus,2026-07-09,
USR000390,Premium,2023-02-05,
USR000391,Plus,2023-10-06,
USR000392,Plus,2024-02-28,
USR000393,Standard,2023-05-25,
USR000394,Standard,2023-02-11,
USR000395,Metal,2025-08-22,2025-10-12
USR000395,Plus,2025-10-13,
USR000396,Standard,2023-03-06,
USR000397,Plus,2023-04-11,
USR000398,Metal,2025-11-25,
USR000399,Standard,2024-04-07,
USR000400,Premium,2025-03-04,
USR000401,Plus,2026-08-16,
USR000402,Premium,2024-05-03,
USR000403,Standard,2026-04-10,
USR000404,Metal,2023-06-09,2025-11-29
USR000404,Premium,2025-11-30,
USR000405,Premium,2024-01-05,
USR000406,Premium,2025-12-01,2026-05-22
USR000406,Metal,2026-05-23,
USR000407,Standard,2023-05-22,
USR000408,Metal,2023-04-28,
USR000409,Metal,2024-04-01,
USR000410,Premium,2026-07-05,
USR000411,Metal,2023-09-05,2025-06-10
USR000411,Standard,2025-06-11,
USR000412,Plus,2026-08-14,
USR000413,Ultra,2023-03-23,2023-09-04
USR000413,Standard,2023-09-05,
USR000414,Standard,2024-07-03,
USR000415,Plus,2024-03-31,
USR000416,Plus,2023-04-19,2025-06-18
USR000416,Metal,2025-06-19,
USR000417,Standard,2026-05-24,
USR000418,Standard,2024-05-24,
USR000419,Standard,2025-02-13,
USR000420,Metal,2023-02-01,
USR000421,Standard,2025-11-11,
USR000422,Metal,2023-10-20,2024-01-07
USR000422,Standard,2024-01-08,
USR000423,Plus,2026-01-19,
USR000424,Premium,2024-05-08,2026-01-13
USR000424,Standard,2026-01-14,
USR000425,Plus,2025-10-27,
USR000426,Standard,2025-08-13,
USR000427,Plus,2023-03-15,
USR000428,Ultra,2024-11-21,
USR000429,Standard,2026-01-04,
USR000430,Metal,2024-02-05,2025-11-14
USR000430,Premium,2025-11-15,
USR000431,Metal,2025-05-23,2026-08-02
USR000431,Standard,2026-08-03,
USR000432,Standard,2026-04-20,
USR000433,Metal,2023-10-26,2025-10-20
USR000433,Premium,2025-10-21,
USR000434,Standard,2026-07-25,
USR000435,Standard,2023-09-26,
USR000436,Metal,2023-06-02,
USR000437,Standard,2025-11-14,2026-05-05
USR000437,Plus,2026-05-06,
USR000438,Premium,2023-06-01,
USR000439,Metal,2026-08-23,
USR000440,Metal,2023-05-26,2025-04-03
USR000440,Plus,2025-04-04,
USR000441,Standard,2023-10-12,2024-02-26
USR000441,Plus,2024-02-27,
USR000442,Plus,2024-07-29,
USR000443,Plus,2024-09-19,
USR000444,Plus,2024-08-10,
USR000445,Ultra,2024-06-23,
USR000446,Metal,2026-07-03,
USR000447,Standard,2024-06-25,
USR000448,Ultra,2026-04-26,
USR000449,Standard,2024-12-10,
USR000450,Standard,2026-05-28,
USR000451,Standard,2024-05-10,
USR000452,Standard,2025-09-26,
USR000453,Plus,2026-04-05,
USR000454,Ultra,2024-05-18,2024-07-12
USR000454,Premium,2024-07-13,
USR000455,Standard,2023-06-20,
USR000456,Standard,2024-05-26,
USR000457,Plus,2023-08-13,
USR000458,Standard,2023-10-26,
USR000459,Standard,2023-07-20,
USR000460,Plus,2023-11-14,2024-03-01
USR000460,Standard,2024-03-02,
USR000461,Premium,2024-04-19,
USR000462,Standard,2023-11-05,
USR000463,Standard,2025-04-23,
USR000464,Premium,2023-06-01,
USR000465,Premium,2023-06-16,
USR000466,Standard,2025-01-22,
USR000467,Premium,2026-04-03,2026-08-18
USR000467,Metal,2026-08-19,
USR000468,Standard,2024-06-25,
USR000469,Standard,2023-01-15,
USR000470,Standard,2026-08-29,
USR000471,Standard,2023-11-04,
USR000472,Standard,2023-07-18,
USR000473,Premium,2026-08-26,
USR000474,Standard,2024-01-02,
USR000475,Ultra,2026-08-30,
USR000476,Premium,2023-09-30,
USR000477,Standard,2024-08-14,
USR000478,Standard,2024-06-24,
USR000479,Plus,2023-10-02,
USR000480,Metal,2026-08-19,
USR000481,Plus,2025-03-22,
USR000482,Ultra,2024-08-16,2025-03-24
USR000482,Premium,2025-03-25,
USR000483,Standard,2025-06-25,
USR000484,Standard,2023-12-04,
USR000485,Premium,2024-08-18,
USR000486,Metal,2023-12-08,
USR000487,Standard,2024-04-13,
USR000488,Premium,2026-03-17,2026-07-06
USR000488,Standard,2026-07-07,
USR000489,Standard,2026-03-11,
USR000490,Premium,2023-07-19,2025-07-07
USR000490,Metal,2025-07-08,
USR000491,Plus,2026-03-07,2026-04-14
USR000491,Metal,2026-04-15,
USR000492,Plus,2026-03-29,
USR000493,Ultra,2024-08-12,2025-08-02
USR000493,Premium,2025-08-03,
USR000494,Standard,2025-06-01,
USR000495,Standard,2025-02-19,
USR000496,Plus,2023-04-23,
USR000497,Metal,2023-11-10,2026-06-23
USR000497,Premium,2026-06-24,
USR000498,Standard,2024-12-21,
USR000499,Standard,2023-07-14,
USR000500,Ultra,2025-04-12,
USR000501,Standard,2023-01-10,
USR000502,Metal,2025-01-19,2026-04-01
USR000502,Premium,2026-04-02,
USR000503,Standard,2023-09-06,
USR000504,Standard,2025-09-21,
USR000505,Ultra,2026-06-12,2026-07-13
USR000505,Plus,2026-07-14,
USR000506,Metal,2024-09-21,2026-05-09
USR000506,Premium,2026-05-10,
USR000507,Plus,2024-09-04,
USR000508,Standard,2023-05-15,
USR000509,Standard,2023-11-05,
USR000510,Premium,2025-08-05,
USR000511,Premium,2023-01-01,
USR000512,Plus,2025-03-30,
USR000513,Metal,2023-07-19,2026-01-18
USR000513,Standard,2026-01-19,
USR000514,Plus,2024-07-07,2025-10-24
USR000514,Metal,2025-10-25,
USR000515,Standard,2024-10-19,
USR000516,Standard,2023-03-30,
USR000517,Standard,2025-04-20,
USR000518,Premium,2025-10-10,
USR000519,Ultra,2026-07-28,
USR000520,Standard,2024-09-03,
USR000521,Standard,2024-08-22,
USR000522,Standard,2024-02-04,
USR000523,Plus,2025-06-23,2026-08-19
USR000523,Ultra,2026-08-20,
USR000524,Plus,2023-11-16,
USR000525,Premium,2023-11-23,2024-05-25
USR000525,Standard,2024-05-26,
USR000526,Metal,2024-08-19,
USR000527,Metal,2023-02-01,2023-04-16
USR000527,Standard,2023-04-17,
USR000528,Plus,2025-12-04,
USR000529,Ultra,2025-12-24,
USR000530,Ultra,2025-01-30,2026-08-16
USR000530,Standard,2026-08-17,
USR000531,Standard,2023-11-21,
USR000532,Premium,2025-08-15,
USR000533,Plus,2023-03-18,
USR000534,Standard,2023-10-05,
USR000535,Metal,2025-01-24,
USR000536,Standard,2024-12-03,
USR000537,Premium,2024-05-04,
USR000538,Plus,2023-10-10,
USR000539,Standard,2024-05-14,
USR000540,Ultra,2025-10-17,2026-07-24
USR000540,Metal,2026-07-25,
USR000541,Ultra,2026-05-14,2026-08-21
USR000541,Standard,2026-08-22,
USR000542,Standard,2026-05-07,
USR000543,Standard,2023-09-17,
USR000544,Standard,2026-07-20,
USR000545,Plus,2023-12-22,2024-06-11
USR000545,Standard,2024-06-12,
USR000546,Standard,2025-09-20,
USR000547,Standard,2026-06-09,
USR000548,Standard,2024-09-13,
USR000549,Standard,2025-01-27,
USR000550,Standard,2024-12-20,
USR000551,Premium,2024-02-16,2025-02-06
USR000551,Plus,2025-02-07,
USR000552,Plus,2024-03-16,2025-11-18
USR000552,Standard,2025-11-19,
USR000553,Standard,2024-03-17,
USR000554,Premium,2024-05-07,2025-01-21
USR000554,Standard,2025-01-22,
USR000555,Standard,2025-07-26,
USR000556,Standard,2026-08-21,
USR000557,Premium,2024-12-05,
USR000558,Premium,2026-04-01,
USR000559,Standard,2024-08-17,
USR000560,Standard,2023-11-23,
USR000561,Metal,2024-06-18,2025-02-19
USR000561,Standard,2025-02-20,
USR000562,Premium,2025-06-05,2025-10-13
USR000562,Standard,2025-10-14,
USR000563,Standard,2024-10-18,
USR000564,Standard,2025-05-01,
USR000565,Ultra,2025-10-14,2026-07-22
USR000565,Premium,2026-07-23,
USR000566,Ultra,2024-03-10,2026-07-13
USR000566,Plus,2026-07-14,
USR000567,Metal,2026-08-27,
USR000568,Premium,2023-04-26,
USR000569,Standard,2023-06-13,
USR000570,Standard,2026-06-23,
USR000571,Standard,2023-10-22,
USR000572,Metal,2023-08-14,
USR000573,Standard,2023-01-31,
USR000574,Standard,2023-08-09,
USR000575,Premium,2023-02-28,
USR000576,Standard,2025-09-12,
USR000577,Premium,2023-05-21,2023-11-20
USR000577,Standard,2023-11-21,
USR000578,Standard,2026-04-21,
USR000579,Plus,2026-08-13,
USR000580,Plus,2023-08-28,2026-06-12
USR000580,Premium,2026-06-13,
USR000581,Standard,2024-04-14,
USR000582,Standard,2025-11-25,
USR000583,Metal,2026-02-28,2026-05-26
USR000583,Plus,2026-05-27,
USR000584,Ultra,2024-10-01,2026-03-06
USR000584,Standard,2026-03-07,
USR000585,Standard,2026-01-10,
USR000586,Premium,2025-02-28,
USR000587,Ultra,2025-08-17,
USR000588,Standard,2025-10-23,
USR000589,Premium,2023-07-30,
USR000590,Ultra,2024-06-08,
USR000591,Plus,2023-11-24,2025-08-05
USR000591,Premium,2025-08-06,
USR000592,Standard,2026-01-17,
USR000593,Metal,2024-01-09,2026-04-25
USR000593,Standard,2026-04-26,
USR000594,Premium,2023-05-10,
USR000595,Metal,2026-07-31,
USR000596,Metal,2023-02-23,
USR000597,Premium,2023-07-19,
USR000598,Metal,2024-05-30,
USR000599,Standard,2023-04-11,
USR000600,Standard,2025-01-04,
USR000601,Metal,2025-05-23,
USR000602,Premium,2026-04-05,
USR000603,Standard,2026-08-06,
USR000604,Ultra,2025-12-10,
USR000605,Premium,2025-06-29,2025-08-07
USR000605,Standard,2025-08-08,
USR000606,Plus,2024-04-04,
USR000607,Plus,2024-06-08,
USR000608,Premium,2026-02-21,
USR000609,Standard,2023-02-06,
USR000610,Premium,2026-06-06,2026-08-19
USR000610,Standard,2026-08-20,
USR000611,Standard,2025-04-20,
USR000612,Standard,2023-08-21,
USR000613,Premium,2023-07-31,
USR000614,Plus,2024-02-15,
USR000615,Premium,2024-01-24,
USR000616,Standard,2023-06-07,
USR000617,Metal,2025-06-13,
USR000618,Standard,2026-07-18,
USR000619,Standard,2024-09-27,
USR000620,Standard,2026-04-04,
USR000621,Ultra,2025-07-09,2026-07-05
USR000621,Metal,2026-07-06,
USR000622,Standard,2023-02-04,
USR000623,Plus,2025-07-16,2026-01-15
USR000623,Standard,2026-01-16,
USR000624,Standard,2025-03-13,
USR000625,Standard,2023-12-13,
USR000626,Standard,2023-10-21,
USR000627,Standard,2025-01-29,
USR000628,Standard,2023-09-18,
USR000629,Ultra,2024-11-30,2025-06-12
USR000629,Standard,2025-06-13,
USR000630,Ultra,2025-07-02,2026-07-31
USR000630,Standard,2026-08-01,
USR000631,Standard,2023-12-23,
USR000632,Premium,2023-10-08,
USR000633,Standard,2023-12-02,
USR000634,Metal,2025-02-13,
USR000635,Metal,2023-04-08,
USR000636,Standard,2025-03-03,
USR000637,Plus,2025-04-28,2025-09-22
USR000637,Premium,2025-09-23,
USR000638,Standard,2025-11-24,
USR000639,Plus,2023-01-25,2024-07-26
USR000639,Ultra,2024-07-27,
USR000640,Standard,2025-03-03,
USR000641,Standard,2023-10-01,
USR000642,Ultra,2023-08-22,2025-09-04
USR000642,Metal,2025-09-05,
USR000643,Standard,2025-09-20,
USR000644,Premium,2023-12-24,2026-04-27
USR000644,Standard,2026-04-28,
USR000645,Plus,2025-02-28,
USR000646,Premium,2025-07-13,
USR000647,Standard,2024-01-30,
USR000648,Standard,2023-02-17,
USR000649,Ultra,2026-02-23,
USR000650,Standard,2023-08-06,
USR000651,Premium,2025-02-14,
USR000652,Standard,2025-03-25,
USR000653,Premium,2024-10-19,
USR000654,Plus,2025-04-24,
USR000655,Ultra,2026-04-29,2026-08-31
USR000655,Standard,2026-09-01,
USR000656,Standard,2024-06-04,
USR000657,Standard,2023-03-03,
USR000658,Standard,2024-04-09,
USR000659,Standard,2025-04-12,
USR000660,Standard,2024-11-03,
USR000661,Metal,2024-06-11,2026-06-14
USR000661,Standard,2026-06-15,
USR000662,Premium,2025-11-22,
USR000663,Standard,2026-06-01,
USR000664,Plus,2026-04-21,
USR000665,Premium,2025-03-12,2025-10-25
USR000665,Standard,2025-10-26,
USR000666,Standard,2023-03-22,
USR000667,Premium,2023-03-19,
USR000668,Ultra,2025-10-27,
USR000669,Premium,2025-11-03,
USR000670,Standard,2023-11-14,
USR000671,Standard,2026-04-21,
USR000672,Premium,2025-05-28,
USR000673,Standard,2026-06-03,
USR000674,Ultra,2025-11-21,2026-07-18
USR000674,Standard,2026-07-19,
USR000675,Premium,2024-02-20,
USR000676,Standard,2026-04-08,
USR000677,Standard,2023-04-09,2023-08-15
USR000677,Plus,2023-08-16,
USR000678,Standard,2025-12-10,
USR000679,Standard,2023-08-22,
USR000680,Standard,2024-06-17,
USR000681,Metal,2023-12-04,2026-03-03
USR000681,Standard,2026-03-04,
USR000682,Standard,2023-10-22,
USR000683,Standard,2024-09-28,
USR000684,Plus,2026-06-04,
USR000685,Standard,2024-01-27,
USR000686,Standard,2024-09-19,
USR000687,Standard,2025-03-17,
USR000688,Standard,2024-05-31,
USR000689,Standard,2024-12-28,
USR000690,Ultra,2024-05-22,
USR000691,Premium,2026-05-13,2026-06-19
USR000691,Standard,2026-06-20,
USR000692,Standard,2023-11-29,
USR000693,Plus,2023-01-01,
USR000694,Plus,2025-01-08,
USR000695,Standard,2026-02-02,
USR000696,Plus,2026-06-07,2026-07-30
USR000696,Standard,2026-07-31,
USR000697,Metal,2025-10-27,
USR000698,Standard,2025-05-16,
USR000699,Ultra,2024-02-24,2024-09-28
USR000699,Standard,2024-09-29,
USR000700,Ultra,2026-06-25,
USR000701,Standard,2024-03-18,
USR000702,Premium,2024-05-15,
USR000703,Standard,2024-02-15,
USR000704,Standard,2026-08-27,
USR000705,Standard,2026-01-19,
USR000706,Premium,2024-03-06,
USR000707,Metal,2025-10-28,2025-11-27
USR000707,Standard,2025-11-28,
USR000708,Plus,2024-02-10,
USR000709,Standard,2023-06-28,
USR000710,Premium,2026-04-02,2026-09-05
USR000710,Standard,2026-09-06,
USR000711,Standard,2024-02-22,
USR000712,Standard,2025-12-03,
USR000713,Standard,2024-08-05,
USR000714,Premium,2025-08-23,
USR000715,Standard,2026-07-21,
USR000716,Metal,2023-01-02,
USR000717,Standard,2026-06-30,
USR000718,Premium,2023-04-14,2026-07-06
USR000718,Plus,2026-07-07,
USR000719,Standard,2024-06-09,
USR000720,Plus,2023-02-09,
USR000721,Metal,2025-04-29,2026-09-05
USR000721,Ultra,2026-09-06,
USR000722,Plus,2023-11-15,2025-02-11
USR000722,Standard,2025-02-12,
USR000723,Standard,2026-05-07,
USR000724,Plus,2024-08-08,
USR000725,Premium,2023-07-19,
USR000726,Metal,2024-12-01,
USR000727,Ultra,2024-08-03,
USR000728,Premium,2023-10-24,
USR000729,Standard,2025-06-02,
USR000730,Ultra,2023-12-14,
USR000731,Premium,2024-02-17,
USR000732,Plus,2026-02-20,
USR000733,Standard,2025-06-04,
USR000734,Standard,2023-12-07,
USR000735,Standard,2025-06-13,
USR000736,Standard,2026-05-31,
USR000737,Metal,2024-12-19,
USR000738,Premium,2025-08-09,
USR000739,Standard,2026-02-23,
USR000740,Premium,2024-01-02,
USR000741,Standard,2026-05-21,
USR000742,Plus,2025-03-06,2026-04-30
USR000742,Standard,2026-05-01,
USR000743,Standard,2024-05-02,2025-03-27
USR000743,Premium,2025-03-28,
USR000744,Ultra,2023-08-17,2024-06-17
USR000744,Premium,2024-06-18,
USR000745,Standard,2026-02-05,
USR000746,Premium,2026-07-20,
USR000747,Ultra,2024-08-03,
USR000748,Metal,2024-02-15,
USR000749,Metal,2026-03-06,
USR000750,Standard,2023-12-07,
USR000751,Plus,2023-06-29,
USR000752,Premium,2024-12-14,
USR000753,Standard,2023-09-29,
USR000754,Standard,2024-10-27,
USR000755,Standard,2025-07-07,
USR000756,Premium,2025-04-10,2025-11-22
USR000756,Plus,2025-11-23,
USR000757,Standard,2025-05-24,
USR000758,Plus,2023-02-09,
USR000759,Standard,2025-10-05,
USR000760,Ultra,2024-04-26,2025-12-06
USR000760,Standard,2025-12-07,
USR000761,Standard,2025-11-14,
USR000762,Standard,2024-11-14,
USR000763,Plus,2024-01-06,2026-08-17
USR000763,Standard,2026-08-18,
USR000764,Standard,2023-03-23,
USR000765,Standard,2023-02-27,
USR000766,Premium,2025-09-19,
USR000767,Standard,2025-09-08,
USR000768,Plus,2023-12-25,2024-06-05
USR000768,Ultra,2024-06-06,
USR000769,Plus,2025-10-10,2026-09-03
USR000769,Metal,2026-09-04,
USR000770,Standard,2025-09-23,
USR000771,Standard,2024-06-24,
USR000772,Standard,2025-11-15,
USR000773,Standard,2023-08-07,
USR000774,Standard,2024-01-21,
USR000775,Plus,2025-12-06,2026-01-07
USR000775,Standard,2026-01-08,
USR000776,Standard,2023-02-04,
USR000777,Standard,2025-02-25,
USR000778,Metal,2023-12-13,
USR000779,Metal,2024-09-16,2024-12-02
USR000779,Standard,2024-12-03,
USR000780,Metal,2024-01-14,
USR000781,Metal,2025-09-28,
USR000782,Premium,2025-05-15,
USR000783,Plus,2025-07-05,2025-12-31
USR000783,Metal,2026-01-01,
USR000784,Ultra,2024-04-30,2025-02-24
USR000784,Standard,2025-02-25,
USR000785,Standard,2023-01-29,
USR000786,Standard,2024-06-12,
USR000787,Standard,2024-10-25,
USR000788,Metal,2026-04-19,
USR000789,Standard,2023-09-16,
USR000790,Metal,2023-07-01,
USR000791,Standard,2026-04-29,
USR000792,Metal,2024-08-31,
USR000793,Plus,2023-09-14,
USR000794,Ultra,2024-04-24,2025-03-28
USR000794,Metal,2025-03-29,
USR000795,Standard,2023-05-29,
USR000796,Standard,2025-04-07,
USR000797,Metal,2025-08-23,
USR000798,Standard,2024-06-12,
USR000799,Metal,2025-11-15,2026-06-03
USR000799,Standard,2026-06-04,
USR000800,Metal,2024-11-24,
USR000801,Ultra,2026-07-08,2026-08-10
USR000801,Plus,2026-08-11,
USR000802,Metal,2024-06-23,2026-05-12
USR000802,Standard,2026-05-13,
USR000803,Premium,2026-04-27,2026-06-23
USR000803,Metal,2026-06-24,
USR000804,Metal,2024-12-15,
USR000805,Premium,2023-01-03,
USR000806,Standard,2023-05-06,
USR000807,Metal,2025-12-28,
USR000808,Standard,2023-06-21,
USR000809,Standard,2025-06-11,
USR000810,Standard,2026-08-03,
USR000811,Premium,2026-07-04,
USR000812,Standard,2023-02-22,
USR000813,Ultra,2023-01-30,
USR000814,Standard,2026-02-03,
USR000815,Standard,2023-07-04,
USR000816,Plus,2024-12-18,
USR000817,Metal,2024-03-12,
USR000818,Ultra,2025-12-16,2026-05-01
USR000818,Metal,2026-05-02,
USR000819,Standard,2026-05-21,
USR000820,Premium,2026-06-21,2026-07-25
USR000820,Metal,2026-07-26,
USR000821,Standard,2024-08-21,
USR000822,Standard,2026-01-16,
USR000823,Standard,2024-03-06,2024-08-16
USR000823,Plus,2024-08-17,
USR000824,Standard,2024-06-18,
USR000825,Standard,2026-08-10,
USR000826,Standard,2026-03-08,
USR000827,Standard,2023-02-09,
USR000828,Metal,2025-11-08,
USR000829,Premium,2023-12-17,
USR000830,Premium,2025-10-01,
USR000831,Metal,2025-06-05,2026-06-28
USR000831,Premium,2026-06-29,
USR000832,Metal,2026-03-20,2026-06-15
USR000832,Premium,2026-06-16,
USR000833,Premium,2023-11-03,
USR000834,Metal,2023-08-28,2025-03-27
USR000834,Standard,2025-03-28,
USR000835,Metal,2023-04-26,2024-10-18
USR000835,Plus,2024-10-19,
USR000836,Plus,2023-01-26,
USR000837,Plus,2024-08-07,2024-12-23
USR000837,Metal,2024-12-24,
USR000838,Standard,2023-03-28,
USR000839,Metal,2023-08-31,2024-01-23
USR000839,Standard,2024-01-24,
USR000840,Premium,2024-04-10,
USR000841,Plus,2025-08-02,2026-09-03
USR000841,Standard,2026-09-04,
USR000842,Standard,2024-12-23,
USR000843,Standard,2023-11-27,
USR000844,Plus,2023-01-15,
USR000845,Standard,2025-07-11,
USR000846,Standard,2024-11-13,
USR000847,Metal,2026-08-26,
USR000848,Plus,2025-04-05,
USR000849,Ultra,2023-04-06,2025-02-01
USR000849,Premium,2025-02-02,
USR000850,Metal,2025-02-06,
USR000851,Standard,2023-02-26,
USR000852,Standard,2025-06-20,
USR000853,Ultra,2023-09-10,
USR000854,Plus,2024-11-29,
USR000855,Standard,2023-03-21,
USR000856,Plus,2026-08-03,
USR000857,Plus,2023-04-26,
USR000858,Standard,2025-08-20,
USR000859,Metal,2026-02-15,
USR000860,Standard,2024-03-09,
USR000861,Ultra,2025-12-02,2026-03-19
USR000861,Standard,2026-03-20,
USR000862,Premium,2024-12-26,2025-09-14
USR000862,Standard,2025-09-15,
USR000863,Premium,2024-09-03,
USR000864,Metal,2025-03-15,
USR000865,Standard,2023-10-28,
USR000866,Ultra,2024-01-15,2026-01-09
USR000866,Standard,2026-01-10,
USR000867,Premium,2023-07-23,
USR000868,Metal,2025-01-09,
USR000869,Metal,2025-12-14,2026-07-28
USR000869,Standard,2026-07-29,
USR000870,Plus,2025-08-16,2026-04-25
USR000870,Premium,2026-04-26,
USR000871,Premium,2023-04-19,2025-05-15
USR000871,Plus,2025-05-16,
USR000872,Standard,2026-07-26,
USR000873,Standard,2025-11-02,2026-03-21
USR000873,Plus,2026-03-22,
USR000874,Plus,2023-06-06,2023-08-18
USR000874,Ultra,2023-08-19,
USR000875,Standard,2023-03-20,
USR000876,Standard,2023-10-29,
USR000877,Standard,2025-02-09,
USR000878,Standard,2025-08-15,
USR000879,Standard,2025-04-16,
USR000880,Premium,2026-01-15,
USR000881,Premium,2026-02-24,2026-07-07
USR000881,Standard,2026-07-08,
USR000882,Standard,2024-03-20,
USR000883,Standard,2025-02-23,
USR000884,Premium,2024-12-12,
USR000885,Standard,2026-05-03,
USR000886,Premium,2024-11-02,2025-05-11
USR000886,Metal,2025-05-12,
USR000887,Standard,2026-07-15,
USR000888,Standard,2025-10-20,
USR000889,Metal,2024-08-11,
USR000890,Standard,2024-03-01,
USR000891,Ultra,2025-04-12,
USR000892,Plus,2023-07-13,
USR000893,Standard,2023-08-23,
USR000894,Metal,2024-06-22,
USR000895,Premium,2023-05-14,2026-04-23
USR000895,Standard,2026-04-24,
USR000896,Standard,2024-03-18,
USR000897,Standard,2024-12-14,
USR000898,Premium,2023-11-30,
USR000899,Standard,2025-07-04,
USR000900,Plus,2023-07-02,2026-01-19
USR000900,Standard,2026-01-20,
USR000901,Standard,2026-07-26,
USR000902,Premium,2023-06-04,
USR000903,Premium,2024-11-14,
USR000904,Metal,2024-04-07,
USR000905,Ultra,2025-09-15,2026-02-20
USR000905,Metal,2026-02-21,
USR000906,Premium,2026-02-19,
USR000907,Standard,2026-06-11,
USR000908,Standard,2024-04-10,
USR000909,Premium,2025-09-26,
USR000910,Standard,2025-06-02,
USR000911,Standard,2024-10-18,
USR000912,Plus,2024-09-11,
USR000913,Plus,2025-05-26,
USR000914,Metal,2023-12-11,
USR000915,Standard,2024-10-21,
USR000916,Ultra,2026-01-05,
USR000917,Plus,2023-12-27,
USR000918,Standard,2025-10-12,
USR000919,Plus,2024-03-06,2025-07-23
USR000919,Standard,2025-07-24,
USR000920,Plus,2026-04-11,2026-06-22
USR000920,Standard,2026-06-23,
USR000921,Premium,2023-11-04,
USR000922,Standard,2026-05-25,
USR000923,Metal,2025-09-10,2026-03-06
USR000923,Standard,2026-03-07,
USR000924,Standard,2025-11-04,
USR000925,Premium,2025-07-17,
USR000926,Standard,2025-10-08,
USR000927,Standard,2025-01-31,
USR000928,Standard,2024-07-05,
USR000929,Metal,2026-03-15,
USR000930,Premium,2025-07-26,2026-03-22
USR000930,Standard,2026-03-23,
USR000931,Standard,2026-06-19,
USR000932,Standard,2024-03-18,
USR000933,Standard,2025-10-26,
USR000934,Standard,2025-08-14,
USR000935,Standard,2024-08-01,
USR000936,Metal,2025-08-20,
USR000937,Standard,2024-08-07,
USR000938,Standard,2025-09-22,
USR000939,Standard,2024-09-22,
USR000940,Premium,2023-03-02,
USR000941,Standard,2025-12-18,
USR000942,Premium,2025-08-02,2026-01-27
USR000942,Plus,2026-01-28,
USR000943,Standard,2025-07-20,
USR000944,Standard,2024-03-14,
USR000945,Standard,2026-06-08,
USR000946,Premium,2024-03-29,
USR000947,Standard,2023-11-21,
USR000948,Standard,2023-09-01,
USR000949,Standard,2024-12-28,
USR000950,Standard,2024-02-13,
USR000951,Premium,2026-08-15,
USR000952,Metal,2023-06-11,
USR000953,Standard,2026-01-23,
USR000954,Standard,2023-01-29,
USR000955,Ultra,2026-05-07,
USR000956,Standard,2024-02-16,
USR000957,Standard,2025-08-29,
USR000958,Ultra,2024-03-06,
USR000959,Ultra,2024-12-19,2025-10-31
USR000959,Plus,2025-11-01,
USR000960,Premium,2024-10-08,
USR000961,Plus,2023-09-20,
USR000962,Plus,2026-01-24,
USR000963,Metal,2025-05-14,2025-12-23
USR000963,Standard,2025-12-24,
USR000964,Plus,2025-12-14,
USR000965,Premium,2024-05-22,
USR000966,Standard,2026-07-23,
USR000967,Standard,2024-08-29,
USR000968,Standard,2025-11-14,
USR000969,Premium,2023-08-29,
USR000970,Standard,2025-07-15,2025-09-28
USR000970,Premium,2025-09-29,
USR000971,Standard,2025-05-16,
USR000972,Ultra,2026-06-24,
USR000973,Plus,2024-11-02,2026-05-01
USR000973,Standard,2026-05-02,
USR000974,Standard,2026-05-23,2026-07-31
USR000974,Premium,2026-08-01,
USR000975,Plus,2024-06-23,2026-02-19
USR000975,Metal,2026-02-20,
USR000976,Plus,2023-02-14,
USR000977,Standard,2026-08-29,
USR000978,Metal,2024-03-30,
USR000979,Standard,2023-12-09,2024-02-29
USR000979,Premium,2024-03-01,
USR000980,Standard,2024-04-18,
USR000981,Standard,2025-12-10,
USR000982,Standard,2025-10-04,
USR000983,Standard,2024-12-06,2025-08-30
USR000983,Metal,2025-08-31,
USR000984,Standard,2026-02-17,
USR000985,Metal,2026-05-08,
USR000986,Standard,2024-12-22,
USR000987,Premium,2023-12-14,2026-02-09
USR000987,Ultra,2026-02-10,
USR000988,Premium,2024-10-02,
USR000989,Standard,2024-03-30,
USR000990,Premium,2023-09-30,
USR000991,Ultra,2023-01-03,
USR000992,Plus,2023-05-01,
USR000993,Standard,2026-05-08,
USR000994,Standard,2024-06-26,
USR000995,Standard,2023-04-29,
USR000996,Standard,2023-10-21,
USR000997,Plus,2025-03-18,
USR000998,Premium,2024-12-28,2025-03-04
USR000998,Standard,2025-03-05,
USR000999,Premium,2026-02-21,
USR001000,Standard,2023-04-01,
USR001001,Plus,2024-11-04,
USR001002,Ultra,2024-04-18,
USR001003,Standard,2024-01-08,
USR001004,Premium,2023-08-24,
USR001005,Standard,2025-03-26,
USR001006,Premium,2025-12-09,
USR001007,Standard,2023-10-28,
USR001008,Ultra,2024-01-02,
USR001009,Ultra,2023-05-27,2024-11-10
USR001009,Standard,2024-11-11,
USR001010,Plus,2024-11-30,
USR001011,Plus,2025-03-02,2025-12-13
USR001011,Standard,2025-12-14,
USR001012,Premium,2024-09-30,
USR001013,Standard,2024-05-13,
USR001014,Metal,2024-06-27,
USR001015,Standard,2025-11-15,
USR001016,Standard,2024-02-27,
USR001017,Standard,2025-10-08,
USR001018,Standard,2023-06-28,
USR001019,Premium,2024-10-06,
USR001020,Plus,2025-12-24,2026-02-12
USR001020,Metal,2026-02-13,
USR001021,Standard,2026-04-24,2026-08-31
USR001021,Metal,2026-09-01,
USR001022,Standard,2023-08-30,
USR001023,Standard,2023-08-14,
USR001024,Standard,2023-06-09,
USR001025,Standard,2024-11-01,
USR001026,Premium,2023-03-29,
USR001027,Standard,2024-06-06,
USR001028,Standard,2024-11-18,
USR001029,Standard,2023-09-23,
USR001030,Plus,2023-11-19,2026-08-07
USR001030,Premium,2026-08-08,
USR001031,Plus,2025-05-15,2025-09-29
USR001031,Metal,2025-09-30,
USR001032,Premium,2023-04-20,
USR001033,Premium,2023-05-06,
USR001034,Plus,2023-10-14,2024-09-04
USR001034,Standard,2024-09-05,
USR001035,Standard,2026-07-31,
USR001036,Ultra,2024-12-04,
USR001037,Plus,2025-01-01,2026-06-18
USR001037,Standard,2026-06-19,
USR001038,Standard,2024-12-04,
USR001039,Premium,2023-09-30,
USR001040,Standard,2026-02-02,
USR001041,Standard,2024-04-27,
USR001042,Ultra,2026-02-08,2026-06-25
USR001042,Standard,2026-06-26,
USR001043,Ultra,2023-04-15,2025-11-18
USR001043,Plus,2025-11-19,
USR001044,Standard,2024-02-24,
USR001045,Standard,2024-11-05,
USR001046,Standard,2024-02-02,2026-08-15
USR001046,Premium,2026-08-16,
USR001047,Metal,2023-10-05,2026-07-20
USR001047,Standard,2026-07-21,
USR001048,Standard,2025-03-07,
USR001049,Metal,2026-02-17,
USR001050,Standard,2024-10-14,
USR001051,Premium,2025-10-03,2025-11-22
USR001051,Standard,2025-11-23,
USR001052,Ultra,2025-12-03,
USR001053,Premium,2026-08-23,
USR001054,Standard,2024-08-13,
USR001055,Standard,2023-12-15,
USR001056,Standard,2024-11-05,
USR001057,Premium,2023-11-08,
USR001058,Standard,2024-03-23,
USR001059,Standard,2023-04-25,
USR001060,Standard,2023-02-27,
USR001061,Standard,2023-02-20,
USR001062,Standard,2024-10-02,2026-01-18
USR001062,Plus,2026-01-19,
USR001063,Premium,2024-01-25,
USR001064,Plus,2024-06-16,
USR001065,Standard,2026-02-13,
USR001066,Plus,2025-02-15,
USR001067,Premium,2025-07-25,2026-05-17
USR001067,Standard,2026-05-18,
USR001068,Metal,2024-09-14,
USR001069,Premium,2026-02-22,
USR001070,Standard,2024-02-26,
USR001071,Premium,2024-10-23,2025-02-01
USR001071,Standard,2025-02-02,
USR001072,Ultra,2024-10-07,
USR001073,Standard,2023-02-02,
USR001074,Standard,2023-11-02,
USR001075,Plus,2026-03-15,
USR001076,Metal,2025-10-24,
USR001077,Ultra,2023-03-28,
USR001078,Plus,2026-07-05,
USR001079,Standard,2025-08-17,
USR001080,Metal,2024-11-02,
USR001081,Plus,2024-09-19,
USR001082,Standard,2024-02-22,
USR001083,Metal,2026-03-21,
USR001084,Standard,2024-02-17,
USR001085,Standard,2025-06-03,
USR001086,Metal,2026-02-15,
USR001087,Ultra,2025-11-02,2026-07-30
USR001087,Standard,2026-07-31,
USR001088,Plus,2026-05-01,
USR001089,Premium,2024-04-26,
USR001090,Standard,2025-10-04,
USR001091,Plus,2025-01-28,
USR001092,Standard,2024-11-01,
USR001093,Premium,2023-09-05,
USR001094,Ultra,2023-04-12,
USR001095,Standard,2024-08-27,
USR001096,Metal,2026-04-22,
USR001097,Standard,2023-03-07,
USR001098,Standard,2026-07-11,
USR001099,Premium,2023-07-13,
USR001100,Plus,2025-07-24,2026-02-02
USR001100,Standard,2026-02-03,
USR001101,Plus,2024-07-14,
USR001102,Metal,2025-06-28,
USR001103,Premium,2024-11-16,
USR001104,Premium,2023-08-07,
USR001105,Ultra,2023-05-22,2023-08-22
USR001105,Standard,2023-08-23,
USR001106,Premium,2023-05-23,
USR001107,Standard,2026-02-06,
USR001108,Standard,2023-11-30,
USR001109,Standard,2026-04-13,
USR001110,Plus,2024-01-16,
USR001111,Standard,2023-01-16,
USR001112,Metal,2024-12-17,2025-06-14
USR001112,Standard,2025-06-15,
USR001113,Ultra,2023-12-01,2024-09-07
USR001113,Plus,2024-09-08,
USR001114,Standard,2024-08-13,
USR001115,Premium,2023-09-09,
USR001116,Standard,2024-05-17,
USR001117,Premium,2026-04-24,
USR001118,Standard,2025-10-31,
USR001119,Metal,2024-12-12,
USR001120,Premium,2025-10-04,2026-08-02
USR001120,Ultra,2026-08-03,
USR001121,Standard,2025-08-23,
USR001122,Premium,2023-04-01,
USR001123,Metal,2023-08-13,
USR001124,Plus,2023-06-10,
USR001125,Plus,2024-04-18,2026-04-30
USR001125,Standard,2026-05-01,
USR001126,Premium,2024-06-01,2024-10-27
USR001126,Metal,2024-10-28,
USR001127,Standard,2023-03-15,
USR001128,Metal,2023-07-28,2025-11-17
USR001128,Standard,2025-11-18,
USR001129,Ultra,2025-01-17,2025-03-07
USR001129,Standard,2025-03-08,
USR001130,Standard,2023-08-22,
USR001131,Plus,2026-03-28,
USR001132,Plus,2026-01-11,2026-02-19
USR001132,Standard,2026-02-20,
USR001133,Premium,2024-05-15,
USR001134,Standard,2024-03-24,
USR001135,Metal,2026-04-25,
USR001136,Standard,2025-07-25,
USR001137,Premium,2023-08-06,
USR001138,Standard,2024-05-01,
USR001139,Standard,2023-08-12,
USR001140,Standard,2023-07-12,
USR001141,Plus,2023-11-06,
USR001142,Standard,2023-01-26,
USR001143,Plus,2023-07-29,2023-11-14
USR001143,Standard,2023-11-15,
USR001144,Standard,2024-11-14,
USR001145,Premium,2026-05-29,
USR001146,Metal,2025-06-22,
USR001147,Plus,2024-07-22,
USR001148,Premium,2024-06-08,
USR001149,Standard,2023-10-04,
USR001150,Plus,2023-11-30,
USR001151,Metal,2024-04-03,2025-10-25
USR001151,Standard,2025-10-26,
USR001152,Plus,2025-06-06,
USR001153,Ultra,2026-03-14,
USR001154,Standard,2026-08-15,
USR001155,Standard,2024-09-29,
USR001156,Ultra,2023-11-24,
USR001157,Standard,2024-08-14,
USR001158,Standard,2024-11-25,
USR001159,Metal,2025-08-14,
USR001160,Standard,2023-11-30,
USR001161,Standard,2025-09-14,
USR001162,Plus,2024-09-10,
USR001163,Metal,2025-06-08,
USR001164,Ultra,2025-07-25,
USR001165,Plus,2025-08-03,
USR001166,Standard,2023-07-29,
USR001167,Standard,2023-05-28,
USR001168,Plus,2026-06-07,
USR001169,Standard,2024-03-15,
USR001170,Metal,2026-07-25,
USR001171,Metal,2023-05-23,2024-09-02
USR001171,Premium,2024-09-03,
USR001172,Standard,2026-01-29,
USR001173,Plus,2023-04-29,2024-12-06
USR001173,Standard,2024-12-07,
USR001174,Premium,2026-06-21,
USR001175,Standard,2026-06-14,
USR001176,Metal,2025-01-11,
USR001177,Plus,2025-06-24,
USR001178,Standard,2025-01-21,
USR001179,Standard,2023-03-23,
USR001180,Standard,2026-08-25,
USR001181,Ultra,2026-05-11,2026-07-07
USR001181,Premium,2026-07-08,
USR001182,Ultra,2026-03-16,2026-05-04
USR001182,Standard,2026-05-05,
USR001183,Standard,2024-08-08,
USR001184,Metal,2023-07-28,
USR001185,Ultra,2025-11-25,2026-07-20
USR001185,Standard,2026-07-21,
USR001186,Standard,2026-01-12,
USR001187,Standard,2024-04-20,
USR001188,Standard,2024-08-05,
USR001189,Plus,2024-01-26,
USR001190,Premium,2025-04-11,2026-08-22
USR001190,Standard,2026-08-23,
USR001191,Premium,2024-05-21,
USR001192,Standard,2025-11-27,
USR001193,Plus,2025-11-20,
USR001194,Standard,2024-04-13,
USR001195,Plus,2026-02-06,
USR001196,Standard,2025-04-10,2026-07-12
USR001196,Premium,2026-07-13,
USR001197,Ultra,2025-12-29,2026-06-15
USR001197,Premium,2026-06-16,
USR001198,Plus,2023-08-13,
USR001199,Standard,2026-01-14,
USR001200,Plus,2024-05-07,
USR001201,Standard,2026-05-10,
USR001202,Standard,2025-01-10,
USR001203,Standard,2024-12-03,
USR001204,Standard,2023-03-26,
USR001205,Standard,2024-02-23,
USR001206,Standard,2023-07-21,
USR001207,Standard,2025-05-06,
USR001208,Premium,2024-04-21,
USR001209,Plus,2026-03-04,
USR001210,Standard,2023-11-06,
USR001211,Premium,2024-06-16,
USR001212,Standard,2026-03-11,
USR001213,Standard,2024-09-24,2024-11-08
USR001213,Plus,2024-11-09,
USR001214,Metal,2025-06-21,
USR001215,Plus,2026-06-06,
USR001216,Standard,2024-07-30,
USR001217,Plus,2023-10-05,
USR001218,Standard,2024-02-11,
USR001219,Standard,2026-06-25,2026-09-02
USR001219,Premium,2026-09-03,
USR001220,Plus,2024-10-19,
USR001221,Plus,2025-02-18,
USR001222,Standard,2024-10-02,
USR001223,Standard,2024-02-12,
USR001224,Premium,2025-06-19,
USR001225,Standard,2025-06-25,
USR001226,Plus,2026-05-27,2026-08-07
USR001226,Metal,2026-08-08,
USR001227,Standard,2025-08-06,
USR001228,Standard,2023-11-28,
USR001229,Standard,2024-02-17,
USR001230,Plus,2026-01-02,
USR001231,Premium,2023-10-14,2025-05-04
USR001231,Standard,2025-05-05,
USR001232,Standard,2024-06-02,
USR001233,Standard,2025-11-07,
USR001234,Plus,2025-12-27,2026-07-18
USR001234,Standard,2026-07-19,
USR001235,Plus,2024-08-20,
USR001236,Standard,2024-10-30,
USR001237,Plus,2025-05-14,
USR001238,Plus,2026-06-13,
USR001239,Premium,2025-05-26,2026-04-26
USR001239,Metal,2026-04-27,
USR001240,Metal,2026-06-24,
USR001241,Premium,2025-11-28,
USR001242,Ultra,2024-09-16,2024-10-21
USR001242,Standard,2024-10-22,
USR001243,Premium,2024-07-10,
USR001244,Standard,2025-08-14,
USR001245,Premium,2026-07-21,
USR001246,Premium,2026-01-10,
USR001247,Premium,2025-12-08,2026-04-03
USR001247,Standard,2026-04-04,
USR001248,Premium,2026-08-06,
USR001249,Metal,2024-01-09,
USR001250,Standard,2025-03-12,
USR001251,Plus,2025-02-21,
USR001252,Standard,2025-12-16,
USR001253,Standard,2025-04-30,
USR001254,Standard,2024-04-23,
USR001255,Plus,2026-01-14,
USR001256,Plus,2025-11-06,
USR001257,Standard,2024-07-29,
USR001258,Standard,2023-09-20,
USR001259,Premium,2024-06-14,2025-05-19
USR001259,Standard,2025-05-20,
USR001260,Metal,2024-03-23,
USR001261,Standard,2023-08-03,
USR001262,Standard,2026-01-31,
USR001263,Standard,2023-09-30,
USR001264,Plus,2026-02-18,
USR001265,Standard,2025-02-09,
USR001266,Standard,2024-02-23,2025-09-11
USR001266,Premium,2025-09-12,
USR001267,Standard,2024-10-19,
USR001268,Standard,2025-11-20,2026-05-12
USR001268,Premium,2026-05-13,
USR001269,Premium,2024-10-13,
USR001270,Plus,2024-06-05,
USR001271,Plus,2025-08-09,
USR001272,Standard,2025-10-18,
USR001273,Plus,2025-01-25,
USR001274,Ultra,2023-08-16,
USR001275,Premium,2025-02-07,2025-11-10
USR001275,Plus,2025-11-11,
USR001276,Metal,2024-06-23,2025-08-06
USR001276,Standard,2025-08-07,
USR001277,Standard,2024-05-22,
USR001278,Standard,2025-01-03,
USR001279,Plus,2025-09-26,
USR001280,Metal,2024-08-22,
USR001281,Plus,2024-04-03,
USR001282,Metal,2024-12-24,2025-11-19
USR001282,Standard,2025-11-20,
USR001283,Premium,2023-05-11,
USR001284,Standard,2026-04-12,
USR001285,Standard,2024-01-19,
USR001286,Premium,2025-03-14,
USR001287,Ultra,2024-05-20,
USR001288,Standard,2024-10-01,
USR001289,Standard,2023-03-01,
USR001290,Premium,2024-03-01,
USR001291,Metal,2024-05-29,
USR001292,Standard,2024-10-12,
USR001293,Standard,2025-09-09,
USR001294,Premium,2025-01-25,
USR001295,Standard,2025-04-22,
USR001296,Plus,2023-05-13,
USR001297,Metal,2023-06-15,
USR001298,Standard,2023-06-20,
USR001299,Ultra,2026-03-18,
USR001300,Standard,2023-02-05,
USR001301,Standard,2023-10-26,
USR001302,Ultra,2025-04-06,2026-03-04
USR001302,Standard,2026-03-05,
USR001303,Metal,2024-08-06,
USR001304,Standard,2023-04-16,
USR001305,Ultra,2023-03-24,2026-07-13
USR001305,Premium,2026-07-14,
USR001306,Plus,2025-04-10,
USR001307,Ultra,2026-01-24,
USR001308,Plus,2024-07-24,
USR001309,Plus,2025-12-06,
USR001310,Standard,2025-08-20,
USR001311,Plus,2026-06-17,
USR001312,Standard,2023-04-19,
USR001313,Standard,2025-02-09,
USR001314,Ultra,2023-05-15,2024-12-18
USR001314,Standard,2024-12-19,
USR001315,Plus,2026-05-11,2026-07-05
USR001315,Standard,2026-07-06,
USR001316,Standard,2023-04-17,
USR001317,Standard,2025-01-15,
USR001318,Metal,2026-03-27,
USR001319,Plus,2025-09-25,
USR001320,Premium,2024-01-26,
USR001321,Ultra,2025-04-27,
USR001322,Standard,2024-04-04,
USR001323,Ultra,2025-11-14,
USR001324,Standard,2025-10-31,2025-11-29
USR001324,Premium,2025-11-30,
USR001325,Metal,2025-10-06,
USR001326,Metal,2025-02-09,2026-07-08
USR001326,Standard,2026-07-09,
USR001327,Premium,2023-07-26,
USR001328,Plus,2024-01-04,
USR001329,Premium,2023-10-23,
USR001330,Standard,2024-09-06,
USR001331,Standard,2024-02-22,
USR001332,Standard,2023-11-06,
USR001333,Standard,2026-02-08,
USR001334,Plus,2024-04-30,2025-07-18
USR001334,Standard,2025-07-19,
USR001335,Standard,2024-12-03,
USR001336,Standard,2024-10-25,
USR001337,Standard,2024-04-21,2025-07-29
USR001337,Premium,2025-07-30,
USR001338,Standard,2026-04-01,
USR001339,Metal,2025-11-08,
USR001340,Ultra,2026-03-07,2026-07-17
USR001340,Standard,2026-07-18,
USR001341,Standard,2023-11-07,
USR001342,Premium,2025-07-14,2025-09-12
USR001342,Standard,2025-09-13,
USR001343,Standard,2024-11-14,
USR001344,Standard,2025-03-09,
USR001345,Standard,2026-05-05,
USR001346,Standard,2024-08-19,
USR001347,Premium,2023-03-20,2026-07-06
USR001347,Plus,2026-07-07,
USR001348,Metal,2024-12-28,
USR001349,Standard,2023-10-29,
USR001350,Standard,2026-08-12,
USR001351,Standard,2025-03-08,
USR001352,Standard,2026-04-23,
USR001353,Standard,2024-10-05,
USR001354,Plus,2025-11-30,
USR001355,Plus,2026-07-20,
USR001356,Metal,2025-11-07,
USR001357,Standard,2024-03-18,
USR001358,Plus,2025-05-06,
USR001359,Standard,2023-01-16,
USR001360,Premium,2025-03-11,
USR001361,Ultra,2026-04-12,2026-08-29
USR001361,Standard,2026-08-30,
USR001362,Standard,2026-08-05,
USR001363,Standard,2023-09-25,
USR001364,Premium,2023-08-19,2024-11-15
USR001364,Metal,2024-11-16,
USR001365,Premium,2024-04-30,
USR001366,Metal,2023-01-21,
USR001367,Plus,2025-04-30,
USR001368,Metal,2023-11-13,
USR001369,Metal,2025-01-09,
USR001370,Metal,2025-08-27,
USR001371,Metal,2025-08-26,2025-10-22
USR001371,Standard,2025-10-23,
USR001372,Premium,2025-05-23,
USR001373,Standard,2024-11-17,
USR001374,Standard,2026-01-11,
USR001375,Premium,2023-04-20,
USR001376,Plus,2025-08-01,
USR001377,Premium,2026-04-16,
USR001378,Standard,2026-04-27,2026-06-17
USR001378,Premium,2026-06-18,
USR001379,Standard,2024-04-27,
USR001380,Standard,2024-03-11,
USR001381,Standard,2023-08-17,2025-11-12
USR001381,Metal,2025-11-13,
USR001382,Standard,2023-07-30,
USR001383,Metal,2025-09-17,
USR001384,Standard,2024-08-20,
USR001385,Plus,2023-08-17,2026-07-26
USR001385,Standard,2026-07-27,
USR001386,Metal,2026-06-05,
USR001387,Standard,2024-04-18,
USR001388,Standard,2023-03-17,
USR001389,Standard,2023-04-15,
USR001390,Plus,2024-11-04,
USR001391,Standard,2023-11-17,
USR001392,Ultra,2026-01-08,
USR001393,Plus,2023-12-29,2024-12-18
USR001393,Premium,2024-12-19,
USR001394,Ultra,2025-11-24,
USR001395,Ultra,2024-03-12,2025-07-10
USR001395,Standard,2025-07-11,
USR001396,Premium,2024-11-12,
USR001397,Ultra,2025-12-28,2026-06-27
USR001397,Premium,2026-06-28,
USR001398,Standard,2026-08-13,
USR001399,Metal,2025-07-10,
USR001400,Standard,2025-07-29,
USR001401,Standard,2025-03-16,
USR001402,Premium,2025-01-03,
USR001403,Standard,2024-03-22,
USR001404,Standard,2026-06-25,
USR001405,Premium,2023-11-09,
USR001406,Plus,2025-02-02,2026-04-09
USR001406,Standard,2026-04-10,
USR001407,Premium,2026-02-17,
USR001408,Metal,2023-07-24,
USR001409,Standard,2025-01-03,
USR001410,Standard,2024-06-30,
USR001411,Standard,2024-10-04,
USR001412,Standard,2026-02-02,
USR001413,Premium,2023-03-12,
USR001414,Standard,2024-06-27,
USR001415,Standard,2025-12-21,
USR001416,Standard,2023-01-10,
USR001417,Premium,2026-05-07,
USR001418,Metal,2023-03-21,
USR001419,Standard,2026-04-19,
USR001420,Standard,2024-07-08,
USR001421,Metal,2025-07-07,
USR001422,Standard,2023-02-02,
USR001423,Premium,2024-12-09,
USR001424,Standard,2025-09-24,
USR001425,Standard,2024-12-17,
USR001426,Standard,2023-11-13,
USR001427,Metal,2026-07-15,
USR001428,Plus,2023-02-27,2023-12-20
USR001428,Standard,2023-12-21,
USR001429,Metal,2026-06-24,2026-08-06
USR001429,Standard,2026-08-07,
USR001430,Premium,2025-07-19,2026-04-26
USR001430,Metal,2026-04-27,
USR001431,Standard,2024-02-13,2025-06-14
USR001431,Plus,2025-06-15,
USR001432,Standard,2024-11-13,
USR001433,Standard,2024-05-07,
USR001434,Premium,2024-06-04,
USR001435,Standard,2025-02-13,2026-03-06
USR001435,Plus,2026-03-07,
USR001436,Standard,2025-12-25,
USR001437,Ultra,2024-07-14,
USR001438,Ultra,2024-08-29,2026-03-31
USR001438,Standard,2026-04-01,
USR001439,Standard,2023-11-08,
USR001440,Ultra,2023-01-01,
USR001441,Ultra,2026-05-13,2026-07-31
USR001441,Premium,2026-08-01,
USR001442,Premium,2023-03-25,
USR001443,Premium,2025-10-16,
USR001444,Standard,2026-05-11,
USR001445,Standard,2024-05-06,
USR001446,Standard,2026-05-03,
USR001447,Standard,2023-08-08,
USR001448,Metal,2024-02-03,
USR001449,Premium,2025-06-03,
USR001450,Metal,2024-03-30,
USR001451,Standard,2023-02-15,
USR001452,Premium,2024-06-06,2025-09-01
USR001452,Standard,2025-09-02,
USR001453,Standard,2023-07-09,
USR001454,Standard,2026-01-31,
USR001455,Standard,2024-01-27,
USR001456,Standard,2023-02-06,
USR001457,Standard,2026-01-06,
USR001458,Standard,2024-01-26,
USR001459,Premium,2023-09-20,
USR001460,Standard,2026-08-15,
USR001461,Standard,2024-05-28,
USR001462,Standard,2024-06-01,
USR001463,Metal,2025-09-05,
USR001464,Standard,2024-03-15,
USR001465,Plus,2025-09-03,
USR001466,Standard,2026-03-28,
USR001467,Plus,2024-04-16,
USR001468,Standard,2024-02-09,
USR001469,Premium,2023-06-23,
USR001470,Ultra,2025-03-24,2025-08-16
USR001470,Standard,2025-08-17,
USR001471,Standard,2025-03-22,
USR001472,Standard,2025-11-19,
USR001473,Standard,2026-07-14,
USR001474,Standard,2025-10-26,
USR001475,Standard,2024-10-03,
USR001476,Standard,2023-09-11,
USR001477,Ultra,2025-06-06,2025-09-04
USR001477,Standard,2025-09-05,
USR001478,Standard,2025-09-10,
USR001479,Premium,2024-12-11,
USR001480,Standard,2024-02-29,
USR001481,Standard,2024-04-02,
USR001482,Premium,2023-11-10,
USR001483,Plus,2025-10-25,
USR001484,Standard,2025-03-06,
USR001485,Premium,2024-09-20,2024-12-03
USR001485,Metal,2024-12-04,
USR001486,Metal,2023-10-09,2025-04-06
USR001486,Premium,2025-04-07,
USR001487,Standard,2024-08-18,
USR001488,Standard,2026-01-18,
USR001489,Standard,2025-04-25,
USR001490,Standard,2023-10-09,
USR001491,Plus,2024-05-24,2026-06-30
USR001491,Standard,2026-07-01,
USR001492,Standard,2026-05-13,
USR001493,Standard,2024-06-05,
USR001494,Ultra,2023-11-30,2024-08-19
USR001494,Plus,2024-08-20,
USR001495,Premium,2025-07-16,
USR001496,Plus,2023-01-25,
USR001497,Standard,2024-08-08,
USR001498,Standard,2023-05-31,
USR001499,Standard,2025-05-31,
USR001500,Standard,2024-09-28,
USR001501,Standard,2023-02-10,
USR001502,Premium,2023-04-04,2025-12-12
USR001502,Standard,2025-12-13,
USR001503,Standard,2025-10-24,
USR001504,Premium,2023-06-25,
USR001505,Standard,2026-04-20,
USR001506,Premium,2023-02-05,
USR001507,Metal,2026-08-15,
USR001508,Standard,2024-07-01,
USR001509,Standard,2026-04-04,
USR001510,Metal,2024-03-18,2025-11-15
USR001510,Standard,2025-11-16,
USR001511,Standard,2023-05-21,
USR001512,Standard,2026-08-21,
USR001513,Premium,2025-01-27,
USR001514,Ultra,2026-08-07,
USR001515,Standard,2024-08-13,2025-04-11
USR001515,Premium,2025-04-12,
USR001516,Standard,2024-01-07,
USR001517,Metal,2024-05-23,
USR001518,Standard,2024-06-01,
USR001519,Premium,2023-09-21,
USR001520,Plus,2025-05-03,
USR001521,Premium,2024-09-10,2026-07-30
USR001521,Standard,2026-07-31,
USR001522,Metal,2023-01-10,
USR001523,Standard,2024-03-16,
USR001524,Standard,2024-12-17,
USR001525,Premium,2025-04-01,
USR001526,Ultra,2023-10-24,2025-01-06
USR001526,Standard,2025-01-07,
USR001527,Plus,2025-07-06,
USR001528,Plus,2024-03-18,2026-04-09
USR001528,Metal,2026-04-10,
USR001529,Metal,2025-11-25,
USR001530,Standard,2025-10-23,
USR001531,Standard,2023-10-02,
USR001532,Standard,2025-06-21,
USR001533,Premium,2024-03-16,2025-04-26
USR001533,Plus,2025-04-27,
USR001534,Premium,2025-11-15,
USR001535,Standard,2026-01-11,2026-03-01
USR001535,Plus,2026-03-02,
USR001536,Standard,2026-06-03,2026-07-14
USR001536,Premium,2026-07-15,
USR001537,Standard,2023-03-01,
USR001538,Standard,2025-08-13,
USR001539,Ultra,2024-04-24,
USR001540,Plus,2023-12-31,
USR001541,Standard,2026-03-23,
USR001542,Standard,2025-06-08,
USR001543,Standard,2025-03-19,
USR001544,Standard,2025-04-30,
USR001545,Plus,2025-10-11,
USR001546,Plus,2024-06-07,
USR001547,Premium,2024-05-07,
USR001548,Metal,2025-07-26,
USR001549,Metal,2023-04-03,
USR001550,Standard,2023-10-08,
USR001551,Plus,2024-10-01,
USR001552,Plus,2025-12-13,
USR001553,Plus,2026-03-20,
USR001554,Standard,2026-03-07,
USR001555,Premium,2026-03-20,
USR001556,Standard,2023-07-08,
USR001557,Standard,2025-12-22,
USR001558,Standard,2024-02-07,
USR001559,Metal,2025-05-20,
USR001560,Premium,2025-12-08,2026-08-09
USR001560,Standard,2026-08-10,
USR001561,Premium,2026-06-04,
USR001562,Standard,2025-02-26,
USR001563,Metal,2025-11-26,2026-07-19
USR001563,Standard,2026-07-20,
USR001564,Standard,2024-10-27,
USR001565,Metal,2023-09-07,
USR001566,Standard,2025-09-23,
USR001567,Standard,2024-04-10,
USR001568,Metal,2023-11-23,
USR001569,Ultra,2023-07-04,2026-05-01
USR001569,Metal,2026-05-02,
USR001570,Premium,2023-12-26,
USR001571,Standard,2025-09-24,
USR001572,Premium,2025-01-21,
USR001573,Standard,2026-04-30,
USR001574,Plus,2025-12-09,
USR001575,Premium,2023-03-09,2026-03-14
USR001575,Standard,2026-03-15,
USR001576,Plus,2024-11-17,
USR001577,Standard,2026-08-26,
USR001578,Standard,2024-09-05,
USR001579,Standard,2026-05-28,
USR001580,Premium,2024-10-26,2026-02-09
USR001580,Standard,2026-02-10,
USR001581,Standard,2024-07-19,2025-06-21
USR001581,Metal,2025-06-22,
USR001582,Metal,2026-04-03,
USR001583,Plus,2024-09-01,
USR001584,Standard,2024-07-31,
USR001585,Metal,2023-04-27,2024-02-02
USR001585,Standard,2024-02-03,
USR001586,Ultra,2025-06-29,2025-07-31
USR001586,Premium,2025-08-01,
USR001587,Standard,2026-06-21,
USR001588,Premium,2023-11-21,
USR001589,Standard,2024-04-28,
USR001590,Metal,2026-03-05,
USR001591,Plus,2023-02-11,2024-02-10
USR001591,Standard,2024-02-11,
USR001592,Standard,2025-10-28,
USR001593,Metal,2023-07-06,
USR001594,Standard,2025-04-11,
USR001595,Metal,2026-03-08,
USR001596,Standard,2024-03-10,
USR001597,Plus,2025-03-06,
USR001598,Plus,2025-11-18,
USR001599,Premium,2025-09-10,
USR001600,Plus,2023-05-16,
USR001601,Ultra,2025-11-10,
USR001602,Standard,2024-12-02,
USR001603,Standard,2023-07-11,
USR001604,Premium,2024-01-08,
USR001605,Standard,2023-08-12,
USR001606,Standard,2023-06-13,
USR001607,Metal,2023-07-25,
USR001608,Standard,2023-01-13,
USR001609,Premium,2023-08-18,
USR001610,Standard,2023-11-18,
USR001611,Metal,2025-02-04,
USR001612,Ultra,2024-11-09,
USR001613,Standard,2023-12-30,
USR001614,Standard,2024-03-29,
USR001615,Metal,2024-01-14,2024-11-29
USR001615,Standard,2024-11-30,
USR001616,Standard,2026-03-28,
USR001617,Metal,2025-05-05,
USR001618,Standard,2024-11-24,
USR001619,Standard,2026-05-31,
USR001620,Standard,2025-04-26,
USR001621,Plus,2024-08-30,2025-08-14
USR001621,Standard,2025-08-15,
USR001622,Standard,2025-11-29,
USR001623,Standard,2025-11-13,
USR001624,Standard,2025-06-05,
USR001625,Premium,2024-06-29,
USR001626,Standard,2023-12-23,
USR001627,Ultra,2023-08-24,2024-04-17
USR001627,Premium,2024-04-18,
USR001628,Standard,2026-02-21,
USR001629,Standard,2024-07-10,
USR001630,Standard,2023-03-09,
USR001631,Ultra,2026-07-08,2026-08-27
USR001631,Standard,2026-08-28,
USR001632,Standard,2023-10-08,
USR001633,Standard,2025-09-02,
USR001634,Metal,2025-06-27,
USR001635,Standard,2026-07-23,
USR001636,Standard,2025-11-13,
USR001637,Ultra,2023-01-06,
USR001638,Standard,2025-10-26,
USR001639,Standard,2023-03-09,
USR001640,Standard,2025-07-25,
USR001641,Premium,2026-05-30,
USR001642,Metal,2025-08-28,
USR001643,Plus,2026-03-27,2026-08-14
USR001643,Standard,2026-08-15,
USR001644,Metal,2025-06-12,2025-12-04
USR001644,Premium,2025-12-05,
USR001645,Premium,2024-06-17,
USR001646,Metal,2023-09-07,2024-02-13
USR001646,Standard,2024-02-14,
USR001647,Standard,2025-09-12,
USR001648,Standard,2023-02-09,
USR001649,Metal,2024-09-29,
USR001650,Ultra,2023-09-25,2024-01-06
USR001650,Premium,2024-01-07,
USR001651,Plus,2025-08-01,
USR001652,Metal,2025-11-12,2026-03-21
USR001652,Plus,2026-03-22,
USR001653,Standard,2024-06-29,
USR001654,Ultra,2026-06-03,
USR001655,Standard,2024-01-05,
USR001656,Metal,2024-12-20,2026-08-08
USR001656,Plus,2026-08-09,
USR001657,Standard,2025-12-23,
USR001658,Standard,2023-11-20,
USR001659,Standard,2025-01-23,
USR001660,Premium,2026-01-10,
USR001661,Ultra,2024-11-18,
USR001662,Plus,2025-07-16,
USR001663,Metal,2026-08-10,
USR001664,Standard,2025-10-08,
USR001665,Standard,2024-05-05,
USR001666,Standard,2023-01-06,
USR001667,Ultra,2024-04-11,
USR001668,Plus,2024-04-02,
USR001669,Metal,2024-04-02,
USR001670,Standard,2026-02-15,
USR001671,Ultra,2025-09-04,2026-01-24
USR001671,Premium,2026-01-25,
USR001672,Metal,2024-03-12,
USR001673,Standard,2023-02-15,
USR001674,Metal,2026-03-29,
USR001675,Standard,2025-12-30,
USR001676,Standard,2025-01-03,
USR001677,Ultra,2023-04-29,2024-05-19
USR001677,Standard,2024-05-20,
USR001678,Standard,2024-03-21,
USR001679,Premium,2025-01-07,
USR001680,Standard,2026-04-19,
USR001681,Plus,2025-07-22,2026-08-12
USR001681,Standard,2026-08-13,
USR001682,Standard,2024-08-19,
USR001683,Standard,2025-05-06,
USR001684,Standard,2023-08-16,
USR001685,Premium,2026-02-16,
USR001686,Standard,2024-12-23,
USR001687,Standard,2023-07-06,
USR001688,Plus,2025-04-20,2026-06-30
USR001688,Standard,2026-07-01,
USR001689,Standard,2026-01-31,
USR001690,Ultra,2025-10-11,2026-04-26
USR001690,Standard,2026-04-27,
USR001691,Standard,2024-05-29,
USR001692,Standard,2026-02-11,2026-05-25
USR001692,Premium,2026-05-26,
USR001693,Metal,2026-03-13,
USR001694,Premium,2023-02-02,
USR001695,Metal,2025-10-07,2026-03-13
USR001695,Premium,2026-03-14,
USR001696,Plus,2026-05-27,
USR001697,Metal,2023-06-14,
USR001698,Standard,2025-09-04,
USR001699,Standard,2024-07-24,
USR001700,Plus,2023-01-11,
USR001701,Metal,2024-06-01,
USR001702,Premium,2026-07-09,
USR001703,Metal,2026-03-13,
USR001704,Premium,2023-04-12,
USR001705,Standard,2024-04-09,
USR001706,Standard,2024-09-07,
USR001707,Standard,2025-01-12,
USR001708,Standard,2024-09-24,
USR001709,Standard,2025-08-03,
USR001710,Plus,2025-06-07,2026-05-11
USR001710,Standard,2026-05-12,
USR001711,Premium,2026-02-06,
USR001712,Metal,2025-09-21,
USR001713,Standard,2025-09-11,
USR001714,Plus,2024-09-13,
USR001715,Metal,2023-05-22,
USR001716,Standard,2026-06-12,2026-09-01
USR001716,Premium,2026-09-02,
USR001717,Standard,2025-09-30,
USR001718,Metal,2023-03-04,
USR001719,Ultra,2026-05-26,2026-07-21
USR001719,Premium,2026-07-22,
USR001720,Standard,2023-01-15,
USR001721,Standard,2023-07-11,
USR001722,Standard,2024-09-17,
USR001723,Metal,2024-03-25,
USR001724,Plus,2024-03-26,
USR001725,Standard,2023-08-31,
USR001726,Premium,2023-04-07,
USR001727,Premium,2024-03-21,
USR001728,Plus,2024-12-18,
USR001729,Plus,2024-06-16,
USR001730,Plus,2026-01-12,
USR001731,Standard,2023-06-16,
USR001732,Metal,2024-11-15,2026-04-12
USR001732,Standard,2026-04-13,
USR001733,Ultra,2026-01-10,2026-03-06
USR001733,Standard,2026-03-07,
USR001734,Standard,2024-04-22,
USR001735,Standard,2023-05-26,
USR001736,Premium,2024-04-24,
USR001737,Standard,2024-03-11,
USR001738,Premium,2024-08-29,2026-08-08
USR001738,Metal,2026-08-09,
USR001739,Premium,2025-07-19,2025-09-25
USR001739,Standard,2025-09-26,
USR001740,Metal,2023-12-25,
USR001741,Standard,2025-12-19,
USR001742,Premium,2025-08-02,2026-04-06
USR001742,Metal,2026-04-07,
USR001743,Standard,2024-07-23,
USR001744,Metal,2026-04-22,
USR001745,Premium,2025-11-26,2026-06-08
USR001745,Standard,2026-06-09,
USR001746,Standard,2024-11-22,
USR001747,Premium,2024-03-07,
USR001748,Plus,2023-02-15,
USR001749,Plus,2023-12-03,2025-11-29
USR001749,Premium,2025-11-30,
USR001750,Standard,2023-03-12,
USR001751,Metal,2023-09-13,2024-04-12
USR001751,Standard,2024-04-13,
USR001752,Standard,2023-02-23,
USR001753,Ultra,2024-07-29,2025-12-11
USR001753,Standard,2025-12-12,
USR001754,Premium,2025-04-03,2026-02-19
USR001754,Standard,2026-02-20,
USR001755,Standard,2024-09-07,
USR001756,Standard,2024-06-06,
USR001757,Metal,2023-10-05,
USR001758,Standard,2023-05-13,
USR001759,Premium,2023-04-20,
USR001760,Plus,2026-08-14,
USR001761,Standard,2023-05-13,
USR001762,Standard,2024-01-25,
USR001763,Plus,2023-02-03,
USR001764,Metal,2023-03-27,
USR001765,Standard,2024-02-18,
USR001766,Standard,2023-01-05,
USR001767,Standard,2024-11-05,2025-05-13
USR001767,Premium,2025-05-14,
USR001768,Premium,2025-04-23,2026-04-11
USR001768,Plus,2026-04-12,
USR001769,Standard,2024-11-05,
USR001770,Metal,2023-02-26,
USR001771,Premium,2025-03-16,
USR001772,Premium,2024-11-08,
USR001773,Standard,2025-09-02,
USR001774,Plus,2025-12-16,2026-05-11
USR001774,Standard,2026-05-12,
USR001775,Ultra,2025-04-01,
USR001776,Standard,2025-07-13,
USR001777,Metal,2024-07-05,
USR001778,Standard,2023-01-30,
USR001779,Premium,2025-07-21,2026-07-19
USR001779,Plus,2026-07-20,
USR001780,Premium,2024-02-07,
USR001781,Plus,2023-01-01,
USR001782,Standard,2026-05-14,
USR001783,Premium,2025-07-27,2026-01-30
USR001783,Standard,2026-01-31,
USR001784,Plus,2026-03-20,
USR001785,Standard,2023-07-30,
USR001786,Metal,2023-01-02,
USR001787,Metal,2023-04-20,2026-01-21
USR001787,Standard,2026-01-22,
USR001788,Ultra,2023-08-21,2023-12-04
USR001788,Standard,2023-12-05,
USR001789,Ultra,2026-05-02,2026-08-23
USR001789,Metal,2026-08-24,
USR001790,Metal,2023-07-19,
USR001791,Metal,2026-01-28,2026-05-08
USR001791,Premium,2026-05-09,
USR001792,Plus,2026-03-23,
USR001793,Metal,2024-04-06,2026-05-21
USR001793,Standard,2026-05-22,
USR001794,Premium,2023-08-04,
USR001795,Standard,2025-07-29,2025-12-28
USR001795,Plus,2025-12-29,
USR001796,Plus,2025-01-19,
USR001797,Plus,2024-11-18,
USR001798,Metal,2023-10-19,
USR001799,Standard,2026-08-30,
USR001800,Metal,2025-02-09,2025-12-18
USR001800,Standard,2025-12-19,
USR001801,Ultra,2023-01-06,2025-01-02
USR001801,Metal,2025-01-03,
USR001802,Standard,2024-09-16,
USR001803,Standard,2026-08-21,
USR001804,Standard,2023-04-21,
USR001805,Ultra,2026-02-13,
USR001806,Premium,2026-01-31,
USR001807,Plus,2025-01-27,
USR001808,Plus,2023-03-21,
USR001809,Standard,2025-11-24,
USR001810,Ultra,2025-06-26,
USR001811,Metal,2025-12-19,
USR001812,Plus,2023-07-11,
USR001813,Standard,2023-12-10,
USR001814,Premium,2025-12-30,2026-07-06
USR001814,Standard,2026-07-07,
USR001815,Metal,2023-09-13,2024-12-08
USR001815,Standard,2024-12-09,
USR001816,Premium,2025-01-01,
USR001817,Standard,2024-08-05,
USR001818,Premium,2023-06-20,2026-01-20
USR001818,Standard,2026-01-21,
USR001819,Ultra,2025-04-14,2026-04-25
USR001819,Premium,2026-04-26,
USR001820,Metal,2026-01-08,
USR001821,Plus,2024-10-11,
USR001822,Standard,2026-08-16,
USR001823,Premium,2025-11-21,2026-06-01
USR001823,Standard,2026-06-02,
USR001824,Standard,2025-04-28,
USR001825,Standard,2025-10-07,
USR001826,Premium,2024-07-07,
USR001827,Standard,2026-01-23,
USR001828,Standard,2023-03-13,
USR001829,Premium,2024-09-23,
USR001830,Standard,2025-02-26,
USR001831,Metal,2025-11-04,
USR001832,Standard,2025-02-10,
USR001833,Standard,2024-07-20,
USR001834,Metal,2026-08-23,
USR001835,Metal,2024-06-08,
USR001836,Premium,2024-06-09,
USR001837,Metal,2026-01-30,
USR001838,Standard,2023-08-10,
USR001839,Metal,2026-02-24,
USR001840,Standard,2024-07-31,
USR001841,Standard,2025-12-18,
USR001842,Premium,2023-02-10,2024-05-29
USR001842,Standard,2024-05-30,
USR001843,Standard,2023-06-25,
USR001844,Premium,2026-02-09,
USR001845,Premium,2023-10-09,
USR001846,Standard,2023-08-03,
USR001847,Standard,2024-10-23,
USR001848,Standard,2024-01-18,2025-02-16
USR001848,Premium,2025-02-17,
USR001849,Standard,2023-03-20,
USR001850,Standard,2025-03-09,
USR001851,Standard,2026-06-19,
USR001852,Premium,2026-03-14,
USR001853,Metal,2023-05-15,
USR001854,Standard,2024-07-22,
USR001855,Ultra,2024-06-27,2024-12-11
USR001855,Standard,2024-12-12,
USR001856,Plus,2025-05-18,2026-03-28
USR001856,Standard,2026-03-29,
USR001857,Premium,2025-07-12,2026-04-05
USR001857,Standard,2026-04-06,
USR001858,Metal,2024-12-11,
USR001859,Premium,2026-05-29,2026-06-27
USR001859,Metal,2026-06-28,
USR001860,Standard,2026-02-01,
USR001861,Standard,2023-10-02,
USR001862,Standard,2023-10-12,
USR001863,Premium,2024-11-24,
USR001864,Metal,2024-09-14,2025-03-08
USR001864,Premium,2025-03-09,
USR001865,Plus,2025-04-05,
USR001866,Standard,2023-05-11,
USR001867,Metal,2023-01-20,2026-06-04
USR001867,Standard,2026-06-05,
USR001868,Standard,2025-11-05,
USR001869,Plus,2023-12-31,
USR001870,Standard,2026-01-26,
USR001871,Plus,2023-11-30,
USR001872,Standard,2023-11-07,
USR001873,Premium,2026-05-25,
USR001874,Standard,2026-04-09,
USR001875,Standard,2023-03-19,
USR001876,Plus,2026-04-19,
USR001877,Plus,2025-04-19,
USR001878,Metal,2024-11-11,
USR001879,Plus,2024-08-29,
USR001880,Metal,2025-02-09,
USR001881,Premium,2024-04-07,
USR001882,Plus,2025-05-03,
USR001883,Standard,2026-01-31,
USR001884,Standard,2025-04-06,
USR001885,Standard,2023-08-11,
USR001886,Plus,2025-04-20,
USR001887,Standard,2026-05-09,
USR001888,Standard,2023-04-13,
USR001889,Standard,2024-09-07,
USR001890,Metal,2026-05-08,
USR001891,Standard,2024-07-14,
USR001892,Premium,2025-01-15,
USR001893,Metal,2024-10-12,
USR001894,Standard,2026-02-07,
USR001895,Standard,2024-09-11,
USR001896,Standard,2026-03-20,
USR001897,Standard,2025-05-19,
USR001898,Standard,2024-03-31,
USR001899,Standard,2024-12-04,
USR001900,Standard,2025-08-27,
USR001901,Metal,2026-07-12,
USR001902,Standard,2025-04-04,
USR001903,Metal,2024-05-22,2025-08-18
USR001903,Plus,2025-08-19,
USR001904,Standard,2024-11-07,
USR001905,Ultra,2023-05-10,2024-05-26
USR001905,Premium,2024-05-27,
USR001906,Premium,2025-07-08,
USR001907,Plus,2024-07-08,
USR001908,Premium,2024-01-20,2024-03-06
USR001908,Standard,2024-03-07,
USR001909,Metal,2023-04-30,
USR001910,Premium,2025-04-09,2025-05-29
USR001910,Standard,2025-05-30,
USR001911,Ultra,2025-03-28,2025-04-26
USR001911,Standard,2025-04-27,
USR001912,Standard,2024-10-20,
USR001913,Plus,2025-07-14,2026-05-18
USR001913,Standard,2026-05-19,
USR001914,Standard,2023-09-12,
USR001915,Metal,2023-08-26,
USR001916,Standard,2023-08-30,
USR001917,Standard,2026-03-25,
USR001918,Metal,2023-09-12,
USR001919,Metal,2024-09-28,
USR001920,Premium,2023-03-07,
USR001921,Ultra,2025-02-24,2025-06-18
USR001921,Standard,2025-06-19,
USR001922,Standard,2025-09-28,
USR001923,Premium,2023-10-20,
USR001924,Standard,2026-07-06,
USR001925,Ultra,2025-09-26,2026-01-31
USR001925,Standard,2026-02-01,
USR001926,Metal,2025-05-10,
USR001927,Premium,2025-06-05,
USR001928,Metal,2026-08-15,
USR001929,Metal,2023-10-24,
USR001930,Standard,2023-12-22,2024-11-07
USR001930,Metal,2024-11-08,
USR001931,Standard,2025-10-29,
USR001932,Metal,2024-06-24,
USR001933,Standard,2026-02-01,
USR001934,Standard,2026-05-22,
USR001935,Premium,2025-05-16,
USR001936,Plus,2025-11-02,
USR001937,Plus,2024-12-26,2025-12-28
USR001937,Standard,2025-12-29,
USR001938,Standard,2026-07-26,
USR001939,Premium,2024-08-13,
USR001940,Standard,2026-02-18,
USR001941,Ultra,2024-05-01,
USR001942,Standard,2024-08-13,
USR001943,Ultra,2024-03-27,2025-01-23
USR001943,Standard,2025-01-24,
USR001944,Standard,2026-05-15,
USR001945,Standard,2026-05-05,2026-06-26
USR001945,Ultra,2026-06-27,
USR001946,Metal,2026-04-03,
USR001947,Metal,2024-05-12,2024-09-17
USR001947,Standard,2024-09-18,
USR001948,Standard,2023-04-25,
USR001949,Standard,2023-10-20,
USR001950,Standard,2023-01-10,
USR001951,Standard,2024-07-13,
USR001952,Metal,2023-03-12,
USR001953,Metal,2026-03-07,
USR001954,Plus,2023-01-29,
USR001955,Premium,2025-10-11,
USR001956,Premium,2023-06-18,
USR001957,Plus,2024-05-11,
USR001958,Standard,2024-09-28,
USR001959,Metal,2025-06-24,
USR001960,Premium,2024-11-17,
USR001961,Standard,2025-12-16,
USR001962,Standard,2024-01-15,
USR001963,Plus,2023-04-06,
USR001964,Metal,2023-10-26,
USR001965,Plus,2026-02-09,
USR001966,Standard,2023-04-03,
USR001967,Plus,2024-12-01,
USR001968,Standard,2024-09-14,
USR001969,Standard,2023-05-17,
USR001970,Standard,2024-10-17,2026-04-21
USR001970,Plus,2026-04-22,
USR001971,Standard,2025-05-06,
USR001972,Metal,2024-07-03,
USR001973,Standard,2023-02-13,
USR001974,Ultra,2026-01-15,
USR001975,Standard,2023-03-05,
USR001976,Standard,2024-05-13,2026-04-05
USR001976,Metal,2026-04-06,
USR001977,Standard,2026-05-02,
USR001978,Standard,2023-01-23,
USR001979,Standard,2023-11-10,
USR001980,Standard,2025-10-18,
USR001981,Standard,2023-01-15,
USR001982,Standard,2024-07-15,
USR001983,Standard,2023-05-02,
USR001984,Standard,2023-04-07,
USR001985,Premium,2024-12-24,2025-02-21
USR001985,Standard,2025-02-22,
USR001986,Ultra,2025-05-02,
USR001987,Premium,2023-12-19,
USR001988,Premium,2026-03-03,
USR001989,Metal,2025-08-29,2025-11-26
USR001989,Plus,2025-11-27,
USR001990,Plus,2025-05-20,2025-12-25
USR001990,Standard,2025-12-26,
USR001991,Standard,2023-01-19,
USR001992,Premium,2025-09-13,
USR001993,Plus,2023-03-14,2025-05-26
USR001993,Premium,2025-05-27,
USR001994,Standard,2024-12-20,
USR001995,Plus,2026-05-17,
USR001996,Standard,2026-07-23,
USR001997,Standard,2025-05-26,
USR001998,Standard,2023-01-08,
USR001999,Premium,2023-03-19,
USR002000,Standard,2025-05-06,
USR002001,Premium,2026-07-16,
USR002002,Premium,2025-09-21,2026-07-01
USR002002,Metal,2026-07-02,
USR002003,Plus,2025-09-16,2025-12-01
USR002003,Standard,2025-12-02,
USR002004,Standard,2026-05-08,
USR002005,Standard,2026-03-30,
USR002006,Ultra,2024-02-04,
USR002007,Standard,2026-03-30,
USR002008,Plus,2026-06-18,
USR002009,Standard,2025-05-22,
USR002010,Standard,2023-02-02,
USR002011,Metal,2024-01-10,2024-11-22
USR002011,Premium,2024-11-23,
USR002012,Plus,2024-05-15,
USR002013,Standard,2026-04-02,
USR002014,Standard,2024-11-30,
USR002015,Standard,2023-07-20,
USR002016,Plus,2025-06-22,
USR002017,Standard,2023-04-29,
USR002018,Standard,2025-05-23,
USR002019,Standard,2024-07-23,
USR002020,Metal,2025-10-16,2026-07-07
USR002020,Standard,2026-07-08,
USR002021,Standard,2024-11-03,
USR002022,Ultra,2026-07-04,
USR002023,Standard,2026-07-07,
USR002024,Plus,2026-07-01,
USR002025,Ultra,2024-07-19,
USR002026,Plus,2025-01-25,
USR002027,Standard,2023-12-02,
USR002028,Standard,2025-05-22,
USR002029,Metal,2023-01-29,2026-07-14
USR002029,Standard,2026-07-15,
USR002030,Premium,2023-10-07,
USR002031,Metal,2024-09-08,
USR002032,Standard,2025-07-21,
USR002033,Metal,2024-06-12,
USR002034,Plus,2025-02-02,
USR002035,Plus,2026-03-09,
USR002036,Standard,2026-08-25,
USR002037,Premium,2026-04-03,
USR002038,Standard,2025-10-17,
USR002039,Plus,2025-06-04,2026-09-03
USR002039,Premium,2026-09-04,
USR002040,Premium,2024-02-18,
USR002041,Standard,2025-06-17,
USR002042,Standard,2024-01-02,
USR002043,Premium,2024-12-20,2026-01-02
USR002043,Plus,2026-01-03,
USR002044,Standard,2024-07-06,
USR002045,Premium,2023-02-12,
USR002046,Metal,2023-12-23,
USR002047,Premium,2024-02-22,
USR002048,Plus,2025-02-09,
USR002049,Standard,2023-08-25,
USR002050,Standard,2024-01-15,
USR002051,Standard,2024-08-09,
USR002052,Plus,2024-12-26,2025-04-23
USR002052,Standard,2025-04-24,
USR002053,Premium,2024-10-30,
USR002054,Metal,2026-01-28,
USR002055,Standard,2025-07-01,
USR002056,Standard,2023-06-09,2023-11-26
USR002056,Premium,2023-11-27,
USR002057,Plus,2024-12-22,
USR002058,Standard,2023-08-28,
USR002059,Plus,2023-03-13,
USR002060,Plus,2023-09-01,2024-12-27
USR002060,Standard,2024-12-28,
USR002061,Standard,2025-06-25,
USR002062,Standard,2025-06-09,
USR002063,Premium,2023-08-05,
USR002064,Ultra,2023-01-20,
USR002065,Ultra,2025-10-03,2025-12-15
USR002065,Plus,2025-12-16,
USR002066,Metal,2025-06-04,2025-09-06
USR002066,Standard,2025-09-07,
USR002067,Standard,2023-09-13,
USR002068,Premium,2024-04-13,2024-05-22
USR002068,Standard,2024-05-23,
USR002069,Standard,2025-07-10,
USR002070,Metal,2024-09-07,2025-05-04
USR002070,Standard,2025-05-05,
USR002071,Standard,2025-06-29,
USR002072,Standard,2023-01-20,
USR002073,Standard,2023-11-12,
USR002074,Standard,2023-09-24,
USR002075,Standard,2026-07-24,
USR002076,Standard,2023-10-28,
USR002077,Standard,2024-06-23,
USR002078,Plus,2024-12-31,
USR002079,Premium,2026-07-31,
USR002080,Ultra,2025-10-23,2025-11-21
USR002080,Standard,2025-11-22,
USR002081,Standard,2025-12-25,2026-03-01
USR002081,Ultra,2026-03-02,
USR002082,Premium,2023-04-05,2023-10-10
USR002082,Metal,2023-10-11,
USR002083,Plus,2023-10-28,2024-08-19
USR002083,Standard,2024-08-20,
USR002084,Premium,2026-06-03,
USR002085,Standard,2025-09-21,
USR002086,Premium,2024-07-14,2025-01-25
USR002086,Plus,2025-01-26,
USR002087,Metal,2025-12-01,2026-01-29
USR002087,Premium,2026-01-30,
USR002088,Plus,2023-10-29,
USR002089,Ultra,2023-02-24,2025-04-03
USR002089,Metal,2025-04-04,
USR002090,Standard,2025-11-27,
USR002091,Standard,2026-02-04,
USR002092,Standard,2026-02-07,
USR002093,Ultra,2025-03-20,2025-12-28
USR002093,Standard,2025-12-29,
USR002094,Premium,2024-08-26,
USR002095,Premium,2026-07-06,
USR002096,Metal,2024-09-24,2025-01-26
USR002096,Standard,2025-01-27,
USR002097,Standard,2025-11-25,
USR002098,Premium,2025-08-20,2026-07-02
USR002098,Standard,2026-07-03,
USR002099,Standard,2026-07-25,
USR002100,Standard,2023-02-04,
USR002101,Standard,2026-01-05,
USR002102,Standard,2025-08-03,
USR002103,Standard,2024-11-14,
USR002104,Standard,2025-02-11,2026-05-11
USR002104,Premium,2026-05-12,
USR002105,Plus,2026-02-06,
USR002106,Premium,2024-04-23,
USR002107,Standard,2025-07-27,
USR002108,Ultra,2025-09-18,
USR002109,Standard,2023-05-10,
USR002110,Ultra,2024-12-29,2025-07-25
USR002110,Standard,2025-07-26,
USR002111,Plus,2025-06-09,
USR002112,Standard,2023-07-08,
USR002113,Standard,2025-03-10,
USR002114,Standard,2024-12-20,
USR002115,Standard,2023-10-04,
USR002116,Standard,2023-10-02,
USR002117,Standard,2026-06-21,
USR002118,Standard,2025-12-23,
USR002119,Standard,2024-10-11,
USR002120,Metal,2023-10-13,2025-04-21
USR002120,Premium,2025-04-22,
USR002121,Standard,2024-03-15,
USR002122,Standard,2024-04-28,
USR002123,Standard,2025-08-28,
USR002124,Standard,2025-12-18,
USR002125,Plus,2025-06-20,2026-04-24
USR002125,Standard,2026-04-25,
USR002126,Plus,2026-02-22,
USR002127,Standard,2024-03-11,2026-01-21
USR002127,Metal,2026-01-22,
USR002128,Metal,2026-01-08,
USR002129,Standard,2023-05-21,
USR002130,Plus,2025-02-02,
USR002131,Ultra,2024-12-27,
USR002132,Metal,2025-08-16,
USR002133,Standard,2024-03-17,
USR002134,Standard,2025-01-03,
USR002135,Plus,2024-07-06,
USR002136,Plus,2026-01-05,2026-04-14
USR002136,Metal,2026-04-15,
USR002137,Standard,2026-01-07,
USR002138,Plus,2026-07-10,
USR002139,Premium,2024-04-08,
USR002140,Standard,2023-01-12,
USR002141,Plus,2026-07-03,
USR002142,Standard,2023-05-26,
USR002143,Standard,2024-08-23,
USR002144,Standard,2023-10-28,
USR002145,Ultra,2024-12-12,
USR002146,Standard,2024-04-24,
USR002147,Metal,2024-05-28,
USR002148,Premium,2023-11-09,
USR002149,Plus,2026-03-09,
USR002150,Plus,2024-08-26,2025-05-22
USR002150,Ultra,2025-05-23,
USR002151,Standard,2024-06-25,2026-07-13
USR002151,Plus,2026-07-14,
USR002152,Metal,2023-08-02,2025-12-17
USR002152,Premium,2025-12-18,
USR002153,Standard,2024-03-05,
USR002154,Standard,2024-06-02,
USR002155,Premium,2025-12-29,
USR002156,Premium,2025-03-20,
USR002157,Standard,2023-10-13,
USR002158,Standard,2024-07-05,2024-11-29
USR002158,Premium,2024-11-30,
USR002159,Premium,2024-02-25,
USR002160,Standard,2025-08-20,
USR002161,Premium,2026-06-09,
USR002162,Standard,2025-06-08,2026-04-09
USR002162,Metal,2026-04-10,
USR002163,Standard,2025-08-31,
USR002164,Standard,2023-04-28,
USR002165,Standard,2026-08-04,
USR002166,Standard,2024-03-07,
USR002167,Premium,2023-05-22,2025-07-20
USR002167,Standard,2025-07-21,
USR002168,Premium,2024-04-05,
USR002169,Ultra,2023-05-30,
USR002170,Metal,2024-07-26,2025-05-03
USR002170,Standard,2025-05-04,
USR002171,Standard,2025-04-01,
USR002172,Plus,2024-06-16,2024-08-04
USR002172,Standard,2024-08-05,
USR002173,Standard,2026-06-06,
USR002174,Ultra,2024-08-29,
USR002175,Plus,2026-06-17,2026-09-04
USR002175,Standard,2026-09-05,
USR002176,Standard,2023-07-10,
USR002177,Standard,2025-12-19,
USR002178,Premium,2025-07-19,
USR002179,Metal,2024-06-10,
USR002180,Metal,2026-07-31,
USR002181,Metal,2026-07-18,
USR002182,Standard,2026-03-29,
USR002183,Standard,2025-09-07,2025-12-04
USR002183,Metal,2025-12-05,
USR002184,Standard,2024-02-26,
USR002185,Standard,2023-08-26,
USR002186,Standard,2026-03-26,
USR002187,Standard,2025-02-14,
USR002188,Standard,2023-05-16,
USR002189,Standard,2024-07-28,
USR002190,Premium,2026-02-20,
USR002191,Premium,2026-08-01,
USR002192,Standard,2023-06-25,
USR002193,Standard,2024-09-02,
USR002194,Premium,2023-04-19,
USR002195,Plus,2024-04-28,
USR002196,Standard,2025-09-04,
USR002197,Ultra,2023-10-02,2025-10-18
USR002197,Plus,2025-10-19,
USR002198,Standard,2023-07-24,
USR002199,Standard,2026-07-30,
USR002200,Plus,2025-09-21,
USR002201,Standard,2025-06-02,
USR002202,Metal,2024-07-27,
USR002203,Ultra,2024-11-23,2026-08-12
USR002203,Standard,2026-08-13,
USR002204,Metal,2024-05-05,
USR002205,Standard,2025-09-02,2025-11-23
USR002205,Plus,2025-11-24,
USR002206,Metal,2025-07-18,2026-01-11
USR002206,Standard,2026-01-12,
USR002207,Standard,2024-07-26,
USR002208,Standard,2023-12-09,2025-01-31
USR002208,Plus,2025-02-01,
USR002209,Standard,2024-03-31,
USR002210,Premium,2026-08-08,
USR002211,Metal,2023-05-20,
USR002212,Metal,2024-08-07,
USR002213,Standard,2024-11-01,
USR002214,Standard,2024-09-04,
USR002215,Plus,2025-04-06,
USR002216,Plus,2025-06-23,
USR002217,Standard,2023-06-18,
USR002218,Metal,2023-04-13,
USR002219,Premium,2024-08-15,
USR002220,Standard,2023-10-02,
USR002221,Plus,2026-08-22,
USR002222,Standard,2023-07-26,
USR002223,Metal,2024-04-20,2025-04-15
USR002223,Premium,2025-04-16,
USR002224,Metal,2026-07-15,
USR002225,Metal,2026-01-02,2026-02-08
USR002225,Standard,2026-02-09,
USR002226,Standard,2024-01-27,
USR002227,Standard,2023-05-05,
USR002228,Metal,2025-12-31,
USR002229,Plus,2025-05-12,2026-05-05
USR002229,Ultra,2026-05-06,
USR002230,Metal,2023-10-26,
USR002231,Standard,2024-10-05,
USR002232,Plus,2023-05-16,
USR002233,Metal,2024-02-13,
USR002234,Standard,2023-07-08,
USR002235,Plus,2024-07-16,
USR002236,Plus,2024-12-07,
USR002237,Metal,2023-07-23,2024-05-01
USR002237,Standard,2024-05-02,
USR002238,Standard,2026-08-06,
USR002239,Metal,2024-05-03,
USR002240,Standard,2023-08-09,
USR002241,Standard,2023-08-26,
USR002242,Standard,2024-02-13,
USR002243,Metal,2023-04-30,
USR002244,Standard,2025-11-07,
USR002245,Standard,2023-06-16,
USR002246,Standard,2025-11-10,
USR002247,Metal,2024-04-10,
USR002248,Plus,2025-05-15,2026-07-12
USR002248,Standard,2026-07-13,
USR002249,Standard,2026-07-22,
USR002250,Standard,2023-05-26,
USR002251,Standard,2025-01-24,
USR002252,Standard,2025-01-09,2025-09-02
USR002252,Plus,2025-09-03,
USR002253,Premium,2026-05-17,
USR002254,Standard,2026-02-10,
USR002255,Plus,2023-05-04,
USR002256,Metal,2023-05-17,
USR002257,Ultra,2025-09-17,2026-08-08
USR002257,Standard,2026-08-09,
USR002258,Standard,2025-12-10,
USR002259,Metal,2025-03-10,
USR002260,Standard,2026-01-19,
USR002261,Standard,2024-11-11,
USR002262,Standard,2026-07-18,
USR002263,Standard,2026-05-28,
USR002264,Premium,2024-02-23,
USR002265,Plus,2023-07-10,
USR002266,Standard,2024-12-28,
USR002267,Standard,2026-05-13,
USR002268,Metal,2025-12-10,
USR002269,Standard,2025-05-15,
USR002270,Metal,2026-03-05,2026-07-05
USR002270,Standard,2026-07-06,
USR002271,Standard,2023-09-01,
USR002272,Standard,2024-07-11,
USR002273,Plus,2026-05-24,
USR002274,Plus,2025-02-02,
USR002275,Premium,2023-06-19,
USR002276,Standard,2023-03-16,
USR002277,Metal,2025-01-02,2025-07-09
USR002277,Standard,2025-07-10,
USR002278,Standard,2024-06-06,
USR002279,Premium,2023-09-09,
USR002280,Standard,2026-07-29,
USR002281,Ultra,2026-06-16,2026-07-20
USR002281,Standard,2026-07-21,
USR002282,Ultra,2024-01-29,
USR002283,Standard,2023-12-14,
USR002284,Standard,2025-11-21,
USR002285,Metal,2025-08-10,
USR002286,Premium,2023-04-12,
USR002287,Standard,2024-08-05,
USR002288,Premium,2024-09-04,
USR002289,Standard,2024-01-01,
USR002290,Premium,2025-09-18,
USR002291,Standard,2023-02-25,
USR002292,Metal,2024-04-25,
USR002293,Standard,2023-03-21,
USR002294,Ultra,2025-10-25,2026-08-24
USR002294,Standard,2026-08-25,
USR002295,Metal,2025-03-28,2025-06-02
USR002295,Standard,2025-06-03,
USR002296,Metal,2023-06-06,
USR002297,Metal,2026-04-29,
USR002298,Premium,2023-11-09,2025-06-06
USR002298,Standard,2025-06-07,
USR002299,Metal,2025-07-06,2026-07-27
USR002299,Standard,2026-07-28,
USR002300,Metal,2024-07-27,2025-10-13
USR002300,Standard,2025-10-14,
USR002301,Ultra,2026-01-13,2026-06-25
USR002301,Standard,2026-06-26,
USR002302,Standard,2025-11-22,
USR002303,Premium,2026-07-11,
USR002304,Standard,2026-03-25,
USR002305,Standard,2023-06-25,
USR002306,Premium,2026-04-02,2026-06-18
USR002306,Standard,2026-06-19,
USR002307,Standard,2023-04-17,
USR002308,Premium,2023-01-24,
USR002309,Metal,2025-05-19,
USR002310,Standard,2023-11-23,
USR002311,Standard,2024-10-19,2025-12-13
USR002311,Premium,2025-12-14,
USR002312,Ultra,2025-07-01,
USR002313,Premium,2024-01-06,
USR002314,Premium,2023-08-06,2025-11-10
USR002314,Standard,2025-11-11,
USR002315,Premium,2023-02-23,
USR002316,Plus,2024-05-12,
USR002317,Metal,2026-04-21,
USR002318,Standard,2024-02-27,
USR002319,Standard,2026-07-01,
USR002320,Standard,2023-09-01,
USR002321,Plus,2023-10-24,2024-02-04
USR002321,Standard,2024-02-05,
USR002322,Standard,2025-09-30,
USR002323,Standard,2024-04-16,
USR002324,Premium,2023-07-07,2024-06-23
USR002324,Metal,2024-06-24,
USR002325,Standard,2023-10-11,
USR002326,Standard,2025-10-20,
USR002327,Standard,2023-04-30,
USR002328,Ultra,2024-08-21,2025-04-23
USR002328,Metal,2025-04-24,
USR002329,Metal,2026-05-11,
USR002330,Ultra,2026-03-15,
USR002331,Metal,2023-04-20,
USR002332,Metal,2023-02-20,2026-03-11
USR002332,Standard,2026-03-12,
USR002333,Ultra,2026-05-09,2026-06-28
USR002333,Standard,2026-06-29,
USR002334,Standard,2025-08-25,
USR002335,Ultra,2025-01-12,2026-07-02
USR002335,Standard,2026-07-03,
USR002336,Premium,2026-08-30,
USR002337,Standard,2024-08-19,
USR002338,Standard,2024-01-17,
USR002339,Standard,2024-07-07,
USR002340,Standard,2025-06-16,
USR002341,Premium,2023-11-25,
USR002342,Plus,2024-09-12,
USR002343,Premium,2025-09-10,2025-12-05
USR002343,Plus,2025-12-06,
USR002344,Ultra,2023-10-27,2024-08-22
USR002344,Standard,2024-08-23,
USR002345,Metal,2024-05-10,2024-08-27
USR002345,Standard,2024-08-28,
USR002346,Plus,2025-08-09,
USR002347,Standard,2025-04-04,
USR002348,Metal,2023-12-04,2026-03-29
USR002348,Standard,2026-03-30,
USR002349,Standard,2024-11-18,
USR002350,Standard,2025-05-27,
USR002351,Standard,2025-06-01,
USR002352,Standard,2025-10-11,
USR002353,Premium,2026-07-28,
USR002354,Metal,2025-06-13,
USR002355,Ultra,2026-02-05,2026-04-03
USR002355,Standard,2026-04-04,
USR002356,Standard,2025-03-07,
USR002357,Standard,2026-03-28,
USR002358,Plus,2024-08-22,2026-07-23
USR002358,Premium,2026-07-24,
USR002359,Standard,2025-02-12,
USR002360,Metal,2025-05-07,
USR002361,Standard,2025-12-06,
USR002362,Standard,2023-11-27,
USR002363,Ultra,2026-03-05,
USR002364,Standard,2023-01-08,
USR002365,Premium,2025-11-20,
USR002366,Ultra,2026-06-11,
USR002367,Premium,2024-12-11,
USR002368,Metal,2025-07-22,
USR002369,Metal,2025-08-06,2026-04-06
USR002369,Plus,2026-04-07,
USR002370,Metal,2026-06-26,
USR002371,Premium,2025-12-26,
USR002372,Metal,2025-05-16,2025-11-21
USR002372,Standard,2025-11-22,
USR002373,Standard,2025-11-26,
USR002374,Premium,2023-01-26,
USR002375,Metal,2024-01-02,
USR002376,Standard,2025-11-24,
USR002377,Standard,2024-01-09,
USR002378,Standard,2026-03-07,
USR002379,Premium,2026-03-20,
USR002380,Ultra,2025-08-04,2025-10-30
USR002380,Standard,2025-10-31,
USR002381,Standard,2025-02-02,
USR002382,Ultra,2023-09-15,2024-07-02
USR002382,Standard,2024-07-03,
USR002383,Metal,2023-04-28,
USR002384,Plus,2023-04-23,
USR002385,Plus,2024-10-17,
USR002386,Standard,2025-03-20,
USR002387,Plus,2026-02-01,
USR002388,Plus,2025-09-17,
USR002389,Premium,2025-04-12,
USR002390,Standard,2025-11-02,
USR002391,Plus,2023-10-23,
USR002392,Plus,2026-06-11,
USR002393,Standard,2023-11-27,
USR002394,Standard,2025-09-17,
USR002395,Ultra,2023-02-09,
USR002396,Plus,2024-10-22,2026-02-12
USR002396,Premium,2026-02-13,
USR002397,Premium,2025-03-06,
USR002398,Standard,2023-02-24,
USR002399,Premium,2025-09-18,
USR002400,Standard,2024-10-03,
USR002401,Premium,2025-02-17,
USR002402,Metal,2024-09-22,2026-05-22
USR002402,Standard,2026-05-23,
USR002403,Metal,2023-11-08,
USR002404,Metal,2024-06-28,2025-07-20
USR002404,Standard,2025-07-21,
USR002405,Premium,2024-01-03,2024-02-13
USR002405,Metal,2024-02-14,
USR002406,Premium,2024-05-17,
USR002407,Standard,2026-05-17,
USR002408,Premium,2026-07-24,
USR002409,Standard,2024-10-31,
USR002410,Standard,2023-12-27,
USR002411,Standard,2026-05-10,
USR002412,Standard,2024-01-24,
USR002413,Ultra,2026-02-08,2026-05-09
USR002413,Standard,2026-05-10,
USR002414,Standard,2024-09-01,
USR002415,Premium,2026-04-07,
USR002416,Metal,2023-08-20,
USR002417,Standard,2023-01-06,
USR002418,Standard,2024-09-16,
USR002419,Standard,2024-05-09,
USR002420,Standard,2024-08-16,
USR002421,Standard,2025-11-29,
USR002422,Premium,2023-02-12,
USR002423,Standard,2025-12-17,
USR002424,Metal,2023-07-22,2025-12-15
USR002424,Standard,2025-12-16,
USR002425,Plus,2026-06-16,2026-08-27
USR002425,Standard,2026-08-28,
USR002426,Standard,2024-06-15,
USR002427,Metal,2023-04-02,
USR002428,Standard,2023-08-24,
USR002429,Plus,2025-06-05,2025-10-10
USR002429,Standard,2025-10-11,
USR002430,Standard,2026-05-27,
USR002431,Metal,2025-11-17,2026-08-06
USR002431,Standard,2026-08-07,
USR002432,Plus,2025-05-19,
USR002433,Premium,2023-09-26,
USR002434,Standard,2024-04-19,
USR002435,Standard,2023-12-28,
USR002436,Plus,2024-02-29,2026-03-01
USR002436,Premium,2026-03-02,
USR002437,Ultra,2026-04-10,2026-07-19
USR002437,Standard,2026-07-20,
USR002438,Standard,2024-09-27,2025-12-21
USR002438,Plus,2025-12-22,
USR002439,Plus,2025-11-11,
USR002440,Ultra,2023-11-22,2026-01-06
USR002440,Standard,2026-01-07,
USR002441,Metal,2024-03-10,
USR002442,Standard,2023-01-18,2025-01-14
USR002442,Plus,2025-01-15,
USR002443,Premium,2024-06-20,
USR002444,Ultra,2024-04-01,
USR002445,Standard,2026-03-20,
USR002446,Metal,2026-05-12,
USR002447,Premium,2025-11-05,
USR002448,Standard,2023-04-12,
USR002449,Premium,2025-08-07,
USR002450,Metal,2024-10-20,
USR002451,Standard,2024-05-22,
USR002452,Standard,2025-05-19,
USR002453,Standard,2023-09-30,
USR002454,Plus,2025-12-05,
USR002455,Standard,2024-10-24,
USR002456,Premium,2023-09-10,
USR002457,Plus,2024-09-06,
USR002458,Standard,2024-10-29,
USR002459,Premium,2024-01-31,2026-02-17
USR002459,Standard,2026-02-18,
USR002460,Metal,2024-12-14,
USR002461,Standard,2023-07-24,
USR002462,Plus,2023-04-09,
USR002463,Metal,2026-05-11,
USR002464,Standard,2026-06-24,
USR002465,Premium,2024-11-06,
USR002466,Premium,2026-05-05,2026-07-03
USR002466,Standard,2026-07-04,
USR002467,Ultra,2025-12-01,2026-05-27
USR002467,Premium,2026-05-28,
USR002468,Ultra,2023-07-25,
USR002469,Standard,2025-09-22,
USR002470,Ultra,2026-04-10,2026-06-29
USR002470,Premium,2026-06-30,
USR002471,Ultra,2026-08-04,
USR002472,Ultra,2024-01-02,2024-10-22
USR002472,Standard,2024-10-23,
USR002473,Standard,2023-05-14,
USR002474,Metal,2023-03-14,2025-03-23
USR002474,Premium,2025-03-24,
USR002475,Standard,2025-07-26,
USR002476,Premium,2024-01-13,
USR002477,Premium,2024-05-29,
USR002478,Ultra,2023-06-02,
USR002479,Plus,2025-07-31,2025-10-23
USR002479,Standard,2025-10-24,
USR002480,Premium,2025-10-03,2026-07-19
USR002480,Standard,2026-07-20,
USR002481,Standard,2023-11-10,
USR002482,Plus,2023-09-15,
USR002483,Plus,2024-11-17,
USR002484,Plus,2024-02-26,2025-08-21
USR002484,Standard,2025-08-22,
USR002485,Metal,2025-03-23,2026-06-14
USR002485,Premium,2026-06-15,
USR002486,Standard,2023-09-28,
USR002487,Metal,2025-10-12,
USR002488,Plus,2026-07-10,
USR002489,Premium,2023-12-26,
USR002490,Premium,2023-08-12,2026-06-14
USR002490,Plus,2026-06-15,
USR002491,Premium,2026-03-10,
USR002492,Premium,2024-08-08,
USR002493,Ultra,2023-09-22,2024-06-22
USR002493,Standard,2024-06-23,
USR002494,Premium,2023-05-26,
USR002495,Standard,2025-09-24,
USR002496,Metal,2026-08-07,
USR002497,Standard,2023-01-28,
USR002498,Standard,2023-11-17,
USR002499,Plus,2023-01-17,2026-05-29
USR002499,Standard,2026-05-30,
USR002500,Standard,2023-01-07,
USR002501,Standard,2024-11-19,
USR002502,Standard,2026-04-04,
USR002503,Ultra,2024-10-28,2026-04-21
USR002503,Plus,2026-04-22,
USR002504,Ultra,2026-02-28,2026-07-10
USR002504,Standard,2026-07-11,
USR002505,Ultra,2023-06-03,
USR002506,Premium,2024-10-30,2025-03-09
USR002506,Standard,2025-03-10,
USR002507,Plus,2026-05-31,2026-07-16
USR002507,Ultra,2026-07-17,
USR002508,Standard,2026-05-11,
USR002509,Standard,2024-12-29,
USR002510,Standard,2026-04-27,2026-07-26
USR002510,Metal,2026-07-27,
USR002511,Premium,2023-05-18,
USR002512,Standard,2023-02-27,
USR002513,Ultra,2026-03-07,
USR002514,Standard,2025-08-16,
USR002515,Standard,2025-07-23,
USR002516,Premium,2023-10-08,
USR002517,Standard,2026-05-05,
USR002518,Standard,2026-05-05,
USR002519,Metal,2026-03-13,
USR002520,Standard,2025-01-14,
USR002521,Plus,2024-04-19,2025-04-20
USR002521,Standard,2025-04-21,
USR002522,Plus,2026-05-02,
USR002523,Premium,2025-12-22,2026-07-09
USR002523,Plus,2026-07-10,
USR002524,Standard,2023-03-01,
USR002525,Plus,2024-01-15,2024-10-08
USR002525,Standard,2024-10-09,
USR002526,Standard,2026-01-11,
USR002527,Standard,2025-03-14,
USR002528,Standard,2025-07-17,2026-03-03
USR002528,Premium,2026-03-04,
USR002529,Standard,2024-12-09,
USR002530,Standard,2024-08-28,
USR002531,Standard,2025-10-02,
USR002532,Metal,2025-02-11,2026-05-24
USR002532,Standard,2026-05-25,
USR002533,Premium,2023-07-01,
USR002534,Premium,2025-12-03,
USR002535,Ultra,2026-05-22,
USR002536,Premium,2023-06-11,2023-09-15
USR002536,Standard,2023-09-16,
USR002537,Standard,2024-09-08,
USR002538,Metal,2024-10-10,
USR002539,Standard,2023-12-13,
USR002540,Plus,2026-08-19,
USR002541,Premium,2023-04-12,
USR002542,Standard,2024-09-04,
USR002543,Plus,2024-03-23,
USR002544,Plus,2023-01-20,
USR002545,Standard,2024-10-19,
USR002546,Standard,2023-02-10,
USR002547,Standard,2026-01-19,
USR002548,Premium,2026-06-13,2026-08-24
USR002548,Metal,2026-08-25,
USR002549,Metal,2024-12-25,2025-04-06
USR002549,Standard,2025-04-07,
USR002550,Standard,2026-06-11,
USR002551,Standard,2024-03-01,
USR002552,Ultra,2023-03-19,2024-05-01
USR002552,Metal,2024-05-02,
USR002553,Metal,2023-04-19,
USR002554,Standard,2026-03-21,
USR002555,Ultra,2023-11-24,
USR002556,Ultra,2024-02-24,2026-06-20
USR002556,Metal,2026-06-21,
USR002557,Standard,2024-06-17,
USR002558,Standard,2025-11-25,
USR002559,Standard,2025-08-16,
USR002560,Standard,2024-11-14,
USR002561,Metal,2026-01-27,
USR002562,Standard,2024-08-12,
USR002563,Premium,2025-03-26,
USR002564,Premium,2024-04-06,
USR002565,Premium,2024-10-31,
USR002566,Premium,2024-12-10,
USR002567,Standard,2023-08-21,
USR002568,Premium,2026-04-10,
USR002569,Standard,2024-08-12,
USR002570,Standard,2024-08-24,
USR002571,Standard,2026-03-17,
USR002572,Standard,2023-09-23,
USR002573,Standard,2026-08-16,
USR002574,Metal,2023-08-29,2025-05-14
USR002574,Premium,2025-05-15,
USR002575,Metal,2023-12-14,2024-10-31
USR002575,Standard,2024-11-01,
USR002576,Standard,2023-03-27,
USR002577,Metal,2023-11-19,
USR002578,Metal,2025-09-30,2026-08-28
USR002578,Standard,2026-08-29,
USR002579,Premium,2024-05-01,
USR002580,Standard,2025-12-07,
USR002581,Metal,2025-10-05,2026-07-03
USR002581,Plus,2026-07-04,
USR002582,Ultra,2023-03-28,
USR002583,Premium,2024-11-15,
USR002584,Standard,2023-02-23,
USR002585,Standard,2023-07-15,
USR002586,Standard,2026-04-22,
USR002587,Standard,2023-11-05,
USR002588,Standard,2026-07-22,
USR002589,Standard,2025-08-18,2026-02-11
USR002589,Premium,2026-02-12,
USR002590,Standard,2023-10-12,
USR002591,Plus,2024-12-21,
USR002592,Ultra,2025-09-05,2026-05-16
USR002592,Premium,2026-05-17,
USR002593,Metal,2023-02-08,
USR002594,Standard,2026-08-21,
USR002595,Premium,2023-06-11,2026-02-28
USR002595,Plus,2026-03-01,
USR002596,Ultra,2024-11-17,2026-02-18
USR002596,Standard,2026-02-19,
USR002597,Standard,2025-03-31,
USR002598,Standard,2023-03-21,
USR002599,Standard,2026-06-02,
USR002600,Plus,2023-04-28,2024-12-14
USR002600,Standard,2024-12-15,
USR002601,Standard,2023-07-14,
USR002602,Standard,2026-05-21,
USR002603,Premium,2025-07-10,
USR002604,Premium,2023-12-30,
USR002605,Plus,2025-11-20,2026-07-22
USR002605,Standard,2026-07-23,
USR002606,Premium,2026-05-11,2026-08-13
USR002606,Plus,2026-08-14,
USR002607,Standard,2024-01-07,
USR002608,Metal,2026-04-08,2026-06-21
USR002608,Standard,2026-06-22,
USR002609,Plus,2023-02-18,2026-05-01
USR002609,Premium,2026-05-02,
USR002610,Standard,2023-08-30,
USR002611,Standard,2024-06-07,
USR002612,Standard,2025-12-29,
USR002613,Standard,2023-12-17,
USR002614,Standard,2023-05-02,
USR002615,Standard,2025-03-09,
USR002616,Premium,2025-07-22,
USR002617,Ultra,2026-02-24,2026-04-01
USR002617,Standard,2026-04-02,
USR002618,Standard,2023-08-05,
USR002619,Standard,2023-11-24,
USR002620,Metal,2023-07-13,
USR002621,Ultra,2026-02-26,2026-08-29
USR002621,Premium,2026-08-30,
USR002622,Premium,2026-07-04,
USR002623,Ultra,2023-12-24,
USR002624,Plus,2024-05-16,
USR002625,Standard,2025-12-22,
USR002626,Standard,2024-08-12,
USR002627,Standard,2026-07-22,
USR002628,Premium,2025-08-19,
USR002629,Premium,2023-05-19,
USR002630,Premium,2026-03-13,2026-05-13
USR002630,Standard,2026-05-14,
USR002631,Premium,2024-06-25,2025-05-26
USR002631,Standard,2025-05-27,
USR002632,Premium,2025-02-19,
USR002633,Standard,2025-07-10,
USR002634,Plus,2026-02-17,
USR002635,Standard,2025-09-25,
USR002636,Plus,2025-08-26,
USR002637,Plus,2025-10-27,
USR002638,Standard,2024-07-21,2026-03-22
USR002638,Plus,2026-03-23,
USR002639,Plus,2024-05-08,2026-01-28
USR002639,Metal,2026-01-29,
USR002640,Standard,2025-11-27,
USR002641,Metal,2023-10-27,2025-10-01
USR002641,Standard,2025-10-02,
USR002642,Standard,2023-10-21,
USR002643,Ultra,2026-04-13,
USR002644,Metal,2024-03-22,
USR002645,Plus,2025-07-09,
USR002646,Standard,2026-04-11,
USR002647,Standard,2024-09-03,
USR002648,Standard,2024-05-28,
USR002649,Plus,2024-09-21,
USR002650,Premium,2023-06-06,2026-07-21
USR002650,Plus,2026-07-22,
USR002651,Plus,2023-11-06,2026-03-02
USR002651,Standard,2026-03-03,
USR002652,Standard,2024-01-20,
USR002653,Standard,2024-12-15,
USR002654,Plus,2024-05-24,2025-10-21
USR002654,Premium,2025-10-22,
USR002655,Standard,2023-05-02,2023-06-26
USR002655,Premium,2023-06-27,
USR002656,Plus,2026-08-18,
USR002657,Metal,2024-05-21,
USR002658,Premium,2023-02-13,
USR002659,Standard,2024-12-04,
USR002660,Standard,2023-08-16,
USR002661,Standard,2025-04-16,
USR002662,Metal,2023-12-13,2024-03-14
USR002662,Plus,2024-03-15,
USR002663,Premium,2025-11-13,2026-04-30
USR002663,Standard,2026-05-01,
USR002664,Metal,2025-05-10,2025-11-29
USR002664,Standard,2025-11-30,
USR002665,Metal,2023-03-21,
USR002666,Metal,2026-08-27,
USR002667,Premium,2025-05-11,
USR002668,Premium,2024-12-16,
USR002669,Standard,2023-03-22,
USR002670,Standard,2026-02-05,
USR002671,Standard,2023-09-14,
USR002672,Standard,2026-03-04,
USR002673,Standard,2026-03-22,
USR002674,Premium,2024-03-24,
USR002675,Standard,2024-12-16,
USR002676,Premium,2025-03-23,
USR002677,Plus,2026-01-24,2026-08-03
USR002677,Standard,2026-08-04,
USR002678,Standard,2026-08-17,
USR002679,Metal,2025-10-13,2026-03-01
USR002679,Standard,2026-03-02,
USR002680,Premium,2026-06-27,
USR002681,Premium,2023-10-16,
USR002682,Premium,2025-12-06,2026-07-02
USR002682,Plus,2026-07-03,
USR002683,Metal,2024-11-15,
USR002684,Metal,2025-05-28,
USR002685,Standard,2026-05-10,
USR002686,Metal,2025-07-15,
USR002687,Metal,2023-04-28,
USR002688,Standard,2025-02-04,
USR002689,Plus,2025-07-23,2026-04-12
USR002689,Standard,2026-04-13,
USR002690,Standard,2025-01-16,
USR002691,Metal,2026-02-08,
USR002692,Plus,2023-11-13,
USR002693,Plus,2023-04-26,
USR002694,Metal,2023-06-12,
USR002695,Plus,2023-01-21,
USR002696,Premium,2026-08-14,
USR002697,Plus,2025-11-19,
USR002698,Standard,2026-06-28,
USR002699,Metal,2023-06-18,2023-09-26
USR002699,Plus,2023-09-27,
USR002700,Metal,2024-04-28,2025-02-17
USR002700,Plus,2025-02-18,
USR002701,Standard,2026-01-05,
USR002702,Standard,2024-05-11,
USR002703,Standard,2024-11-25,
USR002704,Plus,2025-09-08,
USR002705,Plus,2024-02-29,
USR002706,Standard,2024-04-27,
USR002707,Plus,2024-12-15,2025-05-02
USR002707,Standard,2025-05-03,
USR002708,Metal,2024-08-17,
USR002709,Standard,2025-05-27,
USR002710,Standard,2025-12-03,
USR002711,Standard,2023-07-26,
USR002712,Standard,2024-11-11,
USR002713,Premium,2024-06-30,
USR002714,Metal,2025-03-04,2026-05-15
USR002714,Plus,2026-05-16,
USR002715,Metal,2023-12-28,
USR002716,Standard,2023-04-20,
USR002717,Premium,2026-08-28,
USR002718,Plus,2025-10-15,2026-06-15
USR002718,Premium,2026-06-16,
USR002719,Standard,2023-11-26,
USR002720,Standard,2023-11-26,
USR002721,Ultra,2026-07-27,
USR002722,Premium,2025-08-04,2025-09-12
USR002722,Standard,2025-09-13,
USR002723,Premium,2024-08-26,
USR002724,Metal,2023-02-13,
USR002725,Plus,2024-06-27,
USR002726,Standard,2025-05-13,
USR002727,Premium,2026-01-26,2026-06-23
USR002727,Plus,2026-06-24,
USR002728,Metal,2024-03-28,
USR002729,Premium,2023-04-01,
USR002730,Standard,2023-12-05,
USR002731,Standard,2023-05-30,
USR002732,Standard,2026-03-08,
USR002733,Standard,2024-05-12,
USR002734,Metal,2025-10-09,2026-05-26
USR002734,Standard,2026-05-27,
USR002735,Metal,2026-01-09,
USR002736,Standard,2024-11-18,
USR002737,Standard,2026-03-28,
USR002738,Standard,2025-03-01,
USR002739,Standard,2023-11-17,
USR002740,Standard,2025-07-07,
USR002741,Standard,2025-12-18,2026-03-05
USR002741,Plus,2026-03-06,
USR002742,Premium,2024-08-21,
USR002743,Plus,2024-01-27,2026-01-12
USR002743,Standard,2026-01-13,
USR002744,Plus,2024-08-04,
USR002745,Standard,2023-07-16,
USR002746,Standard,2024-08-17,
USR002747,Standard,2026-04-06,
USR002748,Standard,2025-01-16,
USR002749,Standard,2023-07-13,2025-07-31
USR002749,Plus,2025-08-01,
USR002750,Plus,2024-09-10,
USR002751,Standard,2024-01-23,
USR002752,Standard,2024-08-09,
USR002753,Premium,2026-05-14,
USR002754,Plus,2026-06-24,
USR002755,Metal,2024-07-20,
USR002756,Standard,2025-07-19,
USR002757,Premium,2026-07-11,
USR002758,Standard,2026-05-01,
USR002759,Standard,2025-03-08,
USR002760,Metal,2023-10-14,
USR002761,Standard,2023-08-13,
USR002762,Premium,2025-11-13,
USR002763,Standard,2026-02-27,
USR002764,Standard,2023-02-25,
USR002765,Standard,2025-02-25,
USR002766,Plus,2025-02-27,
USR002767,Metal,2023-07-01,
USR002768,Premium,2024-03-05,
USR002769,Standard,2026-06-21,2026-08-06
USR002769,Plus,2026-08-07,
USR002770,Ultra,2023-04-22,2025-06-01
USR002770,Metal,2025-06-02,
USR002771,Standard,2023-11-04,
USR002772,Metal,2024-12-14,2026-09-03
USR002772,Standard,2026-09-04,
USR002773,Premium,2024-11-17,
USR002774,Plus,2023-04-19,
USR002775,Standard,2025-04-16,
USR002776,Standard,2026-02-06,
USR002777,Standard,2024-03-03,
USR002778,Premium,2023-04-24,2025-01-30
USR002778,Metal,2025-01-31,
USR002779,Ultra,2024-04-12,2025-04-12
USR002779,Metal,2025-04-13,
USR002780,Plus,2024-04-20,
USR002781,Plus,2023-05-18,2025-05-28
USR002781,Standard,2025-05-29,
USR002782,Metal,2025-08-28,2026-06-02
USR002782,Standard,2026-06-03,
USR002783,Plus,2026-08-28,
USR002784,Standard,2023-01-26,
USR002785,Plus,2026-02-18,
USR002786,Standard,2024-04-04,
USR002787,Standard,2025-06-24,
USR002788,Plus,2025-09-23,2026-03-10
USR002788,Metal,2026-03-11,
USR002789,Plus,2026-03-31,
USR002790,Standard,2023-07-07,
USR002791,Standard,2025-04-23,
USR002792,Standard,2024-08-31,
USR002793,Plus,2026-06-08,
USR002794,Standard,2024-07-12,
USR002795,Metal,2025-07-31,2026-06-10
USR002795,Plus,2026-06-11,
USR002796,Premium,2025-06-20,2026-06-08
USR002796,Plus,2026-06-09,
USR002797,Premium,2024-12-04,
USR002798,Ultra,2023-07-16,
USR002799,Metal,2023-07-08,
USR002800,Ultra,2026-05-18,2026-08-13
USR002800,Standard,2026-08-14,
USR002801,Ultra,2024-02-20,2026-08-25
USR002801,Premium,2026-08-26,
USR002802,Standard,2024-03-11,
USR002803,Premium,2026-07-08,
USR002804,Premium,2023-06-18,
USR002805,Plus,2024-05-07,2025-06-23
USR002805,Standard,2025-06-24,
USR002806,Premium,2023-12-14,
USR002807,Metal,2024-05-23,2024-12-26
USR002807,Premium,2024-12-27,
USR002808,Standard,2024-06-23,
USR002809,Standard,2025-12-10,
USR002810,Standard,2024-09-23,
USR002811,Standard,2026-04-09,
USR002812,Standard,2023-09-22,
USR002813,Metal,2023-11-15,
USR002814,Plus,2023-12-05,2024-08-04
USR002814,Metal,2024-08-05,
USR002815,Standard,2025-02-05,
USR002816,Standard,2024-08-09,
USR002817,Plus,2026-07-06,
USR002818,Standard,2024-02-28,
USR002819,Plus,2023-01-10,
USR002820,Metal,2023-02-28,2024-10-02
USR002820,Premium,2024-10-03,
USR002821,Premium,2024-12-18,2025-11-07
USR002821,Plus,2025-11-08,
USR002822,Metal,2025-10-09,
USR002823,Premium,2025-08-11,
USR002824,Premium,2026-05-19,
USR002825,Plus,2024-01-26,2025-05-12
USR002825,Standard,2025-05-13,
USR002826,Metal,2024-12-06,
USR002827,Standard,2023-11-06,
USR002828,Plus,2023-05-07,2023-10-31
USR002828,Ultra,2023-11-01,
USR002829,Metal,2025-07-26,2025-11-26
USR002829,Standard,2025-11-27,
USR002830,Plus,2026-05-06,
USR002831,Plus,2025-04-28,
USR002832,Plus,2023-04-05,
USR002833,Standard,2023-08-30,
USR002834,Metal,2024-06-30,2025-08-21
USR002834,Standard,2025-08-22,
USR002835,Plus,2025-07-27,
USR002836,Metal,2024-12-14,2025-07-11
USR002836,Standard,2025-07-12,
USR002837,Standard,2023-11-05,
USR002838,Standard,2023-06-24,
USR002839,Metal,2025-06-03,
USR002840,Standard,2025-10-24,2026-07-14
USR002840,Metal,2026-07-15,
USR002841,Standard,2025-03-19,
USR002842,Plus,2024-08-28,
USR002843,Standard,2025-05-06,
USR002844,Standard,2023-02-18,
USR002845,Ultra,2024-01-08,
USR002846,Standard,2024-12-28,
USR002847,Standard,2024-07-26,
USR002848,Plus,2023-10-22,2024-07-23
USR002848,Standard,2024-07-24,
USR002849,Plus,2024-04-04,
USR002850,Standard,2024-07-23,
USR002851,Metal,2025-06-24,2026-03-23
USR002851,Standard,2026-03-24,
USR002852,Standard,2026-06-20,
USR002853,Plus,2025-10-22,
USR002854,Metal,2026-02-06,
USR002855,Premium,2024-06-18,
USR002856,Metal,2026-04-04,
USR002857,Plus,2023-08-17,
USR002858,Standard,2025-07-14,
USR002859,Metal,2026-01-25,
USR002860,Standard,2024-11-02,
USR002861,Metal,2023-08-09,
USR002862,Premium,2023-10-19,
USR002863,Metal,2023-10-21,2024-04-25
USR002863,Standard,2024-04-26,
USR002864,Standard,2026-03-31,
USR002865,Metal,2024-09-06,
USR002866,Standard,2023-11-30,
USR002867,Plus,2023-01-09,
USR002868,Ultra,2025-12-25,
USR002869,Standard,2024-03-09,
USR002870,Plus,2025-02-11,
USR002871,Standard,2023-03-21,
USR002872,Standard,2025-11-26,
USR002873,Plus,2023-04-09,
USR002874,Standard,2023-05-15,
USR002875,Premium,2025-07-25,2025-10-14
USR002875,Standard,2025-10-15,
USR002876,Plus,2023-08-06,2026-03-08
USR002876,Standard,2026-03-09,
USR002877,Metal,2026-07-11,
USR002878,Standard,2023-06-13,
USR002879,Standard,2024-03-04,
USR002880,Standard,2025-09-01,
USR002881,Standard,2024-01-21,
USR002882,Standard,2025-02-27,2025-07-28
USR002882,Metal,2025-07-29,
USR002883,Metal,2025-08-26,2025-10-24
USR002883,Standard,2025-10-25,
USR002884,Standard,2023-07-11,
USR002885,Premium,2024-08-05,
USR002886,Metal,2025-12-24,2026-02-14
USR002886,Premium,2026-02-15,
USR002887,Metal,2023-08-03,
USR002888,Standard,2026-06-18,
USR002889,Premium,2025-11-24,2026-03-12
USR002889,Plus,2026-03-13,
USR002890,Premium,2023-06-01,
USR002891,Standard,2024-04-10,
USR002892,Standard,2026-03-25,
USR002893,Standard,2024-11-27,
USR002894,Metal,2024-06-20,
USR002895,Standard,2023-11-19,
USR002896,Plus,2023-01-31,
USR002897,Standard,2025-04-10,
USR002898,Standard,2023-02-18,
USR002899,Premium,2024-07-07,
USR002900,Metal,2023-02-28,
USR002901,Plus,2024-04-13,
USR002902,Metal,2024-11-21,
USR002903,Plus,2025-01-04,2026-07-31
USR002903,Standard,2026-08-01,
USR002904,Plus,2026-06-05,
USR002905,Standard,2024-01-13,
USR002906,Standard,2026-06-28,
USR002907,Standard,2023-02-14,
USR002908,Premium,2024-05-05,2024-09-01
USR002908,Standard,2024-09-02,
USR002909,Standard,2023-07-08,
USR002910,Plus,2026-05-01,
USR002911,Standard,2024-07-25,
USR002912,Plus,2026-01-02,
USR002913,Metal,2025-02-07,
USR002914,Metal,2025-07-26,
USR002915,Metal,2023-01-25,
USR002916,Standard,2025-08-11,
USR002917,Standard,2025-03-07,
USR002918,Standard,2024-08-16,
USR002919,Metal,2023-03-30,2023-08-15
USR002919,Standard,2023-08-16,
USR002920,Standard,2024-01-19,
USR002921,Standard,2023-12-15,
USR002922,Standard,2024-01-27,
USR002923,Standard,2023-08-20,
USR002924,Plus,2024-07-21,
USR002925,Metal,2025-09-19,
USR002926,Metal,2023-03-12,
USR002927,Standard,2025-06-23,
USR002928,Metal,2026-06-22,2026-08-11
USR002928,Plus,2026-08-12,
USR002929,Metal,2023-08-17,
USR002930,Premium,2023-02-02,
USR002931,Premium,2024-08-31,
USR002932,Premium,2024-02-15,
USR002933,Standard,2023-06-25,
USR002934,Premium,2026-01-13,
USR002935,Premium,2024-12-14,
USR002936,Plus,2024-10-06,2026-02-07
USR002936,Standard,2026-02-08,
USR002937,Standard,2024-10-01,
USR002938,Standard,2024-12-21,
USR002939,Standard,2026-01-26,2026-05-23
USR002939,Metal,2026-05-24,
USR002940,Standard,2023-08-21,
USR002941,Standard,2023-02-15,
USR002942,Plus,2026-05-03,
USR002943,Premium,2023-02-05,2023-05-20
USR002943,Metal,2023-05-21,
USR002944,Premium,2023-03-14,
USR002945,Standard,2026-05-22,
USR002946,Standard,2024-08-26,
USR002947,Standard,2026-05-02,
USR002948,Plus,2025-06-24,
USR002949,Metal,2024-08-05,
USR002950,Standard,2025-08-09,
USR002951,Metal,2023-07-19,
USR002952,Plus,2025-01-09,
USR002953,Premium,2026-01-03,2026-08-16
USR002953,Metal,2026-08-17,
USR002954,Plus,2025-03-03,2026-08-26
USR002954,Ultra,2026-08-27,
USR002955,Ultra,2023-11-30,2024-11-04
USR002955,Premium,2024-11-05,
USR002956,Standard,2024-07-13,
USR002957,Premium,2026-06-26,
USR002958,Standard,2026-05-31,
USR002959,Plus,2024-06-15,
USR002960,Ultra,2026-07-02,2026-09-01
USR002960,Premium,2026-09-02,
USR002961,Plus,2025-07-08,2026-08-06
USR002961,Premium,2026-08-07,
USR002962,Plus,2023-04-26,2024-04-14
USR002962,Metal,2024-04-15,
USR002963,Standard,2026-08-12,
USR002964,Plus,2023-12-27,
USR002965,Ultra,2024-09-20,
USR002966,Ultra,2025-12-17,
USR002967,Premium,2026-05-06,
USR002968,Ultra,2023-11-06,
USR002969,Standard,2024-08-22,
USR002970,Standard,2024-08-20,
USR002971,Standard,2024-06-27,
USR002972,Premium,2024-01-25,2025-10-20
USR002972,Metal,2025-10-21,
USR002973,Ultra,2023-01-28,2024-09-26
USR002973,Standard,2024-09-27,
USR002974,Plus,2026-05-20,2026-07-25
USR002974,Premium,2026-07-26,
USR002975,Plus,2024-05-26,
USR002976,Plus,2023-06-06,2026-04-20
USR002976,Premium,2026-04-21,
USR002977,Standard,2024-05-20,
USR002978,Metal,2023-09-27,2026-07-23
USR002978,Standard,2026-07-24,
USR002979,Standard,2024-12-20,
USR002980,Standard,2024-12-01,2025-01-06
USR002980,Ultra,2025-01-07,
USR002981,Standard,2023-06-20,
USR002982,Plus,2024-11-03,2025-10-12
USR002982,Standard,2025-10-13,
USR002983,Standard,2023-12-25,
USR002984,Plus,2023-02-10,2024-07-04
USR002984,Standard,2024-07-05,
USR002985,Standard,2024-09-14,
USR002986,Standard,2024-09-02,
USR002987,Standard,2025-02-18,
USR002988,Standard,2025-06-05,
USR002989,Standard,2025-10-02,
USR002990,Standard,2025-09-29,
USR002991,Premium,2023-10-16,
USR002992,Metal,2026-01-17,
USR002993,Premium,2024-01-29,
USR002994,Standard,2024-05-02,2025-03-18
USR002994,Metal,2025-03-19,
USR002995,Standard,2026-04-21,
USR002996,Plus,2023-02-09,2024-01-21
USR002996,Ultra,2024-01-22,
USR002997,Plus,2024-04-23,
USR002998,Standard,2026-02-09,
USR002999,Standard,2024-08-26,
USR003000,Plus,2023-05-06,
USR003001,Standard,2024-11-27,
USR003002,Standard,2024-05-13,
USR003003,Ultra,2025-07-23,2025-11-02
USR003003,Premium,2025-11-03,
USR003004,Premium,2023-05-31,
USR003005,Premium,2025-07-14,2026-03-31
USR003005,Metal,2026-04-01,
USR003006,Standard,2026-08-12,
USR003007,Standard,2026-07-13,
USR003008,Plus,2025-01-04,
USR003009,Metal,2023-01-02,
USR003010,Standard,2026-07-23,
USR003011,Standard,2025-08-26,
USR003012,Standard,2023-06-16,
USR003013,Standard,2026-04-06,
USR003014,Ultra,2024-12-19,2026-08-18
USR003014,Standard,2026-08-19,
USR003015,Premium,2025-02-17,
USR003016,Plus,2026-03-29,2026-05-27
USR003016,Standard,2026-05-28,
USR003017,Standard,2024-03-18,
USR003018,Standard,2026-06-30,
USR003019,Ultra,2025-03-31,2026-02-22
USR003019,Plus,2026-02-23,
USR003020,Plus,2023-03-06,2026-02-07
USR003020,Standard,2026-02-08,
USR003021,Standard,2025-12-14,
USR003022,Metal,2023-07-03,
USR003023,Premium,2025-06-11,
USR003024,Ultra,2025-10-12,
USR003025,Premium,2025-10-20,
USR003026,Standard,2026-07-08,
USR003027,Standard,2026-08-02,
USR003028,Standard,2025-07-12,
USR003029,Standard,2025-07-14,
USR003030,Plus,2024-01-16,
USR003031,Premium,2023-06-23,
USR003032,Premium,2023-05-30,
USR003033,Plus,2025-09-25,2026-09-05
USR003033,Standard,2026-09-06,
USR003034,Metal,2024-05-27,
USR003035,Plus,2024-10-31,2026-04-09
USR003035,Standard,2026-04-10,
USR003036,Ultra,2025-05-09,2025-12-31
USR003036,Standard,2026-01-01,
USR003037,Plus,2024-08-31,
USR003038,Plus,2026-02-02,
USR003039,Standard,2023-03-15,
USR003040,Standard,2023-10-20,
USR003041,Standard,2026-02-10,
USR003042,Standard,2023-10-10,
USR003043,Plus,2026-06-21,
USR003044,Standard,2025-09-01,
USR003045,Standard,2026-05-23,
USR003046,Premium,2024-12-05,
USR003047,Ultra,2024-05-04,2025-12-05
USR003047,Premium,2025-12-06,
USR003048,Ultra,2025-09-08,2026-06-14
USR003048,Standard,2026-06-15,
USR003049,Metal,2024-04-17,
USR003050,Ultra,2023-07-23,2025-11-25
USR003050,Standard,2025-11-26,
USR003051,Metal,2024-06-16,
USR003052,Ultra,2025-01-11,
USR003053,Standard,2023-08-23,
USR003054,Premium,2025-03-24,
USR003055,Standard,2025-03-24,
USR003056,Ultra,2023-07-26,2024-06-19
USR003056,Standard,2024-06-20,
USR003057,Standard,2025-08-24,
USR003058,Standard,2025-05-01,
USR003059,Standard,2025-08-21,
USR003060,Premium,2024-11-09,2026-05-19
USR003060,Standard,2026-05-20,
USR003061,Standard,2023-11-08,
USR003062,Standard,2024-07-28,
USR003063,Standard,2025-03-24,
USR003064,Plus,2024-02-29,
USR003065,Standard,2023-04-05,
USR003066,Plus,2024-04-06,
USR003067,Standard,2025-08-04,
USR003068,Plus,2024-06-11,2025-04-07
USR003068,Standard,2025-04-08,
USR003069,Standard,2026-05-30,
USR003070,Premium,2025-09-19,2026-05-05
USR003070,Standard,2026-05-06,
USR003071,Metal,2024-07-26,
USR003072,Premium,2025-09-01,
USR003073,Standard,2026-06-03,
USR003074,Plus,2024-12-14,
USR003075,Premium,2025-02-12,
USR003076,Premium,2026-03-25,
USR003077,Ultra,2023-10-25,
USR003078,Plus,2023-01-17,
USR003079,Plus,2023-10-06,
USR003080,Standard,2024-09-13,
USR003081,Premium,2025-04-16,
USR003082,Standard,2024-12-06,
USR003083,Ultra,2025-07-23,2025-10-15
USR003083,Plus,2025-10-16,
USR003084,Standard,2025-03-31,
USR003085,Standard,2023-08-18,
USR003086,Standard,2023-08-29,
USR003087,Plus,2026-04-15,
USR003088,Premium,2025-03-15,
USR003089,Standard,2025-02-17,
USR003090,Standard,2023-10-04,
USR003091,Premium,2026-02-24,
USR003092,Standard,2025-02-23,
USR003093,Plus,2024-11-07,2025-01-22
USR003093,Standard,2025-01-23,
USR003094,Standard,2023-02-15,
USR003095,Plus,2025-08-25,
USR003096,Standard,2024-07-16,
USR003097,Standard,2026-05-20,2026-07-01
USR003097,Plus,2026-07-02,
USR003098,Standard,2026-03-12,
USR003099,Standard,2026-03-08,
USR003100,Premium,2025-05-03,2025-11-21
USR003100,Plus,2025-11-22,
USR003101,Metal,2023-10-20,
USR003102,Premium,2023-09-04,
USR003103,Standard,2024-04-09,2025-10-18
USR003103,Plus,2025-10-19,
USR003104,Metal,2024-04-21,
USR003105,Metal,2024-01-20,2025-04-13
USR003105,Standard,2025-04-14,
USR003106,Ultra,2023-08-23,2026-08-29
USR003106,Standard,2026-08-30,
USR003107,Standard,2023-01-26,
USR003108,Standard,2023-06-05,
USR003109,Metal,2024-08-25,2025-04-09
USR003109,Standard,2025-04-10,
USR003110,Plus,2026-07-22,
USR003111,Standard,2023-11-15,
USR003112,Standard,2025-05-18,
USR003113,Standard,2024-05-08,
USR003114,Metal,2026-02-12,
USR003115,Plus,2025-06-22,
USR003116,Metal,2025-03-28,
USR003117,Premium,2023-12-14,
USR003118,Premium,2024-12-15,
USR003119,Metal,2023-09-18,2024-03-10
USR003119,Standard,2024-03-11,
USR003120,Standard,2023-04-30,
USR003121,Standard,2025-09-12,
USR003122,Premium,2023-03-06,2026-06-04
USR003122,Standard,2026-06-05,
USR003123,Premium,2023-07-21,2025-12-30
USR003123,Standard,2025-12-31,
USR003124,Standard,2025-01-19,2026-05-23
USR003124,Metal,2026-05-24,
USR003125,Metal,2025-09-14,2026-07-28
USR003125,Ultra,2026-07-29,
USR003126,Standard,2023-10-18,
USR003127,Standard,2026-08-23,
USR003128,Ultra,2025-07-29,
USR003129,Standard,2023-02-21,
USR003130,Standard,2025-06-17,
USR003131,Premium,2026-06-30,
USR003132,Standard,2025-11-22,
USR003133,Plus,2026-07-19,
USR003134,Plus,2024-10-15,2025-12-17
USR003134,Metal,2025-12-18,
USR003135,Standard,2025-01-16,
USR003136,Ultra,2024-06-03,2024-11-24
USR003136,Premium,2024-11-25,
USR003137,Standard,2023-10-05,
USR003138,Plus,2026-02-15,
USR003139,Standard,2023-02-18,
USR003140,Standard,2025-07-24,
USR003141,Plus,2024-09-28,
USR003142,Ultra,2025-03-15,2026-05-04
USR003142,Plus,2026-05-05,
USR003143,Standard,2023-01-29,
USR003144,Plus,2025-03-15,2025-09-26
USR003144,Standard,2025-09-27,
USR003145,Metal,2025-09-11,
USR003146,Premium,2025-03-25,2026-08-23
USR003146,Standard,2026-08-24,
USR003147,Standard,2025-03-31,
USR003148,Metal,2025-12-17,
USR003149,Metal,2026-01-13,
USR003150,Metal,2024-09-15,
USR003151,Plus,2023-11-15,2025-04-04
USR003151,Premium,2025-04-05,
USR003152,Metal,2023-10-15,
USR003153,Premium,2024-07-22,
USR003154,Plus,2024-09-15,
USR003155,Standard,2024-08-23,
USR003156,Standard,2025-02-25,
USR003157,Standard,2024-12-01,
USR003158,Plus,2024-08-06,
USR003159,Premium,2024-09-07,
USR003160,Premium,2024-05-10,
USR003161,Standard,2025-09-22,
USR003162,Standard,2026-05-17,
USR003163,Metal,2023-02-23,
USR003164,Standard,2026-04-17,
USR003165,Plus,2025-02-09,2025-08-24
USR003165,Standard,2025-08-25,
USR003166,Premium,2024-04-28,2024-07-18
USR003166,Standard,2024-07-19,
USR003167,Standard,2023-03-30,
USR003168,Standard,2023-11-06,
USR003169,Plus,2023-06-16,2026-05-06
USR003169,Standard,2026-05-07,
USR003170,Metal,2024-03-17,2026-04-25
USR003170,Standard,2026-04-26,
USR003171,Premium,2026-06-16,
USR003172,Metal,2026-04-04,
USR003173,Standard,2023-02-11,
USR003174,Standard,2024-02-20,
USR003175,Plus,2024-04-23,
USR003176,Metal,2024-03-08,2024-04-10
USR003176,Standard,2024-04-11,
USR003177,Standard,2023-06-27,
USR003178,Plus,2026-08-01,
USR003179,Standard,2024-08-02,
USR003180,Premium,2024-12-18,2026-01-08
USR003180,Standard,2026-01-09,
USR003181,Premium,2023-01-23,
USR003182,Plus,2025-04-20,
USR003183,Standard,2026-08-21,
USR003184,Standard,2026-06-26,2026-08-03
USR003184,Metal,2026-08-04,
USR003185,Premium,2025-06-10,
USR003186,Metal,2026-02-06,
USR003187,Ultra,2025-08-19,2026-06-30
USR003187,Standard,2026-07-01,
USR003188,Standard,2023-05-12,
USR003189,Standard,2025-07-20,
USR003190,Premium,2024-07-09,2025-09-10
USR003190,Standard,2025-09-11,
USR003191,Standard,2025-05-29,
USR003192,Standard,2023-11-30,
USR003193,Plus,2023-12-29,
USR003194,Standard,2024-12-12,
USR003195,Premium,2026-01-23,
USR003196,Standard,2025-04-22,
USR003197,Standard,2026-06-13,
USR003198,Premium,2024-07-05,
USR003199,Ultra,2025-03-04,2026-07-31
USR003199,Plus,2026-08-01,
USR003200,Ultra,2025-12-18,2026-08-28
USR003200,Premium,2026-08-29,
USR003201,Standard,2023-12-26,
USR003202,Plus,2024-12-10,
USR003203,Ultra,2025-04-16,
USR003204,Standard,2023-03-26,
USR003205,Premium,2026-04-14,
USR003206,Premium,2025-03-14,
USR003207,Plus,2023-01-29,
USR003208,Plus,2026-05-01,
USR003209,Metal,2025-11-11,
USR003210,Standard,2025-03-16,
USR003211,Metal,2025-06-10,
USR003212,Plus,2023-10-22,2026-06-01
USR003212,Standard,2026-06-02,
USR003213,Standard,2023-01-29,
USR003214,Standard,2026-04-06,
USR003215,Ultra,2024-02-06,
USR003216,Ultra,2026-03-06,2026-06-19
USR003216,Metal,2026-06-20,
USR003217,Standard,2023-11-19,
USR003218,Metal,2025-12-10,2026-08-23
USR003218,Standard,2026-08-24,
USR003219,Metal,2024-12-30,
USR003220,Premium,2024-05-26,2026-03-08
USR003220,Standard,2026-03-09,
USR003221,Standard,2025-06-23,
USR003222,Standard,2023-04-28,
USR003223,Standard,2024-02-22,
USR003224,Standard,2024-04-24,
USR003225,Premium,2023-05-28,
USR003226,Standard,2023-08-13,
USR003227,Premium,2023-02-25,2025-10-16
USR003227,Standard,2025-10-17,
USR003228,Standard,2025-10-14,
USR003229,Standard,2024-10-27,
USR003230,Standard,2026-05-27,
USR003231,Standard,2023-03-10,
USR003232,Metal,2023-07-17,2025-10-17
USR003232,Standard,2025-10-18,
USR003233,Premium,2024-10-15,
USR003234,Premium,2025-12-12,
USR003235,Metal,2026-07-21,
USR003236,Standard,2024-06-28,
USR003237,Metal,2024-10-30,
USR003238,Standard,2025-01-23,
USR003239,Standard,2024-07-05,
USR003240,Ultra,2023-01-27,2024-11-23
USR003240,Standard,2024-11-24,
USR003241,Standard,2023-06-04,
USR003242,Standard,2024-04-27,
USR003243,Standard,2026-01-02,
USR003244,Standard,2024-07-18,
USR003245,Standard,2026-04-14,
USR003246,Metal,2025-04-20,
USR003247,Metal,2023-06-11,2025-04-18
USR003247,Premium,2025-04-19,
USR003248,Ultra,2025-05-26,
USR003249,Ultra,2026-06-06,2026-08-19
USR003249,Metal,2026-08-20,
USR003250,Standard,2023-10-30,
USR003251,Standard,2023-12-06,
USR003252,Plus,2025-08-11,
USR003253,Plus,2025-06-04,
USR003254,Plus,2026-01-17,
USR003255,Ultra,2024-08-11,
USR003256,Standard,2023-07-19,
USR003257,Plus,2026-08-17,
USR003258,Metal,2025-06-08,
USR003259,Standard,2026-02-03,
USR003260,Ultra,2026-04-30,2026-08-29
USR003260,Standard,2026-08-30,
USR003261,Metal,2025-02-14,
USR003262,Standard,2024-11-16,
USR003263,Premium,2024-06-05,
USR003264,Ultra,2024-10-12,
USR003265,Standard,2023-09-27,
USR003266,Ultra,2025-11-10,
USR003267,Standard,2024-07-21,
USR003268,Metal,2026-04-19,
USR003269,Standard,2023-08-11,
USR003270,Standard,2025-07-14,
USR003271,Standard,2023-09-14,
USR003272,Standard,2025-06-16,2026-01-28
USR003272,Ultra,2026-01-29,
USR003273,Premium,2026-01-06,2026-05-02
USR003273,Standard,2026-05-03,
USR003274,Ultra,2025-10-26,2026-04-29
USR003274,Standard,2026-04-30,
USR003275,Standard,2023-05-22,
USR003276,Metal,2026-02-03,
USR003277,Ultra,2025-12-15,2026-07-11
USR003277,Plus,2026-07-12,
USR003278,Standard,2026-03-09,
USR003279,Premium,2023-07-25,
USR003280,Standard,2023-04-18,
USR003281,Standard,2024-03-22,
USR003282,Standard,2024-11-20,
USR003283,Premium,2025-09-19,
USR003284,Standard,2026-06-18,
USR003285,Standard,2025-12-11,2026-03-07
USR003285,Plus,2026-03-08,
USR003286,Ultra,2024-03-05,2024-04-26
USR003286,Premium,2024-04-27,
USR003287,Metal,2023-05-05,
USR003288,Standard,2025-01-07,
USR003289,Ultra,2023-06-24,2024-12-29
USR003289,Standard,2024-12-30,
USR003290,Standard,2026-06-28,2026-07-30
USR003290,Premium,2026-07-31,
USR003291,Plus,2025-05-23,
USR003292,Standard,2025-06-14,
USR003293,Plus,2023-08-19,
USR003294,Standard,2025-12-09,
USR003295,Plus,2023-01-10,
USR003296,Plus,2023-05-24,2025-11-13
USR003296,Premium,2025-11-14,
USR003297,Metal,2025-12-27,
USR003298,Standard,2024-02-11,
USR003299,Premium,2025-09-08,
USR003300,Standard,2026-07-15,
USR003301,Standard,2026-08-08,
USR003302,Standard,2024-09-06,
USR003303,Metal,2024-11-21,
USR003304,Standard,2026-07-23,
USR003305,Plus,2026-06-11,2026-08-18
USR003305,Standard,2026-08-19,
USR003306,Standard,2025-09-01,
USR003307,Standard,2024-02-08,2025-05-07
USR003307,Ultra,2025-05-08,
USR003308,Metal,2023-09-25,
USR003309,Premium,2023-11-05,2024-05-07
USR003309,Standard,2024-05-08,
USR003310,Metal,2026-08-24,
USR003311,Plus,2023-01-15,
USR003312,Standard,2025-11-22,
USR003313,Plus,2023-04-22,
USR003314,Premium,2025-07-25,
USR003315,Standard,2023-06-10,
USR003316,Standard,2023-10-19,
USR003317,Metal,2026-04-29,
USR003318,Standard,2024-05-28,
USR003319,Standard,2024-05-22,
USR003320,Standard,2026-02-17,
USR003321,Standard,2025-07-19,
USR003322,Standard,2026-07-30,
USR003323,Metal,2024-04-16,
USR003324,Standard,2025-07-25,
USR003325,Metal,2023-12-07,
USR003326,Premium,2024-01-13,
USR003327,Standard,2024-12-24,
USR003328,Standard,2024-05-19,
USR003329,Metal,2023-12-13,
USR003330,Premium,2024-09-23,
USR003331,Plus,2023-02-24,
USR003332,Premium,2024-02-15,2024-07-09
USR003332,Standard,2024-07-10,
USR003333,Standard,2024-01-16,
USR003334,Premium,2024-11-23,
USR003335,Standard,2026-03-08,
USR003336,Premium,2024-04-14,2026-03-25
USR003336,Metal,2026-03-26,
USR003337,Premium,2026-05-17,
USR003338,Standard,2023-06-16,
USR003339,Standard,2024-10-04,
USR003340,Metal,2025-10-23,
USR003341,Standard,2025-04-12,
USR003342,Premium,2023-01-11,
USR003343,Metal,2024-02-25,
USR003344,Standard,2025-09-16,
USR003345,Plus,2026-03-10,
USR003346,Plus,2026-06-27,
USR003347,Standard,2024-01-04,
USR003348,Standard,2025-07-10,
USR003349,Standard,2023-11-01,
USR003350,Premium,2026-02-06,
USR003351,Standard,2026-08-16,
USR003352,Standard,2026-05-30,
USR003353,Plus,2024-02-24,
USR003354,Ultra,2023-03-02,2023-11-20
USR003354,Standard,2023-11-21,
USR003355,Premium,2024-11-13,
USR003356,Standard,2026-04-30,
USR003357,Standard,2026-01-14,
USR003358,Standard,2024-07-23,
USR003359,Metal,2024-02-10,2025-09-07
USR003359,Standard,2025-09-08,
USR003360,Standard,2026-04-22,
USR003361,Standard,2025-11-29,
USR003362,Standard,2026-06-06,
USR003363,Standard,2023-02-27,
USR003364,Standard,2026-03-03,
USR003365,Plus,2025-03-13,
USR003366,Standard,2024-10-17,
USR003367,Ultra,2023-04-08,
USR003368,Standard,2026-08-11,
USR003369,Metal,2026-03-25,2026-05-03
USR003369,Plus,2026-05-04,
USR003370,Plus,2025-12-24,
USR003371,Standard,2023-10-09,
USR003372,Standard,2023-05-06,
USR003373,Plus,2025-09-28,2025-12-27
USR003373,Standard,2025-12-28,
USR003374,Plus,2023-08-19,2026-08-23
USR003374,Standard,2026-08-24,
USR003375,Standard,2025-02-25,
USR003376,Standard,2025-04-19,
USR003377,Standard,2024-09-29,
USR003378,Standard,2025-09-02,
USR003379,Standard,2023-01-24,
USR003380,Metal,2026-02-02,
USR003381,Ultra,2026-08-13,
USR003382,Ultra,2025-04-18,
USR003383,Plus,2023-08-10,2024-03-26
USR003383,Standard,2024-03-27,
USR003384,Standard,2025-05-27,
USR003385,Plus,2023-02-08,
USR003386,Metal,2023-02-08,
USR003387,Standard,2025-07-07,
USR003388,Metal,2024-10-08,2025-08-27
USR003388,Plus,2025-08-28,
USR003389,Standard,2026-01-13,
USR003390,Premium,2023-02-06,2024-12-20
USR003390,Plus,2024-12-21,
USR003391,Standard,2024-07-27,
USR003392,Standard,2026-08-16,
USR003393,Standard,2023-11-05,
USR003394,Premium,2025-08-27,
USR003395,Plus,2025-12-07,
USR003396,Standard,2026-03-10,
USR003397,Standard,2024-08-03,
USR003398,Standard,2026-05-15,
USR003399,Ultra,2024-07-18,2025-12-23
USR003399,Plus,2025-12-24,
USR003400,Plus,2026-01-04,2026-06-16
USR003400,Standard,2026-06-17,
USR003401,Standard,2023-01-15,
USR003402,Metal,2025-11-16,
USR003403,Premium,2025-07-22,
USR003404,Standard,2023-06-09,
USR003405,Standard,2026-01-25,
USR003406,Premium,2023-07-17,
USR003407,Ultra,2024-07-10,2025-01-06
USR003407,Standard,2025-01-07,
USR003408,Standard,2024-10-15,
USR003409,Premium,2024-12-30,2026-08-15
USR003409,Plus,2026-08-16,
USR003410,Metal,2023-05-31,2024-09-14
USR003410,Standard,2024-09-15,
USR003411,Standard,2024-01-29,
USR003412,Ultra,2024-09-16,2025-04-05
USR003412,Standard,2025-04-06,
USR003413,Premium,2026-07-12,
USR003414,Plus,2023-04-02,
USR003415,Standard,2026-02-21,
USR003416,Standard,2023-02-06,
USR003417,Standard,2025-11-30,
USR003418,Standard,2024-03-24,
USR003419,Metal,2024-02-01,2024-04-25
USR003419,Premium,2024-04-26,
USR003420,Metal,2026-08-12,
USR003421,Standard,2024-12-17,
USR003422,Standard,2025-10-20,
USR003423,Premium,2025-12-15,2026-03-11
USR003423,Standard,2026-03-12,
USR003424,Standard,2023-07-14,
USR003425,Metal,2024-07-08,
USR003426,Standard,2023-08-22,
USR003427,Premium,2026-06-17,
USR003428,Plus,2024-06-25,2026-02-08
USR003428,Standard,2026-02-09,
USR003429,Standard,2023-04-29,
USR003430,Standard,2026-06-13,
USR003431,Standard,2025-05-04,
USR003432,Standard,2023-09-19,
USR003433,Metal,2024-08-04,2025-05-15
USR003433,Standard,2025-05-16,
USR003434,Metal,2025-03-16,
USR003435,Standard,2025-03-20,
USR003436,Premium,2025-02-18,
USR003437,Premium,2026-01-13,
USR003438,Plus,2024-03-23,
USR003439,Plus,2026-01-24,2026-08-04
USR003439,Metal,2026-08-05,
USR003440,Metal,2024-10-10,
USR003441,Plus,2024-09-19,2025-04-09
USR003441,Standard,2025-04-10,
USR003442,Standard,2024-03-01,
USR003443,Standard,2024-03-02,
USR003444,Ultra,2025-06-16,2025-11-01
USR003444,Standard,2025-11-02,
USR003445,Standard,2023-11-20,
USR003446,Metal,2023-03-14,
USR003447,Standard,2024-04-02,
USR003448,Standard,2024-04-23,
USR003449,Plus,2026-03-10,
USR003450,Plus,2023-09-04,
USR003451,Plus,2025-04-30,2025-11-17
USR003451,Standard,2025-11-18,
USR003452,Standard,2024-11-15,
USR003453,Standard,2025-09-22,
USR003454,Premium,2026-01-11,2026-06-23
USR003454,Standard,2026-06-24,
USR003455,Standard,2026-08-02,
USR003456,Standard,2026-06-13,
USR003457,Standard,2025-01-03,2025-05-06
USR003457,Metal,2025-05-07,
USR003458,Standard,2023-03-29,
USR003459,Standard,2023-09-02,
USR003460,Metal,2023-10-28,
USR003461,Ultra,2024-08-16,2026-05-12
USR003461,Premium,2026-05-13,
USR003462,Metal,2024-01-17,2024-04-20
USR003462,Premium,2024-04-21,
USR003463,Standard,2025-02-04,
USR003464,Metal,2025-11-13,
USR003465,Plus,2025-02-02,
USR003466,Plus,2024-11-06,
USR003467,Premium,2024-09-25,
USR003468,Premium,2025-05-06,
USR003469,Ultra,2023-07-04,2024-06-17
USR003469,Premium,2024-06-18,
USR003470,Standard,2024-10-24,
USR003471,Standard,2026-06-09,
USR003472,Ultra,2023-11-23,
USR003473,Metal,2024-03-24,
USR003474,Standard,2024-11-20,
USR003475,Standard,2023-05-12,
USR003476,Metal,2023-03-07,2023-08-10
USR003476,Premium,2023-08-11,
USR003477,Standard,2025-09-19,
USR003478,Premium,2024-02-22,
USR003479,Ultra,2024-12-30,
USR003480,Standard,2026-03-08,
USR003481,Premium,2023-04-15,
USR003482,Standard,2026-07-18,
USR003483,Ultra,2025-04-09,2025-07-20
USR003483,Standard,2025-07-21,
USR003484,Metal,2024-06-10,
USR003485,Premium,2025-12-16,
USR003486,Standard,2024-05-21,
USR003487,Standard,2024-10-05,
USR003488,Metal,2024-01-07,
USR003489,Metal,2025-05-14,2025-07-07
USR003489,Standard,2025-07-08,
USR003490,Standard,2026-03-22,
USR003491,Standard,2025-03-26,
USR003492,Premium,2025-01-01,
USR003493,Standard,2026-06-16,
USR003494,Standard,2026-07-01,
USR003495,Premium,2025-06-18,2026-03-26
USR003495,Standard,2026-03-27,
USR003496,Standard,2024-05-14,
USR003497,Premium,2023-08-19,
USR003498,Plus,2024-03-25,
USR003499,Metal,2025-07-01,
USR003500,Metal,2025-05-25,
USR003501,Plus,2026-05-22,2026-08-07
USR003501,Premium,2026-08-08,
USR003502,Ultra,2024-03-11,2025-01-02
USR003502,Standard,2025-01-03,
USR003503,Standard,2025-06-04,
USR003504,Standard,2025-12-10,
USR003505,Standard,2024-09-14,
USR003506,Metal,2024-08-05,2026-02-08
USR003506,Standard,2026-02-09,
USR003507,Standard,2026-08-02,
USR003508,Standard,2024-12-07,
USR003509,Premium,2024-06-10,
USR003510,Standard,2023-09-24,
USR003511,Ultra,2025-12-30,2026-06-06
USR003511,Standard,2026-06-07,
USR003512,Standard,2024-04-16,
USR003513,Metal,2023-10-29,
USR003514,Standard,2026-01-29,
USR003515,Plus,2026-02-01,
USR003516,Standard,2024-10-11,
USR003517,Plus,2025-02-16,
USR003518,Standard,2024-03-01,
USR003519,Standard,2026-05-18,
USR003520,Standard,2023-09-06,
USR003521,Standard,2023-01-12,
USR003522,Ultra,2025-12-13,2026-07-03
USR003522,Metal,2026-07-04,
USR003523,Standard,2023-05-06,
USR003524,Premium,2024-10-15,
USR003525,Metal,2024-10-08,
USR003526,Standard,2024-11-29,
USR003527,Premium,2026-04-24,
USR003528,Ultra,2024-12-10,2025-07-17
USR003528,Standard,2025-07-18,
USR003529,Plus,2026-02-16,
USR003530,Plus,2023-07-31,
USR003531,Standard,2026-06-04,
USR003532,Standard,2023-10-16,
USR003533,Standard,2025-08-15,
USR003534,Metal,2026-08-06,
USR003535,Standard,2023-12-15,2026-08-02
USR003535,Metal,2026-08-03,
USR003536,Metal,2026-08-04,
USR003537,Ultra,2023-05-28,2024-03-19
USR003537,Standard,2024-03-20,
USR003538,Premium,2023-04-08,2025-09-10
USR003538,Metal,2025-09-11,
USR003539,Plus,2023-06-16,2024-03-16
USR003539,Metal,2024-03-17,
USR003540,Standard,2025-07-25,
USR003541,Premium,2025-10-03,2026-04-08
USR003541,Standard,2026-04-09,
USR003542,Standard,2024-07-11,
USR003543,Metal,2024-08-31,
USR003544,Plus,2025-02-19,2026-04-18
USR003544,Premium,2026-04-19,
USR003545,Premium,2024-10-29,2025-03-11
USR003545,Metal,2025-03-12,
USR003546,Standard,2023-09-30,
USR003547,Premium,2024-08-13,
USR003548,Metal,2023-11-06,
USR003549,Ultra,2025-04-09,2025-10-18
USR003549,Premium,2025-10-19,
USR003550,Standard,2024-09-05,
USR003551,Premium,2023-05-18,
USR003552,Premium,2024-11-05,2025-05-06
USR003552,Standard,2025-05-07,
USR003553,Plus,2023-12-25,
USR003554,Standard,2024-10-20,
USR003555,Standard,2023-11-05,
USR003556,Metal,2023-06-22,
USR003557,Standard,2024-04-07,
USR003558,Standard,2023-10-15,
USR003559,Standard,2025-12-02,
USR003560,Metal,2025-07-18,2026-07-28
USR003560,Plus,2026-07-29,
USR003561,Standard,2026-02-04,
USR003562,Standard,2024-02-12,
USR003563,Standard,2025-03-23,
USR003564,Metal,2023-10-21,2024-10-18
USR003564,Standard,2024-10-19,
USR003565,Metal,2024-12-10,2025-09-20
USR003565,Standard,2025-09-21,
USR003566,Standard,2023-06-02,
USR003567,Premium,2025-07-23,
USR003568,Standard,2023-10-14,
USR003569,Premium,2023-09-30,
USR003570,Standard,2026-05-18,
USR003571,Standard,2023-06-17,
USR003572,Plus,2024-08-13,
USR003573,Standard,2024-05-07,
USR003574,Standard,2026-04-01,
USR003575,Metal,2024-08-08,
USR003576,Standard,2023-05-21,
USR003577,Ultra,2023-07-15,
USR003578,Premium,2025-03-14,
USR003579,Premium,2026-01-04,
USR003580,Standard,2023-07-04,
USR003581,Standard,2023-06-19,
USR003582,Premium,2023-05-13,
USR003583,Plus,2024-05-12,
USR003584,Standard,2023-12-25,
USR003585,Premium,2024-10-26,
USR003586,Premium,2023-02-08,
USR003587,Plus,2024-03-07,
USR003588,Standard,2026-03-05,
USR003589,Standard,2024-09-11,
USR003590,Ultra,2025-10-09,
USR003591,Premium,2026-04-08,
USR003592,Standard,2026-07-09,2026-08-19
USR003592,Plus,2026-08-20,
USR003593,Premium,2025-04-12,2026-06-12
USR003593,Standard,2026-06-13,
USR003594,Standard,2025-03-25,
USR003595,Standard,2026-04-04,
USR003596,Metal,2023-01-21,
USR003597,Standard,2025-04-22,
USR003598,Standard,2025-03-03,
USR003599,Premium,2023-09-08,2026-03-29
USR003599,Standard,2026-03-30,
USR003600,Premium,2023-08-02,
USR003601,Plus,2026-03-23,
USR003602,Standard,2023-06-27,
USR003603,Premium,2023-12-26,
USR003604,Standard,2025-08-09,
USR003605,Premium,2023-08-18,
USR003606,Standard,2025-07-20,
USR003607,Standard,2024-02-10,
USR003608,Standard,2025-12-22,
USR003609,Standard,2025-08-22,
USR003610,Standard,2026-04-22,
USR003611,Standard,2025-10-26,
USR003612,Premium,2024-05-21,
USR003613,Standard,2024-06-01,2026-02-15
USR003613,Metal,2026-02-16,
USR003614,Metal,2026-06-07,2026-07-18
USR003614,Standard,2026-07-19,
USR003615,Standard,2023-05-05,
USR003616,Standard,2026-07-31,
USR003617,Ultra,2024-07-15,2026-04-26
USR003617,Standard,2026-04-27,
USR003618,Metal,2026-03-26,
USR003619,Plus,2023-02-25,
USR003620,Standard,2025-07-09,
USR003621,Standard,2023-03-12,
USR003622,Metal,2025-12-30,
USR003623,Plus,2026-03-25,
USR003624,Ultra,2026-06-18,2026-08-25
USR003624,Plus,2026-08-26,
USR003625,Premium,2026-02-16,2026-07-11
USR003625,Standard,2026-07-12,
USR003626,Standard,2025-05-02,
USR003627,Plus,2026-01-27,
USR003628,Plus,2025-02-17,
USR003629,Ultra,2025-11-15,2026-03-20
USR003629,Standard,2026-03-21,
USR003630,Metal,2023-11-04,2024-09-07
USR003630,Standard,2024-09-08,
USR003631,Standard,2026-07-03,
USR003632,Standard,2024-07-18,
USR003633,Premium,2026-04-25,
USR003634,Ultra,2024-12-02,2025-11-25
USR003634,Standard,2025-11-26,
USR003635,Plus,2025-01-29,
USR003636,Metal,2024-05-25,
USR003637,Plus,2023-07-29,2026-02-21
USR003637,Standard,2026-02-22,
USR003638,Standard,2025-07-27,
USR003639,Premium,2026-07-05,
USR003640,Premium,2024-02-20,
USR003641,Metal,2023-12-30,
USR003642,Standard,2025-12-23,
USR003643,Ultra,2025-05-06,2025-09-06
USR003643,Standard,2025-09-07,
USR003644,Plus,2024-01-07,
USR003645,Ultra,2024-05-21,2025-11-30
USR003645,Plus,2025-12-01,
USR003646,Standard,2026-03-03,2026-08-20
USR003646,Premium,2026-08-21,
USR003647,Plus,2025-11-22,
USR003648,Standard,2024-06-27,
USR003649,Standard,2023-11-27,
USR003650,Metal,2023-08-18,
USR003651,Ultra,2023-05-24,2025-07-12
USR003651,Standard,2025-07-13,
USR003652,Standard,2025-11-01,
USR003653,Standard,2024-09-09,
USR003654,Standard,2026-06-09,
USR003655,Ultra,2026-05-23,2026-07-09
USR003655,Premium,2026-07-10,
USR003656,Standard,2025-05-13,
USR003657,Standard,2024-12-24,
USR003658,Standard,2025-07-22,
USR003659,Plus,2023-08-22,2024-02-02
USR003659,Premium,2024-02-03,
USR003660,Plus,2026-06-18,2026-08-22
USR003660,Standard,2026-08-23,
USR003661,Metal,2023-09-11,
USR003662,Standard,2025-10-15,
USR003663,Ultra,2026-05-13,2026-08-25
USR003663,Premium,2026-08-26,
USR003664,Premium,2024-08-04,
USR003665,Standard,2026-05-22,
USR003666,Ultra,2023-09-16,
USR003667,Standard,2024-01-17,
USR003668,Standard,2024-12-31,
USR003669,Standard,2026-04-25,2026-07-28
USR003669,Premium,2026-07-29,
USR003670,Metal,2025-12-25,
USR003671,Standard,2023-12-30,
USR003672,Standard,2024-05-31,2025-11-29
USR003672,Metal,2025-11-30,
USR003673,Standard,2024-12-06,
USR003674,Premium,2025-11-13,
USR003675,Metal,2025-09-24,2026-03-16
USR003675,Premium,2026-03-17,
USR003676,Standard,2025-09-19,
USR003677,Premium,2024-11-26,2025-10-17
USR003677,Plus,2025-10-18,
USR003678,Ultra,2024-05-11,
USR003679,Standard,2024-01-14,
USR003680,Standard,2025-08-22,
USR003681,Standard,2024-11-05,
USR003682,Premium,2023-09-27,
USR003683,Metal,2023-11-12,
USR003684,Metal,2023-10-06,
USR003685,Metal,2025-05-16,2026-08-19
USR003685,Plus,2026-08-20,
USR003686,Plus,2023-04-30,2026-08-09
USR003686,Premium,2026-08-10,
USR003687,Ultra,2025-03-22,2025-12-19
USR003687,Standard,2025-12-20,
USR003688,Metal,2023-03-21,2023-06-15
USR003688,Standard,2023-06-16,
USR003689,Standard,2026-03-26,
USR003690,Metal,2025-07-19,
USR003691,Standard,2025-04-12,
USR003692,Plus,2026-08-21,
USR003693,Premium,2024-11-27,
USR003694,Standard,2026-01-25,
USR003695,Standard,2025-07-29,
USR003696,Standard,2025-11-12,
USR003697,Metal,2026-06-15,
USR003698,Standard,2024-06-01,
USR003699,Ultra,2025-12-26,
USR003700,Standard,2026-01-17,
USR003701,Standard,2025-10-01,
USR003702,Metal,2023-05-06,
USR003703,Standard,2023-04-22,
USR003704,Metal,2025-04-17,
USR003705,Metal,2025-03-27,
USR003706,Premium,2025-11-24,
USR003707,Premium,2024-03-12,
USR003708,Metal,2024-04-18,
USR003709,Standard,2024-12-24,
USR003710,Standard,2024-09-06,
USR003711,Standard,2024-12-06,
USR003712,Standard,2024-11-02,
USR003713,Standard,2023-03-20,
USR003714,Premium,2025-02-14,
USR003715,Metal,2024-05-29,2025-10-14
USR003715,Premium,2025-10-15,
USR003716,Ultra,2025-05-20,2026-08-26
USR003716,Standard,2026-08-27,
USR003717,Standard,2024-01-10,
USR003718,Standard,2026-06-02,
USR003719,Metal,2025-06-24,
USR003720,Premium,2023-01-06,
USR003721,Plus,2023-04-21,2023-11-06
USR003721,Metal,2023-11-07,
USR003722,Plus,2025-04-23,
USR003723,Standard,2026-03-25,
USR003724,Plus,2026-04-24,
USR003725,Premium,2023-05-27,
USR003726,Metal,2024-04-21,2024-10-13
USR003726,Ultra,2024-10-14,
USR003727,Premium,2024-12-02,
USR003728,Metal,2024-06-30,
USR003729,Standard,2026-07-11,
USR003730,Plus,2025-01-17,2025-04-28
USR003730,Standard,2025-04-29,
USR003731,Metal,2026-04-09,
USR003732,Standard,2024-12-03,
USR003733,Standard,2024-03-08,
USR003734,Metal,2024-06-08,
USR003735,Plus,2024-04-11,
USR003736,Standard,2025-11-08,
USR003737,Premium,2025-11-12,
USR003738,Plus,2023-08-15,2025-12-23
USR003738,Premium,2025-12-24,
USR003739,Standard,2025-06-17,
USR003740,Standard,2024-05-16,2025-06-22
USR003740,Ultra,2025-06-23,
USR003741,Plus,2023-06-04,
USR003742,Standard,2024-09-29,
USR003743,Standard,2024-02-02,2026-01-25
USR003743,Plus,2026-01-26,
USR003744,Standard,2024-01-25,2026-07-20
USR003744,Metal,2026-07-21,
USR003745,Standard,2023-12-05,
USR003746,Metal,2026-06-11,
USR003747,Standard,2025-03-26,
USR003748,Premium,2024-11-20,
USR003749,Premium,2025-06-02,
USR003750,Standard,2025-02-21,
USR003751,Ultra,2025-02-04,2026-05-28
USR003751,Metal,2026-05-29,
USR003752,Standard,2025-03-24,
USR003753,Plus,2026-05-17,
USR003754,Premium,2023-01-09,
USR003755,Ultra,2023-04-16,2026-01-17
USR003755,Plus,2026-01-18,
USR003756,Standard,2023-06-30,
USR003757,Plus,2024-05-27,
USR003758,Plus,2024-05-08,2026-06-26
USR003758,Metal,2026-06-27,
USR003759,Standard,2024-11-12,
USR003760,Standard,2025-06-17,
USR003761,Standard,2023-04-18,
USR003762,Standard,2025-09-06,
USR003763,Standard,2024-09-15,
USR003764,Standard,2026-07-03,
USR003765,Premium,2024-05-03,
USR003766,Standard,2023-08-21,
USR003767,Standard,2025-01-23,
USR003768,Standard,2023-08-12,
USR003769,Ultra,2024-05-03,2024-08-29
USR003769,Standard,2024-08-30,
USR003770,Metal,2025-12-20,
USR003771,Standard,2025-09-14,
USR003772,Premium,2025-08-29,2026-03-09
USR003772,Standard,2026-03-10,
USR003773,Plus,2023-09-25,
USR003774,Standard,2026-03-17,2026-06-15
USR003774,Metal,2026-06-16,
USR003775,Metal,2024-05-02,
USR003776,Plus,2025-04-01,2025-05-28
USR003776,Metal,2025-05-29,
USR003777,Standard,2024-12-12,
USR003778,Standard,2026-03-05,
USR003779,Ultra,2025-02-23,2025-09-09
USR003779,Standard,2025-09-10,
USR003780,Plus,2025-03-24,
USR003781,Plus,2025-01-12,2025-11-22
USR003781,Standard,2025-11-23,
USR003782,Premium,2024-07-08,2025-04-26
USR003782,Metal,2025-04-27,
USR003783,Plus,2023-09-09,2024-10-27
USR003783,Ultra,2024-10-28,
USR003784,Plus,2023-11-04,
USR003785,Standard,2025-01-31,
USR003786,Metal,2024-09-09,
USR003787,Standard,2024-11-06,
USR003788,Standard,2023-07-28,
USR003789,Metal,2025-04-27,2026-07-14
USR003789,Standard,2026-07-15,
USR003790,Standard,2023-04-29,
USR003791,Ultra,2025-07-06,2026-06-28
USR003791,Premium,2026-06-29,
USR003792,Metal,2024-06-04,
USR003793,Standard,2023-12-17,
USR003794,Premium,2025-08-03,
USR003795,Plus,2024-08-15,
USR003796,Ultra,2026-04-09,2026-05-08
USR003796,Plus,2026-05-09,
USR003797,Premium,2026-02-11,
USR003798,Premium,2025-08-28,
USR003799,Standard,2023-02-23,2024-08-04
USR003799,Metal,2024-08-05,
USR003800,Metal,2025-10-15,2026-03-17
USR003800,Standard,2026-03-18,
USR003801,Metal,2023-01-15,2026-07-20
USR003801,Standard,2026-07-21,
USR003802,Standard,2023-05-25,2026-05-01
USR003802,Premium,2026-05-02,
USR003803,Premium,2025-03-19,
USR003804,Metal,2025-09-10,
USR003805,Ultra,2024-06-20,
USR003806,Plus,2026-07-17,
USR003807,Standard,2025-06-12,
USR003808,Premium,2024-10-03,
USR003809,Standard,2025-01-23,
USR003810,Metal,2025-08-13,
USR003811,Metal,2025-11-21,
USR003812,Plus,2026-03-23,
USR003813,Standard,2024-01-05,2025-09-04
USR003813,Premium,2025-09-05,
USR003814,Standard,2024-07-24,
USR003815,Plus,2024-12-16,2025-05-17
USR003815,Standard,2025-05-18,
USR003816,Standard,2026-02-13,
USR003817,Premium,2025-10-18,
USR003818,Plus,2025-10-03,
USR003819,Premium,2023-11-06,
USR003820,Ultra,2024-09-02,2025-08-21
USR003820,Premium,2025-08-22,
USR003821,Premium,2025-08-10,
USR003822,Plus,2025-09-29,
USR003823,Metal,2025-01-31,
USR003824,Plus,2025-06-10,
USR003825,Metal,2024-03-28,2025-05-17
USR003825,Premium,2025-05-18,
USR003826,Premium,2025-12-29,
USR003827,Standard,2025-08-08,
USR003828,Standard,2025-09-17,
USR003829,Standard,2025-03-28,
USR003830,Metal,2026-08-14,
USR003831,Metal,2023-02-09,
USR003832,Metal,2026-01-20,
USR003833,Metal,2026-05-20,
USR003834,Premium,2025-01-28,
USR003835,Standard,2024-05-16,
USR003836,Standard,2023-02-05,
USR003837,Premium,2025-06-20,
USR003838,Ultra,2025-11-29,2026-01-01
USR003838,Premium,2026-01-02,
USR003839,Premium,2025-02-02,2025-08-29
USR003839,Metal,2025-08-30,
USR003840,Plus,2024-07-04,
USR003841,Standard,2025-11-13,
USR003842,Standard,2025-03-07,
USR003843,Standard,2025-09-13,
USR003844,Standard,2024-05-18,
USR003845,Standard,2024-09-17,
USR003846,Premium,2023-07-01,
USR003847,Standard,2026-02-25,
USR003848,Standard,2026-04-24,
USR003849,Premium,2023-05-10,2023-09-08
USR003849,Standard,2023-09-09,
USR003850,Ultra,2024-11-27,2026-08-28
USR003850,Standard,2026-08-29,
USR003851,Premium,2024-03-16,2026-02-18
USR003851,Standard,2026-02-19,
USR003852,Standard,2024-03-17,
USR003853,Ultra,2023-10-22,2025-09-23
USR003853,Standard,2025-09-24,
USR003854,Metal,2024-09-09,
USR003855,Plus,2023-12-20,
USR003856,Ultra,2023-06-11,2024-07-19
USR003856,Standard,2024-07-20,
USR003857,Standard,2025-01-13,
USR003858,Metal,2025-02-01,
USR003859,Standard,2024-12-15,
USR003860,Metal,2024-11-04,
USR003861,Premium,2026-01-18,
USR003862,Standard,2024-05-25,
USR003863,Standard,2023-05-23,
USR003864,Ultra,2026-03-16,2026-07-14
USR003864,Standard,2026-07-15,
USR003865,Standard,2024-03-31,
USR003866,Standard,2024-08-08,
USR003867,Metal,2025-01-01,
USR003868,Standard,2023-11-12,
USR003869,Standard,2023-09-01,
USR003870,Metal,2025-07-27,
USR003871,Premium,2026-01-14,
USR003872,Premium,2024-08-05,
USR003873,Standard,2024-03-16,
USR003874,Premium,2023-05-25,
USR003875,Standard,2023-02-19,
USR003876,Standard,2025-08-17,
USR003877,Premium,2025-07-13,
USR003878,Ultra,2025-01-05,2025-10-27
USR003878,Premium,2025-10-28,
USR003879,Premium,2023-08-27,
USR003880,Standard,2023-06-17,
USR003881,Metal,2025-07-16,
USR003882,Standard,2025-06-14,
USR003883,Plus,2024-09-03,
USR003884,Premium,2023-10-16,
USR003885,Premium,2023-09-09,2023-10-19
USR003885,Standard,2023-10-20,
USR003886,Standard,2025-03-11,
USR003887,Plus,2024-08-26,
USR003888,Plus,2026-08-10,
USR003889,Standard,2023-01-19,
USR003890,Premium,2024-05-25,
USR003891,Standard,2023-06-20,
USR003892,Plus,2024-03-14,2025-03-16
USR003892,Standard,2025-03-17,
USR003893,Ultra,2023-03-03,
USR003894,Standard,2025-02-15,
USR003895,Ultra,2026-05-07,2026-08-19
USR003895,Standard,2026-08-20,
USR003896,Standard,2024-08-31,
USR003897,Metal,2023-11-19,
USR003898,Premium,2025-05-03,2025-06-18
USR003898,Standard,2025-06-19,
USR003899,Premium,2023-05-14,2026-07-22
USR003899,Standard,2026-07-23,
USR003900,Premium,2026-08-18,
USR003901,Plus,2024-10-23,
USR003902,Standard,2026-05-30,
USR003903,Standard,2025-09-21,
USR003904,Plus,2024-02-01,
USR003905,Standard,2024-09-03,
USR003906,Premium,2026-01-20,
USR003907,Standard,2023-01-11,
USR003908,Premium,2024-02-24,
USR003909,Plus,2023-07-17,
USR003910,Ultra,2026-02-23,
USR003911,Premium,2024-05-08,
USR003912,Standard,2024-10-02,
USR003913,Plus,2024-10-03,
USR003914,Standard,2025-10-20,
USR003915,Standard,2025-07-11,
USR003916,Standard,2026-07-18,
USR003917,Standard,2025-12-18,
USR003918,Standard,2025-11-16,
USR003919,Standard,2025-11-08,
USR003920,Metal,2024-12-15,2025-11-04
USR003920,Standard,2025-11-05,
USR003921,Standard,2024-08-21,
USR003922,Standard,2026-08-07,
USR003923,Standard,2025-01-26,
USR003924,Standard,2023-08-09,
USR003925,Standard,2023-04-23,
USR003926,Metal,2025-05-30,
USR003927,Ultra,2025-12-01,2026-01-11
USR003927,Standard,2026-01-12,
USR003928,Plus,2025-07-10,2026-05-28
USR003928,Premium,2026-05-29,
USR003929,Standard,2024-09-19,
USR003930,Standard,2025-03-02,
USR003931,Standard,2024-07-10,
USR003932,Ultra,2025-01-28,
USR003933,Ultra,2024-04-02,2025-02-06
USR003933,Standard,2025-02-07,
USR003934,Standard,2024-03-08,
USR003935,Premium,2025-11-18,2026-04-10
USR003935,Standard,2026-04-11,
USR003936,Standard,2025-10-13,
USR003937,Standard,2024-03-23,
USR003938,Premium,2024-08-11,
USR003939,Standard,2025-06-08,
USR003940,Standard,2023-05-14,
USR003941,Plus,2023-01-31,
USR003942,Premium,2024-08-30,2026-01-17
USR003942,Standard,2026-01-18,
USR003943,Standard,2024-05-16,
USR003944,Standard,2026-06-10,
USR003945,Plus,2025-10-13,2026-08-29
USR003945,Standard,2026-08-30,
USR003946,Metal,2024-05-14,
USR003947,Standard,2025-07-12,
USR003948,Standard,2023-08-07,
USR003949,Standard,2023-12-18,
USR003950,Standard,2024-04-09,
USR003951,Standard,2024-08-31,
USR003952,Standard,2023-04-03,
USR003953,Metal,2025-09-10,2025-10-11
USR003953,Ultra,2025-10-12,
USR003954,Plus,2026-02-06,
USR003955,Standard,2026-05-23,2026-07-09
USR003955,Premium,2026-07-10,
USR003956,Standard,2023-08-22,
USR003957,Standard,2023-02-17,
USR003958,Premium,2025-10-25,
USR003959,Standard,2023-08-19,
USR003960,Premium,2023-03-22,
USR003961,Plus,2025-09-16,
USR003962,Metal,2023-11-01,
USR003963,Standard,2025-03-22,
USR003964,Standard,2026-04-30,
USR003965,Standard,2025-12-14,2026-07-24
USR003965,Metal,2026-07-25,
USR003966,Plus,2023-07-12,
USR003967,Standard,2025-09-03,
USR003968,Premium,2025-06-29,
USR003969,Standard,2023-09-30,
USR003970,Standard,2023-03-06,
USR003971,Standard,2023-11-21,
USR003972,Standard,2024-12-04,
USR003973,Standard,2024-09-12,
USR003974,Standard,2024-05-05,
USR003975,Metal,2025-05-23,
USR003976,Premium,2026-07-21,
USR003977,Standard,2023-07-20,
USR003978,Metal,2024-09-10,
USR003979,Metal,2024-07-26,2025-06-03
USR003979,Premium,2025-06-04,
USR003980,Ultra,2026-07-04,2026-08-09
USR003980,Standard,2026-08-10,
USR003981,Metal,2023-07-02,
USR003982,Plus,2025-10-07,
USR003983,Plus,2024-04-02,
USR003984,Metal,2025-06-26,
USR003985,Standard,2025-10-10,
USR003986,Standard,2025-05-07,
USR003987,Premium,2023-10-13,
USR003988,Premium,2023-06-07,2025-06-27
USR003988,Standard,2025-06-28,
USR003989,Premium,2026-01-15,
USR003990,Premium,2024-07-31,
USR003991,Standard,2023-04-03,
USR003992,Metal,2024-12-04,2026-05-16
USR003992,Standard,2026-05-17,
USR003993,Plus,2024-08-30,2024-12-22
USR003993,Standard,2024-12-23,
USR003994,Standard,2025-10-31,
USR003995,Standard,2023-09-02,
USR003996,Standard,2023-09-28,
USR003997,Standard,2024-09-01,
USR003998,Standard,2025-11-25,
USR003999,Ultra,2024-05-14,
USR004000,Premium,2023-02-17,
USR004001,Standard,2024-01-23,
USR004002,Standard,2026-08-27,
USR004003,Plus,2023-05-11,
USR004004,Standard,2025-07-06,
USR004005,Plus,2024-09-23,2025-01-19
USR004005,Standard,2025-01-20,
USR004006,Metal,2024-01-26,
USR004007,Plus,2026-07-06,
USR004008,Standard,2023-06-20,
USR004009,Standard,2025-08-14,
USR004010,Metal,2023-10-17,2024-12-20
USR004010,Standard,2024-12-21,
USR004011,Premium,2025-03-08,2026-04-22
USR004011,Ultra,2026-04-23,
USR004012,Plus,2025-04-06,2026-04-17
USR004012,Metal,2026-04-18,
USR004013,Standard,2025-01-19,
USR004014,Standard,2024-02-27,
USR004015,Premium,2023-09-19,2024-12-10
USR004015,Standard,2024-12-11,
USR004016,Premium,2023-08-02,2024-11-10
USR004016,Standard,2024-11-11,
USR004017,Plus,2025-07-09,
USR004018,Metal,2025-02-18,2025-04-05
USR004018,Plus,2025-04-06,
USR004019,Standard,2024-02-14,
USR004020,Standard,2024-05-24,
USR004021,Standard,2024-02-12,
USR004022,Standard,2024-08-30,
USR004023,Standard,2023-01-13,
USR004024,Plus,2026-08-15,
USR004025,Standard,2025-02-17,
USR004026,Premium,2024-05-27,
USR004027,Premium,2026-08-28,
USR004028,Plus,2025-04-04,
USR004029,Ultra,2023-07-16,2024-09-06
USR004029,Premium,2024-09-07,
USR004030,Standard,2023-04-12,
USR004031,Premium,2026-06-02,
USR004032,Standard,2025-11-16,2026-01-10
USR004032,Metal,2026-01-11,
USR004033,Premium,2024-10-12,2025-10-30
USR004033,Standard,2025-10-31,
USR004034,Metal,2023-07-09,
USR004035,Premium,2025-01-28,
USR004036,Standard,2023-10-23,
USR004037,Plus,2023-03-01,
USR004038,Standard,2025-11-27,
USR004039,Metal,2023-11-01,
USR004040,Standard,2024-10-09,
USR004041,Standard,2025-03-05,
USR004042,Standard,2025-12-25,
USR004043,Ultra,2026-07-31,
USR004044,Standard,2024-04-28,2025-12-29
USR004044,Ultra,2025-12-30,
USR004045,Plus,2025-09-07,2026-05-08
USR004045,Standard,2026-05-09,
USR004046,Standard,2026-08-24,
USR004047,Plus,2023-10-26,2025-11-12
USR004047,Premium,2025-11-13,
USR004048,Plus,2024-12-16,
USR004049,Metal,2025-04-15,
USR004050,Plus,2026-04-29,
USR004051,Standard,2023-12-01,
USR004052,Standard,2023-12-31,
USR004053,Standard,2025-10-15,
USR004054,Standard,2024-04-23,
USR004055,Standard,2024-11-25,
USR004056,Premium,2026-05-01,
USR004057,Premium,2025-01-15,
USR004058,Metal,2024-11-05,
USR004059,Plus,2023-03-16,2026-08-06
USR004059,Ultra,2026-08-07,
USR004060,Metal,2023-09-14,2026-03-28
USR004060,Ultra,2026-03-29,
USR004061,Standard,2023-04-23,2025-03-03
USR004061,Metal,2025-03-04,
USR004062,Standard,2023-12-08,
USR004063,Premium,2024-11-14,2026-01-02
USR004063,Standard,2026-01-03,
USR004064,Plus,2026-05-12,
USR004065,Standard,2026-03-25,
USR004066,Standard,2024-01-25,
USR004067,Standard,2023-03-14,
USR004068,Premium,2023-07-10,
USR004069,Standard,2023-07-25,
USR004070,Standard,2026-04-26,
USR004071,Standard,2024-12-23,
USR004072,Plus,2023-02-21,
USR004073,Plus,2024-11-09,
USR004074,Standard,2025-03-04,
USR004075,Ultra,2025-04-03,2026-04-05
USR004075,Plus,2026-04-06,
USR004076,Plus,2025-04-17,
USR004077,Metal,2023-03-30,
USR004078,Standard,2023-10-30,2025-04-17
USR004078,Premium,2025-04-18,
USR004079,Standard,2023-04-21,
USR004080,Standard,2024-12-30,
USR004081,Plus,2025-01-28,2026-06-24
USR004081,Ultra,2026-06-25,
USR004082,Plus,2024-03-25,
USR004083,Plus,2023-11-16,
USR004084,Standard,2026-05-12,
USR004085,Ultra,2023-12-18,2026-07-16
USR004085,Premium,2026-07-17,
USR004086,Plus,2023-03-03,
USR004087,Premium,2025-07-15,
USR004088,Metal,2026-07-16,
USR004089,Standard,2025-01-24,
USR004090,Standard,2025-02-08,
USR004091,Standard,2024-07-04,
USR004092,Metal,2023-03-16,
USR004093,Ultra,2026-02-28,
USR004094,Plus,2025-06-14,2026-07-04
USR004094,Standard,2026-07-05,
USR004095,Standard,2024-10-07,
USR004096,Metal,2024-07-19,
USR004097,Standard,2025-06-03,
USR004098,Standard,2025-10-11,
USR004099,Metal,2025-12-14,
USR004100,Premium,2024-10-06,2025-08-05
USR004100,Standard,2025-08-06,
USR004101,Metal,2026-06-24,
USR004102,Standard,2026-07-06,
USR004103,Premium,2023-12-29,
USR004104,Premium,2024-09-11,
USR004105,Metal,2025-10-18,
USR004106,Ultra,2025-02-17,
USR004107,Standard,2025-05-04,
USR004108,Metal,2025-01-19,
USR004109,Standard,2023-05-07,2025-08-29
USR004109,Plus,2025-08-30,
USR004110,Plus,2024-10-06,
USR004111,Premium,2025-01-12,
USR004112,Standard,2026-06-21,
USR004113,Premium,2024-10-14,2025-10-02
USR004113,Standard,2025-10-03,
USR004114,Premium,2026-04-09,
USR004115,Metal,2024-08-15,
USR004116,Plus,2025-05-20,
USR004117,Ultra,2026-06-09,
USR004118,Metal,2025-07-01,
USR004119,Premium,2026-01-25,
USR004120,Premium,2026-06-30,
USR004121,Standard,2023-06-05,
USR004122,Standard,2023-04-21,
USR004123,Premium,2023-05-01,2023-08-30
USR004123,Metal,2023-08-31,
USR004124,Premium,2023-04-11,2024-01-06
USR004124,Standard,2024-01-07,
USR004125,Ultra,2025-03-09,2026-05-21
USR004125,Premium,2026-05-22,
USR004126,Standard,2023-06-22,
USR004127,Plus,2024-10-09,
USR004128,Metal,2023-05-06,
USR004129,Standard,2025-04-15,
USR004130,Plus,2023-11-28,2026-04-17
USR004130,Metal,2026-04-18,
USR004131,Standard,2026-06-07,
USR004132,Plus,2026-02-06,
USR004133,Premium,2025-04-02,2025-08-03
USR004133,Standard,2025-08-04,
USR004134,Standard,2025-08-18,
USR004135,Metal,2024-09-28,2025-12-24
USR004135,Standard,2025-12-25,
USR004136,Metal,2024-02-10,2025-08-28
USR004136,Standard,2025-08-29,
USR004137,Plus,2023-08-25,
USR004138,Standard,2026-04-09,
USR004139,Metal,2023-06-02,2024-04-12
USR004139,Standard,2024-04-13,
USR004140,Standard,2026-05-18,
USR004141,Standard,2026-07-20,
USR004142,Plus,2024-01-30,2026-02-13
USR004142,Metal,2026-02-14,
USR004143,Standard,2025-02-15,
USR004144,Metal,2024-05-24,
USR004145,Standard,2025-04-20,
USR004146,Plus,2025-05-08,
USR004147,Standard,2025-06-12,
USR004148,Standard,2025-05-30,
USR004149,Standard,2023-10-13,
USR004150,Standard,2026-05-07,
USR004151,Premium,2025-09-04,2026-04-03
USR004151,Plus,2026-04-04,
USR004152,Premium,2024-01-29,
USR004153,Plus,2023-06-10,2024-12-03
USR004153,Standard,2024-12-04,
USR004154,Premium,2025-06-14,
USR004155,Premium,2024-01-16,
USR004156,Standard,2023-01-05,
USR004157,Standard,2023-06-10,2025-07-26
USR004157,Metal,2025-07-27,
USR004158,Standard,2025-07-20,
USR004159,Standard,2024-12-13,
USR004160,Standard,2026-03-10,
USR004161,Standard,2023-09-26,
USR004162,Standard,2025-10-21,
USR004163,Premium,2026-04-28,
USR004164,Standard,2024-06-08,
USR004165,Standard,2024-12-09,
USR004166,Plus,2023-09-29,
USR004167,Premium,2024-02-03,
USR004168,Plus,2023-12-31,
USR004169,Plus,2025-10-10,
USR004170,Metal,2026-07-04,2026-09-01
USR004170,Standard,2026-09-02,
USR004171,Ultra,2026-01-06,2026-03-01
USR004171,Standard,2026-03-02,
USR004172,Ultra,2023-02-27,2026-03-11
USR004172,Premium,2026-03-12,
USR004173,Premium,2025-08-16,
USR004174,Plus,2024-06-27,
USR004175,Plus,2026-01-02,
USR004176,Standard,2023-11-17,
USR004177,Standard,2023-03-21,
USR004178,Ultra,2026-07-10,2026-09-04
USR004178,Standard,2026-09-05,
USR004179,Standard,2024-09-23,2026-07-05
USR004179,Plus,2026-07-06,
USR004180,Plus,2023-02-11,
USR004181,Standard,2025-02-22,
USR004182,Metal,2024-03-25,2025-10-22
USR004182,Premium,2025-10-23,
USR004183,Standard,2025-01-02,
USR004184,Standard,2024-08-11,
USR004185,Ultra,2023-07-23,2024-11-16
USR004185,Standard,2024-11-17,
USR004186,Standard,2025-03-12,
USR004187,Standard,2023-10-20,
USR004188,Standard,2025-08-15,
USR004189,Premium,2026-07-15,
USR004190,Plus,2026-04-21,
USR004191,Metal,2024-03-23,
USR004192,Standard,2023-01-29,
USR004193,Premium,2026-07-24,
USR004194,Premium,2023-10-10,
USR004195,Plus,2023-09-30,2026-06-25
USR004195,Premium,2026-06-26,
USR004196,Standard,2023-05-28,
USR004197,Ultra,2025-06-07,
USR004198,Plus,2023-07-19,2023-11-22
USR004198,Ultra,2023-11-23,
USR004199,Premium,2025-07-22,2026-05-21
USR004199,Plus,2026-05-22,
USR004200,Metal,2026-07-22,
USR004201,Standard,2025-10-04,
USR004202,Metal,2024-03-15,
USR004203,Standard,2024-06-26,
USR004204,Premium,2026-02-27,
USR004205,Standard,2024-04-14,
USR004206,Premium,2025-01-22,
USR004207,Plus,2024-12-13,2026-03-24
USR004207,Standard,2026-03-25,
USR004208,Standard,2026-03-04,
USR004209,Standard,2025-08-29,
USR004210,Metal,2024-01-02,
USR004211,Plus,2025-10-26,
USR004212,Standard,2024-04-22,
USR004213,Standard,2025-08-23,2026-02-25
USR004213,Metal,2026-02-26,
USR004214,Metal,2025-09-26,
USR004215,Plus,2026-04-27,
USR004216,Premium,2025-05-17,2026-08-09
USR004216,Metal,2026-08-10,
USR004217,Standard,2024-07-08,
USR004218,Plus,2024-11-04,2025-10-22
USR004218,Standard,2025-10-23,
USR004219,Premium,2025-01-20,
USR004220,Metal,2023-01-30,
USR004221,Plus,2025-08-16,
USR004222,Standard,2023-01-10,
USR004223,Standard,2026-02-04,
USR004224,Standard,2024-01-03,
USR004225,Plus,2025-08-25,
USR004226,Plus,2024-05-14,
USR004227,Standard,2026-02-01,
USR004228,Plus,2025-03-17,
USR004229,Standard,2025-02-25,
USR004230,Standard,2024-02-20,
USR004231,Plus,2023-02-15,
USR004232,Plus,2023-11-19,2026-05-04
USR004232,Standard,2026-05-05,
USR004233,Standard,2024-07-03,
USR004234,Plus,2026-06-11,
USR004235,Standard,2023-07-21,
USR004236,Plus,2023-04-14,
USR004237,Standard,2025-06-20,
USR004238,Plus,2025-07-21,
USR004239,Metal,2025-08-03,
USR004240,Standard,2024-08-31,
USR004241,Standard,2026-07-22,
USR004242,Premium,2023-11-08,
USR004243,Standard,2026-03-05,
USR004244,Premium,2026-05-17,
USR004245,Standard,2025-05-03,
USR004246,Plus,2023-12-09,2026-03-15
USR004246,Standard,2026-03-16,
USR004247,Premium,2026-01-07,
USR004248,Standard,2024-06-08,
USR004249,Plus,2025-01-18,2025-03-12
USR004249,Premium,2025-03-13,
USR004250,Standard,2023-09-09,
USR004251,Plus,2025-04-22,
USR004252,Ultra,2024-04-18,2024-07-21
USR004252,Standard,2024-07-22,
USR004253,Plus,2024-12-19,
USR004254,Standard,2023-08-04,
USR004255,Metal,2026-08-05,
USR004256,Standard,2023-02-25,
USR004257,Plus,2023-07-17,2026-04-01
USR004257,Standard,2026-04-02,
USR004258,Plus,2024-11-06,
USR004259,Ultra,2023-10-08,2025-10-13
USR004259,Metal,2025-10-14,
USR004260,Metal,2023-01-17,
USR004261,Standard,2026-07-17,
USR004262,Standard,2026-05-05,
USR004263,Metal,2023-07-03,
USR004264,Plus,2023-07-08,
USR004265,Metal,2025-08-17,
USR004266,Premium,2024-11-03,
USR004267,Premium,2026-04-16,2026-08-21
USR004267,Standard,2026-08-22,
USR004268,Premium,2025-06-20,
USR004269,Premium,2024-07-17,2025-01-10
USR004269,Standard,2025-01-11,
USR004270,Standard,2023-11-15,
USR004271,Ultra,2024-04-19,2026-05-26
USR004271,Metal,2026-05-27,
USR004272,Standard,2025-08-13,
USR004273,Standard,2025-03-25,
USR004274,Premium,2024-06-06,
USR004275,Standard,2025-01-07,
USR004276,Standard,2023-04-09,
USR004277,Metal,2023-11-27,2025-05-29
USR004277,Standard,2025-05-30,
USR004278,Standard,2026-03-11,
USR004279,Standard,2023-05-01,
USR004280,Standard,2025-11-29,2026-01-13
USR004280,Metal,2026-01-14,
USR004281,Standard,2024-04-27,
USR004282,Standard,2025-02-15,
USR004283,Ultra,2024-07-18,2025-01-20
USR004283,Metal,2025-01-21,
USR004284,Ultra,2023-02-04,2025-12-29
USR004284,Standard,2025-12-30,
USR004285,Premium,2024-12-26,
USR004286,Premium,2026-03-06,2026-06-21
USR004286,Standard,2026-06-22,
USR004287,Plus,2024-01-31,
USR004288,Plus,2026-02-20,
USR004289,Standard,2025-06-08,
USR004290,Premium,2025-11-23,
USR004291,Plus,2023-02-28,
USR004292,Metal,2024-01-17,
USR004293,Metal,2026-03-03,
USR004294,Standard,2024-07-26,
USR004295,Standard,2025-09-27,
USR004296,Plus,2025-08-27,
USR004297,Premium,2023-08-14,2026-06-23
USR004297,Standard,2026-06-24,
USR004298,Standard,2023-09-05,
USR004299,Metal,2025-05-04,2026-01-25
USR004299,Standard,2026-01-26,
USR004300,Plus,2024-02-13,2026-01-28
USR004300,Metal,2026-01-29,
USR004301,Premium,2025-06-06,
USR004302,Standard,2023-11-13,
USR004303,Plus,2025-03-09,
USR004304,Standard,2025-01-10,
USR004305,Premium,2023-12-20,2025-10-10
USR004305,Standard,2025-10-11,
USR004306,Standard,2025-02-10,
USR004307,Plus,2025-10-22,
USR004308,Standard,2024-07-28,
USR004309,Standard,2023-07-11,
USR004310,Ultra,2024-06-08,2025-07-03
USR004310,Plus,2025-07-04,
USR004311,Standard,2023-01-29,
USR004312,Standard,2024-09-27,
USR004313,Premium,2026-07-24,
USR004314,Standard,2026-05-03,
USR004315,Standard,2024-10-25,2026-06-21
USR004315,Plus,2026-06-22,
USR004316,Standard,2023-01-16,
USR004317,Standard,2025-07-15,
USR004318,Premium,2025-03-15,
USR004319,Standard,2024-01-29,
USR004320,Standard,2024-06-19,
USR004321,Premium,2024-05-08,2026-07-03
USR004321,Plus,2026-07-04,
USR004322,Premium,2024-06-23,
USR004323,Standard,2023-02-10,
USR004324,Standard,2024-01-15,
USR004325,Ultra,2023-02-24,2024-02-25
USR004325,Metal,2024-02-26,
USR004326,Plus,2024-01-22,
USR004327,Premium,2026-04-08,
USR004328,Standard,2025-01-16,
USR004329,Ultra,2023-02-01,2025-10-25
USR004329,Standard,2025-10-26,
USR004330,Plus,2024-08-01,
USR004331,Premium,2024-05-07,
USR004332,Ultra,2024-04-25,
USR004333,Standard,2024-11-05,
USR004334,Metal,2026-04-10,2026-06-02
USR004334,Standard,2026-06-03,
USR004335,Premium,2026-04-03,
USR004336,Metal,2023-08-04,
USR004337,Standard,2026-05-20,
USR004338,Ultra,2026-06-01,2026-09-04
USR004338,Plus,2026-09-05,
USR004339,Plus,2023-02-21,
USR004340,Standard,2026-08-26,
USR004341,Standard,2023-01-24,
USR004342,Standard,2023-04-08,
USR004343,Standard,2024-08-13,
USR004344,Metal,2026-04-12,
USR004345,Standard,2025-09-07,
USR004346,Premium,2025-06-18,
USR004347,Plus,2025-04-03,
USR004348,Ultra,2026-02-21,2026-05-05
USR004348,Standard,2026-05-06,
USR004349,Premium,2026-08-23,
USR004350,Premium,2024-09-11,
USR004351,Standard,2025-01-16,
USR004352,Standard,2026-05-10,
USR004353,Premium,2023-12-21,2025-06-08
USR004353,Standard,2025-06-09,
USR004354,Premium,2025-04-12,
USR004355,Standard,2023-11-27,
USR004356,Standard,2025-03-04,
USR004357,Standard,2026-03-07,
USR004358,Plus,2023-05-23,
USR004359,Standard,2024-08-06,
USR004360,Ultra,2023-08-12,2026-06-01
USR004360,Standard,2026-06-02,
USR004361,Plus,2024-12-09,
USR004362,Metal,2024-01-22,
USR004363,Metal,2025-01-26,
USR004364,Standard,2023-11-07,
USR004365,Standard,2024-07-21,
USR004366,Premium,2023-07-14,
USR004367,Standard,2023-01-03,
USR004368,Plus,2023-09-15,2024-06-10
USR004368,Premium,2024-06-11,
USR004369,Premium,2025-02-15,
USR004370,Metal,2026-06-20,
USR004371,Standard,2025-12-24,
USR004372,Plus,2026-03-18,
USR004373,Standard,2023-11-22,
USR004374,Plus,2026-05-19,
USR004375,Standard,2023-01-30,
USR004376,Premium,2023-03-27,2024-01-10
USR004376,Standard,2024-01-11,
USR004377,Standard,2024-02-08,
USR004378,Standard,2024-09-09,
USR004379,Plus,2024-01-05,2026-05-20
USR004379,Premium,2026-05-21,
USR004380,Premium,2023-07-03,
USR004381,Plus,2025-06-29,
USR004382,Standard,2026-05-24,
USR004383,Standard,2025-08-31,
USR004384,Plus,2025-05-21,
USR004385,Standard,2026-01-04,
USR004386,Metal,2023-10-28,
USR004387,Metal,2024-09-04,
USR004388,Plus,2023-10-29,
USR004389,Metal,2023-10-11,
USR004390,Standard,2026-03-22,
USR004391,Premium,2024-07-16,
USR004392,Standard,2023-11-13,
USR004393,Standard,2025-06-22,
USR004394,Standard,2024-06-21,
USR004395,Standard,2023-07-14,
USR004396,Plus,2023-10-11,2024-07-21
USR004396,Standard,2024-07-22,
USR004397,Standard,2025-01-11,
USR004398,Plus,2026-03-20,
USR004399,Standard,2024-07-19,
USR004400,Premium,2026-03-10,
USR004401,Metal,2023-05-05,2025-10-09
USR004401,Premium,2025-10-10,
USR004402,Standard,2023-02-04,
USR004403,Plus,2024-06-04,
USR004404,Standard,2023-10-01,
USR004405,Premium,2024-07-17,2026-08-01
USR004405,Standard,2026-08-02,
USR004406,Metal,2023-11-17,2025-05-22
USR004406,Standard,2025-05-23,
USR004407,Standard,2026-02-01,
USR004408,Metal,2024-12-03,2026-08-09
USR004408,Standard,2026-08-10,
USR004409,Standard,2025-01-19,
USR004410,Plus,2024-06-07,2026-03-19
USR004410,Standard,2026-03-20,
USR004411,Standard,2026-02-09,
USR004412,Metal,2025-02-06,
USR004413,Metal,2025-06-08,
USR004414,Standard,2026-08-10,
USR004415,Standard,2024-01-25,
USR004416,Standard,2023-05-22,
USR004417,Plus,2023-08-27,
USR004418,Standard,2023-08-27,
USR004419,Plus,2023-10-03,
USR004420,Metal,2026-05-28,
USR004421,Premium,2024-05-05,
USR004422,Plus,2024-09-13,
USR004423,Premium,2024-01-08,
USR004424,Plus,2024-11-16,
USR004425,Premium,2024-01-31,
USR004426,Metal,2024-12-06,
USR004427,Standard,2023-05-21,
USR004428,Plus,2024-08-14,
USR004429,Standard,2025-07-18,
USR004430,Premium,2026-01-07,
USR004431,Plus,2025-06-14,
USR004432,Standard,2025-01-12,
USR004433,Premium,2023-01-18,
USR004434,Premium,2024-05-23,
USR004435,Premium,2025-04-16,2026-03-05
USR004435,Standard,2026-03-06,
USR004436,Standard,2023-04-13,
USR004437,Standard,2025-05-16,2025-11-13
USR004437,Plus,2025-11-14,
USR004438,Metal,2026-04-21,
USR004439,Plus,2025-04-30,2025-09-17
USR004439,Standard,2025-09-18,
USR004440,Plus,2025-10-08,2026-08-24
USR004440,Premium,2026-08-25,
USR004441,Standard,2026-05-29,
USR004442,Metal,2023-08-08,
USR004443,Standard,2025-01-06,
USR004444,Premium,2024-08-19,
USR004445,Standard,2025-07-15,
USR004446,Premium,2023-03-14,
USR004447,Plus,2026-05-22,
USR004448,Ultra,2023-05-06,2025-08-27
USR004448,Premium,2025-08-28,
USR004449,Standard,2024-01-07,
USR004450,Premium,2025-01-18,
USR004451,Metal,2026-02-24,2026-06-16
USR004451,Standard,2026-06-17,
USR004452,Metal,2025-01-11,
USR004453,Standard,2025-11-23,
USR004454,Plus,2026-04-22,
USR004455,Metal,2024-05-25,2026-03-01
USR004455,Standard,2026-03-02,
USR004456,Standard,2023-09-24,
USR004457,Standard,2025-12-18,
USR004458,Premium,2024-06-28,
USR004459,Standard,2025-04-20,
USR004460,Plus,2023-12-18,
USR004461,Ultra,2025-02-08,2025-11-01
USR004461,Standard,2025-11-02,
USR004462,Standard,2025-09-20,
USR004463,Standard,2024-03-14,
USR004464,Standard,2024-04-09,
USR004465,Standard,2026-02-02,
USR004466,Plus,2025-10-24,
USR004467,Premium,2024-01-25,
USR004468,Standard,2023-12-14,
USR004469,Ultra,2024-09-14,2025-02-20
USR004469,Standard,2025-02-21,
USR004470,Metal,2026-03-19,
USR004471,Metal,2024-12-15,2025-07-14
USR004471,Standard,2025-07-15,
USR004472,Standard,2025-05-01,
USR004473,Plus,2024-05-13,
USR004474,Premium,2026-07-29,
USR004475,Standard,2026-06-10,
USR004476,Standard,2025-03-27,
USR004477,Premium,2024-07-05,
USR004478,Standard,2024-05-19,
USR004479,Metal,2024-08-16,2024-11-01
USR004479,Plus,2024-11-02,
USR004480,Ultra,2025-09-21,
USR004481,Plus,2025-01-30,2025-10-11
USR004481,Standard,2025-10-12,
USR004482,Standard,2024-08-30,
USR004483,Plus,2025-01-16,
USR004484,Metal,2026-02-05,
USR004485,Plus,2025-03-10,2025-08-21
USR004485,Standard,2025-08-22,
USR004486,Premium,2023-11-23,2024-05-14
USR004486,Metal,2024-05-15,
USR004487,Premium,2023-03-21,2025-05-01
USR004487,Plus,2025-05-02,
USR004488,Standard,2023-04-06,
USR004489,Metal,2023-08-15,2026-01-16
USR004489,Standard,2026-01-17,
USR004490,Standard,2025-08-31,
USR004491,Standard,2025-01-27,2026-08-22
USR004491,Plus,2026-08-23,
USR004492,Plus,2023-04-11,
USR004493,Ultra,2024-05-19,2025-01-17
USR004493,Standard,2025-01-18,
USR004494,Premium,2023-11-09,
USR004495,Ultra,2024-11-17,2026-01-01
USR004495,Standard,2026-01-02,
USR004496,Ultra,2025-12-15,
USR004497,Metal,2025-07-19,
USR004498,Standard,2025-12-16,
USR004499,Standard,2024-01-15,2026-04-14
USR004499,Premium,2026-04-15,
USR004500,Standard,2025-03-07,
USR004501,Standard,2024-03-17,
USR004502,Standard,2024-01-08,
USR004503,Standard,2023-08-23,
USR004504,Standard,2025-03-13,
USR004505,Standard,2025-06-05,
USR004506,Premium,2023-01-05,
USR004507,Plus,2023-03-29,
USR004508,Metal,2024-05-28,2025-02-12
USR004508,Ultra,2025-02-13,
USR004509,Standard,2026-04-27,
USR004510,Standard,2025-05-03,
USR004511,Premium,2025-11-04,
USR004512,Metal,2024-03-01,
USR004513,Standard,2025-12-25,
USR004514,Premium,2024-10-08,
USR004515,Standard,2023-01-27,
USR004516,Plus,2024-02-29,
USR004517,Standard,2024-09-01,
USR004518,Standard,2025-12-25,
USR004519,Premium,2024-07-28,
USR004520,Premium,2023-12-02,
USR004521,Metal,2024-03-29,2026-01-01
USR004521,Standard,2026-01-02,
USR004522,Premium,2024-12-12,
USR004523,Standard,2025-03-18,
USR004524,Standard,2024-03-29,
USR004525,Standard,2025-09-19,
USR004526,Premium,2025-03-12,2025-10-16
USR004526,Plus,2025-10-17,
USR004527,Standard,2023-01-02,
USR004528,Standard,2025-10-19,
USR004529,Plus,2025-06-08,
USR004530,Metal,2024-05-05,
USR004531,Premium,2023-03-03,
USR004532,Premium,2024-06-11,
USR004533,Standard,2026-01-02,
USR004534,Standard,2023-02-03,
USR004535,Premium,2025-01-15,
USR004536,Plus,2023-02-11,2025-02-16
USR004536,Standard,2025-02-17,
USR004537,Standard,2026-01-04,
USR004538,Metal,2024-10-23,2025-05-25
USR004538,Standard,2025-05-26,
USR004539,Standard,2026-02-08,
USR004540,Metal,2026-03-15,
USR004541,Standard,2026-07-05,
USR004542,Standard,2023-07-28,
USR004543,Standard,2025-05-14,
USR004544,Plus,2026-03-24,
USR004545,Plus,2024-04-01,
USR004546,Metal,2025-08-19,
USR004547,Premium,2023-09-12,
USR004548,Standard,2023-02-19,
USR004549,Standard,2026-04-29,
USR004550,Standard,2025-03-27,
USR004551,Ultra,2023-10-03,2023-12-12
USR004551,Premium,2023-12-13,
USR004552,Premium,2026-06-07,
USR004553,Plus,2025-03-19,
USR004554,Premium,2025-12-19,
USR004555,Standard,2026-01-11,
USR004556,Premium,2026-05-10,
USR004557,Metal,2024-12-03,
USR004558,Standard,2025-11-29,
USR004559,Premium,2023-01-03,
USR004560,Metal,2025-09-16,
USR004561,Metal,2025-11-11,
USR004562,Standard,2024-05-11,
USR004563,Metal,2024-07-29,
USR004564,Standard,2025-09-27,
USR004565,Plus,2024-05-16,
USR004566,Standard,2025-08-06,
USR004567,Standard,2023-10-23,
USR004568,Metal,2024-03-13,
USR004569,Ultra,2024-03-24,
USR004570,Standard,2026-02-13,
USR004571,Premium,2023-08-21,2024-10-09
USR004571,Plus,2024-10-10,
USR004572,Standard,2025-10-20,
USR004573,Standard,2026-04-19,
USR004574,Ultra,2024-06-23,2025-10-29
USR004574,Standard,2025-10-30,
USR004575,Standard,2025-09-26,
USR004576,Standard,2025-04-10,
USR004577,Standard,2026-01-28,
USR004578,Standard,2024-10-27,
USR004579,Standard,2025-10-02,
USR004580,Standard,2023-12-10,2026-06-13
USR004580,Metal,2026-06-14,
USR004581,Standard,2023-01-14,
USR004582,Standard,2023-01-08,
USR004583,Ultra,2024-04-16,
USR004584,Standard,2025-11-03,
USR004585,Plus,2023-06-13,
USR004586,Standard,2024-05-28,
USR004587,Plus,2024-01-11,
USR004588,Premium,2026-07-20,
USR004589,Premium,2023-07-22,
USR004590,Plus,2026-01-18,2026-04-22
USR004590,Standard,2026-04-23,
USR004591,Standard,2023-03-21,
USR004592,Standard,2025-10-13,
USR004593,Standard,2025-06-04,
USR004594,Standard,2024-05-31,
USR004595,Plus,2024-03-30,
USR004596,Ultra,2024-01-11,2024-12-17
USR004596,Standard,2024-12-18,
USR004597,Ultra,2025-03-05,2026-05-24
USR004597,Metal,2026-05-25,
USR004598,Standard,2024-01-11,
USR004599,Standard,2023-11-14,
USR004600,Premium,2025-08-13,2026-02-26
USR004600,Standard,2026-02-27,
USR004601,Plus,2023-12-05,
USR004602,Standard,2026-07-26,
USR004603,Standard,2024-10-31,
USR004604,Standard,2023-12-23,
USR004605,Standard,2024-10-15,
USR004606,Standard,2023-01-25,
USR004607,Standard,2026-04-22,
USR004608,Metal,2024-04-17,2025-11-27
USR004608,Plus,2025-11-28,
USR004609,Standard,2023-12-23,
USR004610,Plus,2025-03-21,2025-09-25
USR004610,Standard,2025-09-26,
USR004611,Standard,2024-12-14,2026-05-22
USR004611,Metal,2026-05-23,
USR004612,Metal,2025-09-24,
USR004613,Plus,2026-07-11,
USR004614,Standard,2023-07-09,
USR004615,Metal,2025-06-29,
USR004616,Standard,2024-02-23,
USR004617,Metal,2025-06-05,
USR004618,Ultra,2023-04-16,2024-01-22
USR004618,Standard,2024-01-23,
USR004619,Standard,2025-03-22,
USR004620,Standard,2026-08-02,
USR004621,Standard,2025-06-14,
USR004622,Premium,2025-01-08,
USR004623,Standard,2023-12-24,
USR004624,Standard,2026-05-22,
USR004625,Metal,2023-03-26,
USR004626,Plus,2025-03-21,2025-11-30
USR004626,Standard,2025-12-01,
USR004627,Metal,2026-07-03,
USR004628,Standard,2023-04-11,
USR004629,Standard,2024-01-03,
USR004630,Standard,2024-05-26,
USR004631,Metal,2025-05-13,
USR004632,Standard,2025-09-09,
USR004633,Standard,2024-07-26,
USR004634,Metal,2024-10-20,
USR004635,Ultra,2023-06-01,2024-04-23
USR004635,Standard,2024-04-24,
USR004636,Metal,2023-12-19,2026-01-22
USR004636,Premium,2026-01-23,
USR004637,Standard,2024-11-16,
USR004638,Premium,2025-05-23,
USR004639,Metal,2024-10-05,2025-12-15
USR004639,Plus,2025-12-16,
USR004640,Metal,2023-10-15,
USR004641,Standard,2026-01-05,
USR004642,Standard,2025-04-26,
USR004643,Standard,2024-01-23,
USR004644,Standard,2024-03-09,
USR004645,Metal,2026-02-13,
USR004646,Premium,2026-06-21,2026-08-13
USR004646,Standard,2026-08-14,
USR004647,Premium,2026-04-19,
USR004648,Standard,2024-02-06,
USR004649,Standard,2025-05-08,
USR004650,Premium,2023-07-26,2026-06-28
USR004650,Standard,2026-06-29,
USR004651,Standard,2025-12-02,2026-05-25
USR004651,Premium,2026-05-26,
USR004652,Standard,2026-08-06,
USR004653,Standard,2024-04-17,
USR004654,Premium,2026-08-04,
USR004655,Premium,2026-06-08,
USR004656,Premium,2025-11-12,
USR004657,Plus,2026-06-22,
USR004658,Standard,2025-06-25,
USR004659,Standard,2026-05-23,
USR004660,Premium,2024-06-02,
USR004661,Plus,2023-07-26,
USR004662,Plus,2026-04-13,2026-07-10
USR004662,Metal,2026-07-11,
USR004663,Metal,2024-01-24,2025-05-01
USR004663,Ultra,2025-05-02,
USR004664,Standard,2023-03-31,
USR004665,Premium,2026-06-16,
USR004666,Standard,2023-11-22,
USR004667,Standard,2023-07-01,
USR004668,Premium,2023-05-19,
USR004669,Plus,2023-03-01,2024-09-12
USR004669,Standard,2024-09-13,
USR004670,Standard,2024-03-12,
USR004671,Metal,2023-05-25,
USR004672,Standard,2026-06-15,
USR004673,Standard,2026-07-22,
USR004674,Premium,2025-12-18,2026-05-01
USR004674,Standard,2026-05-02,
USR004675,Plus,2026-07-23,
USR004676,Premium,2026-04-25,2026-07-27
USR004676,Standard,2026-07-28,
USR004677,Standard,2025-01-03,2026-03-12
USR004677,Metal,2026-03-13,
USR004678,Standard,2025-09-21,
USR004679,Standard,2026-03-10,
USR004680,Standard,2024-05-12,
USR004681,Standard,2024-09-16,
USR004682,Ultra,2023-05-06,2026-04-12
USR004682,Standard,2026-04-13,
USR004683,Plus,2025-10-26,2025-12-20
USR004683,Standard,2025-12-21,
USR004684,Metal,2026-03-01,
USR004685,Standard,2023-08-10,2025-11-16
USR004685,Plus,2025-11-17,
USR004686,Standard,2024-04-08,
USR004687,Standard,2024-07-26,
USR004688,Standard,2024-04-19,
USR004689,Standard,2023-09-10,
USR004690,Metal,2023-02-21,
USR004691,Standard,2025-07-26,2026-08-26
USR004691,Metal,2026-08-27,
USR004692,Standard,2024-09-27,
USR004693,Premium,2023-04-03,
USR004694,Premium,2023-02-24,
USR004695,Standard,2024-04-26,
USR004696,Plus,2024-05-18,
USR004697,Metal,2026-07-31,
USR004698,Ultra,2024-11-01,2025-09-25
USR004698,Plus,2025-09-26,
USR004699,Metal,2026-04-16,
USR004700,Standard,2026-07-07,2026-08-21
USR004700,Metal,2026-08-22,
USR004701,Standard,2024-02-19,
USR004702,Plus,2025-06-25,
USR004703,Plus,2024-05-10,
USR004704,Metal,2025-11-18,2026-05-29
USR004704,Standard,2026-05-30,
USR004705,Metal,2024-05-11,
USR004706,Standard,2023-10-13,
USR004707,Standard,2024-03-16,
USR004708,Ultra,2023-06-14,2023-12-16
USR004708,Standard,2023-12-17,
USR004709,Metal,2024-05-22,
USR004710,Ultra,2026-06-20,
USR004711,Standard,2025-04-10,
USR004712,Premium,2025-11-21,
USR004713,Metal,2025-01-18,2025-03-28
USR004713,Standard,2025-03-29,
USR004714,Ultra,2025-12-12,2026-07-03
USR004714,Plus,2026-07-04,
USR004715,Ultra,2025-10-14,2026-05-02
USR004715,Standard,2026-05-03,
USR004716,Standard,2025-02-14,
USR004717,Plus,2025-04-17,
USR004718,Standard,2024-05-26,
USR004719,Ultra,2023-07-11,2024-05-16
USR004719,Standard,2024-05-17,
USR004720,Standard,2024-04-09,
USR004721,Standard,2024-11-25,
USR004722,Standard,2023-08-12,2025-09-24
USR004722,Plus,2025-09-25,
USR004723,Plus,2025-10-25,2026-03-18
USR004723,Standard,2026-03-19,
USR004724,Premium,2023-02-19,
USR004725,Standard,2024-10-01,
USR004726,Plus,2023-06-14,2024-08-07
USR004726,Standard,2024-08-08,
USR004727,Standard,2025-09-12,
USR004728,Standard,2024-05-05,
USR004729,Standard,2023-09-12,
USR004730,Premium,2023-05-14,
USR004731,Standard,2025-01-01,
USR004732,Ultra,2024-01-23,2026-02-18
USR004732,Standard,2026-02-19,
USR004733,Standard,2023-03-05,
USR004734,Premium,2024-01-27,
USR004735,Metal,2025-10-21,
USR004736,Plus,2025-06-11,
USR004737,Standard,2026-05-31,
USR004738,Standard,2025-09-13,
USR004739,Standard,2026-07-10,
USR004740,Standard,2026-05-07,
USR004741,Plus,2026-04-04,
USR004742,Metal,2025-06-17,
USR004743,Standard,2024-01-14,
USR004744,Premium,2023-08-07,
USR004745,Metal,2025-02-27,2026-07-21
USR004745,Standard,2026-07-22,
USR004746,Standard,2023-09-19,
USR004747,Standard,2026-02-16,
USR004748,Premium,2023-02-15,
USR004749,Ultra,2024-07-26,
USR004750,Premium,2023-07-07,
USR004751,Standard,2026-04-25,
USR004752,Premium,2025-03-07,
USR004753,Plus,2023-07-21,
USR004754,Standard,2026-05-17,
USR004755,Ultra,2025-04-17,
USR004756,Standard,2025-01-23,
USR004757,Premium,2024-05-10,
USR004758,Metal,2023-10-01,
USR004759,Plus,2024-02-14,
USR004760,Standard,2024-07-25,
USR004761,Premium,2023-12-18,
USR004762,Standard,2024-01-11,
USR004763,Metal,2023-08-17,
USR004764,Standard,2025-08-22,
USR004765,Plus,2025-10-01,
USR004766,Plus,2023-03-19,2025-05-02
USR004766,Metal,2025-05-03,
USR004767,Standard,2026-04-15,
USR004768,Metal,2024-02-01,
USR004769,Standard,2024-09-08,
USR004770,Ultra,2026-04-06,2026-07-06
USR004770,Standard,2026-07-07,
USR004771,Plus,2025-08-02,2025-10-10
USR004771,Standard,2025-10-11,
USR004772,Standard,2023-02-11,2024-12-10
USR004772,Plus,2024-12-11,
USR004773,Standard,2024-12-05,
USR004774,Ultra,2024-07-13,
USR004775,Standard,2025-12-05,
USR004776,Standard,2023-11-11,
USR004777,Standard,2026-02-04,
USR004778,Plus,2025-04-10,
USR004779,Standard,2024-09-17,
USR004780,Standard,2025-08-14,
USR004781,Standard,2025-04-16,
USR004782,Premium,2024-11-30,
USR004783,Standard,2024-04-21,
USR004784,Premium,2023-10-04,2025-05-11
USR004784,Plus,2025-05-12,
USR004785,Standard,2025-12-29,
USR004786,Standard,2023-12-05,
USR004787,Premium,2023-03-20,2024-02-16
USR004787,Standard,2024-02-17,
USR004788,Ultra,2024-03-01,2024-05-19
USR004788,Standard,2024-05-20,
USR004789,Premium,2025-10-28,
USR004790,Premium,2025-07-11,
USR004791,Metal,2025-07-16,2026-02-22
USR004791,Standard,2026-02-23,
USR004792,Ultra,2024-03-30,
USR004793,Metal,2025-05-19,2026-06-07
USR004793,Standard,2026-06-08,
USR004794,Plus,2024-09-11,2026-07-08
USR004794,Standard,2026-07-09,
USR004795,Standard,2025-08-19,2026-02-14
USR004795,Metal,2026-02-15,
USR004796,Standard,2026-02-13,
USR004797,Standard,2025-03-07,
USR004798,Standard,2024-10-23,
USR004799,Standard,2025-01-31,
USR004800,Standard,2025-02-06,
USR004801,Plus,2024-04-29,
USR004802,Standard,2025-03-08,
USR004803,Plus,2025-06-13,
USR004804,Standard,2026-02-25,
USR004805,Premium,2025-03-08,
USR004806,Metal,2024-06-23,
USR004807,Plus,2024-01-06,
USR004808,Standard,2026-07-24,
USR004809,Premium,2024-02-07,2024-10-19
USR004809,Standard,2024-10-20,
USR004810,Standard,2024-10-08,
USR004811,Standard,2023-12-09,
USR004812,Premium,2023-04-06,
USR004813,Metal,2024-07-14,2025-07-17
USR004813,Plus,2025-07-18,
USR004814,Standard,2024-03-26,
USR004815,Standard,2023-08-02,
USR004816,Standard,2023-11-04,
USR004817,Standard,2023-08-17,
USR004818,Standard,2025-08-15,
USR004819,Premium,2023-06-30,
USR004820,Premium,2024-04-09,
USR004821,Standard,2024-11-28,
USR004822,Standard,2026-02-21,
USR004823,Standard,2024-12-10,
USR004824,Metal,2026-03-03,
USR004825,Metal,2023-01-14,2025-11-04
USR004825,Standard,2025-11-05,
USR004826,Standard,2024-03-26,
USR004827,Premium,2025-07-01,
USR004828,Standard,2026-04-09,
USR004829,Standard,2026-05-06,
USR004830,Metal,2025-05-17,
USR004831,Plus,2023-06-12,
USR004832,Standard,2023-02-21,
USR004833,Premium,2025-09-02,
USR004834,Plus,2025-07-10,
USR004835,Premium,2024-05-04,2025-11-30
USR004835,Standard,2025-12-01,
USR004836,Metal,2025-08-08,2025-09-15
USR004836,Standard,2025-09-16,
USR004837,Standard,2023-08-08,
USR004838,Premium,2023-09-13,
USR004839,Standard,2026-07-30,
USR004840,Plus,2024-05-23,
USR004841,Standard,2023-08-06,
USR004842,Standard,2023-10-23,
USR004843,Plus,2024-06-17,2025-10-24
USR004843,Premium,2025-10-25,
USR004844,Plus,2026-02-12,
USR004845,Premium,2025-07-04,
USR004846,Standard,2026-01-31,
USR004847,Metal,2023-07-30,
USR004848,Premium,2025-05-09,
USR004849,Plus,2025-01-24,2026-08-07
USR004849,Standard,2026-08-08,
USR004850,Ultra,2024-09-21,2024-12-30
USR004850,Premium,2024-12-31,
USR004851,Plus,2023-04-04,
USR004852,Metal,2026-05-01,
USR004853,Plus,2024-06-26,2025-10-26
USR004853,Standard,2025-10-27,
USR004854,Ultra,2025-04-15,
USR004855,Standard,2024-06-06,2025-06-01
USR004855,Plus,2025-06-02,
USR004856,Premium,2023-01-15,
USR004857,Metal,2023-01-05,
USR004858,Standard,2025-12-17,
USR004859,Premium,2026-03-03,
USR004860,Premium,2024-01-24,
USR004861,Standard,2024-09-09,2025-02-24
USR004861,Plus,2025-02-25,
USR004862,Premium,2025-08-19,
USR004863,Standard,2026-07-14,
USR004864,Premium,2024-04-30,
USR004865,Metal,2025-02-26,
USR004866,Plus,2024-10-27,
USR004867,Standard,2025-04-18,
USR004868,Metal,2025-03-17,
USR004869,Standard,2023-05-16,
USR004870,Premium,2025-08-15,
USR004871,Standard,2024-01-18,
USR004872,Standard,2023-08-15,
USR004873,Standard,2023-06-18,
USR004874,Standard,2023-04-13,
USR004875,Standard,2023-07-08,
USR004876,Standard,2025-04-13,
USR004877,Standard,2023-09-15,
USR004878,Metal,2024-04-15,
USR004879,Metal,2023-11-17,
USR004880,Standard,2023-10-21,
USR004881,Standard,2026-08-09,
USR004882,Metal,2025-12-02,
USR004883,Standard,2024-11-21,
USR004884,Ultra,2025-06-18,
USR004885,Plus,2024-11-25,
USR004886,Standard,2024-01-13,
USR004887,Standard,2024-08-07,
USR004888,Metal,2026-05-16,
USR004889,Ultra,2026-06-15,
USR004890,Standard,2024-08-20,
USR004891,Standard,2023-08-23,
USR004892,Premium,2025-04-22,2026-05-11
USR004892,Standard,2026-05-12,
USR004893,Premium,2024-06-18,2025-06-15
USR004893,Ultra,2025-06-16,
USR004894,Premium,2024-08-30,
USR004895,Ultra,2023-06-02,2024-06-02
USR004895,Plus,2024-06-03,
USR004896,Standard,2025-10-30,
USR004897,Metal,2026-07-03,2026-08-16
USR004897,Premium,2026-08-17,
USR004898,Plus,2023-04-13,
USR004899,Premium,2023-03-23,2025-02-19
USR004899,Standard,2025-02-20,
USR004900,Premium,2023-10-10,
USR004901,Metal,2023-08-23,
USR004902,Standard,2023-06-25,
USR004903,Plus,2025-10-22,2026-01-07
USR004903,Ultra,2026-01-08,
USR004904,Premium,2023-02-05,
USR004905,Standard,2023-06-09,
USR004906,Standard,2025-07-03,
USR004907,Ultra,2024-04-27,
USR004908,Standard,2024-06-15,
USR004909,Premium,2025-07-10,
USR004910,Metal,2024-10-05,
USR004911,Standard,2024-02-09,
USR004912,Standard,2023-05-26,2026-01-23
USR004912,Metal,2026-01-24,
USR004913,Ultra,2024-05-08,
USR004914,Premium,2025-10-18,
USR004915,Ultra,2026-05-02,
USR004916,Standard,2025-08-19,
USR004917,Standard,2023-04-16,
USR004918,Premium,2024-12-13,2026-01-03
USR004918,Standard,2026-01-04,
USR004919,Standard,2023-05-12,
USR004920,Standard,2023-08-24,
USR004921,Metal,2025-05-05,
USR004922,Standard,2024-05-24,
USR004923,Plus,2025-07-31,
USR004924,Premium,2026-03-27,2026-06-08
USR004924,Metal,2026-06-09,
USR004925,Premium,2023-11-13,
USR004926,Plus,2023-12-25,2024-03-11
USR004926,Metal,2024-03-12,
USR004927,Standard,2023-01-28,
USR004928,Standard,2025-09-05,
USR004929,Premium,2025-03-07,2026-03-02
USR004929,Standard,2026-03-03,
USR004930,Plus,2024-06-05,
USR004931,Premium,2024-11-25,
USR004932,Standard,2024-02-12,
USR004933,Metal,2025-11-27,
USR004934,Plus,2026-06-20,
USR004935,Standard,2024-04-29,
USR004936,Premium,2026-04-10,2026-07-17
USR004936,Standard,2026-07-18,
USR004937,Standard,2024-06-03,
USR004938,Standard,2023-09-03,2025-07-27
USR004938,Plus,2025-07-28,
USR004939,Metal,2026-03-06,
USR004940,Premium,2026-06-04,
USR004941,Premium,2023-05-19,2024-09-15
USR004941,Metal,2024-09-16,
USR004942,Plus,2025-11-10,
USR004943,Premium,2025-02-27,
USR004944,Premium,2025-06-25,
USR004945,Standard,2024-06-19,
USR004946,Standard,2023-05-13,
USR004947,Plus,2024-05-18,
USR004948,Standard,2026-03-26,
USR004949,Plus,2024-02-29,2024-08-03
USR004949,Premium,2024-08-04,
USR004950,Standard,2023-12-24,
USR004951,Premium,2023-02-21,
USR004952,Metal,2025-10-31,
USR004953,Standard,2024-06-21,
USR004954,Plus,2025-06-11,
USR004955,Standard,2023-01-03,
USR004956,Standard,2024-12-30,
USR004957,Ultra,2023-01-08,2024-05-29
USR004957,Metal,2024-05-30,
USR004958,Standard,2023-03-26,
USR004959,Metal,2025-04-08,
USR004960,Standard,2025-01-25,
USR004961,Standard,2025-07-16,
USR004962,Standard,2024-04-12,
USR004963,Standard,2025-07-22,
USR004964,Plus,2023-03-21,
USR004965,Standard,2024-07-08,
USR004966,Premium,2024-03-16,
USR004967,Standard,2026-01-15,
USR004968,Standard,2024-02-06,
USR004969,Plus,2024-03-11,
USR004970,Premium,2023-12-24,
USR004971,Standard,2023-05-17,
USR004972,Metal,2023-07-22,
USR004973,Ultra,2025-06-16,2025-12-22
USR004973,Standard,2025-12-23,
USR004974,Ultra,2024-11-27,
USR004975,Standard,2023-10-14,
USR004976,Standard,2025-06-16,
USR004977,Metal,2025-11-12,
USR004978,Standard,2024-01-02,
USR004979,Standard,2023-10-08,
USR004980,Ultra,2026-05-25,2026-08-28
USR004980,Premium,2026-08-29,
USR004981,Metal,2024-12-20,2025-07-23
USR004981,Standard,2025-07-24,
USR004982,Standard,2024-05-31,
USR004983,Plus,2024-04-01,
USR004984,Premium,2023-08-21,
USR004985,Plus,2026-01-29,2026-03-02
USR004985,Standard,2026-03-03,
USR004986,Standard,2025-09-18,
USR004987,Premium,2024-03-20,2024-04-21
USR004987,Standard,2024-04-22,
USR004988,Premium,2023-04-28,
USR004989,Metal,2023-12-15,
USR004990,Ultra,2026-01-07,2026-02-08
USR004990,Standard,2026-02-09,
USR004991,Standard,2026-01-31,
USR004992,Ultra,2025-10-26,2026-02-12
USR004992,Premium,2026-02-13,
USR004993,Premium,2026-05-12,
USR004994,Standard,2026-02-22,
USR004995,Standard,2023-11-10,
USR004996,Standard,2025-10-15,
USR004997,Plus,2023-06-16,
USR004998,Metal,2024-02-19,
USR004999,Standard,2023-02-27,
USR005000,Ultra,2026-08-01,
