txn_id,user_id,timestamp,amount,currency,product
TXN00002543,USR001637,2023-01-24T06:00:07Z,23.35,CAD,card
TXN00006842,USR004156,2023-01-30T22:24:15Z,149.94,GBP,FX
TXN00002226,USR001950,2023-02-03T18:03:51Z,92.52,EUR,crypto
TXN00005085,USR001981,2023-02-07T16:06:04Z,75.94,GBP,card
TXN00008066,USR004957,2023-02-10T19:53:14Z,30.52,RON,card
TXN00003509,USR004536,2023-02-18T11:09:37Z,197.13,EUR,savings
TXN00005711,USR001637,2023-02-22T09:04:21Z,259.42,EUR,FX
TXN00006516,USR002308,2023-02-25T07:50:25Z,114.51,RON,FX
TXN00001429,USR001366,2023-02-27T10:58:45Z,25.77,EUR,card
TXN00003005,USR001801,2023-02-28T08:58:11Z,4.93,RON,crypto
TXN00007387,USR004531,2023-03-03T08:26:44Z,79.05,RON,crypto
TXN00007298,USR003957,2023-03-05T12:21:44Z,35.33,GBP,card
TXN00008983,USR002943,2023-03-07T16:06:33Z,8.03,GBP,card
TXN00000562,USR001630,2023-03-09T14:05:15Z,598.32,CHF,savings
TXN00007407,USR001496,2023-03-11T18:34:47Z,19.43,EUR,card
TXN00007659,USR000140,2023-03-12T05:51:33Z,65.52,EUR,card
TXN00001764,USR003801,2023-03-15T02:53:02Z,676.01,CHF,savings
TXN00008365,USR002658,2023-03-15T13:30:20Z,32.32,GBP,card
TXN00007510,USR001061,2023-03-18T20:54:14Z,11.44,SEK,card
TXN00007603,USR002474,2023-03-20T05:33:57Z,41.26,EUR,card
TXN00003920,USR000042,2023-03-24T01:04:34Z,-7.22,GBP,card
TXN00004538,USR004023,2023-03-24T14:39:32Z,356.87,PLN,savings
TXN00002446,USR001786,2023-03-28T16:54:41Z,223.40,EUR,crypto
TXN00007835,USR001781,2023-03-30T07:07:01Z,182.08,GBP,stocks
TXN00007680,USR003386,2023-03-31T17:34:22Z,8.98,PLN,card
TXN00001160,USR002315,2023-04-02T02:12:05Z,12.06,PLN,card
TXN00004187,USR001127,2023-04-03T07:51:48Z,52.29,EUR,card
TXN00002152,USR001111,2023-04-03T18:48:22Z,7.48,EUR,card
TXN00008519,USR000054,2023-04-05T06:46:09Z,115.09,RON,stocks
TXN00004162,USR003799,2023-04-07T02:52:15Z,34.16,GBP,card
TXN00003738,USR004059,2023-04-09T14:01:50Z,17.25,EUR,card
TXN00000535,USR001998,2023-04-10T09:20:50Z,3235.84,GBP,stocks
TXN00005747,USR004260,2023-04-13T20:39:33Z,112.30,PLN,stocks
TXN00006089,USR000054,2023-04-15T12:14:56Z,109.76,GBP,crypto
TXN00000502,USR001666,2023-04-20T07:13:03Z,9.53,EUR,card
TXN00006372,USR004618,2023-04-21T15:07:06Z,148.43,RON,FX
TXN00007205,USR002609,2023-04-22T08:32:05Z,2189.92,EUR,stocks
TXN00000070,USR004339,2023-04-22T17:32:21Z,11.50,EUR,card
TXN00000210,USR000813,2023-04-22T22:24:43Z,27.02,GBP,card
TXN00003433,USR002973,2023-04-26T08:56:00Z,13.36,EUR,card
TXN00002973,USR001759,2023-04-28T10:15:44Z,-6.16,GBP,card
TXN00001018,USR002996,2023-05-02T02:47:57Z,11.68,PLN,card
TXN00004963,USR000718,2023-05-02T19:00:23Z,27.49,EUR,stocks
TXN00005078,USR001759,2023-05-04T07:36:40Z,26.18,GBP,card
TXN00000786,USR002064,2023-05-04T11:13:57Z,11.23,RON,card
TXN00003152,USR001060,2023-05-05T14:05:11Z,33.82,GBP,card
TXN00008753,USR000288,2023-05-06T19:52:00Z,139.56,EUR,stocks
TXN00002796,USR000776,2023-05-10T18:08:51Z,181.88,CHF,savings
TXN00000422,USR000844,2023-05-11T03:28:26Z,27.74,PLN,card
TXN00003854,USR000259,2023-05-13T20:41:59Z,588.98,GBP,savings
TXN00005783,USR002243,2023-05-15T00:16:33Z,115.34,GBP,FX
TXN00000653,USR000046,2023-05-19T23:46:31Z,323.29,GBP,savings
TXN00005154,USR001173,2023-05-21T14:00:16Z,424.12,EUR,savings
TXN00007248,USR001440,2023-05-21T17:49:00Z,13.33,GBP,card
TXN00004143,USR004023,2023-05-21T23:00:13Z,337.30,PLN,FX
TXN00004852,USR002129,2023-05-23T09:53:19Z,255.99,EUR,savings
TXN00006011,USR002243,2023-05-24T03:19:56Z,30.45,EUR,card
TXN00007218,USR001694,2023-05-26T01:55:53Z,59.55,GBP,card
TXN00007989,USR000995,2023-05-30T11:59:31Z,7.92,GBP,card
TXN00000240,USR000141,2023-06-02T12:44:38Z,61.57,RON,card
TXN00005834,USR002584,2023-06-02T21:14:53Z,14.87,PLN,card
TXN00000820,USR002669,2023-06-03T15:28:03Z,115.58,EUR,card
TXN00008720,USR000095,2023-06-06T09:53:42Z,56.68,EUR,card
TXN00006311,USR001418,2023-06-06T12:15:15Z,35.11,EUR,card
TXN00006934,USR004260,2023-06-07T12:35:32Z,173.33,PLN,FX
TXN00000903,USR002427,2023-06-08T08:31:43Z,1075.44,GBP,FX
TXN00004465,USR001759,2023-06-08T18:50:07Z,45.86,GBP,card
TXN00008865,USR001106,2023-06-10T17:50:19Z,13.22,GBP,card
TXN00000245,USR001637,2023-06-12T08:01:46Z,304.95,EUR,stocks
TXN00003422,USR001786,2023-06-13T00:22:50Z,244.39,EUR,stocks
TXN00004075,USR003122,2023-06-13T22:21:52Z,66.18,EUR,card
TXN00001107,USR001451,2023-06-14T06:45:34Z,167.69,GBP,card
TXN00003198,USR004668,2023-06-14T13:56:29Z,111.07,EUR,crypto
TXN00007060,USR002293,2023-06-15T19:17:29Z,267.68,EUR,stocks
TXN00008635,USR004284,2023-06-18T12:04:59Z,416.30,CHF,stocks
TXN00004796,USR003475,2023-06-18T14:59:10Z,16.37,PLN,card
TXN00000636,USR002422,2023-06-19T16:17:42Z,63.93,EUR,card
TXN00005908,USR003446,2023-06-19T17:26:04Z,414.60,EUR,stocks
TXN00008571,USR004831,2023-06-20T08:25:02Z,159.00,USD,card
TXN00007372,USR003122,2023-06-22T15:50:14Z,28.63,EUR,card
TXN00001366,USR001781,2023-06-23T21:34:08Z,19.20,GBP,card
TXN00002873,USR000568,2023-06-24T18:08:27Z,12.81,EUR,card
TXN00002934,USR004527,2023-06-25T00:59:59Z,116.94,EUR,card
TXN00000889,USR003521,2023-06-25T07:39:34Z,161.67,EUR,card
TXN00002809,USR003169,2023-06-26T15:24:19Z,40.05,EUR,card
TXN00007855,USR003741,2023-06-27T02:50:22Z,534.10,JPY,savings
TXN00006768,USR001998,2023-06-29T02:34:37Z,93.54,SEK,savings
TXN00000174,USR000455,2023-06-29T05:38:44Z,196.78,EUR,savings
TXN00005790,USR002129,2023-06-29T12:07:40Z,86.03,EUR,FX
TXN00008045,USR002045,2023-07-01T02:39:55Z,123.32,GBP,FX
TXN00002193,USR004260,2023-07-01T13:36:50Z,441.10,PLN,savings
TXN00001894,USR001456,2023-07-01T15:33:28Z,19.25,EUR,card
TXN00001451,USR003108,2023-07-02T19:26:32Z,3336.75,CHF,savings
TXN00001679,USR001748,2023-07-08T00:09:25Z,42.49,GBP,card
TXN00003191,USR000329,2023-07-09T07:58:14Z,3.61,GBP,card
TXN00004891,USR003537,2023-07-09T15:11:33Z,40.11,SEK,card
TXN00001607,USR002089,2023-07-10T03:06:49Z,44.61,GBP,card
TXN00007037,USR003313,2023-07-11T09:29:13Z,75.16,USD,crypto
TXN00001205,USR000790,2023-07-15T04:44:58Z,654.07,PLN,savings
TXN00007438,USR002884,2023-07-16T11:51:01Z,149.58,GBP,stocks
TXN00002909,USR001637,2023-07-16T18:08:28Z,304.38,NOK,FX
TXN00008042,USR003379,2023-07-17T06:05:31Z,54.34,GBP,card
TXN00000377,USR002896,2023-07-17T22:33:25Z,1305.53,CAD,savings
TXN00003291,USR000404,2023-07-18T07:44:37Z,6.78,EUR,card
TXN00000944,USR000318,2023-07-21T01:06:03Z,14.77,GBP,card
TXN00003677,USR001759,2023-07-21T05:51:03Z,18.78,JPY,card
TXN00002272,USR003222,2023-07-21T17:20:33Z,83.08,EUR,card
TXN00001474,USR001875,2023-07-23T14:26:39Z,84.20,EUR,crypto
TXN00003651,USR004988,2023-07-23T14:40:54Z,4.05,EUR,card
TXN00003837,USR000577,2023-07-23T20:57:59Z,63.80,PLN,card
TXN00000088,USR004236,2023-07-23T21:19:09Z,30.18,SEK,card
TXN00004589,USR001496,2023-07-25T13:26:25Z,21.60,EUR,card
TXN00007905,USR003354,2023-07-26T02:21:17Z,21.43,RON,card
TXN00002322,USR004730,2023-07-28T18:12:31Z,20.63,EUR,card
TXN00000670,USR004395,2023-07-29T18:40:27Z,14.41,EUR,card
TXN00007627,USR003022,2023-07-30T12:40:23Z,19.59,EUR,card
TXN00006739,USR002699,2023-07-31T16:04:59Z,10.98,EUR,card
TXN00004895,USR001094,2023-08-01T23:24:03Z,20.49,GBP,card
TXN00004865,USR001501,2023-08-02T16:28:15Z,16.42,GBP,card
TXN00002861,USR001750,2023-08-03T22:35:36Z,32.55,EUR,card
TXN00008309,USR002461,2023-08-04T16:49:06Z,14.43,GBP,card
TXN00004581,USR003410,2023-08-04T20:35:16Z,-18.53,EUR,card
TXN00003410,USR000329,2023-08-05T17:16:44Z,29.17,GBP,card
TXN00002833,USR004122,2023-08-06T00:31:08Z,27.21,EUR,card
TXN00007406,USR000244,2023-08-06T06:22:59Z,1.77,GBP,card
TXN00001936,USR003856,2023-08-10T02:36:12Z,15.30,EUR,card
TXN00004618,USR004072,2023-08-10T07:24:59Z,40.38,EUR,savings
TXN00007180,USR000765,2023-08-10T21:59:18Z,609.01,JPY,savings
TXN00004693,USR000137,2023-08-11T15:05:14Z,29.41,EUR,card
TXN00007625,USR003924,2023-08-14T02:44:28Z,5.65,GBP,card
TXN00008574,USR002874,2023-08-15T04:30:34Z,12.97,EUR,card
TXN00005292,USR001389,2023-08-16T11:31:02Z,165.49,GBP,card
TXN00008215,USR002064,2023-08-16T15:06:21Z,138.95,GBP,FX
TXN00008840,USR000574,2023-08-17T02:35:25Z,19.97,NOK,card
TXN00003806,USR004905,2023-08-18T13:58:35Z,7.74,GBP,card
TXN00007243,USR003424,2023-08-18T19:38:53Z,133.23,SEK,FX
TXN00005282,USR000404,2023-08-19T22:01:01Z,17.67,EUR,card
TXN00000067,USR000408,2023-08-19T23:24:50Z,77.75,EUR,stocks
TXN00000595,USR002416,2023-08-20T06:42:23Z,21.53,GBP,card
TXN00005491,USR004157,2023-08-21T10:39:53Z,54.51,EUR,card
TXN00004629,USR001024,2023-08-23T00:04:20Z,83.10,RON,card
TXN00008417,USR002996,2023-08-24T00:34:47Z,131.42,PLN,FX
TXN00007217,USR000513,2023-08-24T23:23:49Z,169.84,EUR,stocks
TXN00004049,USR001607,2023-08-25T11:51:23Z,310.59,EUR,savings
TXN00005338,USR000813,2023-08-25T18:37:41Z,25.35,SEK,card
TXN00003214,USR003163,2023-08-25T20:31:46Z,5.17,EUR,card
TXN00000557,USR001094,2023-08-26T11:50:49Z,221.61,GBP,crypto
TXN00005601,USR000157,2023-08-27T12:37:59Z,17.01,EUR,card
TXN00000513,USR002687,2023-08-27T21:31:40Z,67.31,EUR,crypto
TXN00008230,USR003295,2023-08-28T12:28:38Z,1245.93,EUR,FX
TXN00002383,USR000667,2023-08-28T17:33:39Z,17.85,GBP,crypto
TXN00001555,USR003738,2023-08-29T20:21:17Z,440.00,SEK,savings
TXN00007472,USR003053,2023-08-30T17:00:01Z,142.31,EUR,savings
TXN00001091,USR004825,2023-08-31T09:22:35Z,604.44,PLN,savings
TXN00002082,USR003169,2023-08-31T17:54:15Z,372.03,EUR,crypto
TXN00001667,USR004912,2023-08-31T20:11:36Z,58.01,EUR,crypto
TXN00004939,USR000385,2023-08-31T23:07:13Z,36.42,PLN,card
TXN00004421,USR002416,2023-08-31T23:37:57Z,80.16,GBP,stocks
TXN00001941,USR001416,2023-09-01T01:17:51Z,27.22,PLN,card
TXN00003154,USR002256,2023-09-01T03:56:42Z,30.92,GBP,card
TXN00003230,USR001261,2023-09-02T16:40:04Z,671.11,EUR,stocks
TXN00003835,USR004559,2023-09-02T21:51:32Z,708.64,EUR,stocks
TXN00000671,USR003004,2023-09-04T01:48:00Z,21.85,GBP,card
TXN00004706,USR002731,2023-09-05T20:23:38Z,39.26,GBP,card
TXN00002510,USR003163,2023-09-06T01:27:31Z,449.11,RON,savings
TXN00004447,USR003497,2023-09-06T02:51:29Z,25.63,GBP,card
TXN00006818,USR003602,2023-09-06T13:57:30Z,90.74,PLN,FX
TXN00005837,USR003738,2023-09-07T11:42:20Z,37.77,GBP,card
TXN00007224,USR004488,2023-09-07T22:46:37Z,27.05,EUR,card
TXN00003998,USR004606,2023-09-08T03:53:17Z,61.99,EUR,card
TXN00007126,USR004016,2023-09-09T07:46:15Z,85.69,EUR,card
TXN00007591,USR001408,2023-09-10T23:04:41Z,211.09,PLN,crypto
TXN00001794,USR002218,2023-09-13T07:43:06Z,39.21,PLN,card
TXN00005265,USR001122,2023-09-13T11:05:22Z,15.55,GBP,card
TXN00002324,USR001059,2023-09-15T06:41:36Z,974.44,EUR,crypto
TXN00005765,USR003799,2023-09-15T19:17:26Z,729.10,GBP,savings
TXN00007058,USR004375,2023-09-17T17:23:58Z,7.25,PLN,card
TXN00005539,USR002778,2023-09-18T11:16:14Z,52.90,EUR,FX
TXN00001335,USR000628,2023-09-18T23:35:57Z,4.98,EUR,card
TXN00007129,USR002711,2023-09-19T00:39:38Z,36.79,PLN,card
TXN00003416,USR000469,2023-09-19T15:49:41Z,124.55,EUR,FX
TXN00005881,USR002778,2023-09-19T21:28:33Z,44.88,EUR,card
TXN00002508,USR004376,2023-09-22T03:14:48Z,35.96,USD,card
TXN00004760,USR001565,2023-09-22T06:32:00Z,55.56,EUR,card
TXN00004452,USR004689,2023-09-23T06:56:49Z,113.53,EUR,crypto
TXN00006799,USR000093,2023-09-23T19:51:12Z,12.17,EUR,card
TXN00000123,USR004264,2023-09-24T03:05:24Z,11.79,RON,card
TXN00003613,USR002724,2023-09-25T12:52:20Z,41.47,GBP,card
TXN00000767,USR004591,2023-09-26T07:28:35Z,253.97,GBP,FX
TXN00007823,USR001993,2023-09-27T00:52:34Z,101.53,RON,crypto
TXN00003010,USR004446,2023-09-27T01:24:04Z,59.72,GBP,crypto
TXN00000257,USR003053,2023-09-27T08:35:13Z,40.54,EUR,card
TXN00001148,USR004236,2023-09-27T22:52:27Z,35.21,SEK,card
TXN00002156,USR001637,2023-09-28T01:18:39Z,36.05,EUR,card
TXN00006054,USR002873,2023-09-28T04:12:54Z,261.18,PLN,crypto
TXN00007763,USR003960,2023-09-28T05:40:09Z,66.91,EUR,crypto
TXN00003413,USR004999,2023-09-29T05:19:11Z,124.69,GBP,stocks
TXN00003139,USR000038,2023-09-30T06:15:51Z,24.54,GBP,card
TXN00008110,USR003510,2023-09-30T09:56:17Z,38.80,GBP,card
TXN00004604,USR003469,2023-10-01T13:15:01Z,34.77,EUR,card
TXN00002065,USR001828,2023-10-02T05:46:45Z,46.91,EUR,savings
TXN00003381,USR002833,2023-10-07T06:57:09Z,60.74,EUR,card
TXN00001512,USR002015,2023-10-09T07:56:51Z,352.51,GBP,savings
TXN00006042,USR001828,2023-10-09T18:57:58Z,426.22,EUR,crypto
TXN00008999,USR001843,2023-10-11T20:40:25Z,11.49,EUR,card
TXN00007278,USR003106,2023-10-13T08:10:29Z,36.61,EUR,card
TXN00002145,USR004395,2023-10-13T09:26:01Z,89.76,EUR,card
TXN00004100,USR002930,2023-10-13T09:54:09Z,513.10,GBP,savings
TXN00003692,USR002760,2023-10-14T19:38:06Z,448.35,EUR,stocks
TXN00005234,USR001140,2023-10-15T12:25:31Z,18.91,CHF,card
TXN00005206,USR001725,2023-10-16T02:04:22Z,1584.19,JPY,FX
TXN00001462,USR000639,2023-10-16T05:21:17Z,70.44,EUR,card
TXN00002995,USR003163,2023-10-16T20:41:30Z,31.52,EUR,card
TXN00008238,USR004625,2023-10-17T11:18:18Z,59.67,GBP,card
TXN00000497,USR000194,2023-10-18T21:28:22Z,86.94,GBP,savings
TXN00005060,USR002198,2023-10-19T03:29:50Z,207.02,RON,stocks
TXN00002907,USR002505,2023-10-19T04:12:29Z,397.61,PLN,savings
TXN00008070,USR003004,2023-10-20T08:38:02Z,24.03,GBP,card
TXN00003681,USR000103,2023-10-20T09:21:03Z,8.19,GBP,card
TXN00006687,USR003666,2023-10-21T08:25:05Z,20.65,GBP,card
TXN00007644,USR001843,2023-10-22T02:46:58Z,10.34,CAD,card
TXN00006592,USR000276,2023-10-22T03:47:24Z,89.11,RON,stocks
TXN00005656,USR001758,2023-10-22T08:53:38Z,26.17,EUR,card
TXN00007568,USR002601,2023-10-22T12:03:23Z,388.41,EUR,crypto
TXN00002886,USR002941,2023-10-22T23:17:57Z,41.92,GBP,card
TXN00006611,USR000871,2023-10-23T01:51:09Z,654.11,GBP,savings
TXN00007083,USR001918,2023-10-24T00:13:31Z,150.72,EUR,FX
TXN00004655,USR002536,2023-10-24T06:39:00Z,40.76,GBP,card
TXN00002479,USR002973,2023-10-24T07:47:05Z,27.55,USD,card
TXN00004261,USR004847,2023-10-24T12:56:32Z,71.08,GBP,card
TXN00007557,USR001009,2023-10-24T14:09:04Z,338.46,EUR,FX
TXN00008704,USR004023,2023-10-24T23:40:35Z,213.56,PLN,stocks
TXN00004985,USR002996,2023-10-25T12:04:31Z,72.53,PLN,card
TXN00006060,USR004744,2023-10-25T19:40:19Z,12.59,CAD,card
TXN00000504,USR001954,2023-10-25T22:37:21Z,632.21,EUR,FX
TXN00005291,USR000805,2023-10-26T03:42:37Z,13.22,EUR,card
TXN00008234,USR000090,2023-10-28T09:31:49Z,265.67,GBP,crypto
TXN00008106,USR001720,2023-10-29T22:24:01Z,17.73,EUR,card
TXN00002736,USR004029,2023-10-30T03:00:19Z,31.10,EUR,card
TXN00007107,USR003374,2023-10-31T05:17:15Z,250.47,EUR,stocks
TXN00005074,USR004901,2023-11-01T08:57:30Z,560.98,EUR,savings
TXN00006431,USR002919,2023-11-01T19:10:03Z,13.52,GBP,card
TXN00008040,USR001519,2023-11-02T04:09:44Z,11.78,EUR,card
TXN00000156,USR000132,2023-11-03T02:11:01Z,8.21,EUR,card
TXN00008166,USR002511,2023-11-03T09:16:11Z,36.26,GBP,card
TXN00004023,USR003539,2023-11-03T22:18:35Z,474.14,GBP,FX
TXN00008504,USR002296,2023-11-06T14:04:47Z,2.60,SEK,card
TXN00001140,USR003659,2023-11-06T19:01:59Z,52.72,EUR,savings
TXN00004408,USR002049,2023-11-07T02:49:10Z,14.57,EUR,card
TXN00004500,USR000314,2023-11-07T15:33:14Z,14.36,GBP,card
TXN00004981,USR002384,2023-11-08T20:43:08Z,160.57,EUR,card
TXN00006175,USR004581,2023-11-10T12:27:22Z,454.05,GBP,savings
TXN00005526,USR002275,2023-11-10T17:58:16Z,513.65,RON,FX
TXN00008488,USR002403,2023-11-12T08:43:35Z,26.50,EUR,card
TXN00001463,USR004380,2023-11-13T08:58:45Z,13.65,EUR,card
TXN00008606,USR004492,2023-11-13T19:53:54Z,46.32,EUR,card
TXN00000131,USR001731,2023-11-14T02:16:05Z,9.03,EUR,card
TXN00006151,USR001316,2023-11-14T08:29:13Z,484.19,GBP,savings
TXN00005153,USR004999,2023-11-14T22:14:21Z,28.60,GBP,card
TXN00001799,USR000892,2023-11-15T07:54:09Z,44.10,SEK,card
TXN00001584,USR003101,2023-11-16T06:01:09Z,97.85,EUR,card
TXN00004579,USR002481,2023-11-16T07:10:28Z,9.56,EUR,card
TXN00008123,USR002056,2023-11-16T14:43:55Z,18.80,EUR,card
TXN00001394,USR000287,2023-11-17T08:54:13Z,168.03,GBP,FX
TXN00006905,USR002427,2023-11-17T16:29:16Z,52.85,GBP,card
TXN00004757,USR002651,2023-11-17T17:12:10Z,714.26,EUR,FX
TXN00004609,USR001490,2023-11-18T18:20:44Z,282.39,CHF,stocks
TXN00006387,USR002541,2023-11-19T16:46:04Z,61.06,EUR,card
TXN00005365,USR001885,2023-11-20T22:46:35Z,18.22,GBP,card
TXN00005811,USR001057,2023-11-21T12:56:56Z,518.33,EUR,savings
TXN00002186,USR002665,2023-11-21T23:36:58Z,555.36,GBP,FX
TXN00006961,USR004417,2023-11-22T05:21:15Z,99.03,EUR,card
TXN00005572,USR004401,2023-11-22T21:23:27Z,36.07,EUR,card
TXN00001809,USR001637,2023-11-24T09:07:38Z,103.80,EUR,stocks
TXN00007119,USR003799,2023-11-24T22:20:21Z,137.63,GBP,crypto
TXN00002982,USR000259,2023-11-26T08:13:51Z,26.19,GBP,card
TXN00006137,USR001949,2023-11-26T09:34:32Z,302.66,EUR,savings
TXN00006684,USR004339,2023-11-28T05:37:29Z,81.23,USD,card
TXN00002096,USR004925,2023-11-28T21:47:51Z,50.23,EUR,card
TXN00007095,USR002058,2023-11-29T06:44:00Z,596.28,EUR,savings
TXN00003153,USR000874,2023-11-29T13:04:26Z,15.21,EUR,card
TXN00006458,USR001029,2023-11-29T15:13:00Z,377.32,CHF,FX
TXN00007428,USR000591,2023-11-29T21:38:22Z,323.65,PLN,savings
TXN00008035,USR002310,2023-11-30T01:53:52Z,2.70,NOK,card
TXN00001469,USR003085,2023-11-30T09:15:29Z,74.23,RON,stocks
TXN00000661,USR000632,2023-11-30T09:21:41Z,119.13,RON,FX
TXN00008029,USR002362,2023-12-01T02:38:03Z,866.22,EUR,savings
TXN00004325,USR001057,2023-12-01T05:11:41Z,-30.43,EUR,card
TXN00004918,USR003925,2023-12-01T05:45:17Z,33.21,PLN,card
TXN00005045,USR003523,2023-12-01T08:06:54Z,145.37,GBP,crypto
TXN00006278,USR004436,2023-12-01T11:50:30Z,31.53,RON,card
TXN00006202,USR003863,2023-12-02T15:43:00Z,11.04,GBP,card
TXN00004052,USR000990,2023-12-02T18:42:07Z,33.73,JPY,card
TXN00001085,USR001140,2023-12-04T09:08:26Z,1208.99,CHF,savings
TXN00005603,USR000516,2023-12-04T10:35:58Z,126.95,PLN,crypto
TXN00001118,USR004198,2023-12-05T09:04:15Z,52.09,EUR,card
TXN00006134,USR000379,2023-12-05T16:33:20Z,15.36,EUR,card
TXN00007676,USR004122,2023-12-05T16:34:40Z,7.84,EUR,card
TXN00002099,USR004874,2023-12-06T00:37:39Z,565.43,GBP,savings
TXN00000286,USR000632,2023-12-06T08:25:21Z,240.19,RON,savings
TXN00000927,USR004487,2023-12-06T15:27:57Z,35.75,EUR,card
TXN00000845,USR004548,2023-12-06T16:24:27Z,19.05,EUR,card
TXN00006683,USR004194,2023-12-07T01:56:00Z,313.46,PLN,savings
TXN00002353,USR000793,2023-12-10T09:10:52Z,20.20,EUR,card
TXN00007104,USR004601,2023-12-12T16:59:59Z,616.18,GBP,savings
TXN00004204,USR000140,2023-12-12T23:00:53Z,392.62,EUR,savings
TXN00003979,USR002237,2023-12-13T00:51:17Z,17.57,GBP,card
TXN00005327,USR003385,2023-12-13T01:36:56Z,33.12,JPY,card
TXN00007733,USR001094,2023-12-13T03:16:55Z,441.27,GBP,stocks
TXN00006709,USR002015,2023-12-13T03:28:49Z,418.90,GBP,savings
TXN00008496,USR000597,2023-12-13T03:48:50Z,27.70,NOK,card
TXN00004397,USR002544,2023-12-13T16:36:24Z,56.14,EUR,card
TXN00005447,USR004358,2023-12-14T18:47:57Z,199.36,EUR,card
TXN00000031,USR003799,2023-12-15T00:22:59Z,109.54,JPY,card
TXN00000490,USR003619,2023-12-15T02:44:34Z,9.08,EUR,card
TXN00008851,USR002641,2023-12-15T12:41:37Z,120.14,EUR,card
TXN00005014,USR003941,2023-12-16T11:22:07Z,21.29,EUR,card
TXN00005235,USR001502,2023-12-17T21:29:51Z,631.65,EUR,savings
TXN00008235,USR002619,2023-12-18T18:01:08Z,19.77,EUR,card
TXN00003082,USR004671,2023-12-19T15:41:23Z,78.22,RON,card
TXN00004951,USR002237,2023-12-20T05:24:45Z,21.88,EUR,card
TXN00004954,USR000149,2023-12-20T06:44:47Z,40.23,EUR,card
TXN00006356,USR001022,2023-12-20T09:11:13Z,19.12,GBP,card
TXN00007690,USR000969,2023-12-21T08:34:34Z,111.71,GBP,card
TXN00000996,USR003050,2023-12-22T02:33:50Z,122.07,CHF,stocks
TXN00004995,USR001418,2023-12-22T07:07:48Z,254.00,EUR,stocks
TXN00003919,USR001914,2023-12-23T05:01:39Z,24.81,CHF,card
TXN00007279,USR002076,2023-12-23T08:29:26Z,38.11,EUR,card
TXN00006181,USR004971,2023-12-23T08:39:48Z,81.61,RON,card
TXN00003739,USR000992,2023-12-23T15:35:51Z,119.58,PLN,stocks
TXN00006079,USR002760,2023-12-24T13:30:07Z,48.94,EUR,crypto
TXN00005649,USR001764,2023-12-24T18:44:44Z,6.13,GBP,card
TXN00002692,USR000834,2023-12-24T20:35:12Z,4.66,EUR,card
TXN00005580,USR001204,2023-12-25T19:12:01Z,7.79,RON,card
TXN00008935,USR000597,2023-12-26T11:30:11Z,20.45,EUR,card
TXN00003158,USR003548,2023-12-26T15:11:13Z,37.39,EUR,stocks
TXN00000340,USR001593,2023-12-26T18:29:29Z,528.60,GBP,stocks
TXN00003648,USR002651,2023-12-27T02:30:57Z,31.52,EUR,card
TXN00003760,USR002234,2023-12-27T07:11:36Z,76.68,GBP,card
TXN00001388,USR003374,2023-12-27T12:27:55Z,48.69,EUR,card
TXN00002296,USR002609,2023-12-27T14:34:23Z,3.45,EUR,card
TXN00001070,USR000851,2023-12-27T21:59:02Z,10.28,GBP,card
TXN00006812,USR003173,2023-12-27T22:54:36Z,6.75,EUR,card
TXN00001768,USR002731,2023-12-28T13:55:09Z,16.64,GBP,card
TXN00006264,USR003558,2023-12-29T13:48:35Z,36.51,CHF,card
TXN00008145,USR000234,2023-12-30T00:08:34Z,15.43,CAD,card
TXN00002432,USR004368,2023-12-31T04:54:08Z,206.11,PLN,FX
TXN00001738,USR004360,2023-12-31T05:14:13Z,612.78,NOK,savings
TXN00001621,USR004034,2023-12-31T14:42:37Z,127.47,PLN,stocks
TXN00006443,USR004666,2023-12-31T14:53:07Z,6.72,PLN,card
TXN00005536,USR003630,2023-12-31T19:29:00Z,168.45,GBP,savings
TXN00003177,USR004103,2024-01-01T08:38:03Z,73.08,EUR,crypto
TXN00005306,USR002427,2024-01-02T04:34:42Z,417.35,GBP,savings
TXN00000149,USR001347,2024-01-02T11:13:30Z,745.57,PLN,FX
TXN00000726,USR002541,2024-01-04T00:33:43Z,42.03,EUR,card
TXN00007558,USR000538,2024-01-04T21:17:47Z,61.16,EUR,card
TXN00003950,USR004750,2024-01-05T17:58:54Z,14.27,GBP,card
TXN00008542,USR000991,2024-01-06T05:31:18Z,22.59,NOK,card
TXN00006235,USR000996,2024-01-06T18:18:09Z,542.86,GBP,FX
TXN00006864,USR002660,2024-01-06T18:49:27Z,61.00,CHF,stocks
TXN00008568,USR000014,2024-01-08T02:15:26Z,587.18,PLN,stocks
TXN00005943,USR000527,2024-01-08T05:48:34Z,91.48,EUR,FX
TXN00002336,USR004250,2024-01-08T14:40:03Z,15.68,PLN,card
TXN00000539,USR004077,2024-01-08T20:18:17Z,25.99,GBP,card
TXN00007093,USR000893,2024-01-09T01:30:04Z,60.89,GBP,FX
TXN00000289,USR002681,2024-01-09T19:36:27Z,996.16,GBP,FX
TXN00006869,USR000730,2024-01-10T02:09:39Z,15.82,GBP,card
TXN00002084,USR001104,2024-01-10T10:38:03Z,482.06,GBP,stocks
TXN00004483,USR001991,2024-01-10T13:11:41Z,72.77,CHF,card
TXN00007160,USR000730,2024-01-10T15:01:02Z,168.46,USD,card
TXN00008911,USR001531,2024-01-11T11:39:33Z,4.80,GBP,card
TXN00006007,USR002555,2024-01-11T21:57:13Z,258.82,GBP,FX
TXN00003558,USR002167,2024-01-12T17:30:27Z,172.99,GBP,crypto
TXN00000443,USR002962,2024-01-13T15:16:01Z,-27.57,EUR,card
TXN00006559,USR001439,2024-01-14T02:17:17Z,13.69,GBP,card
TXN00005588,USR003535,2024-01-14T04:08:22Z,24.65,EUR,card
TXN00008537,USR002876,2024-01-14T07:51:44Z,22.78,CHF,card
TXN00001231,USR004880,2024-01-15T15:55:40Z,46.30,EUR,card
TXN00006957,USR002176,2024-01-17T04:25:00Z,93.91,EUR,card
TXN00006502,USR003530,2024-01-17T06:20:39Z,38.24,GBP,card
TXN00005408,USR002814,2024-01-17T16:36:21Z,47.07,PLN,stocks
TXN00001845,USR003684,2024-01-18T05:35:02Z,59.63,GBP,card
TXN00006956,USR002812,2024-01-18T21:02:18Z,4.57,EUR,card
TXN00000800,USR003539,2024-01-18T21:09:55Z,330.78,GBP,savings
TXN00000900,USR001329,2024-01-20T05:26:57Z,36.73,SEK,card
TXN00003712,USR002298,2024-01-21T06:21:53Z,323.55,RON,stocks
TXN00007508,USR004753,2024-01-22T11:06:16Z,26.44,EUR,card
TXN00005025,USR002693,2024-01-22T16:00:29Z,3.05,EUR,card
TXN00003147,USR001808,2024-01-22T20:58:45Z,116.05,EUR,savings
TXN00002575,USR001381,2024-01-22T21:31:35Z,2.72,PLN,card
TXN00008586,USR002790,2024-01-22T22:01:17Z,830.65,PLN,savings
TXN00005773,USR004015,2024-01-23T12:17:22Z,10.67,RON,card
TXN00005683,USR004902,2024-01-24T02:33:40Z,60.65,CHF,FX
TXN00006944,USR004567,2024-01-25T01:03:33Z,140.49,RON,stocks
TXN00000868,USR000917,2024-01-25T10:32:53Z,44.77,EUR,card
TXN00005352,USR002395,2024-01-25T23:13:13Z,134.47,CHF,card
TXN00003013,USR001502,2024-01-26T08:58:02Z,200.71,EUR,card
TXN00006960,USR003371,2024-01-26T14:09:58Z,29.85,GBP,card
TXN00006093,USR000193,2024-01-27T21:50:28Z,407.20,GBP,savings
TXN00004568,USR004231,2024-01-28T08:48:39Z,49.17,GBP,card
TXN00001409,USR004092,2024-01-28T19:03:17Z,75.42,CHF,card
TXN00006824,USR000716,2024-01-28T19:44:02Z,649.75,EUR,stocks
TXN00001002,USR002574,2024-01-28T23:09:57Z,13.15,GBP,card
TXN00002600,USR001329,2024-01-29T00:36:58Z,553.13,PLN,savings
TXN00004350,USR002933,2024-01-29T04:10:14Z,30.40,CHF,card
TXN00004859,USR000577,2024-01-29T04:17:35Z,25.40,PLN,card
TXN00000770,USR004486,2024-01-29T06:24:17Z,56.50,GBP,crypto
TXN00008203,USR004880,2024-01-29T15:06:53Z,30.36,EUR,card
TXN00008388,USR000503,2024-01-29T16:18:40Z,238.48,EUR,savings
TXN00008839,USR002781,2024-01-31T12:33:36Z,1539.47,RON,savings
TXN00007203,USR004220,2024-02-01T03:57:55Z,9.41,EUR,card
TXN00003000,USR000162,2024-02-01T19:59:14Z,490.11,GBP,crypto
TXN00007555,USR004581,2024-02-04T04:17:59Z,72.75,GBP,crypto
TXN00008389,USR003065,2024-02-04T10:40:43Z,220.85,CHF,card
TXN00007080,USR001605,2024-02-05T01:39:06Z,14.29,EUR,card
TXN00000818,USR004837,2024-02-05T04:54:29Z,173.53,GBP,card
TXN00002952,USR003952,2024-02-05T13:30:02Z,125.78,EUR,savings
TXN00004919,USR000496,2024-02-05T16:49:50Z,12.24,EUR,card
TXN00002029,USR003641,2024-02-06T21:24:08Z,16.84,EUR,card
TXN00006481,USR000310,2024-02-06T23:27:42Z,34.57,GBP,card
TXN00002042,USR002030,2024-02-07T05:32:58Z,97.49,PLN,FX
TXN00003871,USR004195,2024-02-07T19:48:09Z,327.77,GBP,stocks
TXN00007922,USR004256,2024-02-07T21:13:19Z,233.13,PLN,FX
TXN00001342,USR001312,2024-02-07T22:03:30Z,121.10,EUR,savings
TXN00005978,USR002279,2024-02-08T07:16:05Z,11.61,USD,card
TXN00008445,USR003754,2024-02-08T08:44:49Z,17.00,PLN,card
TXN00003192,USR000813,2024-02-08T20:39:32Z,24.88,GBP,card
TXN00006528,USR001613,2024-02-08T21:59:39Z,13.08,PLN,card
TXN00000077,USR003546,2024-02-09T20:16:58Z,129.10,NOK,stocks
TXN00007988,USR001963,2024-02-10T17:19:10Z,25.76,EUR,card
TXN00005053,USR002395,2024-02-10T17:38:09Z,513.84,CHF,FX
TXN00004245,USR002587,2024-02-10T18:27:23Z,17.66,EUR,savings
TXN00004688,USR004730,2024-02-11T02:46:30Z,177.35,EUR,savings
TXN00005488,USR003702,2024-02-11T14:18:45Z,43.54,EUR,savings
TXN00001866,USR000639,2024-02-11T16:07:39Z,116.02,EUR,FX
TXN00001757,USR002619,2024-02-11T21:56:07Z,59.92,EUR,card
TXN00005842,USR002944,2024-02-11T23:40:04Z,4.16,GBP,card
TXN00006821,USR002192,2024-02-12T00:19:21Z,85.69,PLN,card
TXN00004318,USR001440,2024-02-14T02:45:18Z,4.63,GBP,card
TXN00006746,USR004123,2024-02-14T17:24:18Z,388.48,GBP,FX
TXN00006521,USR004460,2024-02-15T02:21:27Z,282.81,EUR,savings
TXN00000926,USR000991,2024-02-15T04:31:12Z,247.99,GBP,crypto
TXN00006631,USR003462,2024-02-15T17:35:02Z,139.69,GBP,savings
TXN00004626,USR000642,2024-02-16T06:01:05Z,20.13,PLN,card
TXN00001344,USR004926,2024-02-16T11:02:41Z,48.45,GBP,card
TXN00005942,USR003784,2024-02-17T03:44:34Z,82.37,JPY,stocks
TXN00004533,USR004021,2024-02-17T10:28:03Z,16.47,PLN,card
TXN00002308,USR004368,2024-02-17T13:10:41Z,83.97,PLN,FX
TXN00008616,USR003119,2024-02-17T17:09:31Z,957.82,EUR,crypto
TXN00004577,USR002731,2024-02-18T00:16:26Z,428.74,GBP,savings
TXN00003079,USR000413,2024-02-18T01:55:53Z,581.28,EUR,savings
TXN00000074,USR001347,2024-02-19T04:55:07Z,28.48,PLN,card
TXN00002970,USR002976,2024-02-20T00:02:37Z,1020.52,EUR,crypto
TXN00006552,USR002761,2024-02-20T16:18:25Z,20.56,PLN,card
TXN00005215,USR001043,2024-02-21T12:05:12Z,47.78,GBP,card
TXN00007946,USR004506,2024-02-22T11:47:15Z,88.73,GBP,card
TXN00006085,USR004059,2024-02-22T14:33:52Z,7.35,EUR,card
TXN00003747,USR004527,2024-02-22T14:49:32Z,525.61,EUR,savings
TXN00008761,USR000219,2024-02-22T20:28:47Z,466.66,GBP,FX
TXN00004520,USR001301,2024-02-22T21:48:03Z,71.09,EUR,card
TXN00004005,USR003568,2024-02-24T12:16:58Z,58.26,GBP,card
TXN00006791,USR001993,2024-02-25T08:44:14Z,648.27,RON,stocks
TXN00006133,USR000140,2024-02-25T11:31:17Z,59.03,EUR,FX
TXN00005938,USR000538,2024-02-25T18:09:16Z,23.05,NOK,card
TXN00008201,USR000246,2024-02-26T08:24:23Z,8.37,CAD,card
TXN00002200,USR000806,2024-02-27T05:30:07Z,144.63,PLN,card
TXN00004554,USR003030,2024-02-28T06:50:30Z,34.86,PLN,FX
TXN00001905,USR000501,2024-02-29T00:29:20Z,4.91,GBP,card
TXN00003401,USR000032,2024-02-29T08:00:38Z,40.71,EUR,card
TXN00006403,USR004871,2024-02-29T20:31:32Z,152.11,EUR,FX
TXN00002649,USR002478,2024-03-01T07:10:01Z,99.67,CHF,stocks
TXN00006053,USR003960,2024-03-01T16:55:23Z,34.08,EUR,card
TXN00002063,USR004689,2024-03-02T11:17:19Z,21.27,EUR,card
TXN00003588,USR003754,2024-03-02T15:04:59Z,205.14,PLN,savings
TXN00004800,USR004246,2024-03-03T12:02:39Z,100.22,GBP,stocks
TXN00001253,USR001179,2024-03-03T17:56:11Z,104.21,GBP,crypto
TXN00008938,USR002770,2024-03-04T06:39:39Z,12.02,GBP,card
TXN00004913,USR001993,2024-03-04T12:03:48Z,3309.10,RON,savings
TXN00004720,USR001166,2024-03-04T16:06:55Z,382.81,GBP,crypto
TXN00005439,USR004609,2024-03-05T06:26:35Z,18.55,EUR,card
TXN00007960,USR002915,2024-03-06T02:37:18Z,9.76,PLN,card
TXN00003457,USR004548,2024-03-06T08:01:48Z,101.20,EUR,crypto
TXN00002030,USR002144,2024-03-06T08:54:58Z,38.27,GBP,card
TXN00006223,USR000244,2024-03-06T16:15:30Z,1460.35,PLN,savings
TXN00005702,USR002828,2024-03-06T17:32:00Z,256.90,EUR,FX
TXN00004742,USR002516,2024-03-07T04:11:57Z,243.66,GBP,FX
TXN00005066,USR003773,2024-03-07T05:48:46Z,17.94,EUR,card
TXN00005654,USR004368,2024-03-07T07:46:43Z,17.93,PLN,card
TXN00005778,USR004192,2024-03-08T10:13:34Z,14.75,GBP,card
TXN00000897,USR000358,2024-03-08T12:12:53Z,426.17,EUR,FX
TXN00004029,USR002832,2024-03-08T16:49:20Z,25.98,RON,card
TXN00007116,USR002250,2024-03-08T17:31:08Z,66.01,EUR,crypto
TXN00008284,USR001757,2024-03-08T21:22:15Z,70.60,RON,stocks
TXN00001660,USR002818,2024-03-08T21:48:29Z,14.38,PLN,card
TXN00007483,USR004856,2024-03-09T11:03:40Z,169.86,EUR,savings
TXN00006774,USR001648,2024-03-09T14:05:03Z,16.11,PLN,card
TXN00006839,USR004860,2024-03-09T14:48:13Z,32.43,EUR,card
TXN00004558,USR003577,2024-03-10T13:34:44Z,15.04,EUR,card
TXN00002857,USR001867,2024-03-10T20:42:25Z,23.89,NOK,card
TXN00001736,USR000032,2024-03-11T01:11:41Z,-80.15,EUR,card
TXN00007762,USR003802,2024-03-11T11:35:36Z,11.54,EUR,crypto
TXN00006168,USR002962,2024-03-11T14:32:44Z,881.78,EUR,savings
TXN00006439,USR003766,2024-03-11T18:12:43Z,830.32,GBP,crypto
TXN00000145,USR004568,2024-03-13T05:29:32Z,116.98,NOK,stocks
TXN00004155,USR003123,2024-03-13T10:15:09Z,11.21,USD,card
TXN00005734,USR002777,2024-03-13T16:30:12Z,104.28,SEK,stocks
TXN00005602,USR001329,2024-03-14T00:14:06Z,375.68,PLN,savings
TXN00000634,USR002341,2024-03-14T11:09:58Z,303.80,CAD,stocks
TXN00005159,USR001217,2024-03-15T03:44:12Z,4.77,EUR,card
TXN00005036,USR003981,2024-03-15T13:19:08Z,27.26,EUR,card
TXN00005474,USR003215,2024-03-15T14:14:21Z,35.92,RON,crypto
TXN00001169,USR002623,2024-03-15T16:34:58Z,31.45,EUR,card
TXN00003787,USR003784,2024-03-15T19:46:22Z,28.91,EUR,card
TXN00005227,USR003969,2024-03-16T00:10:25Z,420.26,EUR,stocks
TXN00007090,USR001189,2024-03-16T11:01:21Z,9.04,GBP,stocks
TXN00001222,USR004006,2024-03-16T20:21:16Z,13.77,GBP,card
TXN00000570,USR002516,2024-03-17T21:37:08Z,16.76,GBP,card
TXN00001361,USR000111,2024-03-18T03:52:08Z,57.24,GBP,card
TXN00008577,USR000900,2024-03-18T06:13:08Z,34.39,EUR,card
TXN00008083,USR004019,2024-03-18T14:39:35Z,501.47,GBP,FX
TXN00006916,USR001486,2024-03-19T05:18:34Z,341.19,GBP,stocks
TXN00002457,USR000763,2024-03-19T11:34:59Z,5.75,RON,card
TXN00005979,USR001885,2024-03-19T17:21:23Z,28.90,GBP,card
TXN00001733,USR004629,2024-03-19T22:19:27Z,14.69,EUR,card
TXN00003795,USR004300,2024-03-19T23:07:11Z,7.20,GBP,card
TXN00000651,USR003846,2024-03-20T14:39:45Z,51.39,EUR,card
TXN00006029,USR002279,2024-03-21T09:31:51Z,654.81,RON,FX
TXN00003575,USR001393,2024-03-21T22:35:21Z,147.04,PLN,FX
TXN00003193,USR004663,2024-03-22T02:00:20Z,597.76,PLN,FX
TXN00007337,USR003893,2024-03-22T08:44:13Z,118.82,PLN,stocks
TXN00000022,USR004060,2024-03-23T03:01:43Z,36.99,EUR,card
TXN00000325,USR000874,2024-03-23T16:03:43Z,47.11,JPY,card
TXN00008502,USR000127,2024-03-24T10:25:03Z,390.35,NOK,savings
TXN00006511,USR000484,2024-03-24T18:53:02Z,6.10,GBP,card
TXN00007175,USR000193,2024-03-24T20:33:59Z,63.62,GBP,crypto
TXN00004991,USR003651,2024-03-25T03:25:33Z,8.33,EUR,card
TXN00005389,USR004926,2024-03-25T06:10:59Z,159.64,GBP,FX
TXN00001969,USR004860,2024-03-25T11:07:50Z,25.37,EUR,card
TXN00003329,USR000118,2024-03-26T04:01:56Z,1014.59,EUR,savings
TXN00008131,USR001039,2024-03-26T13:12:40Z,411.21,EUR,savings
TXN00006470,USR000275,2024-03-26T19:51:28Z,79.47,USD,card
TXN00005568,USR003562,2024-03-27T09:14:57Z,72.12,GBP,stocks
TXN00004650,USR004902,2024-03-28T08:13:58Z,53.27,GBP,card
TXN00002557,USR001862,2024-03-28T23:32:24Z,111.07,PLN,savings
TXN00006380,USR000187,2024-03-29T12:57:13Z,11.82,EUR,card
TXN00003432,USR000944,2024-03-30T21:38:37Z,22.04,EUR,card
TXN00004715,USR001725,2024-03-31T15:36:06Z,856.91,EUR,FX
TXN00003348,USR002674,2024-04-01T08:29:00Z,18.10,EUR,card
TXN00008981,USR002644,2024-04-01T22:59:12Z,226.21,CHF,crypto
TXN00000987,USR002197,2024-04-02T03:41:08Z,11.75,EUR,card
TXN00008452,USR004297,2024-04-02T05:34:40Z,13.55,GBP,card
TXN00008961,USR001898,2024-04-02T21:05:31Z,421.94,EUR,stocks
TXN00001233,USR000948,2024-04-03T04:11:38Z,97.77,EUR,card
TXN00003913,USR003065,2024-04-03T11:11:33Z,227.81,CHF,crypto
TXN00004820,USR000740,2024-04-03T19:53:17Z,36.18,PLN,card
TXN00004825,USR001815,2024-04-05T23:29:10Z,148.04,EUR,crypto
TXN00005936,USR002115,2024-04-06T10:18:56Z,449.36,CHF,savings
TXN00002719,USR001003,2024-04-06T16:07:24Z,239.77,EUR,savings
TXN00001805,USR000323,2024-04-06T20:21:53Z,31.38,EUR,card
TXN00001181,USR002768,2024-04-06T20:30:39Z,61.31,GBP,card
TXN00003893,USR001074,2024-04-08T04:08:14Z,212.48,EUR,savings
TXN00001577,USR002991,2024-04-08T04:58:35Z,376.76,GBP,stocks
TXN00005679,USR000499,2024-04-08T08:09:35Z,43.10,GBP,card
TXN00008924,USR003868,2024-04-09T00:58:57Z,122.93,RON,card
TXN00004112,USR000780,2024-04-09T14:59:37Z,480.63,GBP,FX
TXN00005186,USR003181,2024-04-10T01:57:26Z,26.56,GBP,card
TXN00006805,USR000948,2024-04-10T10:28:54Z,47.14,EUR,stocks
TXN00007288,USR002972,2024-04-10T17:43:25Z,15.23,EUR,card
TXN00005425,USR001134,2024-04-11T19:52:58Z,9.29,EUR,card
TXN00006527,USR003498,2024-04-12T02:30:14Z,33.32,GBP,card
TXN00008225,USR000932,2024-04-12T14:44:24Z,-23.72,GBP,card
TXN00000782,USR004547,2024-04-12T17:55:00Z,138.75,GBP,FX
TXN00003622,USR003717,2024-04-12T21:27:48Z,26.50,CAD,card
TXN00005001,USR002614,2024-04-13T08:53:21Z,49.87,PLN,card
TXN00005100,USR001667,2024-04-13T09:02:35Z,41.94,EUR,card
TXN00003006,USR002325,2024-04-14T00:37:10Z,84.47,GBP,savings
TXN00006558,USR002901,2024-04-14T00:44:33Z,18.21,EUR,card
TXN00002762,USR004629,2024-04-14T09:22:58Z,237.62,EUR,crypto
TXN00007571,USR000465,2024-04-14T10:21:19Z,55.78,EUR,card
TXN00001503,USR000385,2024-04-14T16:15:20Z,29.49,EUR,card
TXN00002732,USR000246,2024-04-15T01:55:01Z,6.33,EUR,card
TXN00001281,USR001205,2024-04-15T04:33:23Z,24.02,GBP,card
TXN00000547,USR001812,2024-04-15T05:07:05Z,312.25,CHF,savings
TXN00006407,USR002395,2024-04-15T07:36:01Z,62.59,CHF,stocks
TXN00002569,USR004196,2024-04-15T21:32:04Z,30.63,EUR,card
TXN00007947,USR001843,2024-04-16T03:13:38Z,78.27,CAD,FX
TXN00002142,USR004975,2024-04-16T03:47:56Z,30.56,PLN,card
TXN00001286,USR001565,2024-04-17T01:19:17Z,45.47,EUR,card
TXN00000375,USR001422,2024-04-17T08:00:17Z,273.65,EUR,savings
TXN00000826,USR001801,2024-04-17T12:31:27Z,457.02,RON,savings
TXN00003494,USR004832,2024-04-17T14:18:30Z,12.71,EUR,card
TXN00002942,USR003173,2024-04-17T18:28:04Z,132.48,EUR,FX
TXN00004207,USR003049,2024-04-17T20:43:40Z,123.34,GBP,stocks
TXN00000005,USR004567,2024-04-18T02:03:13Z,13.54,RON,card
TXN00000625,USR004506,2024-04-18T03:55:12Z,395.39,GBP,card
TXN00005714,USR003447,2024-04-18T15:32:36Z,19.71,JPY,card
TXN00008956,USR000077,2024-04-18T16:30:51Z,529.49,EUR,FX
TXN00001087,USR002462,2024-04-19T00:42:06Z,32.70,GBP,card
TXN00006451,USR001130,2024-04-19T06:10:53Z,31.00,EUR,card
TXN00006694,USR004360,2024-04-19T09:36:32Z,109.49,NOK,FX
TXN00004526,USR002567,2024-04-19T10:19:47Z,12.84,NOK,card
TXN00000552,USR002045,2024-04-19T10:41:08Z,198.43,GBP,FX
TXN00004624,USR002006,2024-04-19T13:10:44Z,161.56,EUR,FX
TXN00007825,USR002923,2024-04-19T14:10:24Z,50.71,EUR,stocks
TXN00008644,USR001084,2024-04-20T16:35:46Z,231.94,EUR,stocks
TXN00001984,USR000440,2024-04-21T01:54:33Z,67.27,PLN,FX
TXN00002821,USR002265,2024-04-21T13:37:53Z,36.94,GBP,card
TXN00000550,USR002233,2024-04-22T00:40:00Z,7.64,GBP,card
TXN00002100,USR004130,2024-04-22T03:40:04Z,19.35,GBP,card
TXN00001885,USR001790,2024-04-22T13:18:21Z,268.93,EUR,savings
TXN00005476,USR002778,2024-04-22T17:37:12Z,114.37,EUR,FX
TXN00000865,USR003825,2024-04-23T05:25:25Z,254.28,GBP,savings
TXN00001282,USR000750,2024-04-24T00:20:23Z,1296.17,RON,savings
TXN00004474,USR000416,2024-04-25T00:10:33Z,50.10,EUR,card
TXN00003582,USR004879,2024-04-25T15:14:54Z,13.93,GBP,card
TXN00003140,USR001105,2024-04-25T17:53:52Z,7.35,GBP,card
TXN00006468,USR001194,2024-04-26T03:04:45Z,77.86,EUR,card
TXN00006965,USR003755,2024-04-26T06:42:35Z,-33.30,EUR,card
TXN00005324,USR001705,2024-04-26T11:15:45Z,30.07,GBP,card
TXN00005309,USR003551,2024-04-27T13:39:47Z,5.05,GBP,card
TXN00006006,USR002417,2024-04-27T15:52:29Z,17.59,GBP,card
TXN00005609,USR001539,2024-04-27T17:22:19Z,565.30,EUR,savings
TXN00004398,USR002127,2024-04-28T11:58:22Z,10.85,EUR,card
TXN00008314,USR004436,2024-04-28T17:17:03Z,40.79,EUR,card
TXN00006028,USR002428,2024-04-28T22:45:13Z,65.21,CAD,card
TXN00002330,USR003784,2024-04-29T07:39:25Z,190.72,EUR,stocks
TXN00007099,USR000795,2024-04-29T08:55:09Z,163.79,EUR,savings
TXN00007302,USR001752,2024-04-29T12:34:24Z,25.60,EUR,card
TXN00008686,USR002341,2024-04-29T16:44:48Z,63.39,EUR,card
TXN00003027,USR003323,2024-04-29T21:12:55Z,257.39,GBP,crypto
TXN00002998,USR000501,2024-04-30T09:06:42Z,31.35,SEK,card
TXN00002645,USR004368,2024-04-30T20:19:51Z,23.04,PLN,card
TXN00004668,USR003009,2024-05-01T03:08:57Z,57.00,EUR,card
TXN00006982,USR002049,2024-05-01T06:35:21Z,74.63,EUR,card
TXN00008532,USR000722,2024-05-01T10:09:27Z,186.41,PLN,savings
TXN00002154,USR004932,2024-05-01T18:38:33Z,206.88,SEK,card
TXN00006229,USR002505,2024-05-02T11:25:58Z,112.69,CHF,stocks
TXN00001938,USR003104,2024-05-02T20:45:45Z,44.06,GBP,card
TXN00004002,USR003950,2024-05-03T00:27:42Z,149.88,SEK,savings
TXN00001816,USR001549,2024-05-03T05:14:13Z,22.74,EUR,card
TXN00002249,USR001431,2024-05-03T06:57:53Z,341.30,GBP,savings
TXN00001694,USR004595,2024-05-03T07:46:07Z,189.50,EUR,card
TXN00007797,USR001570,2024-05-03T10:17:26Z,34.85,EUR,card
TXN00000371,USR000508,2024-05-03T13:51:34Z,35.22,EUR,card
TXN00001574,USR001920,2024-05-03T14:28:46Z,629.57,CHF,FX
TXN00002672,USR001998,2024-05-04T01:01:34Z,9.47,GBP,card
TXN00008640,USR004536,2024-05-05T07:22:55Z,642.04,EUR,savings
TXN00006802,USR002849,2024-05-05T10:35:48Z,29.41,EUR,card
TXN00008984,USR002115,2024-05-06T03:46:21Z,37.94,EUR,card
TXN00006321,USR000836,2024-05-06T05:48:36Z,741.88,GBP,savings
TXN00007341,USR004332,2024-05-06T14:50:41Z,2.80,EUR,card
TXN00008557,USR004052,2024-05-06T19:39:12Z,54.46,EUR,stocks
TXN00002693,USR000932,2024-05-07T00:08:10Z,84.43,GBP,card
TXN00000099,USR000202,2024-05-07T10:22:44Z,288.37,GBP,FX
TXN00001406,USR002286,2024-05-08T00:00:01Z,266.72,JPY,savings
TXN00002532,USR002593,2024-05-08T01:51:23Z,17.99,SEK,card
TXN00000287,USR001608,2024-05-08T11:45:20Z,366.31,EUR,FX
TXN00008632,USR002428,2024-05-08T17:49:33Z,18.02,EUR,stocks
TXN00006955,USR004305,2024-05-09T05:32:43Z,28.71,EUR,card
TXN00005274,USR001528,2024-05-10T05:16:28Z,19.17,GBP,card
TXN00000728,USR003754,2024-05-10T08:33:34Z,58.34,PLN,stocks
TXN00007344,USR001057,2024-05-10T08:46:06Z,4.71,EUR,card
TXN00004680,USR004061,2024-05-11T20:37:44Z,14.71,GBP,card
TXN00002189,USR003865,2024-05-12T02:09:28Z,15.59,PLN,crypto
TXN00004132,USR004743,2024-05-12T04:15:59Z,508.69,EUR,savings
TXN00003084,USR001469,2024-05-12T05:39:46Z,18.36,GBP,card
TXN00005420,USR001963,2024-05-12T07:01:55Z,103.80,EUR,stocks
TXN00008609,USR001388,2024-05-12T08:06:30Z,-78.56,GBP,card
TXN00004174,USR000785,2024-05-12T09:03:27Z,31.70,GBP,card
TXN00004469,USR000969,2024-05-12T15:15:19Z,30.95,GBP,card
TXN00003898,USR004669,2024-05-13T01:43:06Z,51.40,EUR,card
TXN00008371,USR004467,2024-05-13T06:56:16Z,386.82,EUR,stocks
TXN00007462,USR002314,2024-05-13T22:39:42Z,23.77,SEK,card
TXN00002117,USR001537,2024-05-14T04:29:31Z,17.19,CHF,savings
TXN00005762,USR003271,2024-05-14T22:45:46Z,38.72,RON,card
TXN00001618,USR004820,2024-05-15T13:18:20Z,460.24,EUR,savings
TXN00002930,USR002440,2024-05-15T14:14:42Z,136.18,EUR,card
TXN00007443,USR002047,2024-05-15T15:19:44Z,23.08,JPY,card
TXN00001623,USR001523,2024-05-15T20:44:48Z,7.45,PLN,card
TXN00000765,USR001061,2024-05-15T22:54:58Z,14.73,SEK,card
TXN00004830,USR000648,2024-05-16T02:37:04Z,31.87,NOK,card
TXN00001502,USR003733,2024-05-16T13:01:42Z,19.44,USD,card
TXN00001634,USR004978,2024-05-17T01:11:59Z,80.77,USD,crypto
TXN00005758,USR003564,2024-05-17T03:35:21Z,242.75,RON,savings
TXN00006395,USR004814,2024-05-17T05:41:30Z,19.51,EUR,card
TXN00008654,USR004152,2024-05-17T15:35:25Z,23.52,EUR,card
TXN00004200,USR000036,2024-05-17T22:52:32Z,27.39,PLN,card
TXN00004723,USR004857,2024-05-18T13:52:47Z,46.59,EUR,card
TXN00002595,USR001905,2024-05-19T05:06:38Z,434.40,EUR,stocks
TXN00005579,USR000392,2024-05-19T11:22:25Z,105.81,EUR,savings
TXN00001522,USR000342,2024-05-19T18:29:06Z,205.53,EUR,savings
TXN00005431,USR003443,2024-05-20T10:02:33Z,36.48,EUR,card
TXN00000148,USR000054,2024-05-21T16:36:41Z,13.73,GBP,card
TXN00006067,USR002073,2024-05-21T21:20:53Z,301.51,GBP,savings
TXN00003405,USR004300,2024-05-21T21:42:21Z,153.69,GBP,stocks
TXN00002475,USR000795,2024-05-21T22:11:25Z,39.89,EUR,card
TXN00000993,USR003726,2024-05-21T23:00:02Z,179.22,EUR,FX
TXN00002992,USR003122,2024-05-22T19:37:33Z,14.66,EUR,card
TXN00002471,USR003846,2024-05-22T21:43:38Z,52.63,EUR,card
TXN00005543,USR004995,2024-05-22T21:54:59Z,669.13,EUR,savings
TXN00006847,USR003819,2024-05-23T00:39:38Z,42.90,EUR,card
TXN00001511,USR004724,2024-05-23T03:29:21Z,359.18,RON,stocks
TXN00004934,USR004995,2024-05-23T18:53:20Z,1039.69,EUR,savings
TXN00006125,USR002428,2024-05-23T19:50:46Z,217.30,EUR,FX
TXN00002327,USR002896,2024-05-23T21:04:41Z,135.75,EUR,stocks
TXN00008534,USR004801,2024-05-24T08:43:20Z,33.44,EUR,card
TXN00008039,USR003802,2024-05-25T03:33:42Z,51.30,EUR,card
TXN00003233,USR002619,2024-05-25T08:38:12Z,25.28,EUR,card
TXN00007665,USR003113,2024-05-25T08:48:19Z,30.20,GBP,stocks
TXN00000525,USR000857,2024-05-25T14:09:53Z,27.73,GBP,card
TXN00003606,USR001468,2024-05-26T13:23:31Z,12.65,EUR,card
TXN00001009,USR004014,2024-05-26T14:39:02Z,415.75,GBP,savings
TXN00001498,USR000233,2024-05-26T16:03:46Z,46.21,GBP,card
TXN00003818,USR004970,2024-05-27T06:35:23Z,59.79,EUR,crypto
TXN00008779,USR004527,2024-05-27T07:45:51Z,11.74,PLN,card
TXN00008287,USR000790,2024-05-27T10:10:32Z,24.91,PLN,card
TXN00007575,USR002222,2024-05-27T17:17:14Z,3.54,EUR,card
TXN00000380,USR002994,2024-05-27T20:23:02Z,30.39,EUR,card
TXN00003128,USR004950,2024-05-28T08:21:07Z,132.86,CHF,card
TXN00007671,USR000351,2024-05-28T13:14:17Z,13.21,CHF,card
TXN00007611,USR004616,2024-05-28T13:48:09Z,54.02,SEK,card
TXN00001248,USR001866,2024-05-28T17:43:06Z,198.99,EUR,stocks
TXN00008599,USR004705,2024-05-29T12:09:39Z,22.84,EUR,card
TXN00001415,USR000131,2024-05-29T14:24:06Z,64.27,PLN,crypto
TXN00006623,USR003564,2024-05-29T20:07:13Z,22.29,JPY,card
TXN00004812,USR000451,2024-05-30T02:47:46Z,54.10,EUR,card
TXN00006055,USR003946,2024-05-30T18:39:12Z,5.27,RON,card
TXN00003417,USR002433,2024-06-01T04:10:17Z,7.38,GBP,card
TXN00003629,USR003020,2024-06-01T07:26:12Z,110.43,SEK,card
TXN00000285,USR002761,2024-06-01T23:10:02Z,6.88,EUR,card
TXN00000619,USR003105,2024-06-02T13:40:31Z,28.44,GBP,card
TXN00006659,USR002494,2024-06-02T20:26:27Z,144.32,PLN,crypto
TXN00007040,USR000404,2024-06-02T22:59:45Z,244.95,JPY,FX
TXN00008442,USR001368,2024-06-03T01:36:58Z,269.59,SEK,stocks
TXN00005803,USR000892,2024-06-03T06:03:13Z,12.93,SEK,card
TXN00007677,USR001380,2024-06-03T15:41:06Z,16.09,EUR,card
TXN00003700,USR004185,2024-06-03T17:47:10Z,40.41,CHF,card
TXN00005427,USR001089,2024-06-04T08:27:29Z,9.58,NOK,card
TXN00000191,USR003907,2024-06-04T19:16:37Z,682.57,PLN,savings
TXN00001244,USR000914,2024-06-05T04:39:18Z,75.03,GBP,card
TXN00000885,USR004949,2024-06-05T06:02:55Z,325.03,EUR,FX
TXN00006642,USR001032,2024-06-05T06:23:18Z,3.66,GBP,card
TXN00003077,USR002121,2024-06-05T08:03:33Z,34.18,RON,card
TXN00001298,USR004776,2024-06-05T08:04:49Z,296.32,PLN,savings
TXN00002779,USR004524,2024-06-05T12:42:55Z,7.12,EUR,card
TXN00003449,USR004989,2024-06-05T14:13:27Z,100.42,EUR,card
TXN00006336,USR002045,2024-06-06T09:33:35Z,-21.06,JPY,card
TXN00003374,USR004878,2024-06-06T10:28:58Z,41.22,GBP,card
TXN00006524,USR001736,2024-06-06T16:24:16Z,17.13,EUR,card
TXN00008043,USR003460,2024-06-07T18:54:38Z,534.66,GBP,FX
TXN00007161,USR002849,2024-06-08T18:54:40Z,556.59,EUR,FX
TXN00008241,USR003215,2024-06-08T19:29:59Z,67.59,USD,card
TXN00005336,USR001991,2024-06-08T21:54:46Z,65.58,GBP,card
TXN00000893,USR001759,2024-06-08T22:03:54Z,264.86,GBP,savings
TXN00004010,USR003215,2024-06-09T13:33:31Z,8.41,RON,card
TXN00005534,USR002168,2024-06-09T17:41:52Z,12.51,EUR,card
TXN00004988,USR001606,2024-06-09T19:08:56Z,462.14,PLN,savings
TXN00003567,USR000244,2024-06-09T22:18:23Z,63.38,GBP,crypto
TXN00006390,USR001672,2024-06-10T04:00:57Z,5.09,EUR,card
TXN00004903,USR003271,2024-06-10T04:20:29Z,40.11,RON,card
TXN00004866,USR002984,2024-06-10T05:45:37Z,32.12,PLN,card
TXN00007844,USR004271,2024-06-10T06:23:03Z,242.34,EUR,crypto
TXN00001136,USR003576,2024-06-10T22:39:19Z,130.02,GBP,FX
TXN00004232,USR004530,2024-06-11T00:03:57Z,125.32,RON,savings
TXN00007457,USR003584,2024-06-11T15:40:52Z,45.43,EUR,card
TXN00007073,USR003217,2024-06-12T02:28:32Z,224.12,GBP,savings
TXN00008624,USR003707,2024-06-12T04:39:01Z,14.40,EUR,card
TXN00000305,USR004276,2024-06-12T07:05:10Z,102.97,PLN,crypto
TXN00001104,USR001881,2024-06-12T19:06:51Z,17.00,CHF,card
TXN00002022,USR000793,2024-06-13T12:51:34Z,484.95,EUR,savings
TXN00008726,USR001845,2024-06-14T06:05:25Z,48.26,PLN,FX
TXN00007657,USR002720,2024-06-15T16:30:21Z,11.90,GBP,card
TXN00005305,USR001007,2024-06-16T02:41:05Z,29.78,EUR,card
TXN00001864,USR000288,2024-06-16T06:10:26Z,48.95,EUR,card
TXN00008398,USR000748,2024-06-16T08:03:23Z,57.62,EUR,card
TXN00006608,USR002620,2024-06-16T08:47:17Z,18.11,EUR,card
TXN00007717,USR001461,2024-06-16T10:26:17Z,154.88,PLN,savings
TXN00008671,USR002905,2024-06-16T11:34:31Z,95.20,PLN,card
TXN00006895,USR002654,2024-06-17T10:40:33Z,57.13,EUR,card
TXN00007753,USR003066,2024-06-18T03:20:21Z,73.08,GBP,savings
TXN00003117,USR002374,2024-06-18T16:48:42Z,99.11,EUR,card
TXN00008951,USR004198,2024-06-18T19:59:36Z,9.08,EUR,card
TXN00003313,USR001462,2024-06-19T09:20:07Z,27.09,GBP,card
TXN00002850,USR002724,2024-06-19T12:17:25Z,49.98,GBP,crypto
TXN00006708,USR004855,2024-06-19T23:37:23Z,13.96,EUR,card
TXN00006530,USR000217,2024-06-20T03:59:15Z,20.29,PLN,card
TXN00001260,USR002552,2024-06-20T08:13:18Z,36.06,EUR,card
TXN00007170,USR000827,2024-06-20T19:25:14Z,11.51,GBP,card
TXN00000994,USR004964,2024-06-20T19:29:22Z,79.62,EUR,card
TXN00007559,USR003497,2024-06-21T01:57:12Z,26.17,GBP,card
TXN00002640,USR004851,2024-06-21T06:35:30Z,19.97,EUR,card
TXN00006369,USR004419,2024-06-21T13:23:02Z,936.69,EUR,savings
TXN00005561,USR002771,2024-06-21T15:20:31Z,22.81,RON,card
TXN00006388,USR004761,2024-06-22T16:01:10Z,123.96,EUR,FX
TXN00001715,USR001093,2024-06-23T02:02:11Z,200.86,PLN,card
TXN00004912,USR000725,2024-06-23T09:31:42Z,105.69,GBP,crypto
TXN00006808,USR002100,2024-06-23T10:14:33Z,223.20,GBP,FX
TXN00002513,USR002234,2024-06-23T17:31:57Z,-209.85,GBP,card
TXN00005538,USR001218,2024-06-23T23:26:37Z,142.09,EUR,FX
TXN00008619,USR003002,2024-06-23T23:46:30Z,15.76,GBP,card
TXN00005840,USR003462,2024-06-24T07:56:51Z,25.20,GBP,card
TXN00000541,USR000095,2024-06-24T08:09:25Z,211.81,EUR,FX
TXN00001982,USR002660,2024-06-24T14:30:27Z,12.74,EUR,card
TXN00003459,USR001026,2024-06-24T20:45:42Z,590.33,EUR,FX
TXN00007530,USR004191,2024-06-24T22:57:39Z,151.72,EUR,savings
TXN00004107,USR003582,2024-06-24T23:38:49Z,14.95,EUR,card
TXN00000342,USR000259,2024-06-25T10:11:21Z,11.31,GBP,card
TXN00000577,USR004060,2024-06-25T12:33:59Z,672.41,EUR,FX
TXN00003918,USR003486,2024-06-25T15:28:16Z,281.00,EUR,crypto
TXN00006069,USR001462,2024-06-26T14:05:51Z,16.53,GBP,card
TXN00005494,USR002198,2024-06-26T15:50:14Z,40.16,GBP,card
TXN00003282,USR002060,2024-06-26T17:13:21Z,215.72,RON,crypto
TXN00007692,USR003472,2024-06-26T21:59:02Z,68.89,GBP,FX
TXN00001412,USR001167,2024-06-27T07:11:27Z,50.03,RON,FX
TXN00005639,USR002687,2024-06-27T20:37:44Z,92.37,CHF,stocks
TXN00008479,USR003650,2024-06-27T21:01:06Z,81.40,GBP,card
TXN00003936,USR000032,2024-06-28T05:05:24Z,297.39,SEK,FX
TXN00001632,USR004300,2024-06-28T06:10:42Z,234.20,GBP,FX
TXN00001580,USR001516,2024-06-28T15:51:33Z,110.03,GBP,stocks
TXN00007545,USR004137,2024-06-28T19:34:54Z,19.88,EUR,card
TXN00001268,USR002315,2024-06-29T04:33:19Z,42.93,PLN,card
TXN00006228,USR003307,2024-06-29T05:44:13Z,16.87,EUR,card
TXN00007492,USR001533,2024-06-29T12:00:34Z,255.21,EUR,FX
TXN00005571,USR001991,2024-06-30T02:50:55Z,14.16,GBP,card
TXN00003424,USR003475,2024-06-30T12:02:57Z,13.57,PLN,crypto
TXN00001064,USR003226,2024-06-30T16:58:28Z,89.67,EUR,card
TXN00007994,USR002377,2024-06-30T17:26:49Z,26.48,NOK,card
TXN00001543,USR002497,2024-06-30T18:43:58Z,7.31,GBP,card
TXN00004735,USR004191,2024-06-30T20:03:55Z,45.06,EUR,card
TXN00008092,USR003553,2024-07-01T01:20:41Z,16.83,EUR,card
TXN00005278,USR001113,2024-07-01T14:04:24Z,122.58,GBP,crypto
TXN00000434,USR002027,2024-07-02T09:47:57Z,27.58,EUR,card
TXN00008816,USR000487,2024-07-02T16:46:25Z,296.66,GBP,FX
TXN00007055,USR000269,2024-07-02T19:02:15Z,16.63,EUR,card
TXN00000332,USR004493,2024-07-03T11:21:44Z,332.01,GBP,savings
TXN00004492,USR004601,2024-07-03T16:49:33Z,18.41,PLN,card
TXN00004190,USR004460,2024-07-04T09:08:07Z,246.31,EUR,FX
TXN00002270,USR002056,2024-07-04T12:19:15Z,488.43,EUR,savings
TXN00006392,USR001650,2024-07-04T14:14:51Z,-29.47,GBP,card
TXN00007236,USR003325,2024-07-05T02:30:26Z,18.92,USD,card
TXN00001992,USR001655,2024-07-05T07:18:20Z,338.56,NOK,FX
TXN00000442,USR002767,2024-07-05T20:55:45Z,100.34,EUR,card
TXN00001082,USR002298,2024-07-06T07:52:16Z,7.29,RON,card
TXN00007356,USR003094,2024-07-06T16:31:19Z,34.77,GBP,stocks
TXN00002159,USR001984,2024-07-06T16:38:32Z,59.46,EUR,card
TXN00004201,USR002067,2024-07-07T18:05:31Z,37.73,EUR,card
TXN00003499,USR003250,2024-07-07T21:26:55Z,67.02,GBP,card
TXN00003900,USR004192,2024-07-08T01:34:04Z,72.53,GBP,FX
TXN00000956,USR002122,2024-07-08T09:24:38Z,31.64,EUR,card
TXN00000500,USR003473,2024-07-08T09:39:47Z,34.29,GBP,card
TXN00002965,USR002088,2024-07-08T11:26:40Z,38.37,NOK,card
TXN00000928,USR001765,2024-07-09T08:28:24Z,497.07,SEK,savings
TXN00006948,USR003835,2024-07-09T09:22:04Z,23.77,EUR,card
TXN00000269,USR004913,2024-07-09T11:20:51Z,10.95,USD,card
TXN00006807,USR004907,2024-07-09T21:04:05Z,198.36,EUR,savings
TXN00004026,USR003941,2024-07-10T02:20:52Z,15.41,EUR,card
TXN00008553,USR001138,2024-07-10T04:02:06Z,350.65,RON,FX
TXN00004254,USR000932,2024-07-10T04:48:37Z,333.61,GBP,stocks
TXN00006825,USR003852,2024-07-10T10:41:35Z,127.28,GBP,FX
TXN00003732,USR002715,2024-07-10T14:44:28Z,122.35,EUR,crypto
TXN00001571,USR003426,2024-07-11T13:27:58Z,393.32,CHF,FX
TXN00005619,USR004955,2024-07-11T18:26:30Z,20.20,CAD,card
TXN00004717,USR001002,2024-07-11T19:38:32Z,100.55,CAD,crypto
TXN00003284,USR001964,2024-07-11T21:07:10Z,6.65,EUR,card
TXN00000208,USR004321,2024-07-11T23:34:38Z,12.70,RON,card
TXN00000644,USR001701,2024-07-12T09:47:36Z,239.01,EUR,savings
TXN00004583,USR004309,2024-07-13T02:10:51Z,6.50,NOK,card
TXN00007513,USR000531,2024-07-13T05:17:34Z,699.05,EUR,crypto
TXN00008018,USR003956,2024-07-13T09:23:06Z,61.01,EUR,card
TXN00005772,USR000577,2024-07-13T11:10:47Z,42.79,PLN,card
TXN00003421,USR003323,2024-07-13T21:12:23Z,50.17,NOK,card
TXN00004766,USR002505,2024-07-14T07:36:14Z,212.69,PLN,FX
TXN00001649,USR002745,2024-07-14T11:08:49Z,167.73,EUR,card
TXN00000164,USR003086,2024-07-14T16:04:23Z,33.30,RON,card
TXN00002840,USR002139,2024-07-15T12:39:30Z,5.71,EUR,card
TXN00004283,USR001379,2024-07-15T20:03:07Z,31.78,EUR,card
TXN00002047,USR003969,2024-07-16T17:45:38Z,1302.60,CHF,savings
TXN00001133,USR004277,2024-07-16T18:43:03Z,18.82,CAD,card
TXN00000943,USR003581,2024-07-16T22:47:45Z,113.73,EUR,card
TXN00002552,USR003236,2024-07-17T01:31:56Z,6.91,EUR,card
TXN00006661,USR004965,2024-07-17T15:27:58Z,71.60,CHF,crypto
TXN00001994,USR004616,2024-07-17T17:09:17Z,314.32,SEK,savings
TXN00007149,USR002271,2024-07-17T17:27:52Z,76.60,EUR,stocks
TXN00007259,USR002232,2024-07-18T04:04:49Z,45.48,EUR,crypto
TXN00007154,USR003562,2024-07-18T10:21:03Z,21.89,GBP,card
TXN00003891,USR001134,2024-07-18T11:51:17Z,45.19,EUR,card
TXN00005101,USR001160,2024-07-19T00:18:19Z,345.04,GBP,FX
TXN00008830,USR001070,2024-07-19T11:12:51Z,702.23,EUR,savings
TXN00002256,USR003102,2024-07-19T11:35:49Z,5.96,RON,card
TXN00002300,USR001908,2024-07-19T21:20:31Z,316.72,CHF,FX
TXN00005061,USR000173,2024-07-20T13:18:58Z,15.62,GBP,card
TXN00003518,USR002977,2024-07-20T19:10:42Z,24.17,GBP,card
TXN00008541,USR002073,2024-07-21T00:20:37Z,37.74,GBP,card
TXN00002633,USR001787,2024-07-21T13:31:10Z,87.54,CHF,FX
TXN00007894,USR001149,2024-07-21T15:30:36Z,-132.85,SEK,card
TXN00005959,USR004774,2024-07-21T15:41:08Z,8.22,EUR,card
TXN00002536,USR001263,2024-07-21T20:13:43Z,-13.97,EUR,card
TXN00003962,USR003813,2024-07-21T23:30:58Z,560.21,EUR,FX
TXN00006462,USR004875,2024-07-23T01:10:37Z,152.50,EUR,FX
TXN00002400,USR000594,2024-07-25T03:27:36Z,474.01,EUR,savings
TXN00008451,USR001684,2024-07-25T03:49:08Z,45.92,GBP,crypto
TXN00004567,USR004966,2024-07-25T06:08:30Z,123.39,EUR,crypto
TXN00008379,USR002915,2024-07-25T06:31:51Z,11.23,SEK,card
TXN00001324,USR000753,2024-07-25T07:29:40Z,593.34,EUR,FX
TXN00001147,USR003891,2024-07-25T11:28:13Z,162.72,EUR,savings
TXN00007032,USR003555,2024-07-25T17:25:40Z,73.63,GBP,card
TXN00002999,USR004983,2024-07-26T09:48:57Z,36.84,GBP,card
TXN00006025,USR003621,2024-07-26T09:50:36Z,87.65,SEK,card
TXN00006514,USR004664,2024-07-26T11:42:32Z,11.50,PLN,card
TXN00002990,USR004167,2024-07-26T11:45:27Z,16.77,GBP,card
TXN00005749,USR003836,2024-07-26T20:35:18Z,395.08,GBP,FX
TXN00001590,USR001058,2024-07-27T07:56:42Z,24.25,GBP,card
TXN00002920,USR004774,2024-07-28T02:18:09Z,187.64,EUR,FX
TXN00002743,USR000514,2024-07-28T12:02:11Z,8.56,GBP,card
TXN00001145,USR002426,2024-07-28T23:23:17Z,14.59,EUR,card
TXN00005142,USR001804,2024-07-30T04:31:08Z,157.29,EUR,stocks
TXN00006350,USR003765,2024-07-30T08:05:13Z,18.19,EUR,card
TXN00005562,USR000155,2024-07-30T08:25:33Z,178.13,RON,savings
TXN00007442,USR001918,2024-07-30T10:43:01Z,22.03,EUR,card
TXN00004184,USR000008,2024-07-31T01:55:12Z,1640.14,EUR,stocks
TXN00005475,USR004922,2024-07-31T02:44:37Z,571.99,EUR,crypto
TXN00008582,USR001684,2024-07-31T14:09:51Z,32.95,GBP,card
TXN00008921,USR002033,2024-08-01T07:16:17Z,28.53,EUR,crypto
TXN00000242,USR002855,2024-08-01T10:02:56Z,37.15,EUR,card
TXN00008931,USR000896,2024-08-01T15:35:16Z,30.49,EUR,crypto
TXN00002225,USR003879,2024-08-01T20:50:30Z,943.67,EUR,savings
TXN00003853,USR004843,2024-08-02T13:57:43Z,44.24,EUR,card
TXN00007993,USR001903,2024-08-02T15:31:12Z,12.16,EUR,card
TXN00004758,USR004734,2024-08-03T05:18:21Z,62.85,GBP,crypto
TXN00003276,USR001073,2024-08-03T08:56:27Z,342.98,EUR,savings
TXN00001389,USR002147,2024-08-03T11:48:26Z,134.30,EUR,savings
TXN00002129,USR003407,2024-08-03T23:36:41Z,10.77,EUR,card
TXN00004527,USR003512,2024-08-04T12:23:50Z,399.50,EUR,FX
TXN00001646,USR004456,2024-08-04T14:15:37Z,27.44,EUR,card
TXN00007401,USR000760,2024-08-04T20:12:34Z,1238.61,EUR,FX
TXN00007324,USR001316,2024-08-05T04:29:15Z,208.47,GBP,FX
TXN00001296,USR000626,2024-08-05T18:38:20Z,17.72,EUR,card
TXN00007592,USR000633,2024-08-05T19:46:08Z,-34.52,PLN,card
TXN00004061,USR001517,2024-08-06T01:41:40Z,7.02,GBP,card
TXN00003180,USR000259,2024-08-06T06:12:49Z,22.57,GBP,card
TXN00006539,USR001261,2024-08-06T09:09:08Z,10.91,EUR,card
TXN00004681,USR003988,2024-08-07T04:47:30Z,-64.01,CHF,card
TXN00002653,USR002086,2024-08-07T05:56:20Z,283.45,EUR,savings
TXN00001602,USR001285,2024-08-07T07:39:34Z,-82.95,EUR,card
TXN00004097,USR001804,2024-08-07T10:36:26Z,-15.20,EUR,card
TXN00007550,USR001110,2024-08-07T15:27:55Z,-82.09,EUR,card
TXN00005615,USR002978,2024-08-07T17:31:17Z,310.18,JPY,FX
TXN00003664,USR002895,2024-08-08T00:00:50Z,126.85,GBP,stocks
TXN00003903,USR003473,2024-08-08T03:52:09Z,13.07,JPY,card
TXN00005492,USR003720,2024-08-08T04:01:00Z,15.84,GBP,card
TXN00006084,USR001347,2024-08-08T10:25:34Z,541.66,PLN,savings
TXN00002384,USR004893,2024-08-08T11:40:23Z,293.26,EUR,stocks
TXN00007265,USR000390,2024-08-08T12:42:06Z,31.25,PLN,card
TXN00008011,USR000207,2024-08-08T14:22:21Z,321.14,EUR,savings
TXN00008723,USR002940,2024-08-08T15:56:22Z,12.95,EUR,card
TXN00008167,USR000286,2024-08-08T18:42:02Z,6.60,USD,card
TXN00003720,USR004893,2024-08-09T09:26:42Z,51.57,EUR,card
TXN00000581,USR003391,2024-08-09T12:19:55Z,643.41,EUR,FX
TXN00003778,USR004194,2024-08-09T12:39:02Z,16.91,PLN,card
TXN00004133,USR001951,2024-08-09T21:50:27Z,130.70,USD,crypto
TXN00007804,USR004744,2024-08-10T01:28:09Z,11.55,GBP,card
TXN00006525,USR000139,2024-08-10T06:06:43Z,36.86,EUR,card
TXN00006501,USR000024,2024-08-10T16:48:44Z,1197.60,EUR,savings
TXN00004574,USR004880,2024-08-11T01:21:13Z,8.55,EUR,card
TXN00002313,USR002555,2024-08-11T05:13:09Z,30.35,USD,card
TXN00006283,USR004730,2024-08-11T17:57:04Z,35.10,EUR,card
TXN00006015,USR001130,2024-08-11T19:34:23Z,25.96,EUR,card
TXN00002466,USR001615,2024-08-12T01:27:22Z,14.16,EUR,card
TXN00003636,USR003255,2024-08-12T05:16:49Z,14.73,RON,card
TXN00003460,USR002341,2024-08-12T05:25:50Z,141.90,EUR,FX
TXN00004553,USR002562,2024-08-12T09:25:55Z,32.86,EUR,card
TXN00005616,USR001455,2024-08-12T12:31:08Z,119.93,GBP,stocks
TXN00005022,USR000730,2024-08-12T22:37:44Z,702.67,GBP,FX
TXN00003065,USR002067,2024-08-13T08:45:04Z,310.35,EUR,savings
TXN00003182,USR004180,2024-08-13T12:15:04Z,770.52,RON,savings
TXN00008764,USR002441,2024-08-13T12:18:20Z,286.72,GBP,stocks
TXN00006835,USR002874,2024-08-14T01:08:12Z,113.21,EUR,savings
TXN00001194,USR002713,2024-08-14T06:44:56Z,8.28,EUR,card
TXN00007124,USR004970,2024-08-15T12:49:28Z,80.11,EUR,crypto
TXN00005313,USR002569,2024-08-15T13:19:11Z,418.75,SEK,savings
TXN00006088,USR003899,2024-08-16T09:10:21Z,431.00,JPY,stocks
TXN00005709,USR002255,2024-08-16T13:03:02Z,51.13,EUR,card
TXN00005356,USR000115,2024-08-16T14:28:09Z,8.46,EUR,card
TXN00005134,USR000369,2024-08-16T16:01:18Z,14.25,EUR,card
TXN00000790,USR001801,2024-08-16T17:34:42Z,146.48,RON,FX
TXN00000107,USR003735,2024-08-16T17:52:30Z,160.60,NOK,stocks
TXN00004860,USR003488,2024-08-16T19:02:30Z,2.60,RON,card
TXN00005254,USR001646,2024-08-16T21:00:09Z,284.55,PLN,FX
TXN00005508,USR001813,2024-08-17T12:04:16Z,39.56,GBP,card
TXN00005012,USR002218,2024-08-17T20:48:54Z,51.26,EUR,card
TXN00004290,USR004520,2024-08-18T06:16:09Z,43.08,NOK,card
TXN00007023,USR001875,2024-08-18T07:21:30Z,150.74,NOK,savings
TXN00005763,USR002832,2024-08-18T07:38:06Z,230.84,RON,crypto
TXN00002168,USR000182,2024-08-19T03:54:45Z,493.10,EUR,FX
TXN00001948,USR000987,2024-08-19T18:05:29Z,95.29,EUR,crypto
TXN00008859,USR000989,2024-08-19T19:40:33Z,5.85,EUR,card
TXN00005081,USR003090,2024-08-19T20:36:28Z,226.41,GBP,FX
TXN00000364,USR002204,2024-08-19T21:08:49Z,6.34,EUR,card
TXN00006112,USR002915,2024-08-19T22:16:22Z,66.01,PLN,crypto
TXN00005748,USR003872,2024-08-20T08:53:22Z,41.12,EUR,card
TXN00006386,USR002226,2024-08-20T09:15:46Z,7.24,GBP,card
TXN00004054,USR001584,2024-08-20T14:03:47Z,96.38,USD,crypto
TXN00003058,USR003267,2024-08-20T15:24:06Z,69.80,EUR,card
TXN00002158,USR004872,2024-08-20T16:41:14Z,16.09,CAD,card
TXN00004714,USR002671,2024-08-20T17:05:47Z,27.44,PLN,card
TXN00003436,USR001024,2024-08-20T23:25:09Z,57.93,RON,card
TXN00006104,USR004877,2024-08-21T01:17:52Z,7.23,EUR,card
TXN00006681,USR001426,2024-08-21T02:29:15Z,56.76,EUR,card
TXN00007903,USR002204,2024-08-21T05:17:07Z,95.04,CAD,stocks
TXN00002153,USR004230,2024-08-21T09:50:15Z,14.53,EUR,card
TXN00003238,USR004878,2024-08-21T20:05:12Z,26.11,GBP,card
TXN00001852,USR003390,2024-08-21T20:08:33Z,552.99,EUR,FX
TXN00006584,USR000292,2024-08-22T06:12:29Z,406.40,EUR,stocks
TXN00007141,USR000572,2024-08-22T09:14:03Z,15.29,EUR,card
TXN00003477,USR003553,2024-08-23T13:46:52Z,131.76,PLN,card
TXN00000437,USR001274,2024-08-23T13:49:46Z,432.01,EUR,savings
TXN00003375,USR000484,2024-08-23T23:12:41Z,48.14,GBP,FX
TXN00003246,USR002833,2024-08-24T06:57:00Z,12.68,EUR,card
TXN00004341,USR001490,2024-08-24T14:10:50Z,44.18,CHF,card
TXN00004020,USR000037,2024-08-24T19:41:20Z,13.00,EUR,card
TXN00006472,USR001615,2024-08-24T21:31:55Z,134.44,EUR,crypto
TXN00002696,USR002624,2024-08-25T07:55:11Z,29.50,JPY,card
TXN00000069,USR003790,2024-08-25T09:05:54Z,53.49,RON,card
TXN00001806,USR002660,2024-08-25T10:03:29Z,682.39,GBP,FX
TXN00000204,USR000136,2024-08-25T13:59:56Z,105.48,EUR,crypto
TXN00004430,USR004311,2024-08-25T16:35:04Z,252.89,GBP,savings
TXN00007144,USR002801,2024-08-26T01:04:52Z,42.48,EUR,card
TXN00002369,USR002923,2024-08-26T04:31:41Z,55.29,EUR,savings
TXN00003271,USR004252,2024-08-26T13:55:07Z,37.85,EUR,card
TXN00008091,USR003943,2024-08-26T14:04:36Z,18.20,GBP,card
TXN00001402,USR002006,2024-08-27T03:30:36Z,22.92,EUR,card
TXN00008894,USR002834,2024-08-27T20:27:44Z,46.91,EUR,card
TXN00005405,USR002847,2024-08-28T08:33:55Z,1231.85,EUR,savings
TXN00004503,USR003056,2024-08-28T08:50:42Z,9.73,RON,card
TXN00000073,USR003101,2024-08-28T09:24:03Z,268.70,EUR,FX
TXN00004657,USR003925,2024-08-28T22:23:02Z,146.89,PLN,card
TXN00002006,USR002702,2024-08-28T23:57:13Z,76.94,GBP,card
TXN00000992,USR002693,2024-08-29T07:19:26Z,20.37,EUR,card
TXN00004359,USR000203,2024-08-29T09:00:53Z,13.53,EUR,card
TXN00005163,USR004900,2024-08-29T21:10:37Z,259.46,EUR,FX
TXN00005102,USR000892,2024-08-29T22:55:08Z,5.03,SEK,card
TXN00008468,USR003222,2024-08-30T05:54:15Z,1250.35,EUR,savings
TXN00003159,USR004623,2024-08-30T08:25:43Z,70.83,GBP,crypto
TXN00001709,USR003379,2024-08-30T08:47:45Z,166.95,EUR,FX
TXN00006954,USR003551,2024-08-30T13:27:51Z,50.94,NOK,card
TXN00004027,USR001060,2024-08-30T15:46:15Z,450.31,GBP,savings
TXN00002246,USR002240,2024-08-30T23:45:34Z,56.76,EUR,card
TXN00000116,USR001533,2024-08-31T05:15:24Z,77.11,EUR,FX
TXN00003273,USR002932,2024-08-31T12:33:41Z,63.35,EUR,card
TXN00007361,USR001437,2024-08-31T15:03:50Z,20.95,GBP,card
TXN00003675,USR002345,2024-08-31T17:48:49Z,423.05,EUR,crypto
TXN00008993,USR001450,2024-08-31T19:39:17Z,31.19,SEK,card
TXN00002253,USR002708,2024-08-31T20:56:14Z,27.86,EUR,card
TXN00008855,USR000436,2024-09-01T03:12:46Z,2.57,CAD,card
TXN00006170,USR003679,2024-09-01T07:04:14Z,6.80,EUR,card
TXN00002768,USR001604,2024-09-01T11:45:03Z,451.77,EUR,stocks
TXN00008207,USR002029,2024-09-01T20:48:59Z,4.19,GBP,card
TXN00003216,USR003792,2024-09-01T22:25:23Z,51.75,GBP,card
TXN00006908,USR002871,2024-09-02T03:08:27Z,2148.79,EUR,savings
TXN00000431,USR000516,2024-09-02T15:52:48Z,75.40,PLN,stocks
TXN00007927,USR003338,2024-09-03T10:45:11Z,16.39,EUR,card
TXN00006191,USR004720,2024-09-03T17:53:20Z,5.61,EUR,card
TXN00006419,USR000642,2024-09-04T03:33:16Z,76.05,GBP,crypto
TXN00004851,USR004144,2024-09-04T06:14:26Z,16.29,CHF,card
TXN00002110,USR000514,2024-09-04T11:08:13Z,10.81,GBP,card
TXN00006910,USR001941,2024-09-04T17:43:44Z,93.92,GBP,FX
TXN00003404,USR003942,2024-09-05T01:36:15Z,45.27,GBP,card
TXN00007086,USR002109,2024-09-05T05:04:01Z,69.61,EUR,card
TXN00004265,USR000516,2024-09-05T20:21:58Z,24.26,PLN,card
TXN00008337,USR002325,2024-09-05T20:58:34Z,457.28,GBP,savings
TXN00003661,USR004604,2024-09-05T21:51:09Z,26.60,EUR,crypto
TXN00001188,USR003498,2024-09-06T21:08:28Z,77.84,GBP,savings
TXN00008706,USR003461,2024-09-07T10:54:56Z,177.49,GBP,savings
TXN00004390,USR001171,2024-09-07T22:43:28Z,71.30,GBP,card
TXN00006594,USR001149,2024-09-08T07:17:22Z,10.26,GBP,card
TXN00007041,USR002702,2024-09-09T00:12:09Z,80.18,GBP,card
TXN00001797,USR003240,2024-09-09T06:14:52Z,26.67,EUR,stocks
TXN00000596,USR000719,2024-09-09T08:05:53Z,15.35,EUR,card
TXN00008144,USR004682,2024-09-09T10:19:28Z,23.33,CHF,card
TXN00001629,USR004768,2024-09-09T10:47:44Z,735.61,EUR,savings
TXN00002699,USR002724,2024-09-09T14:00:44Z,166.14,GBP,crypto
TXN00008290,USR001459,2024-09-09T16:20:09Z,38.34,PLN,card
TXN00005729,USR003338,2024-09-09T17:04:36Z,34.35,EUR,card
TXN00004437,USR000994,2024-09-10T11:43:29Z,33.08,PLN,card
TXN00003486,USR000526,2024-09-10T15:06:47Z,494.19,JPY,FX
TXN00008342,USR000991,2024-09-10T22:18:47Z,15.16,GBP,card
TXN00008513,USR004478,2024-09-10T23:04:58Z,170.42,EUR,savings
TXN00001322,USR001765,2024-09-11T04:11:39Z,77.92,SEK,card
TXN00001759,USR003473,2024-09-11T05:11:38Z,247.50,GBP,FX
TXN00006037,USR000575,2024-09-11T15:08:30Z,60.10,JPY,card
TXN00005318,USR002863,2024-09-11T21:57:28Z,39.44,GBP,stocks
TXN00008965,USR004350,2024-09-12T09:27:03Z,9.36,EUR,card
TXN00004272,USR001433,2024-09-12T13:44:21Z,16.16,EUR,card
TXN00006891,USR000226,2024-09-13T02:41:55Z,136.10,GBP,card
TXN00006251,USR000032,2024-09-13T04:07:58Z,19.90,EUR,card
TXN00000082,USR002427,2024-09-14T02:59:37Z,1932.24,CHF,stocks
TXN00008210,USR003371,2024-09-14T10:52:45Z,26.93,GBP,card
TXN00004833,USR001943,2024-09-14T12:02:44Z,540.58,CHF,savings
TXN00002051,USR000010,2024-09-14T12:56:55Z,50.39,GBP,card
TXN00002932,USR002899,2024-09-14T22:04:11Z,199.53,GBP,savings
TXN00002855,USR002733,2024-09-15T03:50:20Z,34.95,EUR,card
TXN00002194,USR002185,2024-09-15T15:40:18Z,30.85,EUR,crypto
TXN00001595,USR000162,2024-09-15T15:47:57Z,87.88,GBP,FX
TXN00008240,USR002699,2024-09-16T02:25:32Z,40.94,EUR,card
TXN00000921,USR001898,2024-09-16T04:26:27Z,464.00,EUR,FX
TXN00000836,USR003884,2024-09-16T05:23:47Z,108.74,GBP,card
TXN00002962,USR004669,2024-09-16T06:43:28Z,53.55,EUR,card
TXN00001830,USR001804,2024-09-16T08:20:50Z,3.71,EUR,card
TXN00004523,USR003450,2024-09-16T11:32:48Z,60.06,EUR,card
TXN00000423,USR004292,2024-09-16T20:49:20Z,32.47,GBP,card
TXN00002333,USR002849,2024-09-16T22:18:59Z,22.49,CAD,card
TXN00008934,USR004185,2024-09-17T18:11:03Z,20.98,CHF,card
TXN00004158,USR003313,2024-09-18T00:08:23Z,641.47,EUR,savings
TXN00001582,USR003061,2024-09-18T01:33:42Z,38.19,GBP,card
TXN00004238,USR001184,2024-09-18T02:21:34Z,175.79,RON,savings
TXN00004698,USR002647,2024-09-18T22:52:27Z,43.13,PLN,card
TXN00003244,USR000719,2024-09-18T23:08:48Z,102.29,EUR,FX
TXN00002905,USR001565,2024-09-19T02:38:05Z,22.12,EUR,card
TXN00005726,USR004047,2024-09-19T10:05:42Z,24.60,PLN,card
TXN00004149,USR000979,2024-09-19T13:05:12Z,77.07,GBP,stocks
TXN00002887,USR003666,2024-09-19T13:25:04Z,415.65,RON,savings
TXN00004078,USR000753,2024-09-19T15:13:47Z,22.90,EUR,card
TXN00003146,USR004966,2024-09-19T16:02:35Z,8.81,EUR,card
TXN00003176,USR003650,2024-09-19T17:02:45Z,5.69,GBP,card
TXN00002929,USR001812,2024-09-19T20:01:12Z,40.81,NOK,savings
TXN00003482,USR001173,2024-09-20T06:52:41Z,14.01,EUR,card
TXN00000829,USR004330,2024-09-20T10:57:07Z,404.06,GBP,stocks
TXN00004906,USR004568,2024-09-20T12:11:40Z,322.38,GBP,crypto
TXN00001851,USR002984,2024-09-20T14:45:46Z,174.73,SEK,FX
TXN00004294,USR003154,2024-09-20T16:20:07Z,13.45,EUR,card
TXN00006588,USR001491,2024-09-20T20:06:06Z,167.02,RON,savings
TXN00004366,USR003236,2024-09-20T23:56:47Z,59.20,EUR,crypto
TXN00005713,USR003962,2024-09-21T09:12:19Z,43.00,SEK,card
TXN00005284,USR002456,2024-09-21T12:31:15Z,23.55,EUR,card
TXN00005940,USR004728,2024-09-21T12:43:42Z,79.62,RON,card
TXN00004410,USR003740,2024-09-21T14:15:26Z,45.66,EUR,crypto
TXN00000556,USR002728,2024-09-22T16:53:29Z,66.54,GBP,card
TXN00004829,USR004302,2024-09-22T18:35:35Z,315.90,EUR,savings
TXN00008972,USR003805,2024-09-22T23:04:07Z,309.04,EUR,savings
TXN00000730,USR003414,2024-09-23T03:04:04Z,18.48,EUR,card
TXN00002968,USR001198,2024-09-23T06:45:50Z,1000.66,EUR,FX
TXN00003735,USR003313,2024-09-23T07:38:23Z,59.09,EUR,savings
TXN00002252,USR002300,2024-09-23T10:50:48Z,219.95,EUR,stocks
TXN00004008,USR002166,2024-09-23T20:37:18Z,79.24,GBP,crypto
TXN00003199,USR002170,2024-09-24T01:56:41Z,639.28,GBP,FX
TXN00008968,USR001516,2024-09-24T12:55:18Z,47.34,GBP,savings
TXN00003245,USR001169,2024-09-24T22:04:36Z,254.39,EUR,savings
TXN00005106,USR004446,2024-09-25T00:47:17Z,289.41,GBP,FX
TXN00000578,USR000138,2024-09-25T01:09:33Z,13.29,EUR,card
TXN00005002,USR002743,2024-09-25T02:21:34Z,148.36,PLN,crypto
TXN00004234,USR002847,2024-09-25T11:06:12Z,-283.64,PLN,card
TXN00007686,USR001845,2024-09-25T20:19:22Z,52.46,PLN,card
TXN00002521,USR000311,2024-09-25T20:47:26Z,100.58,EUR,savings
TXN00001542,USR004784,2024-09-26T10:17:22Z,648.53,RON,stocks
TXN00008370,USR004666,2024-09-26T18:35:03Z,36.98,PLN,card
TXN00005532,USR001747,2024-09-26T19:25:37Z,143.04,CHF,card
TXN00008507,USR000388,2024-09-27T01:03:31Z,78.39,GBP,FX
TXN00003019,USR002731,2024-09-27T04:24:49Z,273.19,GBP,savings
TXN00002208,USR002715,2024-09-27T13:22:28Z,8.17,EUR,card
TXN00000127,USR001610,2024-09-27T14:11:10Z,1.75,EUR,card
TXN00003181,USR003754,2024-09-28T00:07:43Z,146.47,PLN,stocks
TXN00007487,USR002724,2024-09-28T06:24:37Z,162.09,GBP,savings
TXN00008402,USR002459,2024-09-28T09:33:27Z,100.18,EUR,FX
TXN00000810,USR003686,2024-09-28T17:51:40Z,-17.19,EUR,card
TXN00005240,USR003995,2024-09-28T21:25:55Z,121.93,RON,crypto
TXN00000598,USR004030,2024-09-29T01:36:15Z,40.32,GBP,card
TXN00002679,USR001504,2024-09-29T06:32:30Z,7.89,NOK,card
TXN00001719,USR004743,2024-09-29T09:27:33Z,16.84,SEK,card
TXN00008877,USR003707,2024-09-29T10:12:09Z,566.73,EUR,FX
TXN00003345,USR004748,2024-09-29T14:57:57Z,16.44,USD,card
TXN00002181,USR003740,2024-09-29T18:12:48Z,361.53,EUR,FX
TXN00004822,USR001126,2024-09-29T19:02:51Z,78.21,GBP,card
TXN00006348,USR000990,2024-09-29T22:34:58Z,137.20,SEK,stocks
TXN00001238,USR001459,2024-09-30T02:14:02Z,296.48,PLN,FX
TXN00005010,USR000675,2024-09-30T13:28:05Z,32.11,EUR,card
TXN00004734,USR002814,2024-09-30T15:57:52Z,370.14,PLN,savings
TXN00003662,USR003240,2024-09-30T18:13:46Z,51.61,EUR,crypto
TXN00001247,USR000438,2024-09-30T21:09:58Z,219.21,GBP,savings
TXN00004678,USR001452,2024-10-01T05:32:31Z,17.33,EUR,card
TXN00008683,USR004434,2024-10-01T05:52:04Z,50.83,EUR,card
TXN00006638,USR002218,2024-10-01T09:42:45Z,14.72,EUR,card
TXN00001700,USR002058,2024-10-01T10:49:50Z,33.58,EUR,card
TXN00007563,USR001750,2024-10-01T10:57:29Z,33.67,EUR,card
TXN00004108,USR002516,2024-10-01T13:15:49Z,120.41,GBP,card
TXN00004067,USR004894,2024-10-01T15:04:39Z,1122.94,EUR,savings
TXN00007036,USR003929,2024-10-01T19:43:13Z,1106.66,GBP,savings
TXN00008471,USR004336,2024-10-01T23:04:37Z,29.55,RON,card
TXN00006487,USR001625,2024-10-01T23:28:19Z,1302.74,RON,FX
TXN00000766,USR004875,2024-10-02T00:49:44Z,9.04,CAD,card
TXN00006397,USR004180,2024-10-02T00:52:46Z,44.95,EUR,card
TXN00002586,USR004417,2024-10-02T01:05:30Z,27.07,EUR,card
TXN00007400,USR001218,2024-10-02T07:03:48Z,34.32,EUR,card
TXN00007658,USR003744,2024-10-02T07:34:07Z,35.39,EUR,card
TXN00003566,USR001341,2024-10-02T11:42:02Z,36.77,EUR,card
TXN00003165,USR000599,2024-10-03T08:20:43Z,51.84,EUR,card
TXN00008958,USR001915,2024-10-03T09:35:53Z,17.88,EUR,card
TXN00001626,USR000648,2024-10-03T12:24:12Z,366.45,EUR,savings
TXN00004273,USR004182,2024-10-03T15:15:47Z,59.28,EUR,card
TXN00005426,USR001835,2024-10-03T17:18:28Z,112.52,EUR,stocks
TXN00007847,USR000069,2024-10-03T21:24:40Z,48.49,EUR,card
TXN00008419,USR003960,2024-10-04T00:44:54Z,77.18,EUR,card
TXN00007459,USR004191,2024-10-04T18:50:00Z,36.41,EUR,card
TXN00008751,USR001059,2024-10-04T21:55:45Z,547.56,EUR,savings
TXN00002182,USR004769,2024-10-05T08:54:26Z,9.80,EUR,card
TXN00003786,USR003698,2024-10-05T10:05:59Z,169.15,EUR,stocks
TXN00001727,USR001565,2024-10-05T14:52:26Z,455.07,EUR,savings
TXN00000587,USR002720,2024-10-05T19:09:33Z,96.65,GBP,FX
TXN00002702,USR003738,2024-10-05T20:51:06Z,408.98,USD,stocks
TXN00004177,USR004068,2024-10-05T22:11:48Z,281.87,CHF,stocks
TXN00007693,USR000046,2024-10-05T22:44:04Z,20.30,GBP,card
TXN00003798,USR001547,2024-10-06T04:11:17Z,106.67,CAD,card
TXN00000482,USR004869,2024-10-06T09:22:52Z,81.60,RON,card
TXN00003614,USR001889,2024-10-06T10:45:44Z,7.21,PLN,card
TXN00004385,USR003840,2024-10-06T14:26:32Z,13.42,PLN,card
TXN00005073,USR000282,2024-10-06T18:17:47Z,1048.01,EUR,savings
TXN00008884,USR002011,2024-10-07T01:43:39Z,172.17,GBP,FX
TXN00008647,USR002476,2024-10-07T09:32:12Z,23.11,EUR,card
TXN00003385,USR004060,2024-10-07T21:25:49Z,14.96,EUR,card
TXN00000206,USR001101,2024-10-08T09:12:30Z,38.18,EUR,card
TXN00000292,USR004419,2024-10-08T15:23:34Z,25.63,EUR,card
TXN00000297,USR001002,2024-10-08T16:01:32Z,12.11,EUR,card
TXN00000372,USR004568,2024-10-08T16:41:24Z,37.59,GBP,card
TXN00003130,USR002174,2024-10-08T18:21:57Z,23.82,EUR,card
TXN00000014,USR000381,2024-10-08T20:00:03Z,4.59,NOK,card
TXN00001691,USR001504,2024-10-08T20:09:36Z,248.87,PLN,FX
TXN00005314,USR000102,2024-10-08T23:13:38Z,68.08,GBP,card
TXN00000253,USR001589,2024-10-08T23:50:23Z,396.68,EUR,FX
TXN00005458,USR003424,2024-10-09T00:40:53Z,21.95,SEK,card
TXN00004276,USR004671,2024-10-09T01:49:05Z,102.75,RON,savings
TXN00003964,USR003885,2024-10-09T02:19:29Z,163.08,JPY,stocks
TXN00005665,USR001972,2024-10-09T03:30:25Z,591.98,EUR,stocks
TXN00002856,USR004086,2024-10-09T08:51:14Z,42.23,PLN,card
TXN00005846,USR002434,2024-10-09T15:19:29Z,94.72,EUR,card
TXN00006305,USR002250,2024-10-09T18:46:00Z,11.47,EUR,card
TXN00002389,USR004399,2024-10-09T21:41:08Z,11.30,GBP,card
TXN00008809,USR004376,2024-10-10T00:54:46Z,483.42,EUR,FX
TXN00002614,USR003518,2024-10-10T04:11:29Z,19.77,EUR,stocks
TXN00001850,USR000008,2024-10-10T19:11:50Z,866.79,USD,FX
TXN00007317,USR004926,2024-10-10T21:06:09Z,462.29,GBP,savings
TXN00006689,USR001533,2024-10-11T02:50:40Z,61.67,EUR,card
TXN00001377,USR001737,2024-10-11T02:50:46Z,123.92,EUR,crypto
TXN00007398,USR004850,2024-10-11T04:28:51Z,88.21,EUR,crypto
TXN00002343,USR002456,2024-10-11T05:54:21Z,1342.68,EUR,savings
TXN00000757,USR003169,2024-10-11T20:40:54Z,24.16,EUR,card
TXN00008031,USR003702,2024-10-12T05:54:59Z,306.36,EUR,stocks
TXN00000953,USR000461,2024-10-12T09:59:41Z,47.31,CHF,card
TXN00005854,USR002816,2024-10-12T16:24:49Z,92.55,GBP,card
TXN00006207,USR000314,2024-10-12T17:21:27Z,32.90,EUR,card
TXN00003492,USR000206,2024-10-12T21:56:05Z,60.88,NOK,card
TXN00005690,USR001715,2024-10-13T02:16:39Z,6.66,EUR,card
TXN00001553,USR003884,2024-10-13T03:19:04Z,350.31,SEK,FX
TXN00000722,USR001722,2024-10-13T06:47:35Z,18.86,EUR,card
TXN00008521,USR003516,2024-10-13T08:10:45Z,18.78,EUR,card
TXN00006268,USR002418,2024-10-13T08:58:35Z,310.23,CAD,FX
TXN00006026,USR001916,2024-10-13T13:02:11Z,460.69,GBP,FX
TXN00008021,USR004126,2024-10-14T08:30:21Z,13.88,EUR,card
TXN00008427,USR004355,2024-10-14T13:21:22Z,53.80,EUR,stocks
TXN00003981,USR003150,2024-10-14T17:45:28Z,78.62,EUR,stocks
TXN00004828,USR001439,2024-10-15T02:49:04Z,141.69,GBP,crypto
TXN00003832,USR001993,2024-10-15T04:25:45Z,477.40,RON,FX
TXN00004340,USR002070,2024-10-15T11:09:21Z,375.54,EUR,FX
TXN00005771,USR004115,2024-10-15T12:52:22Z,11.85,EUR,card
TXN00001559,USR004874,2024-10-15T23:41:32Z,110.98,GBP,stocks
TXN00005712,USR000724,2024-10-15T23:49:21Z,67.59,CAD,card
TXN00002052,USR004825,2024-10-16T02:33:44Z,12.22,PLN,card
TXN00005108,USR001785,2024-10-16T02:49:36Z,34.32,PLN,card
TXN00007725,USR000539,2024-10-16T13:33:21Z,61.09,NOK,crypto
TXN00003493,USR000615,2024-10-16T14:05:41Z,72.52,GBP,card
TXN00001586,USR002725,2024-10-16T16:02:42Z,15.94,EUR,card
TXN00004101,USR002096,2024-10-17T02:09:24Z,314.84,RON,FX
TXN00006674,USR002750,2024-10-17T10:38:51Z,194.46,EUR,savings
TXN00006617,USR003410,2024-10-17T13:39:29Z,238.09,EUR,stocks
TXN00001306,USR002493,2024-10-17T18:43:56Z,84.58,EUR,savings
TXN00007814,USR000824,2024-10-18T04:01:18Z,106.73,RON,card
TXN00000447,USR003845,2024-10-18T12:19:37Z,32.92,SEK,FX
TXN00001513,USR004331,2024-10-18T13:36:05Z,59.61,EUR,card
TXN00004463,USR003399,2024-10-18T18:21:06Z,299.46,EUR,stocks
TXN00004442,USR004690,2024-10-18T21:21:34Z,25.55,PLN,card
TXN00005531,USR000937,2024-10-18T23:09:03Z,5.87,EUR,card
TXN00003724,USR004026,2024-10-19T21:23:39Z,38.67,USD,card
TXN00006062,USR002314,2024-10-19T22:56:03Z,239.64,EUR,stocks
TXN00008702,USR003576,2024-10-19T22:59:37Z,61.92,GBP,card
TXN00002715,USR002994,2024-10-20T10:13:33Z,208.70,EUR,savings
TXN00006630,USR000612,2024-10-20T13:28:29Z,28.82,RON,card
TXN00005691,USR002929,2024-10-20T21:40:21Z,566.07,EUR,savings
TXN00000841,USR000626,2024-10-20T23:06:35Z,57.20,EUR,crypto
TXN00001659,USR000641,2024-10-21T02:20:39Z,82.85,RON,card
TXN00000310,USR000229,2024-10-21T03:43:13Z,14.96,GBP,card
TXN00004328,USR001747,2024-10-21T04:52:27Z,206.06,EUR,stocks
TXN00007615,USR004810,2024-10-21T18:34:50Z,27.27,GBP,card
TXN00000158,USR001055,2024-10-21T19:45:56Z,422.97,GBP,FX
TXN00008382,USR003854,2024-10-22T02:06:21Z,159.99,GBP,crypto
TXN00006598,USR001666,2024-10-22T11:52:52Z,23.71,EUR,card
TXN00006495,USR000911,2024-10-22T13:21:34Z,82.05,PLN,card
TXN00001168,USR000244,2024-10-22T15:23:07Z,1298.35,GBP,savings
TXN00007964,USR003030,2024-10-22T21:53:38Z,19.49,PLN,card
TXN00005986,USR002384,2024-10-23T03:27:58Z,191.44,RON,stocks
TXN00002428,USR002133,2024-10-23T03:33:05Z,98.15,GBP,FX
TXN00003973,USR004512,2024-10-23T05:21:20Z,51.74,USD,card
TXN00002081,USR000305,2024-10-23T08:39:43Z,35.48,EUR,card
TXN00007885,USR002850,2024-10-23T08:52:07Z,467.54,PLN,FX
TXN00006922,USR000833,2024-10-23T20:03:57Z,41.86,GBP,card
TXN00004635,USR003960,2024-10-23T22:11:26Z,13.32,EUR,card
TXN00006741,USR002158,2024-10-23T23:41:58Z,23.68,EUR,card
TXN00001563,USR004358,2024-10-24T00:20:39Z,2.95,EUR,card
TXN00006759,USR004364,2024-10-24T04:19:26Z,127.74,EUR,card
TXN00005341,USR003672,2024-10-24T05:08:57Z,890.64,EUR,savings
TXN00001155,USR003783,2024-10-24T07:31:22Z,66.77,EUR,stocks
TXN00000950,USR002538,2024-10-24T07:40:41Z,9.41,EUR,card
TXN00002463,USR004792,2024-10-24T08:45:40Z,34.90,GBP,savings
TXN00002578,USR002230,2024-10-24T17:04:55Z,41.96,EUR,card
TXN00002161,USR002658,2024-10-24T18:03:38Z,29.89,GBP,card
TXN00002795,USR001751,2024-10-24T22:03:59Z,56.77,GBP,card
TXN00001990,USR004625,2024-10-25T03:01:44Z,24.93,GBP,card
TXN00008154,USR003039,2024-10-25T07:16:20Z,24.48,RON,card
TXN00008156,USR003446,2024-10-25T22:18:00Z,43.88,GBP,card
TXN00002910,USR004388,2024-10-25T22:33:08Z,464.91,EUR,savings
TXN00007444,USR002863,2024-10-25T23:12:56Z,10.46,GBP,card
TXN00003820,USR002894,2024-10-26T20:16:57Z,246.50,EUR,savings
TXN00000922,USR002476,2024-10-27T04:17:18Z,37.65,EUR,crypto
TXN00007691,USR000863,2024-10-27T04:33:13Z,21.66,NOK,card
TXN00007838,USR002146,2024-10-27T17:36:11Z,25.89,CHF,card
TXN00003801,USR001453,2024-10-27T19:47:03Z,65.22,EUR,card
TXN00003710,USR001322,2024-10-27T23:45:53Z,8.28,EUR,card
TXN00001917,USR000975,2024-10-28T00:11:17Z,107.76,EUR,crypto
TXN00008750,USR003959,2024-10-28T10:31:20Z,29.71,GBP,card
TXN00004999,USR002342,2024-10-28T15:27:55Z,17.72,EUR,card
TXN00007345,USR001003,2024-10-28T20:29:09Z,17.97,GBP,card
TXN00002146,USR000032,2024-10-29T04:00:21Z,351.96,EUR,stocks
TXN00008004,USR000229,2024-10-29T14:10:46Z,71.46,GBP,stocks
TXN00004890,USR000978,2024-10-29T15:17:35Z,63.13,GBP,FX
TXN00001748,USR002798,2024-10-29T19:41:57Z,16.63,EUR,card
TXN00006445,USR000479,2024-10-29T20:13:16Z,455.23,EUR,FX
TXN00003846,USR001081,2024-10-29T23:33:45Z,17.89,GBP,card
TXN00001464,USR002885,2024-10-30T04:12:18Z,343.75,GBP,stocks
TXN00000192,USR002235,2024-10-30T08:05:49Z,5.22,PLN,card
TXN00002292,USR001331,2024-10-30T08:28:22Z,5.88,EUR,card
TXN00000141,USR000625,2024-10-30T08:41:00Z,133.56,EUR,savings
TXN00008662,USR002969,2024-10-30T11:11:14Z,268.69,GBP,stocks
TXN00007800,USR000220,2024-10-30T13:16:43Z,63.99,NOK,card
TXN00001766,USR003543,2024-10-30T15:17:02Z,19.32,EUR,card
TXN00001965,USR003946,2024-10-30T15:47:18Z,533.61,RON,stocks
TXN00003669,USR003175,2024-10-30T18:40:51Z,98.86,GBP,crypto
TXN00003823,USR000382,2024-10-30T19:43:44Z,74.72,RON,crypto
TXN00002598,USR002427,2024-10-31T05:50:11Z,140.41,USD,crypto
TXN00001561,USR004705,2024-10-31T17:59:35Z,38.17,EUR,card
TXN00003538,USR000506,2024-11-01T01:21:09Z,256.22,SEK,stocks
TXN00003274,USR002172,2024-11-01T11:51:34Z,24.01,EUR,card
TXN00006164,USR000871,2024-11-01T17:30:56Z,4.23,GBP,card
TXN00002864,USR002730,2024-11-01T18:15:23Z,33.18,EUR,card
TXN00001929,USR004037,2024-11-02T00:07:46Z,387.45,CAD,savings
TXN00006734,USR000164,2024-11-02T02:26:53Z,69.35,GBP,card
TXN00004493,USR004379,2024-11-02T04:08:21Z,1519.56,GBP,savings
TXN00000168,USR002516,2024-11-02T10:30:34Z,608.37,GBP,FX
TXN00006690,USR002396,2024-11-02T11:18:47Z,39.48,EUR,crypto
TXN00007171,USR001156,2024-11-02T12:12:21Z,165.85,GBP,FX
TXN00007709,USR002652,2024-11-02T15:10:39Z,151.62,GBP,stocks
TXN00006429,USR004864,2024-11-02T15:56:32Z,13.41,EUR,stocks
TXN00002388,USR001743,2024-11-02T17:31:41Z,27.04,EUR,card
TXN00004268,USR000276,2024-11-02T21:43:39Z,97.41,RON,card
TXN00007889,USR001973,2024-11-03T07:06:47Z,2.28,JPY,card
TXN00008584,USR002402,2024-11-03T10:22:32Z,9.94,RON,card
TXN00001835,USR003359,2024-11-04T03:37:11Z,7.13,EUR,card
TXN00004244,USR001517,2024-11-04T04:47:38Z,381.26,JPY,savings
TXN00008006,USR004743,2024-11-04T05:51:10Z,22.48,EUR,card
TXN00004992,USR000680,2024-11-04T06:57:15Z,11.64,EUR,card
TXN00004761,USR000699,2024-11-04T20:38:40Z,5.44,PLN,card
TXN00001151,USR001236,2024-11-04T20:39:44Z,29.56,PLN,card
TXN00001060,USR003641,2024-11-04T23:38:02Z,28.16,EUR,card
TXN00006784,USR000904,2024-11-05T03:53:03Z,1192.78,GBP,stocks
TXN00004700,USR003768,2024-11-05T20:24:03Z,32.42,GBP,card
TXN00003572,USR000233,2024-11-06T19:34:48Z,81.78,GBP,stocks
TXN00000450,USR003241,2024-11-06T23:11:41Z,29.38,PLN,card
TXN00004971,USR003424,2024-11-06T23:41:18Z,5.77,SEK,card
TXN00001397,USR000433,2024-11-07T02:08:40Z,20.99,GBP,card
TXN00007131,USR002644,2024-11-07T12:34:13Z,112.67,EUR,FX
TXN00007617,USR004835,2024-11-08T02:41:28Z,55.35,EUR,card
TXN00006297,USR002068,2024-11-08T13:41:47Z,94.13,EUR,crypto
TXN00008506,USR004519,2024-11-08T16:20:17Z,219.64,CHF,stocks
TXN00001376,USR004972,2024-11-08T16:21:51Z,91.03,GBP,card
TXN00005895,USR003032,2024-11-08T16:36:36Z,56.12,GBP,card
TXN00003254,USR004030,2024-11-08T20:58:22Z,71.66,GBP,card
TXN00004105,USR002031,2024-11-08T22:17:25Z,547.94,GBP,savings
TXN00003537,USR001184,2024-11-09T14:12:17Z,142.37,EUR,crypto
TXN00006409,USR001157,2024-11-10T14:53:34Z,293.51,GBP,crypto
TXN00007117,USR000844,2024-11-10T15:53:09Z,25.51,PLN,card
TXN00005677,USR000754,2024-11-11T09:25:43Z,20.49,EUR,card
TXN00007597,USR003872,2024-11-11T11:42:43Z,19.42,EUR,card
TXN00003508,USR002077,2024-11-11T15:27:29Z,10.17,GBP,card
TXN00004441,USR003330,2024-11-11T17:23:48Z,8.00,EUR,card
TXN00001725,USR004240,2024-11-11T22:29:00Z,477.47,EUR,savings
TXN00001178,USR000120,2024-11-12T00:46:37Z,13.20,GBP,card
TXN00004224,USR002148,2024-11-12T01:04:47Z,178.79,EUR,crypto
TXN00006045,USR000866,2024-11-12T07:28:21Z,68.79,GBP,FX
TXN00004270,USR003153,2024-11-12T19:16:04Z,30.55,EUR,card
TXN00005844,USR000206,2024-11-13T04:53:48Z,45.06,NOK,card
TXN00007168,USR003326,2024-11-13T09:16:35Z,220.42,EUR,savings
TXN00003080,USR002842,2024-11-13T17:10:46Z,2505.76,EUR,savings
TXN00006221,USR003244,2024-11-13T22:04:37Z,155.90,GBP,FX
TXN00003051,USR002651,2024-11-14T08:41:34Z,15.32,EUR,card
TXN00005383,USR000837,2024-11-14T09:45:29Z,39.52,GBP,card
TXN00003865,USR002271,2024-11-14T13:52:18Z,1259.54,SEK,savings
TXN00002713,USR003102,2024-11-14T15:35:10Z,21.64,GBP,card
TXN00003322,USR003053,2024-11-14T20:06:51Z,157.10,EUR,stocks
TXN00007314,USR001583,2024-11-14T20:39:24Z,41.20,EUR,card
TXN00001287,USR002358,2024-11-15T05:59:16Z,532.19,EUR,savings
TXN00003164,USR004494,2024-11-15T07:14:30Z,14.80,EUR,card
TXN00008655,USR002409,2024-11-16T01:44:29Z,1045.46,CHF,savings
TXN00000085,USR001835,2024-11-16T02:59:07Z,82.17,EUR,stocks
TXN00002977,USR001391,2024-11-16T11:05:45Z,17.19,EUR,card
TXN00005308,USR004689,2024-11-17T07:29:06Z,129.96,EUR,crypto
TXN00008893,USR000103,2024-11-17T12:42:38Z,127.58,RON,stocks
TXN00005608,USR002750,2024-11-18T11:57:08Z,260.32,EUR,card
TXN00007139,USR002850,2024-11-18T16:28:57Z,48.11,CHF,savings
TXN00007596,USR003354,2024-11-18T19:48:02Z,166.22,RON,stocks
TXN00005361,USR004984,2024-11-19T05:10:42Z,74.16,PLN,card
TXN00002387,USR000286,2024-11-19T07:21:30Z,24.73,EUR,card
TXN00000663,USR002861,2024-11-19T12:51:27Z,47.54,EUR,card
TXN00000173,USR003672,2024-11-19T14:04:02Z,182.46,CHF,stocks
TXN00007687,USR001388,2024-11-19T17:09:33Z,14.32,GBP,card
TXN00004824,USR003071,2024-11-19T20:40:06Z,34.62,GBP,card
TXN00005493,USR001755,2024-11-20T02:57:06Z,263.62,NOK,savings
TXN00008375,USR000294,2024-11-20T04:14:02Z,9.82,EUR,card
TXN00008693,USR002311,2024-11-20T05:34:16Z,140.68,EUR,stocks
TXN00005584,USR000728,2024-11-20T06:49:02Z,320.14,RON,FX
TXN00005289,USR004184,2024-11-20T11:25:38Z,138.44,GBP,stocks
TXN00000624,USR003535,2024-11-20T12:56:28Z,17.17,EUR,FX
TXN00003923,USR001797,2024-11-20T13:07:50Z,248.56,GBP,FX
TXN00005438,USR004503,2024-11-20T13:08:55Z,393.02,GBP,savings
TXN00005550,USR002332,2024-11-20T14:08:06Z,130.45,EUR,stocks
TXN00001594,USR003061,2024-11-21T02:11:14Z,13.16,GBP,card
TXN00004004,USR002440,2024-11-21T03:50:14Z,3.92,EUR,card
TXN00002555,USR000728,2024-11-21T07:18:00Z,14.62,RON,card
TXN00007262,USR002109,2024-11-21T07:27:35Z,841.91,EUR,savings
TXN00008815,USR001026,2024-11-21T11:54:27Z,11.12,EUR,card
TXN00008543,USR000264,2024-11-21T16:08:37Z,19.85,EUR,card
TXN00000481,USR000018,2024-11-21T22:36:40Z,47.62,EUR,crypto
TXN00007474,USR002121,2024-11-22T07:39:36Z,41.34,EUR,card
TXN00007810,USR002648,2024-11-22T09:10:31Z,580.11,EUR,savings
TXN00008108,USR001821,2024-11-22T14:05:38Z,2077.98,EUR,savings
TXN00002944,USR002790,2024-11-22T18:27:49Z,443.35,JPY,stocks
TXN00005257,USR003484,2024-11-23T01:45:03Z,48.56,GBP,card
TXN00000468,USR003062,2024-11-23T12:30:49Z,13.70,GBP,card
TXN00001999,USR001981,2024-11-23T15:19:20Z,42.68,GBP,card
TXN00004305,USR003372,2024-11-23T20:18:38Z,157.93,EUR,FX
TXN00000041,USR004410,2024-11-23T22:32:57Z,128.39,EUR,FX
TXN00002169,USR001274,2024-11-24T02:24:36Z,1054.28,EUR,stocks
TXN00000982,USR004945,2024-11-24T09:51:44Z,59.50,EUR,card
TXN00000754,USR001084,2024-11-24T10:41:01Z,116.83,EUR,stocks
TXN00005121,USR004135,2024-11-24T14:25:02Z,327.18,EUR,crypto
TXN00003463,USR000100,2024-11-24T15:08:35Z,28.18,GBP,card
TXN00005116,USR003710,2024-11-24T18:03:39Z,34.05,USD,card
TXN00008292,USR004302,2024-11-24T18:33:22Z,381.34,EUR,savings
TXN00002819,USR002808,2024-11-24T19:31:02Z,359.27,EUR,FX
TXN00005625,USR003854,2024-11-25T08:50:07Z,96.24,GBP,card
TXN00006865,USR000404,2024-11-25T14:37:49Z,46.29,EUR,crypto
TXN00001305,USR004341,2024-11-25T17:04:31Z,11.67,GBP,card
TXN00006059,USR001763,2024-11-25T18:32:26Z,9.73,EUR,card
TXN00007517,USR001387,2024-11-25T18:33:55Z,180.82,EUR,FX
TXN00007957,USR003462,2024-11-25T20:30:04Z,50.02,GBP,card
TXN00001783,USR001972,2024-11-25T23:30:52Z,7.33,JPY,card
TXN00007972,USR001714,2024-11-26T06:23:00Z,223.05,PLN,stocks
TXN00006797,USR002044,2024-11-26T11:12:57Z,324.73,SEK,FX
TXN00000705,USR001158,2024-11-27T03:21:49Z,83.18,RON,stocks
TXN00000873,USR002077,2024-11-27T03:40:52Z,297.82,GBP,stocks
TXN00007463,USR002937,2024-11-27T05:08:14Z,11.45,EUR,card
TXN00004291,USR000994,2024-11-27T10:54:49Z,20.66,PLN,card
TXN00004711,USR002975,2024-11-27T11:40:11Z,-5.78,EUR,card
TXN00007326,USR000666,2024-11-27T21:19:01Z,7.55,RON,card
TXN00004334,USR000107,2024-11-27T21:49:14Z,185.81,EUR,crypto
TXN00003262,USR000823,2024-11-28T02:03:43Z,14.55,GBP,card
TXN00000428,USR001320,2024-11-28T05:40:10Z,116.43,EUR,FX
TXN00000685,USR002243,2024-11-28T18:32:43Z,372.86,EUR,savings
TXN00005922,USR001366,2024-11-29T06:20:57Z,26.75,EUR,card
TXN00005906,USR004322,2024-11-29T15:37:01Z,34.35,GBP,card
TXN00003347,USR004724,2024-11-29T22:19:05Z,21.61,EUR,card
TXN00002483,USR001046,2024-11-30T04:05:10Z,99.22,JPY,crypto
TXN00002075,USR000882,2024-11-30T06:54:03Z,357.92,NOK,FX
TXN00005782,USR001368,2024-11-30T08:49:16Z,-8.06,EUR,card
TXN00007066,USR002613,2024-11-30T19:15:06Z,66.37,PLN,savings
TXN00005176,USR000854,2024-12-01T01:18:28Z,26.27,CHF,card
TXN00001859,USR000224,2024-12-01T08:08:38Z,863.78,RON,stocks
TXN00000250,USR004044,2024-12-01T16:08:34Z,16.35,GBP,card
TXN00002571,USR001191,2024-12-01T17:10:06Z,95.39,CHF,card
TXN00003340,USR004387,2024-12-01T22:22:38Z,20.87,GBP,card
TXN00003911,USR001738,2024-12-02T02:36:29Z,57.74,GBP,crypto
TXN00000691,USR003808,2024-12-02T04:27:50Z,52.58,EUR,card
TXN00005301,USR003347,2024-12-02T04:34:45Z,10.32,EUR,card
TXN00007150,USR004693,2024-12-02T12:30:32Z,317.99,EUR,FX
TXN00000471,USR002773,2024-12-03T00:15:21Z,66.14,EUR,card
TXN00001656,USR003854,2024-12-03T06:44:00Z,11.47,GBP,card
TXN00000901,USR003787,2024-12-03T08:49:42Z,48.64,EUR,crypto
TXN00005845,USR003782,2024-12-03T11:10:51Z,261.31,PLN,stocks
TXN00004710,USR001750,2024-12-03T17:11:52Z,15.74,EUR,card
TXN00003239,USR001919,2024-12-03T21:46:00Z,400.43,SEK,FX
TXN00006219,USR002503,2024-12-04T01:04:58Z,6.29,RON,card
TXN00004467,USR001375,2024-12-04T03:31:44Z,4.44,PLN,card
TXN00003346,USR000762,2024-12-04T06:52:14Z,70.11,EUR,crypto
TXN00000915,USR000817,2024-12-04T15:47:10Z,10.64,GBP,card
TXN00005413,USR004069,2024-12-04T16:22:45Z,140.31,EUR,FX
TXN00002474,USR004759,2024-12-05T02:51:51Z,16.36,GBP,card
TXN00005393,USR003755,2024-12-05T04:52:45Z,118.36,EUR,stocks
TXN00001507,USR004086,2024-12-05T05:14:01Z,49.44,EUR,card
TXN00005641,USR001322,2024-12-05T08:58:06Z,121.69,EUR,stocks
TXN00005736,USR004417,2024-12-05T15:54:47Z,14.75,EUR,card
TXN00005858,USR004840,2024-12-05T16:11:16Z,11.14,EUR,card
TXN00000029,USR002247,2024-12-06T00:28:53Z,11.59,EUR,card
TXN00006760,USR002729,2024-12-06T00:49:22Z,60.34,EUR,card
TXN00001567,USR000973,2024-12-06T06:06:00Z,125.13,GBP,card
TXN00008658,USR000787,2024-12-06T19:15:02Z,270.89,GBP,FX
TXN00001093,USR004123,2024-12-06T20:00:04Z,51.07,GBP,stocks
TXN00004993,USR002982,2024-12-06T22:34:26Z,236.44,EUR,stocks
TXN00002869,USR004359,2024-12-07T03:04:26Z,140.16,EUR,crypto
TXN00008689,USR003001,2024-12-07T03:18:32Z,8.38,PLN,card
TXN00006493,USR003672,2024-12-07T09:34:55Z,297.12,EUR,crypto
TXN00008090,USR000355,2024-12-07T16:09:17Z,60.45,GBP,FX
TXN00007799,USR002764,2024-12-07T16:34:44Z,16.75,EUR,card
TXN00004161,USR000960,2024-12-07T17:37:56Z,58.18,SEK,stocks
TXN00008517,USR000210,2024-12-07T19:08:48Z,61.42,CHF,card
TXN00004870,USR002700,2024-12-08T04:39:22Z,62.20,GBP,stocks
TXN00002515,USR003328,2024-12-08T04:51:05Z,17.86,GBP,card
TXN00004307,USR001081,2024-12-08T08:55:25Z,21.26,GBP,card
TXN00008352,USR003600,2024-12-08T10:37:25Z,19.90,GBP,card
TXN00007610,USR004059,2024-12-08T18:24:46Z,30.17,EUR,card
TXN00006124,USR004456,2024-12-09T00:27:58Z,15.96,EUR,card
TXN00001928,USR004701,2024-12-09T01:41:54Z,116.22,GBP,FX
TXN00008399,USR004728,2024-12-09T03:37:48Z,35.72,RON,card
TXN00002650,USR004316,2024-12-09T04:49:56Z,628.71,EUR,savings
TXN00002936,USR004502,2024-12-09T05:55:05Z,291.27,PLN,stocks
TXN00008740,USR004596,2024-12-09T23:41:29Z,54.34,CHF,crypto
TXN00008036,USR002972,2024-12-10T07:05:29Z,123.30,GBP,crypto
TXN00003665,USR001116,2024-12-10T11:04:57Z,41.87,USD,card
TXN00001337,USR004308,2024-12-10T20:24:32Z,434.20,GBP,FX
TXN00001615,USR002029,2024-12-11T04:52:52Z,81.35,GBP,FX
TXN00003796,USR003873,2024-12-11T10:22:30Z,237.09,EUR,savings
TXN00004374,USR004415,2024-12-11T13:00:47Z,26.35,USD,card
TXN00001585,USR002012,2024-12-11T16:50:52Z,195.13,GBP,crypto
TXN00008266,USR000026,2024-12-11T16:54:06Z,512.46,EUR,FX
TXN00002009,USR003589,2024-12-12T00:34:25Z,21.34,EUR,card
TXN00006939,USR002899,2024-12-12T04:03:16Z,72.63,USD,card
TXN00008674,USR002094,2024-12-12T20:21:02Z,3367.52,JPY,savings
TXN00006843,USR002651,2024-12-13T01:51:16Z,82.64,EUR,card
TXN00007740,USR002070,2024-12-13T05:10:07Z,2117.60,EUR,savings
TXN00003194,USR004194,2024-12-13T08:10:07Z,11.02,PLN,card
TXN00000518,USR003884,2024-12-13T10:54:18Z,53.76,GBP,crypto
TXN00000974,USR000940,2024-12-13T11:21:55Z,8.64,EUR,card
TXN00004697,USR002863,2024-12-13T11:39:41Z,20.99,CAD,card
TXN00001981,USR001158,2024-12-13T20:41:26Z,29.73,RON,card
TXN00002620,USR001699,2024-12-13T20:41:59Z,250.74,RON,savings
TXN00003148,USR000390,2024-12-13T23:59:21Z,736.34,PLN,savings
TXN00003781,USR002385,2024-12-14T23:40:18Z,246.39,NOK,savings
TXN00007622,USR001829,2024-12-15T05:12:03Z,141.24,EUR,savings
TXN00002218,USR001285,2024-12-15T16:51:42Z,9.60,JPY,card
TXN00006580,USR003983,2024-12-15T17:51:38Z,199.88,EUR,savings
TXN00002828,USR003518,2024-12-15T22:35:43Z,52.05,EUR,card
TXN00008283,USR000798,2024-12-16T02:18:19Z,320.75,EUR,stocks
TXN00002224,USR001899,2024-12-16T05:45:19Z,250.07,EUR,stocks
TXN00005233,USR002539,2024-12-16T11:30:51Z,23.39,EUR,card
TXN00006928,USR004974,2024-12-16T13:14:46Z,10.66,EUR,card
TXN00003533,USR000619,2024-12-16T14:22:43Z,123.64,EUR,savings
TXN00005395,USR004953,2024-12-16T17:01:25Z,27.01,EUR,stocks
TXN00004701,USR004955,2024-12-17T05:28:35Z,19.66,SEK,crypto
TXN00005429,USR001941,2024-12-17T05:38:07Z,202.99,GBP,stocks
TXN00006368,USR000716,2024-12-17T17:16:11Z,19.30,USD,card
TXN00006327,USR004100,2024-12-17T23:46:19Z,27.95,GBP,card
TXN00007050,USR003759,2024-12-18T02:33:57Z,165.49,GBP,FX
TXN00003466,USR004721,2024-12-18T06:49:48Z,3.88,PLN,card
TXN00004284,USR004534,2024-12-18T07:11:03Z,310.30,GBP,savings
TXN00008932,USR003309,2024-12-18T07:55:09Z,16.65,GBP,card
TXN00007237,USR002478,2024-12-19T01:52:21Z,8.04,EUR,card
TXN00006063,USR001476,2024-12-19T07:55:23Z,309.83,GBP,stocks
TXN00005501,USR003769,2024-12-19T09:57:24Z,920.42,EUR,savings
TXN00006562,USR002543,2024-12-19T11:15:32Z,146.58,EUR,savings
TXN00006615,USR000182,2024-12-19T12:13:40Z,11.77,EUR,card
TXN00006726,USR000642,2024-12-19T22:25:05Z,8.31,GBP,card
TXN00001266,USR002067,2024-12-19T23:03:23Z,782.25,EUR,FX
TXN00000718,USR000135,2024-12-20T01:29:13Z,20.91,EUR,card
TXN00000898,USR004987,2024-12-20T02:39:12Z,16.77,GBP,card
TXN00008483,USR004594,2024-12-20T05:10:49Z,19.40,PLN,card
TXN00008994,USR000679,2024-12-20T05:37:25Z,34.75,SEK,card
TXN00005471,USR001960,2024-12-20T06:41:12Z,29.74,EUR,card
TXN00005705,USR002109,2024-12-21T13:44:10Z,73.75,EUR,card
TXN00003530,USR000890,2024-12-21T13:44:56Z,667.14,EUR,FX
TXN00003120,USR000402,2024-12-21T20:02:21Z,60.93,EUR,card
TXN00001792,USR003856,2024-12-22T01:48:36Z,9.26,EUR,card
TXN00002657,USR002174,2024-12-22T03:30:37Z,255.08,EUR,savings
TXN00001240,USR002044,2024-12-22T09:19:09Z,38.62,SEK,card
TXN00004489,USR000960,2024-12-22T15:49:42Z,197.10,PLN,savings
TXN00008490,USR000800,2024-12-22T23:54:40Z,33.32,EUR,card
TXN00006871,USR003933,2024-12-23T04:21:05Z,13.54,PLN,card
TXN00001200,USR004122,2024-12-23T18:21:07Z,405.22,EUR,savings
TXN00004643,USR004040,2024-12-24T06:53:34Z,50.75,EUR,card
TXN00008487,USR002798,2024-12-24T18:14:10Z,11.53,EUR,card
TXN00005918,USR003679,2024-12-24T21:24:40Z,704.87,EUR,stocks
TXN00002983,USR001026,2024-12-24T22:56:22Z,23.42,EUR,card
TXN00002148,USR004113,2024-12-24T23:49:30Z,30.95,GBP,card
TXN00002601,USR001645,2024-12-25T02:54:03Z,84.97,EUR,card
TXN00004841,USR001346,2024-12-26T09:56:15Z,99.40,EUR,FX
TXN00002945,USR003558,2024-12-26T10:18:29Z,874.58,PLN,savings
TXN00003780,USR001050,2024-12-26T20:24:51Z,-13.27,GBP,card
TXN00004539,USR004925,2024-12-26T21:28:58Z,26.10,EUR,card
TXN00005727,USR001416,2024-12-27T00:59:12Z,32.66,PLN,card
TXN00001950,USR000921,2024-12-27T01:08:15Z,464.98,GBP,savings
TXN00005948,USR000886,2024-12-27T04:40:36Z,73.69,GBP,card
TXN00008484,USR001568,2024-12-27T09:17:35Z,10.55,EUR,card
TXN00000918,USR001957,2024-12-27T11:41:19Z,175.64,CAD,savings
TXN00003605,USR003682,2024-12-28T07:53:07Z,-70.24,EUR,card
TXN00002561,USR002905,2024-12-28T17:55:45Z,983.23,EUR,stocks
TXN00005760,USR004786,2024-12-28T21:03:15Z,42.64,EUR,card
TXN00001261,USR002455,2024-12-29T00:38:37Z,223.46,EUR,stocks
TXN00000361,USR004987,2024-12-29T05:31:01Z,2.21,GBP,card
TXN00002639,USR002483,2024-12-29T06:23:47Z,113.17,EUR,stocks
TXN00007770,USR002564,2024-12-29T10:20:58Z,22.91,EUR,card
TXN00005185,USR004837,2024-12-29T17:30:09Z,243.33,GBP,card
TXN00001146,USR000577,2024-12-29T17:34:55Z,47.43,USD,card
TXN00008545,USR002891,2024-12-29T21:58:44Z,136.90,EUR,stocks
TXN00008760,USR004285,2024-12-30T02:06:23Z,8.51,GBP,card
TXN00004644,USR002980,2024-12-30T04:47:00Z,19.93,EUR,crypto
TXN00002298,USR003426,2024-12-30T05:30:04Z,432.96,EUR,stocks
TXN00002409,USR000430,2024-12-30T08:27:07Z,20.83,RON,stocks
TXN00006729,USR000533,2024-12-30T09:19:11Z,74.59,GBP,FX
TXN00001475,USR001222,2024-12-30T13:39:37Z,20.81,EUR,card
TXN00008585,USR003792,2024-12-30T15:45:06Z,950.41,EUR,savings
TXN00006804,USR000394,2024-12-30T16:17:06Z,203.10,NOK,stocks
TXN00004808,USR000683,2024-12-30T17:03:52Z,32.54,EUR,card
TXN00006906,USR002871,2024-12-30T21:13:23Z,76.69,EUR,card
TXN00003952,USR001699,2024-12-30T23:26:55Z,6.79,RON,card
TXN00005428,USR000207,2024-12-31T01:45:40Z,25.66,EUR,card
TXN00003156,USR004586,2024-12-31T05:51:34Z,145.48,EUR,crypto
TXN00005213,USR002641,2024-12-31T10:51:01Z,805.74,EUR,savings
TXN00006357,USR000607,2024-12-31T21:58:06Z,25.60,GBP,card
TXN00006517,USR000026,2024-12-31T22:34:49Z,20.87,EUR,card
TXN00000683,USR004195,2025-01-01T11:42:16Z,219.65,CHF,crypto
TXN00008377,USR000447,2025-01-01T15:48:45Z,21.78,GBP,card
TXN00007556,USR002151,2025-01-01T22:40:10Z,225.97,CHF,stocks
TXN00006179,USR004520,2025-01-02T13:06:32Z,154.73,CAD,savings
TXN00006964,USR002239,2025-01-02T19:15:24Z,16.72,EUR,card
TXN00007683,USR001104,2025-01-02T19:33:51Z,23.42,GBP,card
TXN00003151,USR001498,2025-01-02T20:09:45Z,260.46,GBP,FX
TXN00006217,USR000969,2025-01-02T23:51:15Z,118.95,PLN,crypto
TXN00004885,USR000059,2025-01-03T09:17:03Z,8.07,EUR,card
TXN00008843,USR002798,2025-01-03T16:25:27Z,57.09,EUR,card
TXN00005026,USR000022,2025-01-03T22:11:59Z,24.95,SEK,card
TXN00000584,USR003993,2025-01-04T08:40:04Z,242.56,GBP,FX
TXN00003448,USR004240,2025-01-04T12:01:15Z,28.15,EUR,card
TXN00000819,USR002965,2025-01-04T16:41:17Z,11.43,GBP,card
TXN00004519,USR004945,2025-01-04T19:18:51Z,92.34,USD,crypto
TXN00008930,USR001266,2025-01-05T01:25:13Z,28.69,CAD,card
TXN00006491,USR004503,2025-01-05T02:01:32Z,942.18,PLN,FX
TXN00006188,USR001068,2025-01-05T14:14:11Z,48.21,EUR,crypto
TXN00002079,USR001022,2025-01-05T15:24:03Z,38.21,GBP,card
TXN00001374,USR001097,2025-01-06T07:55:12Z,32.96,GBP,card
TXN00003924,USR003198,2025-01-06T11:43:00Z,9.77,EUR,card
TXN00003133,USR003237,2025-01-06T14:08:32Z,1126.79,NOK,FX
TXN00003386,USR003708,2025-01-06T14:39:12Z,13.44,SEK,card
TXN00001724,USR000817,2025-01-06T17:53:25Z,724.05,GBP,savings
TXN00004868,USR002771,2025-01-06T19:59:51Z,257.00,RON,crypto
TXN00008251,USR002089,2025-01-07T01:14:23Z,1240.36,GBP,savings
TXN00001182,USR000998,2025-01-07T15:13:42Z,20.54,GBP,card
TXN00000333,USR002323,2025-01-08T02:36:54Z,291.91,GBP,stocks
TXN00000108,USR002328,2025-01-08T16:32:29Z,3.87,EUR,card
TXN00007934,USR000513,2025-01-08T16:58:59Z,141.19,EUR,crypto
TXN00005007,USR003000,2025-01-09T06:04:06Z,76.11,GBP,FX
TXN00005046,USR001062,2025-01-09T08:04:36Z,631.38,EUR,savings
TXN00002540,USR002377,2025-01-09T09:05:56Z,158.44,CHF,card
TXN00000555,USR003166,2025-01-09T10:54:14Z,7.05,GBP,card
TXN00003750,USR001432,2025-01-09T21:33:29Z,45.87,EUR,card
TXN00008057,USR004633,2025-01-10T00:45:36Z,48.68,CAD,card
TXN00002550,USR004319,2025-01-10T17:36:50Z,217.06,EUR,FX
TXN00004045,USR000435,2025-01-10T19:58:10Z,51.29,EUR,card
TXN00000183,USR003879,2025-01-11T02:44:33Z,31.09,USD,card
TXN00000309,USR000893,2025-01-11T02:48:18Z,162.50,GBP,savings
TXN00006250,USR004810,2025-01-11T04:13:03Z,213.70,GBP,crypto
TXN00004849,USR001329,2025-01-11T05:53:24Z,7.66,PLN,card
TXN00002340,USR004693,2025-01-11T06:13:29Z,252.56,EUR,stocks
TXN00008477,USR003790,2025-01-11T10:49:40Z,62.75,RON,card
TXN00007983,USR001162,2025-01-11T21:18:51Z,14.40,GBP,card
TXN00003753,USR002566,2025-01-12T08:37:21Z,287.87,GBP,savings
TXN00008498,USR001875,2025-01-12T12:09:03Z,241.06,USD,savings
TXN00007898,USR001864,2025-01-12T20:46:56Z,206.83,EUR,stocks
TXN00002205,USR000853,2025-01-13T11:41:21Z,23.27,GBP,card
TXN00006205,USR000954,2025-01-13T15:15:32Z,33.83,EUR,crypto
TXN00004346,USR002025,2025-01-13T16:40:16Z,27.52,GBP,card
TXN00006732,USR001691,2025-01-13T17:30:57Z,18.45,NOK,card
TXN00001986,USR002825,2025-01-13T17:50:32Z,25.15,EUR,card
TXN00000830,USR001082,2025-01-13T17:51:24Z,8.21,GBP,card
TXN00001682,USR001866,2025-01-13T19:57:22Z,57.05,USD,crypto
TXN00000256,USR001682,2025-01-14T00:39:44Z,11.11,CHF,card
TXN00005109,USR004111,2025-01-14T04:01:53Z,32.37,EUR,card
TXN00001053,USR001653,2025-01-14T05:54:33Z,157.22,CHF,FX
TXN00002665,USR000600,2025-01-14T11:08:46Z,2230.97,EUR,savings
TXN00003184,USR001481,2025-01-14T12:44:24Z,142.08,EUR,stocks
TXN00007908,USR002808,2025-01-14T13:35:05Z,194.79,PLN,savings
TXN00005089,USR001200,2025-01-14T20:37:32Z,17.69,USD,card
TXN00000867,USR002909,2025-01-14T21:27:12Z,30.78,EUR,card
TXN00003430,USR000080,2025-01-14T21:37:17Z,178.32,EUR,FX
TXN00005983,USR004910,2025-01-14T23:48:59Z,23.64,USD,card
TXN00008441,USR004542,2025-01-15T15:34:42Z,33.91,JPY,card
TXN00003419,USR001740,2025-01-15T23:12:19Z,26.92,GBP,card
TXN00000221,USR004989,2025-01-16T10:31:12Z,7.10,EUR,card
TXN00005673,USR003237,2025-01-16T11:33:14Z,184.69,CHF,stocks
TXN00006289,USR000919,2025-01-16T13:35:26Z,37.45,EUR,card
TXN00001036,USR004969,2025-01-16T19:34:19Z,343.19,GBP,stocks
TXN00002118,USR001468,2025-01-17T01:52:43Z,10.75,EUR,card
TXN00002288,USR003726,2025-01-17T09:57:29Z,9.28,EUR,card
TXN00002416,USR001184,2025-01-17T15:37:30Z,130.24,EUR,stocks
TXN00002420,USR003972,2025-01-17T16:26:58Z,25.06,EUR,card
TXN00001583,USR003440,2025-01-17T17:21:43Z,13.75,PLN,card
TXN00004983,USR000846,2025-01-17T18:25:44Z,356.23,EUR,card
TXN00007704,USR001004,2025-01-17T22:55:55Z,144.22,CAD,savings
TXN00007883,USR004694,2025-01-17T23:13:34Z,6.27,EUR,card
TXN00003968,USR004530,2025-01-18T03:10:17Z,392.30,NOK,card
TXN00000979,USR002166,2025-01-18T08:04:45Z,13.53,GBP,card
TXN00006108,USR001879,2025-01-18T09:27:56Z,18.70,GBP,card
TXN00004241,USR000694,2025-01-18T12:29:57Z,6.19,EUR,card
TXN00001098,USR003693,2025-01-18T19:38:50Z,122.00,EUR,crypto
TXN00003507,USR000385,2025-01-18T23:51:27Z,175.11,EUR,savings
TXN00007582,USR003262,2025-01-19T02:16:11Z,17.36,GBP,card
TXN00005065,USR000436,2025-01-19T12:03:05Z,12.78,RON,card
TXN00004236,USR004893,2025-01-19T12:48:40Z,393.69,EUR,crypto
TXN00007732,USR002170,2025-01-19T20:22:06Z,102.18,GBP,card
TXN00002258,USR004806,2025-01-19T20:39:02Z,18.90,GBP,card
TXN00006361,USR002845,2025-01-19T22:57:28Z,14.50,GBP,card
TXN00000571,USR000342,2025-01-20T02:14:47Z,27.86,NOK,card
TXN00004018,USR000804,2025-01-20T04:35:49Z,18.53,EUR,card
TXN00008102,USR003077,2025-01-20T10:12:10Z,122.24,GBP,FX
TXN00003124,USR001281,2025-01-20T12:04:42Z,42.93,SEK,card
TXN00005459,USR003901,2025-01-20T13:24:17Z,9.53,EUR,card
TXN00007322,USR002797,2025-01-20T13:54:49Z,11.05,NOK,card
TXN00002546,USR004919,2025-01-20T14:25:55Z,44.98,EUR,card
TXN00007723,USR001393,2025-01-20T18:57:21Z,876.13,PLN,FX
TXN00007630,USR000785,2025-01-20T20:13:46Z,153.41,GBP,savings
TXN00005126,USR001267,2025-01-21T04:00:24Z,116.75,EUR,FX
TXN00006507,USR002046,2025-01-21T07:44:23Z,59.91,RON,card
TXN00006723,USR000642,2025-01-21T09:01:25Z,73.50,GBP,stocks
TXN00008977,USR002051,2025-01-21T21:44:00Z,47.14,GBP,crypto
TXN00004847,USR004168,2025-01-22T06:16:56Z,30.81,GBP,card
TXN00001619,USR001676,2025-01-22T15:27:36Z,208.44,PLN,crypto
TXN00001581,USR002946,2025-01-22T15:37:05Z,33.16,EUR,card
TXN00002529,USR004455,2025-01-22T15:42:35Z,138.93,EUR,crypto
TXN00007913,USR002862,2025-01-23T07:35:57Z,118.77,GBP,crypto
TXN00004743,USR004965,2025-01-23T12:51:43Z,283.48,EUR,crypto
TXN00007798,USR000635,2025-01-23T14:24:49Z,19.59,EUR,stocks
TXN00004288,USR000589,2025-01-24T12:00:07Z,64.27,RON,savings
TXN00005926,USR003452,2025-01-24T15:09:13Z,17.36,EUR,card
TXN00000620,USR004614,2025-01-25T01:43:35Z,24.06,GBP,card
TXN00000080,USR001166,2025-01-25T19:54:55Z,24.21,GBP,card
TXN00006520,USR004788,2025-01-26T04:45:16Z,28.29,EUR,card
TXN00006647,USR000574,2025-01-26T05:45:09Z,36.29,NOK,card
TXN00001589,USR002529,2025-01-26T16:18:33Z,38.29,EUR,stocks
TXN00005813,USR000396,2025-01-26T20:29:16Z,53.10,EUR,card
TXN00003555,USR001957,2025-01-26T20:55:06Z,1144.22,GBP,savings
TXN00000997,USR000898,2025-01-27T02:30:38Z,78.94,EUR,crypto
TXN00002717,USR002940,2025-01-27T05:25:47Z,73.24,EUR,FX
TXN00008005,USR001547,2025-01-27T16:08:34Z,12.94,RON,card
TXN00002102,USR003319,2025-01-27T17:33:01Z,142.25,GBP,card
TXN00000169,USR000683,2025-01-27T22:01:56Z,302.48,EUR,stocks
TXN00007437,USR002344,2025-01-27T23:06:44Z,12.53,GBP,card
TXN00004153,USR002403,2025-01-28T01:10:53Z,916.02,EUR,savings
TXN00004938,USR000967,2025-01-28T07:48:14Z,24.15,USD,card
TXN00002379,USR001725,2025-01-28T12:37:00Z,553.26,EUR,savings
TXN00000639,USR004599,2025-01-28T14:53:52Z,62.51,EUR,card
TXN00003195,USR001743,2025-01-29T04:25:13Z,21.37,EUR,card
TXN00004191,USR002391,2025-01-29T16:13:35Z,12.41,EUR,card
TXN00006227,USR001122,2025-01-30T01:05:22Z,395.24,SEK,FX
TXN00007948,USR004424,2025-01-30T03:32:46Z,240.46,EUR,stocks
TXN00002103,USR002814,2025-01-30T17:31:09Z,13.85,PLN,card
TXN00000111,USR002375,2025-01-30T18:49:35Z,83.96,PLN,card
TXN00002091,USR001422,2025-01-30T20:46:33Z,30.92,EUR,crypto
TXN00004964,USR002893,2025-01-30T22:48:33Z,26.18,EUR,card
TXN00002913,USR004519,2025-01-30T23:34:25Z,666.74,RON,FX
TXN00001387,USR004810,2025-01-31T01:19:46Z,29.71,GBP,card
TXN00002662,USR001849,2025-01-31T01:31:18Z,15.75,CAD,card
TXN00007261,USR004058,2025-01-31T04:54:03Z,10.28,NOK,card
TXN00007206,USR004387,2025-01-31T05:07:54Z,16.48,GBP,card
TXN00001500,USR002952,2025-01-31T05:47:54Z,100.91,EUR,FX
TXN00007014,USR002816,2025-01-31T09:28:31Z,11.07,GBP,card
TXN00004550,USR001569,2025-01-31T18:29:51Z,10.34,GBP,card
TXN00006575,USR001291,2025-01-31T22:41:34Z,38.27,EUR,card
TXN00002876,USR000193,2025-02-01T00:04:04Z,13.37,CHF,card
TXN00001820,USR002348,2025-02-01T03:10:59Z,42.33,GBP,card
TXN00001945,USR002728,2025-02-01T03:58:53Z,36.24,GBP,card
TXN00005114,USR003109,2025-02-01T04:48:47Z,235.79,GBP,FX
TXN00003371,USR000979,2025-02-01T05:43:40Z,80.65,GBP,savings
TXN00005182,USR003677,2025-02-01T14:54:09Z,272.17,PLN,savings
TXN00005883,USR002233,2025-02-01T19:02:54Z,26.77,CHF,card
TXN00008829,USR002506,2025-02-02T04:02:34Z,17.93,EUR,card
TXN00008882,USR003802,2025-02-02T08:30:26Z,289.35,EUR,card
TXN00005638,USR003557,2025-02-02T08:43:03Z,174.84,PLN,crypto
TXN00000411,USR004534,2025-02-02T09:13:00Z,148.93,GBP,card
TXN00007176,USR001024,2025-02-02T14:53:00Z,91.49,RON,FX
TXN00001236,USR000919,2025-02-02T17:23:16Z,52.83,EUR,card
TXN00006554,USR001858,2025-02-02T20:25:33Z,157.11,RON,savings
TXN00008741,USR003621,2025-02-02T21:26:59Z,471.31,PLN,crypto
TXN00005592,USR000436,2025-02-03T15:56:54Z,195.56,SEK,savings
TXN00008857,USR004982,2025-02-03T18:26:27Z,251.36,EUR,stocks
TXN00003301,USR001567,2025-02-03T22:48:29Z,22.00,EUR,card
TXN00002775,USR000360,2025-02-04T02:55:58Z,213.67,RON,card
TXN00003930,USR002426,2025-02-04T21:49:50Z,48.59,EUR,card
TXN00007824,USR003931,2025-02-05T00:55:13Z,1512.75,RON,savings
TXN00007538,USR000402,2025-02-05T09:49:01Z,419.29,EUR,FX
TXN00004243,USR003516,2025-02-05T16:15:25Z,9.72,EUR,crypto
TXN00002014,USR002951,2025-02-05T21:17:20Z,89.68,EUR,crypto
TXN00001484,USR004109,2025-02-05T22:33:20Z,7.35,GBP,card
TXN00001770,USR000694,2025-02-06T02:40:25Z,189.19,EUR,stocks
TXN00003321,USR000731,2025-02-06T02:59:00Z,196.71,EUR,crypto
TXN00001745,USR004015,2025-02-06T03:59:20Z,15.31,RON,card
TXN00002946,USR003325,2025-02-06T09:21:30Z,49.10,SEK,card
TXN00008821,USR003470,2025-02-06T11:29:17Z,20.92,EUR,card
TXN00007178,USR001063,2025-02-06T11:34:21Z,107.50,GBP,stocks
TXN00008973,USR003636,2025-02-07T01:25:32Z,21.24,GBP,card
TXN00007222,USR003884,2025-02-07T08:37:24Z,106.91,USD,stocks
TXN00003784,USR002174,2025-02-07T10:53:49Z,9.06,EUR,card
TXN00001358,USR003051,2025-02-07T12:46:21Z,15.43,GBP,card
TXN00000419,USR002566,2025-02-07T15:58:51Z,183.88,GBP,FX
TXN00001688,USR000366,2025-02-07T17:11:16Z,426.72,CHF,savings
TXN00001313,USR000650,2025-02-08T03:32:49Z,10.36,EUR,card
TXN00006583,USR002482,2025-02-08T04:11:12Z,400.31,EUR,FX
TXN00002797,USR002042,2025-02-08T04:59:59Z,361.28,EUR,savings
TXN00000738,USR003839,2025-02-08T06:44:49Z,29.87,EUR,card
TXN00000467,USR004217,2025-02-08T08:51:12Z,57.02,EUR,card
TXN00008457,USR000456,2025-02-08T13:13:07Z,13.28,EUR,card
TXN00002831,USR004502,2025-02-08T19:14:36Z,158.09,GBP,crypto
TXN00008687,USR003742,2025-02-08T23:06:51Z,48.90,PLN,card
TXN00003310,USR003129,2025-02-09T12:07:40Z,850.01,GBP,savings
TXN00002291,USR002860,2025-02-09T14:35:23Z,14.73,GBP,card
TXN00007786,USR004167,2025-02-09T20:48:32Z,15.24,EUR,card
TXN00008017,USR002813,2025-02-09T23:32:05Z,114.90,NOK,savings
TXN00006595,USR004974,2025-02-10T00:43:45Z,9.36,EUR,card
TXN00007958,USR002842,2025-02-10T02:26:13Z,41.46,EUR,card
TXN00003431,USR004078,2025-02-10T02:28:58Z,240.29,EUR,crypto
TXN00006778,USR003478,2025-02-10T08:36:28Z,37.21,GBP,card
TXN00003358,USR002184,2025-02-10T13:35:53Z,31.39,EUR,card
TXN00000199,USR001147,2025-02-10T14:25:13Z,321.70,EUR,FX
TXN00000331,USR000435,2025-02-10T21:14:29Z,243.70,RON,savings
TXN00001871,USR003231,2025-02-10T21:52:41Z,18.72,CHF,card
TXN00006341,USR003426,2025-02-10T22:53:23Z,9.46,EUR,card
TXN00005700,USR003786,2025-02-11T15:35:03Z,41.43,USD,card
TXN00003183,USR001039,2025-02-11T20:27:24Z,343.71,EUR,stocks
TXN00004942,USR001162,2025-02-11T23:46:40Z,14.09,GBP,card
TXN00001837,USR004663,2025-02-12T00:25:29Z,290.85,PLN,FX
TXN00006482,USR000625,2025-02-12T07:16:09Z,6.70,EUR,card
TXN00004968,USR004329,2025-02-12T12:46:05Z,187.67,GBP,FX
TXN00005441,USR002243,2025-02-12T12:54:47Z,48.45,EUR,card
TXN00006980,USR003160,2025-02-12T13:33:36Z,21.91,EUR,card
TXN00001490,USR003678,2025-02-12T16:18:05Z,66.61,CAD,card
TXN00002480,USR003053,2025-02-12T21:42:50Z,76.51,EUR,card
TXN00004518,USR002044,2025-02-13T04:22:42Z,52.86,SEK,card
TXN00001011,USR003777,2025-02-13T06:15:03Z,19.73,GBP,crypto
TXN00008218,USR004403,2025-02-13T07:35:57Z,44.48,EUR,card
TXN00004944,USR000351,2025-02-13T15:47:05Z,87.32,PLN,card
TXN00004986,USR001411,2025-02-13T19:33:06Z,300.25,JPY,savings
TXN00004087,USR004997,2025-02-13T23:46:40Z,169.50,EUR,card
TXN00000376,USR002626,2025-02-14T03:18:00Z,367.30,GBP,stocks
TXN00004781,USR001481,2025-02-14T20:59:22Z,25.31,RON,card
TXN00000251,USR001947,2025-02-14T23:00:05Z,1439.62,EUR,savings
TXN00006236,USR004689,2025-02-15T00:55:45Z,40.82,EUR,card
TXN00000654,USR002935,2025-02-15T18:53:38Z,177.19,EUR,stocks
TXN00008546,USR000983,2025-02-15T19:54:46Z,19.40,GBP,card
TXN00006091,USR002706,2025-02-15T21:58:50Z,8.76,EUR,card
TXN00006984,USR003783,2025-02-16T00:41:19Z,34.42,SEK,card
TXN00003453,USR000310,2025-02-16T09:26:04Z,23.16,GBP,card
TXN00006323,USR004501,2025-02-16T11:29:02Z,500.59,EUR,FX
TXN00004256,USR002671,2025-02-16T20:37:17Z,3.18,GBP,card
TXN00006363,USR002688,2025-02-17T02:37:39Z,17.81,EUR,card
TXN00002632,USR003664,2025-02-17T03:25:56Z,15.29,PLN,card
TXN00002788,USR004817,2025-02-17T04:58:22Z,49.02,GBP,card
TXN00004216,USR003732,2025-02-17T05:22:21Z,74.48,EUR,card
TXN00008373,USR002601,2025-02-17T07:57:41Z,42.84,EUR,card
TXN00003406,USR003710,2025-02-17T22:33:58Z,199.80,EUR,savings
TXN00008010,USR002014,2025-02-18T04:35:30Z,37.38,RON,card
TXN00002885,USR002150,2025-02-18T05:01:20Z,242.12,GBP,savings
TXN00002325,USR000515,2025-02-18T10:14:09Z,246.12,EUR,FX
TXN00007792,USR003460,2025-02-18T10:40:44Z,7.57,GBP,card
TXN00000835,USR001701,2025-02-18T12:13:28Z,39.46,EUR,crypto
TXN00007501,USR004883,2025-02-18T21:00:40Z,18.92,GBP,card
TXN00004572,USR004039,2025-02-18T22:29:25Z,45.35,GBP,card
TXN00000605,USR000634,2025-02-19T04:01:20Z,328.60,GBP,savings
TXN00005300,USR000147,2025-02-19T05:09:04Z,254.18,EUR,crypto
TXN00004070,USR002848,2025-02-20T01:25:40Z,7.87,GBP,card
TXN00000348,USR003193,2025-02-20T06:58:45Z,212.20,EUR,savings
TXN00005247,USR001054,2025-02-20T12:26:39Z,82.20,CHF,stocks
TXN00004534,USR004514,2025-02-20T13:31:52Z,12.97,EUR,card
TXN00006337,USR000210,2025-02-20T14:33:52Z,2423.94,EUR,savings
TXN00002627,USR001467,2025-02-21T05:54:28Z,532.21,PLN,stocks
TXN00005319,USR003741,2025-02-21T08:01:33Z,18.89,GBP,card
TXN00003069,USR002658,2025-02-21T09:58:27Z,3.00,GBP,card
TXN00005390,USR002816,2025-02-21T11:18:01Z,711.06,PLN,crypto
TXN00004176,USR000332,2025-02-21T15:36:23Z,946.06,NOK,stocks
TXN00005087,USR004663,2025-02-22T02:36:56Z,10.76,PLN,card
TXN00005839,USR002797,2025-02-22T15:03:12Z,347.94,NOK,savings
TXN00004443,USR002862,2025-02-22T21:40:38Z,146.51,GBP,stocks
TXN00000235,USR002040,2025-02-23T04:05:53Z,121.96,PLN,stocks
TXN00005958,USR004801,2025-02-23T05:50:40Z,31.56,SEK,card
TXN00005761,USR002441,2025-02-23T05:56:56Z,637.99,GBP,FX
TXN00008602,USR001708,2025-02-23T10:12:58Z,23.26,GBP,card
TXN00005817,USR000330,2025-02-23T10:52:54Z,10.55,CHF,card
TXN00001518,USR000591,2025-02-23T13:49:35Z,43.43,GBP,card
TXN00002901,USR001130,2025-02-23T17:11:33Z,21.81,EUR,card
TXN00001373,USR000061,2025-02-24T02:37:30Z,355.76,GBP,stocks
TXN00005964,USR003883,2025-02-24T08:52:58Z,99.88,GBP,stocks
TXN00008381,USR004820,2025-02-24T10:27:14Z,33.75,USD,card
TXN00005076,USR004149,2025-02-24T15:28:56Z,53.18,EUR,card
TXN00000493,USR000048,2025-02-24T20:41:20Z,59.64,EUR,crypto
TXN00006534,USR002064,2025-02-24T20:47:22Z,36.75,PLN,card
TXN00007385,USR002629,2025-02-24T21:24:19Z,2714.26,GBP,savings
TXN00005225,USR001932,2025-02-24T22:20:22Z,33.99,NOK,card
TXN00003070,USR002647,2025-02-25T02:48:59Z,13.25,EUR,card
TXN00005057,USR000550,2025-02-25T06:32:27Z,7.89,SEK,card
TXN00000103,USR001375,2025-02-25T07:29:32Z,27.43,PLN,card
TXN00000684,USR000021,2025-02-25T08:42:05Z,28.47,GBP,card
TXN00003523,USR002860,2025-02-25T10:39:59Z,279.96,CAD,savings
TXN00001375,USR004596,2025-02-25T12:55:11Z,316.65,CHF,FX
TXN00005373,USR001438,2025-02-25T14:30:35Z,76.86,SEK,crypto
TXN00004899,USR002328,2025-02-26T03:38:15Z,170.77,EUR,FX
TXN00006344,USR001572,2025-02-26T09:01:51Z,172.20,EUR,FX
TXN00002772,USR004022,2025-02-26T11:12:30Z,19.02,NOK,card
TXN00002430,USR004192,2025-02-26T14:22:17Z,223.85,GBP,FX
TXN00000522,USR000719,2025-02-26T17:41:12Z,160.88,EUR,savings
TXN00003612,USR000047,2025-02-26T22:28:12Z,5.13,EUR,card
TXN00001934,USR003462,2025-02-27T04:05:11Z,56.44,GBP,crypto
TXN00008953,USR003933,2025-02-27T06:02:30Z,7.81,PLN,card
TXN00008963,USR000979,2025-02-27T07:53:01Z,36.26,GBP,card
TXN00008739,USR002460,2025-02-27T14:09:01Z,460.94,GBP,crypto
TXN00007754,USR000127,2025-02-27T14:13:07Z,2.81,EUR,card
TXN00003009,USR004061,2025-02-28T04:15:51Z,110.07,GBP,card
TXN00004814,USR001287,2025-02-28T05:02:19Z,12.17,EUR,card
TXN00004389,USR003343,2025-02-28T07:45:28Z,65.75,GBP,card
TXN00002334,USR003839,2025-02-28T09:11:16Z,365.02,EUR,savings
TXN00004384,USR002497,2025-02-28T13:43:54Z,12.27,GBP,card
TXN00000476,USR000115,2025-02-28T17:27:04Z,186.15,EUR,card
TXN00004178,USR004013,2025-02-28T18:52:10Z,694.14,EUR,savings
TXN00005387,USR000927,2025-02-28T20:23:55Z,48.56,EUR,crypto
TXN00000248,USR001155,2025-03-01T14:42:52Z,4.05,EUR,card
TXN00001044,USR004258,2025-03-01T18:35:03Z,47.79,GBP,card
TXN00002955,USR002359,2025-03-01T20:00:54Z,124.56,CHF,FX
TXN00007951,USR002189,2025-03-01T23:34:45Z,32.23,GBP,card
TXN00007413,USR000706,2025-03-01T23:46:46Z,160.08,RON,stocks
TXN00007006,USR000627,2025-03-02T07:48:38Z,10.71,GBP,card
TXN00003002,USR000307,2025-03-02T08:03:10Z,323.37,EUR,stocks
TXN00004556,USR004183,2025-03-02T08:52:04Z,10.28,GBP,card
TXN00008339,USR000928,2025-03-02T21:21:08Z,55.07,GBP,card
TXN00005399,USR002609,2025-03-03T01:03:08Z,66.16,EUR,stocks
TXN00005611,USR002818,2025-03-03T09:27:31Z,13.52,PLN,card
TXN00005018,USR000438,2025-03-03T12:22:31Z,43.18,GBP,stocks
TXN00004941,USR002288,2025-03-03T12:28:24Z,971.72,GBP,FX
TXN00001840,USR002792,2025-03-03T19:08:27Z,15.81,GBP,card
TXN00007365,USR002833,2025-03-03T21:06:37Z,358.68,EUR,stocks
TXN00006857,USR002067,2025-03-03T21:51:43Z,299.13,EUR,savings
TXN00002862,USR004283,2025-03-04T00:08:51Z,328.44,SEK,FX
TXN00000020,USR003598,2025-03-04T02:21:53Z,444.51,EUR,savings
TXN00000262,USR004412,2025-03-04T03:53:19Z,92.08,EUR,savings
TXN00001391,USR002328,2025-03-04T13:41:34Z,132.77,EUR,card
TXN00005648,USR004886,2025-03-04T14:45:10Z,283.57,EUR,stocks
TXN00007567,USR003037,2025-03-04T16:07:36Z,347.59,EUR,crypto
TXN00005345,USR004693,2025-03-05T00:43:46Z,367.50,EUR,crypto
TXN00005196,USR002271,2025-03-05T00:44:07Z,305.86,EUR,savings
TXN00005876,USR001614,2025-03-05T02:51:06Z,206.93,EUR,FX
TXN00003342,USR000387,2025-03-05T05:33:50Z,25.57,RON,card
TXN00004625,USR002774,2025-03-05T15:44:10Z,18.88,EUR,card
TXN00008906,USR002871,2025-03-06T09:27:47Z,111.73,EUR,card
TXN00001839,USR004055,2025-03-06T15:50:51Z,67.19,RON,crypto
TXN00007092,USR000134,2025-03-06T16:18:36Z,182.22,GBP,FX
TXN00007525,USR001842,2025-03-06T19:49:02Z,7.12,EUR,card
TXN00005666,USR003458,2025-03-06T20:54:43Z,14.28,EUR,card
TXN00008391,USR004078,2025-03-07T00:24:51Z,62.80,EUR,stocks
TXN00004069,USR004721,2025-03-07T01:12:59Z,165.73,PLN,FX
TXN00002113,USR001912,2025-03-07T01:23:01Z,429.37,EUR,FX
TXN00001944,USR004198,2025-03-07T04:26:03Z,251.86,EUR,stocks
TXN00002263,USR000591,2025-03-07T06:40:14Z,406.61,PLN,stocks
TXN00002423,USR002420,2025-03-07T21:26:07Z,209.23,GBP,stocks
TXN00004975,USR004392,2025-03-08T05:44:07Z,241.80,GBP,savings
TXN00004612,USR003524,2025-03-08T11:18:36Z,26.94,EUR,card
TXN00004674,USR003457,2025-03-08T13:00:21Z,38.16,EUR,card
TXN00000637,USR004021,2025-03-08T21:58:52Z,79.65,GBP,card
TXN00006941,USR002614,2025-03-09T06:49:25Z,101.37,EUR,card
TXN00001172,USR001964,2025-03-09T07:12:09Z,122.38,EUR,crypto
TXN00002691,USR001101,2025-03-09T09:35:37Z,107.32,EUR,savings
TXN00003650,USR003425,2025-03-09T12:01:07Z,141.73,GBP,stocks
TXN00001336,USR003052,2025-03-09T13:36:28Z,22.31,NOK,crypto
TXN00002250,USR002442,2025-03-09T15:10:58Z,14.62,GBP,card
TXN00005279,USR001351,2025-03-10T00:54:51Z,367.02,EUR,FX
TXN00005977,USR003236,2025-03-10T02:41:07Z,65.19,EUR,FX
TXN00002820,USR004628,2025-03-10T11:20:43Z,32.69,EUR,card
TXN00005913,USR004574,2025-03-10T13:53:54Z,8.21,PLN,card
TXN00005287,USR001114,2025-03-10T16:28:37Z,188.69,RON,savings
TXN00005530,USR002903,2025-03-10T17:10:43Z,199.03,EUR,FX
TXN00005756,USR002865,2025-03-10T17:13:54Z,124.01,EUR,FX
TXN00001275,USR002595,2025-03-10T18:00:25Z,1132.84,GBP,stocks
TXN00004840,USR001746,2025-03-10T19:30:38Z,12.31,EUR,card
TXN00004141,USR000041,2025-03-10T21:20:17Z,16.62,EUR,card
TXN00008944,USR004534,2025-03-11T07:45:30Z,15.77,GBP,card
TXN00006881,USR000163,2025-03-11T12:35:57Z,22.15,GBP,card
TXN00008923,USR002043,2025-03-11T17:54:22Z,85.03,PLN,card
TXN00000448,USR001080,2025-03-11T19:08:57Z,49.10,GBP,card
TXN00004685,USR002786,2025-03-11T21:15:53Z,133.36,GBP,stocks
TXN00006950,USR001257,2025-03-11T21:28:17Z,301.91,GBP,savings
TXN00002710,USR002828,2025-03-12T02:09:29Z,195.32,EUR,crypto
TXN00007684,USR004597,2025-03-12T08:54:43Z,14.61,CAD,card
TXN00003299,USR000027,2025-03-12T09:17:46Z,104.70,EUR,savings
TXN00002043,USR004254,2025-03-12T09:19:02Z,45.71,GBP,card
TXN00000296,USR004167,2025-03-12T15:36:08Z,59.94,EUR,card
TXN00006379,USR004807,2025-03-12T16:23:09Z,71.11,EUR,FX
TXN00002573,USR001740,2025-03-12T18:26:30Z,30.98,GBP,card
TXN00006872,USR003156,2025-03-12T18:59:36Z,34.15,EUR,stocks
TXN00005217,USR004127,2025-03-12T21:40:36Z,106.92,GBP,FX
TXN00002953,USR003418,2025-03-13T04:17:29Z,67.28,EUR,crypto
TXN00002306,USR001858,2025-03-13T06:49:33Z,41.81,JPY,card
TXN00007588,USR000408,2025-03-13T07:57:08Z,298.62,SEK,FX
TXN00000524,USR002739,2025-03-13T19:33:05Z,354.37,PLN,crypto
TXN00005385,USR004840,2025-03-14T07:09:50Z,2264.43,EUR,savings
TXN00001828,USR004081,2025-03-14T09:15:17Z,14.71,EUR,card
TXN00008525,USR000200,2025-03-14T09:45:42Z,9.41,EUR,card
TXN00008526,USR001516,2025-03-14T11:43:16Z,86.03,GBP,card
TXN00004355,USR004016,2025-03-14T17:15:20Z,56.90,EUR,card
TXN00007182,USR004367,2025-03-14T18:37:18Z,446.68,NOK,savings
TXN00008394,USR000391,2025-03-14T20:21:59Z,9.80,GBP,card
TXN00001050,USR004057,2025-03-15T02:32:06Z,398.35,GBP,FX
TXN00008823,USR002553,2025-03-15T07:34:54Z,21.96,EUR,card
TXN00007414,USR000039,2025-03-15T20:05:23Z,29.28,PLN,card
TXN00000341,USR004568,2025-03-16T03:42:48Z,144.32,GBP,FX
TXN00002459,USR002082,2025-03-16T04:07:48Z,24.45,EUR,card
TXN00004953,USR003894,2025-03-16T13:23:25Z,158.60,EUR,savings
TXN00001939,USR000507,2025-03-16T14:10:52Z,7.83,EUR,card
TXN00005715,USR004415,2025-03-16T17:04:41Z,116.23,EUR,FX
TXN00000667,USR003899,2025-03-16T18:22:07Z,9.32,PLN,card
TXN00005463,USR002214,2025-03-16T23:20:48Z,139.20,EUR,savings
TXN00001592,USR001014,2025-03-17T09:38:36Z,235.17,EUR,crypto
TXN00005607,USR002723,2025-03-17T13:39:03Z,365.46,GBP,savings
TXN00006605,USR001923,2025-03-17T14:20:54Z,96.57,GBP,card
TXN00006596,USR002019,2025-03-17T14:30:04Z,10.15,EUR,card
TXN00002108,USR001034,2025-03-17T18:43:53Z,16.65,EUR,card
TXN00008605,USR000416,2025-03-17T22:44:11Z,33.12,EUR,card
TXN00007664,USR001815,2025-03-18T06:30:13Z,3.50,EUR,card
TXN00007358,USR003180,2025-03-18T10:26:06Z,232.17,EUR,FX
TXN00000314,USR003557,2025-03-18T13:14:13Z,35.27,PLN,card
TXN00001204,USR002381,2025-03-18T13:33:46Z,20.74,EUR,card
TXN00000095,USR001275,2025-03-18T13:50:14Z,68.16,CHF,card
TXN00001349,USR002707,2025-03-18T16:12:08Z,89.36,EUR,savings
TXN00000531,USR002850,2025-03-19T01:55:50Z,95.51,PLN,card
TXN00008265,USR004021,2025-03-19T03:10:00Z,18.18,PLN,card
TXN00007120,USR003052,2025-03-19T06:15:43Z,56.18,EUR,card
TXN00005355,USR000502,2025-03-19T07:41:49Z,122.93,EUR,crypto
TXN00008135,USR000701,2025-03-19T11:47:06Z,14.72,PLN,card
TXN00000745,USR004748,2025-03-19T14:48:29Z,32.62,EUR,card
TXN00000234,USR004872,2025-03-19T15:38:40Z,20.96,EUR,card
TXN00001868,USR004495,2025-03-19T17:49:05Z,13.20,EUR,card
TXN00001126,USR004331,2025-03-19T19:11:51Z,24.59,EUR,card
TXN00000238,USR004306,2025-03-19T22:10:56Z,97.00,EUR,card
TXN00007572,USR002619,2025-03-19T23:44:50Z,9.70,EUR,card
TXN00008104,USR004694,2025-03-20T06:06:33Z,18.45,EUR,card
TXN00000480,USR001957,2025-03-20T12:52:54Z,30.88,GBP,card
TXN00002544,USR002647,2025-03-20T13:59:37Z,185.48,EUR,savings
TXN00007618,USR000877,2025-03-20T15:34:02Z,275.29,GBP,stocks
TXN00004342,USR001522,2025-03-20T18:03:55Z,22.23,EUR,card
TXN00001459,USR002971,2025-03-20T19:55:13Z,85.38,GBP,stocks
TXN00000424,USR001611,2025-03-21T00:53:44Z,13.55,EUR,card
TXN00005048,USR002386,2025-03-21T02:35:31Z,74.56,PLN,savings
TXN00004703,USR004418,2025-03-21T04:10:30Z,741.64,EUR,card
TXN00003270,USR002810,2025-03-21T08:06:15Z,14.64,EUR,card
TXN00007631,USR004825,2025-03-21T09:02:09Z,142.84,PLN,card
TXN00000264,USR002458,2025-03-21T17:06:05Z,17.70,EUR,card
TXN00002687,USR001645,2025-03-21T19:24:28Z,34.37,EUR,FX
TXN00004509,USR004408,2025-03-21T21:16:55Z,589.42,GBP,savings
TXN00007313,USR000509,2025-03-22T04:06:45Z,7.90,PLN,card
TXN00005381,USR004932,2025-03-22T04:49:16Z,67.78,EUR,card
TXN00001980,USR004249,2025-03-22T09:11:15Z,17.37,EUR,card
TXN00004357,USR004932,2025-03-22T09:40:42Z,207.87,EUR,FX
TXN00003693,USR000928,2025-03-22T10:05:06Z,592.92,GBP,savings
TXN00000856,USR003671,2025-03-22T10:15:07Z,12.43,EUR,card
TXN00004876,USR003555,2025-03-22T10:31:11Z,67.76,GBP,crypto
TXN00002733,USR002746,2025-03-22T21:20:11Z,90.74,EUR,card
TXN00002477,USR000748,2025-03-23T00:27:40Z,58.49,EUR,FX
TXN00008530,USR004725,2025-03-23T04:10:15Z,143.13,CHF,crypto
TXN00003866,USR001490,2025-03-23T05:38:09Z,25.49,CHF,card
TXN00003102,USR001126,2025-03-23T06:35:29Z,198.51,GBP,card
TXN00003822,USR000886,2025-03-23T07:15:39Z,35.73,GBP,card
TXN00005907,USR001382,2025-03-23T11:16:55Z,107.36,SEK,crypto
TXN00003116,USR002440,2025-03-23T14:44:45Z,92.56,CHF,card
TXN00008897,USR002752,2025-03-23T18:23:14Z,13.18,PLN,card
TXN00003452,USR001735,2025-03-23T23:20:25Z,84.80,GBP,card
TXN00004936,USR002687,2025-03-24T01:32:25Z,21.77,EUR,card
TXN00000567,USR003383,2025-03-24T03:39:13Z,50.15,SEK,card
TXN00002590,USR004516,2025-03-24T07:23:53Z,87.70,RON,card
TXN00004873,USR003476,2025-03-24T11:13:19Z,20.71,PLN,card
TXN00006945,USR002298,2025-03-24T11:30:15Z,32.73,RON,card
TXN00003875,USR001724,2025-03-24T15:02:03Z,68.87,PLN,card
TXN00005594,USR003668,2025-03-24T16:03:26Z,36.79,GBP,card
TXN00008103,USR003715,2025-03-24T16:35:19Z,760.53,EUR,savings
TXN00002245,USR003930,2025-03-24T22:12:46Z,38.77,RON,crypto
TXN00006479,USR001761,2025-03-25T01:55:14Z,13.09,EUR,card
TXN00003645,USR002251,2025-03-25T02:31:18Z,82.24,GBP,card
TXN00001687,USR004018,2025-03-25T18:09:31Z,189.80,EUR,savings
TXN00008995,USR000992,2025-03-25T18:40:05Z,724.66,PLN,FX
TXN00004456,USR000557,2025-03-25T18:56:11Z,30.34,EUR,card
TXN00007738,USR004792,2025-03-26T11:56:15Z,9.92,GBP,card
TXN00004667,USR003134,2025-03-26T13:16:45Z,498.82,SEK,savings
TXN00002202,USR004018,2025-03-26T15:30:20Z,132.81,EUR,FX
TXN00003830,USR000640,2025-03-26T16:36:14Z,57.63,EUR,card
TXN00002989,USR002836,2025-03-26T17:04:56Z,41.26,EUR,card
TXN00006418,USR004449,2025-03-26T19:13:24Z,146.97,EUR,FX
TXN00008160,USR003535,2025-03-27T00:14:17Z,153.55,CHF,stocks
TXN00004252,USR000060,2025-03-27T00:25:06Z,11.00,PLN,card
TXN00006914,USR004279,2025-03-27T08:28:46Z,50.87,EUR,card
TXN00004640,USR000135,2025-03-27T13:01:38Z,13.43,EUR,card
TXN00008909,USR000044,2025-03-27T15:35:55Z,35.96,GBP,card
TXN00007640,USR003705,2025-03-27T17:31:51Z,9.97,GBP,card
TXN00000320,USR004020,2025-03-27T19:49:10Z,832.03,GBP,FX
TXN00000538,USR001956,2025-03-28T00:24:44Z,389.06,PLN,FX
TXN00002418,USR004596,2025-03-28T02:24:07Z,14.51,CHF,card
TXN00001789,USR003239,2025-03-28T11:00:43Z,38.26,EUR,card
TXN00001895,USR003899,2025-03-28T14:25:17Z,1227.07,PLN,savings
TXN00008743,USR002433,2025-03-28T14:28:36Z,29.91,GBP,card
TXN00005620,USR004989,2025-03-29T06:55:20Z,213.27,EUR,savings
TXN00000793,USR004108,2025-03-29T10:15:55Z,109.29,EUR,FX
TXN00005955,USR004090,2025-03-29T17:02:27Z,139.87,SEK,FX
TXN00005372,USR003946,2025-03-29T18:31:29Z,561.07,RON,savings
TXN00008321,USR002259,2025-03-30T01:58:11Z,214.98,GBP,card
TXN00007776,USR003554,2025-03-30T04:07:37Z,219.48,GBP,stocks
TXN00003454,USR001863,2025-03-30T04:34:39Z,27.51,EUR,card
TXN00007048,USR004450,2025-03-30T07:27:39Z,49.06,RON,card
TXN00003415,USR002154,2025-03-30T07:43:52Z,14.66,EUR,card
TXN00001814,USR004508,2025-03-30T13:33:30Z,40.84,EUR,card
TXN00002675,USR001669,2025-03-30T14:08:36Z,12.68,EUR,card
TXN00005802,USR004874,2025-03-30T16:18:10Z,89.79,PLN,stocks
TXN00008318,USR003052,2025-03-30T17:58:09Z,70.34,EUR,FX
TXN00004060,USR003615,2025-03-30T19:04:10Z,567.58,EUR,savings
TXN00005499,USR004798,2025-03-31T14:28:34Z,927.03,GBP,stocks
TXN00004086,USR001484,2025-03-31T15:53:22Z,31.07,GBP,card
TXN00008378,USR003328,2025-03-31T16:01:54Z,211.33,GBP,FX
TXN00008221,USR003782,2025-03-31T17:31:28Z,108.16,GBP,card
TXN00004077,USR002327,2025-03-31T19:23:14Z,60.54,EUR,crypto
TXN00001074,USR000036,2025-03-31T19:53:12Z,281.37,PLN,FX
TXN00003016,USR004149,2025-03-31T21:51:17Z,537.01,CAD,stocks
TXN00004599,USR004987,2025-04-01T13:02:15Z,25.99,USD,card
TXN00001113,USR003151,2025-04-01T14:01:40Z,9.70,EUR,card
TXN00006971,USR001202,2025-04-01T20:52:40Z,124.87,GBP,card
TXN00008405,USR000321,2025-04-02T12:03:27Z,18.64,CHF,card
TXN00001774,USR003286,2025-04-02T16:19:31Z,16.99,EUR,card
TXN00005653,USR003353,2025-04-03T01:28:37Z,7.92,EUR,card
TXN00003461,USR002826,2025-04-03T03:27:06Z,83.78,JPY,card
TXN00005174,USR001024,2025-04-03T06:35:50Z,100.29,RON,card
TXN00001973,USR001455,2025-04-03T07:28:41Z,17.03,GBP,card
TXN00002361,USR003008,2025-04-03T07:48:18Z,441.39,GBP,savings
TXN00006398,USR001629,2025-04-03T08:32:44Z,19.67,GBP,card
TXN00004608,USR004207,2025-04-03T09:20:02Z,129.81,EUR,FX
TXN00003261,USR003780,2025-04-03T16:29:14Z,131.23,EUR,crypto
TXN00000351,USR003546,2025-04-03T17:49:12Z,95.02,GBP,card
TXN00002344,USR001414,2025-04-03T18:15:36Z,35.38,EUR,card
TXN00008667,USR000552,2025-04-03T20:01:49Z,19.41,GBP,card
TXN00003841,USR001410,2025-04-03T20:32:27Z,46.94,EUR,card
TXN00002269,USR003993,2025-04-03T21:20:38Z,37.58,GBP,card
TXN00008431,USR000747,2025-04-04T02:28:12Z,58.08,RON,card
TXN00002307,USR003632,2025-04-04T02:56:54Z,611.23,PLN,savings
TXN00003106,USR003367,2025-04-04T04:16:42Z,40.73,EUR,card
TXN00007249,USR003732,2025-04-04T06:20:42Z,183.41,CAD,crypto
TXN00002301,USR001267,2025-04-04T07:50:25Z,61.49,EUR,card
TXN00008941,USR004969,2025-04-04T14:32:35Z,231.49,GBP,FX
TXN00005852,USR001497,2025-04-04T18:19:57Z,129.06,EUR,FX
TXN00000647,USR002964,2025-04-04T22:54:07Z,17.29,EUR,card
TXN00001362,USR002742,2025-04-05T02:26:51Z,73.40,EUR,card
TXN00002725,USR003019,2025-04-05T08:44:42Z,109.31,GBP,card
TXN00007789,USR002031,2025-04-05T09:33:08Z,145.66,GBP,stocks
TXN00000050,USR003412,2025-04-05T10:56:25Z,16.57,JPY,card
TXN00003512,USR000778,2025-04-05T15:20:35Z,9.06,EUR,card
TXN00003206,USR002403,2025-04-05T18:41:55Z,11.09,SEK,card
TXN00008645,USR000744,2025-04-05T18:46:14Z,10.75,EUR,card
TXN00001385,USR003015,2025-04-05T20:15:51Z,47.88,EUR,savings
TXN00004916,USR001833,2025-04-06T09:38:45Z,20.36,EUR,card
TXN00003976,USR001137,2025-04-06T17:40:08Z,399.79,JPY,savings
TXN00001903,USR004603,2025-04-06T21:46:05Z,395.36,EUR,stocks
TXN00007268,USR001970,2025-04-07T03:24:37Z,520.15,EUR,stocks
TXN00003092,USR002465,2025-04-08T01:56:04Z,47.27,EUR,card
TXN00006680,USR002042,2025-04-08T03:35:54Z,8.94,EUR,card
TXN00003825,USR001637,2025-04-08T04:04:32Z,27.62,EUR,card
TXN00001108,USR001905,2025-04-08T12:21:19Z,53.05,USD,card
TXN00000445,USR003784,2025-04-08T12:33:02Z,28.60,EUR,card
TXN00001056,USR002021,2025-04-08T16:52:01Z,8.04,EUR,card
TXN00002339,USR004974,2025-04-08T17:36:16Z,229.08,EUR,savings
TXN00000858,USR004034,2025-04-08T18:23:33Z,3.11,EUR,card
TXN00003831,USR003866,2025-04-08T18:47:43Z,109.29,GBP,crypto
TXN00006727,USR004028,2025-04-08T19:46:48Z,15.32,EUR,card
TXN00007294,USR004182,2025-04-08T21:46:40Z,86.97,EUR,card
TXN00000276,USR001722,2025-04-08T23:11:39Z,19.50,EUR,card
TXN00001083,USR004388,2025-04-09T00:20:57Z,281.95,EUR,savings
TXN00006269,USR002529,2025-04-09T00:48:23Z,-21.48,EUR,card
TXN00006118,USR003907,2025-04-09T02:32:26Z,216.42,PLN,crypto
TXN00001514,USR003150,2025-04-09T06:45:56Z,247.50,EUR,crypto
TXN00001943,USR003776,2025-04-09T15:26:51Z,126.11,EUR,savings
TXN00000233,USR002014,2025-04-09T16:15:46Z,1462.77,RON,FX
TXN00008989,USR000313,2025-04-09T19:21:55Z,281.31,PLN,FX
TXN00007523,USR000535,2025-04-09T22:06:33Z,20.13,EUR,card
TXN00003849,USR004333,2025-04-09T22:07:35Z,766.22,EUR,FX
TXN00005236,USR003563,2025-04-10T08:35:17Z,-24.23,JPY,card
TXN00002127,USR001461,2025-04-10T10:11:31Z,53.54,PLN,stocks
TXN00003306,USR003585,2025-04-10T10:14:18Z,-26.60,GBP,card
TXN00003547,USR004320,2025-04-10T13:29:26Z,21.15,GBP,card
TXN00006420,USR000192,2025-04-10T17:21:41Z,36.36,PLN,card
TXN00005788,USR002983,2025-04-11T00:38:49Z,9.79,PLN,card
TXN00005136,USR003393,2025-04-11T09:09:59Z,416.76,RON,FX
TXN00006417,USR002034,2025-04-11T19:58:19Z,31.35,PLN,card
TXN00003711,USR000041,2025-04-11T20:11:11Z,5120.83,EUR,savings
TXN00005261,USR000815,2025-04-11T21:45:35Z,172.78,EUR,crypto
TXN00005613,USR000232,2025-04-12T11:02:39Z,28.70,GBP,card
TXN00004879,USR002991,2025-04-12T15:42:04Z,92.01,GBP,FX
TXN00007716,USR003732,2025-04-12T17:00:21Z,378.16,USD,savings
TXN00003548,USR004359,2025-04-13T00:35:11Z,48.74,EUR,card
TXN00002492,USR000897,2025-04-13T07:32:50Z,1698.69,GBP,crypto
TXN00003109,USR003765,2025-04-13T11:38:42Z,47.10,JPY,card
TXN00004712,USR002030,2025-04-13T13:33:49Z,3.24,PLN,card
TXN00007213,USR004477,2025-04-13T18:31:49Z,37.95,GBP,card
TXN00002048,USR003279,2025-04-13T19:20:32Z,6.11,EUR,card
TXN00004566,USR003474,2025-04-13T22:46:05Z,18.24,EUR,card
TXN00007017,USR003634,2025-04-14T01:09:22Z,54.74,EUR,card
TXN00005904,USR003721,2025-04-14T04:57:09Z,33.40,EUR,card
TXN00007021,USR001028,2025-04-14T06:42:17Z,22.21,RON,card
TXN00008512,USR000411,2025-04-14T07:08:25Z,40.13,EUR,card
TXN00007031,USR003840,2025-04-14T07:52:28Z,82.97,EUR,crypto
TXN00006105,USR000884,2025-04-14T20:07:51Z,96.89,GBP,card
TXN00003536,USR000481,2025-04-14T21:22:09Z,291.38,EUR,savings
TXN00004183,USR004504,2025-04-14T21:58:36Z,105.63,GBP,crypto
TXN00002172,USR003046,2025-04-15T08:28:27Z,6.94,CHF,card
TXN00006325,USR004766,2025-04-15T09:56:19Z,15.35,GBP,card
TXN00007212,USR000716,2025-04-15T20:08:33Z,109.88,EUR,crypto
TXN00006263,USR001294,2025-04-15T20:10:07Z,10.07,GBP,card
TXN00004543,USR002292,2025-04-16T06:49:58Z,29.11,RON,card
TXN00007087,USR004063,2025-04-16T06:55:56Z,10.49,GBP,card
TXN00002305,USR002217,2025-04-16T07:56:39Z,11.00,PLN,card
TXN00005636,USR001275,2025-04-16T09:34:03Z,18.79,RON,card
TXN00007528,USR003329,2025-04-16T14:51:22Z,30.61,GBP,card
TXN00002373,USR003129,2025-04-16T17:25:56Z,23.69,GBP,card
TXN00003438,USR000806,2025-04-16T19:07:08Z,28.48,EUR,stocks
TXN00004797,USR002147,2025-04-17T02:47:50Z,14.80,SEK,card
TXN00004381,USR001408,2025-04-17T06:15:13Z,90.81,PLN,crypto
TXN00004113,USR004322,2025-04-17T09:19:18Z,71.60,SEK,card
TXN00007892,USR003467,2025-04-17T11:25:20Z,143.16,EUR,stocks
TXN00002331,USR001330,2025-04-17T12:37:32Z,25.22,PLN,card
TXN00000860,USR002563,2025-04-17T14:06:14Z,44.73,EUR,card
TXN00008500,USR003237,2025-04-17T16:43:02Z,10.05,CHF,card
TXN00005140,USR002844,2025-04-17T20:58:20Z,264.23,EUR,crypto
TXN00008836,USR003932,2025-04-18T01:58:24Z,20.97,RON,card
TXN00004850,USR002203,2025-04-18T04:30:07Z,590.50,JPY,FX
TXN00008867,USR000374,2025-04-18T07:59:23Z,44.75,RON,card
TXN00007003,USR004805,2025-04-18T08:59:11Z,35.90,EUR,card
TXN00002771,USR003466,2025-04-18T09:31:03Z,5.48,EUR,card
TXN00002027,USR003937,2025-04-18T11:07:31Z,25.74,EUR,card
TXN00004274,USR001607,2025-04-18T13:23:28Z,7.55,RON,card
TXN00004958,USR002742,2025-04-18T22:54:20Z,24.32,EUR,card
TXN00008189,USR001178,2025-04-19T03:50:07Z,15.93,NOK,card
TXN00003081,USR001976,2025-04-19T03:50:31Z,550.38,EUR,savings
TXN00005068,USR003524,2025-04-19T04:17:56Z,-21.15,EUR,card
TXN00007655,USR004701,2025-04-19T05:48:30Z,45.41,PLN,card
TXN00007429,USR003973,2025-04-19T07:53:40Z,245.67,NOK,savings
TXN00005248,USR001411,2025-04-19T10:30:37Z,146.40,GBP,stocks
TXN00004210,USR001862,2025-04-19T11:50:15Z,53.62,EUR,crypto
TXN00003029,USR004586,2025-04-19T12:34:21Z,27.59,EUR,card
TXN00006233,USR002797,2025-04-19T18:49:24Z,-23.83,NOK,card
TXN00005777,USR000997,2025-04-19T19:18:04Z,17.20,GBP,card
TXN00006978,USR004732,2025-04-19T22:18:50Z,9.64,EUR,card
TXN00002804,USR002135,2025-04-20T04:52:07Z,44.60,EUR,card
TXN00002295,USR003367,2025-04-20T05:07:03Z,1855.32,EUR,crypto
TXN00002835,USR003037,2025-04-20T09:54:20Z,41.28,EUR,card
TXN00008767,USR003421,2025-04-20T13:12:42Z,135.53,EUR,card
TXN00001504,USR001720,2025-04-20T15:57:12Z,27.73,EUR,card
TXN00007355,USR000458,2025-04-20T16:04:44Z,39.74,EUR,stocks
TXN00001985,USR000545,2025-04-20T21:54:16Z,54.04,EUR,FX
TXN00002541,USR004464,2025-04-21T15:19:06Z,68.51,RON,crypto
TXN00008165,USR000400,2025-04-21T16:50:03Z,40.25,EUR,crypto
TXN00006820,USR002736,2025-04-21T17:29:05Z,11.69,CHF,card
TXN00007286,USR002072,2025-04-21T19:08:30Z,65.65,GBP,FX
TXN00002939,USR003518,2025-04-22T01:33:55Z,8.58,EUR,card
TXN00008081,USR001528,2025-04-22T02:30:07Z,28.52,GBP,card
TXN00005183,USR002239,2025-04-22T04:21:23Z,28.60,EUR,card
TXN00000791,USR000280,2025-04-22T07:07:55Z,5.17,CHF,card
TXN00006893,USR003202,2025-04-22T11:16:56Z,15.41,GBP,card
TXN00007226,USR001344,2025-04-22T12:04:02Z,33.40,PLN,card
TXN00000068,USR000263,2025-04-22T14:40:48Z,375.63,EUR,FX
TXN00004267,USR000080,2025-04-22T17:50:04Z,564.79,EUR,FX
TXN00005259,USR003783,2025-04-22T23:40:11Z,15.29,EUR,card
TXN00007737,USR002541,2025-04-23T00:07:14Z,25.00,EUR,card
TXN00007535,USR000702,2025-04-23T00:38:28Z,49.00,EUR,crypto
TXN00007670,USR003978,2025-04-23T12:18:57Z,648.98,EUR,stocks
TXN00003166,USR000756,2025-04-23T12:44:43Z,90.83,EUR,crypto
TXN00000390,USR002842,2025-04-23T16:05:42Z,15.24,EUR,card
TXN00001743,USR003443,2025-04-23T16:23:16Z,1291.37,EUR,stocks
TXN00003676,USR004551,2025-04-23T17:00:34Z,91.13,GBP,crypto
TXN00006577,USR000442,2025-04-23T21:19:58Z,15.05,EUR,card
TXN00002114,USR001204,2025-04-24T00:35:43Z,53.16,RON,card
TXN00004836,USR004386,2025-04-24T04:10:59Z,102.12,SEK,savings
TXN00003696,USR000095,2025-04-24T05:45:02Z,17.24,EUR,card
TXN00001617,USR000313,2025-04-24T07:17:41Z,45.05,GBP,card
TXN00002025,USR000839,2025-04-24T08:31:37Z,186.27,EUR,stocks
TXN00005135,USR001549,2025-04-24T11:09:39Z,15.81,EUR,card
TXN00004871,USR002844,2025-04-24T13:07:17Z,30.49,EUR,card
TXN00006656,USR004036,2025-04-24T21:12:40Z,163.37,JPY,card
TXN00002765,USR002424,2025-04-25T06:54:20Z,-22.52,PLN,card
TXN00003185,USR004449,2025-04-25T08:36:27Z,106.99,EUR,FX
TXN00008808,USR002687,2025-04-25T08:50:51Z,161.40,EUR,crypto
TXN00001363,USR002500,2025-04-25T09:43:41Z,39.43,EUR,card
TXN00008157,USR000652,2025-04-25T12:15:57Z,69.55,SEK,card
TXN00004911,USR000998,2025-04-25T13:33:42Z,11.70,GBP,card
TXN00001896,USR001156,2025-04-25T18:40:53Z,219.25,GBP,card
TXN00005131,USR002956,2025-04-25T18:48:20Z,337.31,GBP,savings
TXN00007916,USR000725,2025-04-25T19:42:35Z,11.10,NOK,card
TXN00006190,USR003854,2025-04-25T20:10:33Z,30.97,RON,card
TXN00000019,USR000392,2025-04-25T20:46:25Z,52.03,EUR,card
TXN00000152,USR000594,2025-04-26T07:08:05Z,80.43,NOK,stocks
TXN00006657,USR003365,2025-04-26T09:19:43Z,214.83,PLN,FX
TXN00001547,USR000319,2025-04-26T15:55:03Z,127.08,GBP,stocks
TXN00007419,USR001911,2025-04-27T02:21:43Z,25.97,GBP,card
TXN00000120,USR002845,2025-04-27T04:46:20Z,26.95,GBP,card
TXN00008837,USR002913,2025-04-27T05:11:11Z,218.20,EUR,FX
TXN00005071,USR004851,2025-04-27T07:31:11Z,64.03,EUR,card
TXN00008278,USR003999,2025-04-27T07:33:01Z,576.60,EUR,savings
TXN00000537,USR004491,2025-04-27T11:07:23Z,11.73,EUR,card
TXN00001170,USR001869,2025-04-27T12:38:14Z,21.35,PLN,card
TXN00006463,USR002894,2025-04-27T20:20:13Z,53.98,EUR,card
TXN00004684,USR003765,2025-04-27T22:51:29Z,6.79,EUR,card
TXN00001612,USR003517,2025-04-28T12:17:28Z,6.13,EUR,card
TXN00000489,USR002230,2025-04-28T16:21:08Z,13.44,EUR,card
TXN00004857,USR004012,2025-04-29T00:07:50Z,15.62,PLN,card
TXN00008436,USR002899,2025-04-29T00:50:27Z,105.58,NOK,stocks
TXN00006343,USR002089,2025-04-29T01:50:06Z,306.53,GBP,crypto
TXN00008137,USR003412,2025-04-29T03:55:32Z,16.58,CAD,card
TXN00007897,USR001903,2025-04-29T04:45:12Z,281.21,EUR,FX
TXN00005462,USR003644,2025-04-29T06:10:33Z,61.24,JPY,card
TXN00007022,USR002493,2025-04-29T11:35:58Z,3.72,USD,card
TXN00005875,USR003583,2025-04-29T13:29:40Z,115.87,RON,stocks
TXN00001224,USR001073,2025-04-29T16:49:08Z,26.16,EUR,card
TXN00000917,USR001036,2025-04-29T17:27:49Z,57.99,EUR,card
TXN00000052,USR000891,2025-04-29T19:36:47Z,252.05,RON,FX
TXN00005617,USR002870,2025-04-30T04:43:47Z,31.37,GBP,card
TXN00002615,USR003539,2025-04-30T05:25:07Z,10.69,GBP,card
TXN00006938,USR004463,2025-04-30T05:31:37Z,195.48,NOK,stocks
TXN00005738,USR003443,2025-04-30T06:53:35Z,42.39,EUR,card
TXN00002032,USR003452,2025-04-30T10:35:16Z,32.42,SEK,card
TXN00000813,USR000420,2025-04-30T12:46:53Z,-12.99,EUR,card
TXN00001838,USR002870,2025-04-30T14:30:40Z,15.50,CHF,card
TXN00000133,USR004473,2025-04-30T14:41:47Z,204.38,EUR,savings
TXN00001635,USR002692,2025-04-30T16:28:11Z,99.09,PLN,FX
TXN00003929,USR001200,2025-04-30T17:30:30Z,12.15,EUR,card
TXN00000807,USR000628,2025-04-30T21:01:03Z,121.16,EUR,crypto
TXN00007333,USR001235,2025-05-01T03:22:52Z,289.36,GBP,FX
TXN00002654,USR004705,2025-05-01T04:24:34Z,536.59,EUR,savings
TXN00000852,USR004294,2025-05-01T04:41:42Z,827.96,EUR,savings
TXN00003529,USR003502,2025-05-01T15:02:04Z,36.76,GBP,card
TXN00007257,USR000148,2025-05-01T19:03:44Z,15.73,EUR,card
TXN00005953,USR001057,2025-05-01T21:20:39Z,108.33,EUR,FX
TXN00005934,USR000018,2025-05-01T22:19:23Z,137.96,EUR,stocks
TXN00001067,USR004080,2025-05-02T00:23:11Z,15.76,EUR,card
TXN00005596,USR003060,2025-05-02T02:17:58Z,101.08,EUR,card
TXN00000717,USR003545,2025-05-02T07:24:56Z,86.11,GBP,card
TXN00008277,USR002688,2025-05-02T08:45:25Z,24.58,EUR,card
TXN00001030,USR002397,2025-05-02T09:32:12Z,89.05,JPY,crypto
TXN00004085,USR003671,2025-05-02T17:07:05Z,171.65,EUR,card
TXN00004914,USR001544,2025-05-02T17:53:11Z,663.59,JPY,FX
TXN00002587,USR003440,2025-05-02T18:50:23Z,144.19,PLN,stocks
TXN00008118,USR002264,2025-05-03T01:53:13Z,1674.73,GBP,stocks
TXN00006911,USR004359,2025-05-03T11:20:32Z,18.96,EUR,card
TXN00002735,USR001669,2025-05-03T14:02:44Z,-27.43,EUR,card
TXN00008692,USR003890,2025-05-03T14:26:45Z,1326.27,RON,savings
TXN00000252,USR000640,2025-05-03T16:09:49Z,15.40,EUR,card
TXN00002814,USR003168,2025-05-04T01:23:18Z,194.04,RON,stocks
TXN00001028,USR004982,2025-05-04T02:07:57Z,23.55,EUR,card
TXN00002648,USR004363,2025-05-04T05:15:19Z,111.91,EUR,stocks
TXN00008565,USR002074,2025-05-04T21:40:09Z,12.54,GBP,card
TXN00001749,USR001368,2025-05-05T03:12:48Z,192.75,EUR,stocks
TXN00003697,USR000013,2025-05-05T04:04:47Z,695.00,SEK,stocks
TXN00005535,USR002226,2025-05-05T10:07:51Z,61.58,GBP,FX
TXN00002686,USR003355,2025-05-05T18:26:20Z,46.23,RON,card
TXN00005469,USR001510,2025-05-05T23:59:09Z,3.52,GBP,card
TXN00007959,USR004077,2025-05-06T02:22:57Z,521.22,GBP,FX
TXN00002093,USR001915,2025-05-06T04:49:11Z,30.09,EUR,card
TXN00001359,USR001975,2025-05-06T06:44:27Z,44.59,RON,stocks
TXN00003642,USR003282,2025-05-06T11:18:52Z,429.75,EUR,savings
TXN00007091,USR004010,2025-05-06T13:22:34Z,232.25,GBP,FX
TXN00001956,USR001572,2025-05-06T15:41:43Z,91.23,CAD,card
TXN00003718,USR001518,2025-05-06T17:24:34Z,705.58,EUR,FX
TXN00007075,USR001221,2025-05-07T02:32:30Z,17.29,EUR,card
TXN00002773,USR000407,2025-05-07T03:16:14Z,25.82,GBP,crypto
TXN00000464,USR001024,2025-05-07T08:00:14Z,4.92,RON,card
TXN00005195,USR000191,2025-05-07T08:14:35Z,20.41,CAD,card
TXN00000282,USR004847,2025-05-07T12:22:32Z,63.97,GBP,stocks
TXN00008656,USR001515,2025-05-08T02:23:40Z,67.37,PLN,card
TXN00006208,USR000517,2025-05-08T06:12:24Z,576.89,GBP,FX
TXN00002994,USR000606,2025-05-08T15:18:27Z,231.63,GBP,stocks
TXN00003880,USR002389,2025-05-08T15:21:24Z,8.25,CAD,card
TXN00007940,USR003434,2025-05-08T22:26:06Z,39.12,EUR,savings
TXN00007509,USR002681,2025-05-09T04:42:18Z,156.10,GBP,savings
TXN00004175,USR004073,2025-05-09T08:33:41Z,13.33,PLN,card
TXN00008079,USR001613,2025-05-09T11:28:48Z,137.41,JPY,stocks
TXN00002656,USR000639,2025-05-09T12:28:31Z,47.20,EUR,card
TXN00008715,USR002239,2025-05-09T13:42:04Z,28.82,EUR,card
TXN00000913,USR003492,2025-05-09T17:24:39Z,19.52,EUR,card
TXN00000037,USR001971,2025-05-09T18:13:43Z,21.14,EUR,crypto
TXN00000711,USR000724,2025-05-09T20:01:18Z,365.49,EUR,savings
TXN00002402,USR000153,2025-05-09T22:21:34Z,184.93,GBP,stocks
TXN00003370,USR003383,2025-05-10T01:37:58Z,194.45,SEK,stocks
TXN00001102,USR004054,2025-05-10T09:56:15Z,71.51,GBP,crypto
TXN00004665,USR000328,2025-05-10T13:10:44Z,55.09,EUR,card
TXN00005258,USR002946,2025-05-10T14:48:35Z,91.76,GBP,stocks
TXN00002326,USR003883,2025-05-10T15:07:52Z,21.76,GBP,card
TXN00007748,USR001724,2025-05-11T10:00:52Z,310.46,CAD,savings
TXN00001137,USR004814,2025-05-11T13:48:24Z,1583.07,USD,FX
TXN00001297,USR004817,2025-05-11T14:38:45Z,14.31,GBP,card
TXN00006769,USR001469,2025-05-11T15:23:19Z,390.42,GBP,savings
TXN00007866,USR003645,2025-05-11T16:25:22Z,892.40,EUR,savings
TXN00001117,USR002746,2025-05-11T19:13:41Z,85.12,EUR,FX
TXN00007722,USR000596,2025-05-11T22:30:25Z,193.19,PLN,savings
TXN00006533,USR004022,2025-05-12T03:10:44Z,44.32,GBP,savings
TXN00000863,USR000851,2025-05-12T16:29:34Z,913.50,GBP,FX
TXN00004056,USR003382,2025-05-12T19:06:56Z,55.30,GBP,card
TXN00008097,USR002674,2025-05-12T20:35:11Z,31.28,EUR,card
TXN00000319,USR001043,2025-05-13T04:54:41Z,54.78,GBP,card
TXN00006180,USR001064,2025-05-13T10:37:08Z,116.96,EUR,card
TXN00006506,USR003814,2025-05-13T11:26:06Z,13.95,GBP,card
TXN00005129,USR004142,2025-05-13T14:29:48Z,216.37,RON,card
TXN00004462,USR003653,2025-05-13T16:27:05Z,41.36,GBP,card
TXN00004179,USR002952,2025-05-13T18:32:51Z,39.72,EUR,card
TXN00006883,USR001110,2025-05-13T19:15:19Z,390.71,EUR,FX
TXN00007381,USR002300,2025-05-14T05:07:12Z,106.84,EUR,stocks
TXN00005241,USR000360,2025-05-14T09:29:23Z,22.06,GBP,card
TXN00001669,USR002310,2025-05-14T10:27:59Z,13.65,GBP,card
TXN00004602,USR003858,2025-05-14T15:28:03Z,21.69,EUR,card
TXN00007065,USR001656,2025-05-14T21:10:00Z,161.21,GBP,stocks
TXN00007688,USR004693,2025-05-14T21:49:32Z,21.13,EUR,card
TXN00004597,USR004206,2025-05-15T03:43:12Z,76.90,GBP,card
TXN00007720,USR003207,2025-05-15T04:01:25Z,86.47,GBP,crypto
TXN00006879,USR000724,2025-05-15T09:24:25Z,489.53,EUR,FX
TXN00003826,USR002188,2025-05-15T16:25:37Z,44.77,GBP,card
TXN00007364,USR003603,2025-05-15T18:42:58Z,22.71,EUR,card
TXN00007251,USR001749,2025-05-16T00:14:34Z,14.03,NOK,card
TXN00002928,USR001932,2025-05-16T01:48:55Z,159.59,SEK,FX
TXN00006301,USR000851,2025-05-16T03:52:35Z,14.51,GBP,card
TXN00007888,USR002402,2025-05-16T07:45:30Z,85.42,CHF,FX
TXN00005363,USR004831,2025-05-16T11:40:40Z,86.25,EUR,stocks
TXN00003594,USR002338,2025-05-16T18:14:30Z,251.24,EUR,crypto
TXN00001533,USR003355,2025-05-16T19:18:25Z,37.52,RON,card
TXN00004438,USR000381,2025-05-17T08:26:15Z,302.19,NOK,savings
TXN00004646,USR001005,2025-05-17T09:38:01Z,491.06,RON,savings
TXN00006192,USR001270,2025-05-17T11:49:24Z,74.82,EUR,card
TXN00008217,USR003986,2025-05-17T16:03:49Z,26.78,EUR,card
TXN00003513,USR004786,2025-05-17T16:44:03Z,38.94,SEK,card
TXN00005262,USR000660,2025-05-17T17:36:24Z,422.72,EUR,savings
TXN00008480,USR002607,2025-05-17T17:43:17Z,141.87,CHF,crypto
TXN00007389,USR001511,2025-05-18T00:13:24Z,62.90,RON,card
TXN00001497,USR000353,2025-05-18T00:38:12Z,54.50,GBP,card
TXN00003038,USR000497,2025-05-18T07:19:11Z,81.84,EUR,card
TXN00007749,USR003147,2025-05-18T08:28:54Z,31.74,EUR,card
TXN00006814,USR003160,2025-05-18T08:43:51Z,14.63,EUR,card
TXN00006464,USR000698,2025-05-18T09:36:18Z,168.21,EUR,crypto
TXN00008088,USR000233,2025-05-18T12:39:28Z,40.52,GBP,card
TXN00002024,USR003106,2025-05-18T13:31:13Z,2152.81,EUR,savings
TXN00000709,USR002810,2025-05-18T15:10:14Z,51.75,CAD,card
TXN00004136,USR004868,2025-05-18T20:36:14Z,19.59,GBP,card
TXN00000058,USR003883,2025-05-19T11:15:27Z,18.85,CAD,card
TXN00005281,USR001045,2025-05-19T12:59:36Z,219.29,GBP,FX
TXN00001197,USR002076,2025-05-19T13:31:08Z,18.23,EUR,card
TXN00003064,USR000644,2025-05-19T18:30:07Z,68.89,EUR,crypto
TXN00002778,USR002952,2025-05-19T22:42:49Z,8.82,EUR,card
TXN00008781,USR003425,2025-05-19T23:28:48Z,49.94,GBP,card
TXN00001187,USR000598,2025-05-20T00:31:21Z,14.33,GBP,card
TXN00005464,USR002831,2025-05-20T01:13:57Z,43.85,CHF,stocks
TXN00006929,USR003002,2025-05-20T04:11:22Z,105.09,SEK,stocks
TXN00005192,USR001056,2025-05-20T11:27:20Z,110.86,EUR,stocks
TXN00001918,USR002863,2025-05-20T17:19:33Z,88.65,GBP,savings
TXN00004878,USR004752,2025-05-20T19:41:20Z,73.68,GBP,card
TXN00000664,USR003472,2025-05-20T19:55:20Z,38.72,GBP,card
TXN00007164,USR002202,2025-05-21T02:06:22Z,441.57,EUR,crypto
TXN00008012,USR001055,2025-05-21T11:58:19Z,340.69,GBP,FX
TXN00001775,USR003705,2025-05-21T12:21:09Z,33.19,GBP,card
TXN00006849,USR001632,2025-05-21T17:42:41Z,1076.30,GBP,FX
TXN00000089,USR001993,2025-05-21T20:15:24Z,35.16,RON,card
TXN00000785,USR002629,2025-05-21T20:29:57Z,66.48,GBP,card
TXN00001154,USR002903,2025-05-21T22:53:49Z,5.87,RON,card
TXN00004055,USR001985,2025-05-22T08:54:29Z,17.93,GBP,card
TXN00002823,USR003150,2025-05-22T08:58:15Z,16.38,EUR,card
TXN00001888,USR000639,2025-05-22T11:54:00Z,441.03,EUR,FX
TXN00005950,USR001265,2025-05-22T12:43:42Z,68.01,USD,card
TXN00008782,USR003974,2025-05-22T14:31:38Z,19.48,GBP,card
TXN00003136,USR000065,2025-05-22T19:48:09Z,3797.97,GBP,FX
TXN00001399,USR001661,2025-05-23T00:57:15Z,52.10,GBP,card
TXN00002162,USR000892,2025-05-23T01:25:27Z,417.79,SEK,FX
TXN00006750,USR003199,2025-05-23T01:27:31Z,19.36,GBP,card
TXN00007788,USR004427,2025-05-23T09:06:07Z,64.01,GBP,FX
TXN00002938,USR004133,2025-05-23T16:18:23Z,60.27,PLN,card
TXN00006234,USR002450,2025-05-23T16:25:47Z,144.13,EUR,savings
TXN00003994,USR004512,2025-05-23T21:16:53Z,106.85,EUR,FX
TXN00004732,USR002442,2025-05-23T23:31:45Z,166.28,GBP,card
TXN00008744,USR000835,2025-05-24T00:35:55Z,18.06,CHF,card
TXN00007210,USR002862,2025-05-24T02:31:17Z,158.96,GBP,savings
TXN00002535,USR001911,2025-05-24T03:56:07Z,11.74,EUR,card
TXN00001922,USR004568,2025-05-24T07:44:22Z,3.77,GBP,card
TXN00000071,USR002755,2025-05-24T12:03:50Z,6.75,EUR,card
TXN00008730,USR002687,2025-05-24T17:40:30Z,138.65,EUR,stocks
TXN00000170,USR002458,2025-05-24T22:29:52Z,89.41,EUR,card
TXN00005828,USR001437,2025-05-25T00:01:32Z,28.48,CAD,card
TXN00003531,USR004519,2025-05-25T00:44:13Z,79.97,RON,savings
TXN00004683,USR003497,2025-05-25T04:02:37Z,22.93,SEK,card
TXN00005222,USR004557,2025-05-25T15:45:15Z,12.56,SEK,card
TXN00000395,USR000552,2025-05-25T17:21:13Z,77.41,GBP,stocks
TXN00006303,USR000730,2025-05-25T18:17:10Z,390.99,CHF,savings
TXN00000801,USR003747,2025-05-25T18:28:41Z,111.24,GBP,FX
TXN00008260,USR001156,2025-05-25T18:59:38Z,6.00,CHF,card
TXN00006518,USR001178,2025-05-25T19:06:34Z,65.98,EUR,crypto
TXN00007759,USR004695,2025-05-26T03:57:59Z,160.97,PLN,stocks
TXN00004203,USR001678,2025-05-26T08:06:57Z,338.96,GBP,savings
TXN00007219,USR003538,2025-05-26T09:09:01Z,215.46,RON,card
TXN00004806,USR001124,2025-05-26T13:46:23Z,34.29,GBP,card
TXN00008773,USR000399,2025-05-26T15:14:04Z,17.07,EUR,card
TXN00000102,USR003709,2025-05-26T16:06:53Z,14.36,EUR,card
TXN00003047,USR004510,2025-05-26T18:37:09Z,144.51,EUR,FX
TXN00005776,USR004594,2025-05-26T20:46:00Z,29.11,EUR,card
TXN00006786,USR000163,2025-05-27T06:53:42Z,358.61,GBP,savings
TXN00003549,USR002775,2025-05-27T11:45:54Z,294.53,GBP,savings
TXN00008142,USR004768,2025-05-27T15:19:51Z,259.11,EUR,savings
TXN00000300,USR002060,2025-05-27T20:08:20Z,64.83,EUR,FX
TXN00001492,USR001891,2025-05-27T23:10:35Z,220.13,GBP,FX
TXN00006153,USR000752,2025-05-28T00:56:14Z,442.30,GBP,stocks
TXN00000024,USR000932,2025-05-28T01:31:02Z,98.67,GBP,stocks
TXN00002458,USR001261,2025-05-28T06:41:37Z,76.40,EUR,card
TXN00008126,USR003459,2025-05-28T13:00:26Z,8.21,GBP,card
TXN00001683,USR001899,2025-05-28T18:17:35Z,39.03,EUR,card
TXN00004415,USR001275,2025-05-28T19:11:41Z,23.67,CHF,card
TXN00000488,USR003765,2025-05-28T20:41:53Z,60.01,EUR,FX
TXN00005877,USR000147,2025-05-29T02:18:27Z,36.21,EUR,card
TXN00008455,USR003628,2025-05-29T04:27:42Z,15.96,EUR,card
TXN00002309,USR004547,2025-05-29T18:44:33Z,344.54,GBP,savings
TXN00008393,USR000242,2025-05-30T06:33:55Z,40.73,EUR,card
TXN00003063,USR000313,2025-05-30T07:29:36Z,194.54,GBP,savings
TXN00003172,USR002158,2025-05-30T07:41:42Z,14.37,EUR,card
TXN00008276,USR002564,2025-05-30T08:18:06Z,697.31,EUR,savings
TXN00000197,USR004698,2025-05-30T08:22:59Z,34.29,EUR,card
TXN00001862,USR003857,2025-05-30T08:33:30Z,166.91,GBP,crypto
TXN00005512,USR000711,2025-05-30T16:30:23Z,18.90,PLN,card
TXN00002285,USR002755,2025-05-30T17:04:28Z,109.56,JPY,FX
TXN00000439,USR002396,2025-05-30T18:09:23Z,446.44,EUR,FX
TXN00001166,USR004650,2025-05-30T18:46:27Z,606.94,RON,savings
TXN00008130,USR004913,2025-05-30T22:03:21Z,41.82,GBP,card
TXN00001501,USR002893,2025-05-31T03:17:22Z,1408.00,EUR,savings
TXN00007679,USR001840,2025-05-31T04:55:19Z,72.34,EUR,stocks
TXN00008274,USR004899,2025-05-31T05:39:13Z,282.73,GBP,FX
TXN00007007,USR002034,2025-05-31T13:42:30Z,16.12,PLN,card
TXN00003435,USR000557,2025-05-31T16:16:47Z,669.77,NOK,savings
TXN00001606,USR004299,2025-05-31T21:01:53Z,13.81,EUR,card
TXN00002559,USR002713,2025-06-01T10:39:25Z,203.32,USD,stocks
TXN00002239,USR004668,2025-06-01T22:07:26Z,27.98,EUR,card
TXN00005164,USR003569,2025-06-01T23:48:32Z,86.99,GBP,crypto
TXN00005559,USR004058,2025-06-02T03:11:39Z,34.16,NOK,card
TXN00000055,USR002607,2025-06-02T08:28:35Z,50.53,CHF,card
TXN00001521,USR002895,2025-06-02T18:22:25Z,20.96,GBP,card
TXN00006255,USR003920,2025-06-02T20:17:09Z,47.14,PLN,card
TXN00001863,USR003842,2025-06-02T21:07:47Z,58.39,EUR,card
TXN00001893,USR004479,2025-06-03T00:21:08Z,170.09,RON,FX
TXN00003224,USR000659,2025-06-03T01:35:44Z,627.82,GBP,stocks
TXN00008913,USR002204,2025-06-03T02:05:50Z,26.69,NOK,card
TXN00002120,USR000495,2025-06-03T04:53:12Z,20.69,NOK,card
TXN00008856,USR002566,2025-06-03T06:11:14Z,128.96,GBP,stocks
TXN00000823,USR004006,2025-06-03T08:48:49Z,8.15,GBP,card
TXN00005302,USR004962,2025-06-03T10:14:00Z,65.95,EUR,card
TXN00001562,USR002849,2025-06-03T15:37:07Z,7.97,CHF,card
TXN00008663,USR002367,2025-06-03T15:41:29Z,23.61,EUR,savings
TXN00003792,USR004987,2025-06-03T16:08:11Z,49.23,GBP,card
TXN00000327,USR001402,2025-06-03T19:30:27Z,23.51,EUR,card
TXN00002859,USR000627,2025-06-03T19:47:13Z,21.61,GBP,card
TXN00004950,USR003483,2025-06-03T22:47:54Z,165.74,EUR,savings
TXN00007028,USR002527,2025-06-03T23:03:20Z,18.96,GBP,card
TXN00005058,USR004174,2025-06-03T23:59:52Z,143.12,CAD,crypto
TXN00001716,USR003949,2025-06-04T08:22:53Z,130.36,EUR,savings
TXN00008072,USR004918,2025-06-04T09:15:45Z,20.12,EUR,card
TXN00001815,USR001544,2025-06-04T09:49:49Z,118.88,RON,crypto
TXN00001670,USR001253,2025-06-04T10:27:08Z,24.50,CHF,card
TXN00003539,USR004192,2025-06-04T14:00:45Z,13.88,JPY,card
TXN00000925,USR003931,2025-06-04T19:49:24Z,232.17,RON,FX
TXN00003713,USR000793,2025-06-04T21:14:50Z,23.07,EUR,card
TXN00008194,USR004179,2025-06-04T22:33:21Z,51.87,GBP,card
TXN00007151,USR002501,2025-06-05T01:32:24Z,14.30,EUR,card
TXN00008807,USR004631,2025-06-05T07:42:59Z,25.85,PLN,card
TXN00000910,USR002631,2025-06-05T10:27:13Z,256.39,EUR,card
TXN00005810,USR004830,2025-06-05T10:35:50Z,91.38,PLN,card
TXN00005303,USR001942,2025-06-05T16:19:23Z,29.44,EUR,crypto
TXN00005843,USR001034,2025-06-05T19:24:24Z,15.64,EUR,card
TXN00002391,USR004249,2025-06-05T22:07:03Z,18.54,EUR,stocks
TXN00003289,USR002044,2025-06-05T23:17:46Z,25.79,SEK,card
TXN00005091,USR004434,2025-06-06T08:58:25Z,24.24,EUR,card
TXN00003522,USR004911,2025-06-06T09:01:00Z,32.50,EUR,card
TXN00002070,USR001600,2025-06-06T09:17:59Z,49.98,EUR,crypto
TXN00002832,USR004929,2025-06-06T10:11:18Z,160.98,EUR,FX
TXN00001314,USR004820,2025-06-06T13:54:40Z,-22.85,EUR,card
TXN00004280,USR004294,2025-06-06T15:37:21Z,29.46,EUR,card
TXN00008974,USR000357,2025-06-06T18:03:12Z,16.18,GBP,card
TXN00000564,USR001819,2025-06-06T18:11:07Z,114.45,EUR,card
TXN00004392,USR001790,2025-06-07T02:35:18Z,10.98,EUR,card
TXN00008466,USR000990,2025-06-07T03:54:44Z,138.36,EUR,card
TXN00006780,USR000629,2025-06-07T08:43:53Z,6.33,EUR,card
TXN00000999,USR004761,2025-06-07T09:54:05Z,633.58,EUR,FX
TXN00003857,USR003074,2025-06-07T14:41:08Z,28.37,GBP,card
TXN00001269,USR003974,2025-06-07T16:47:07Z,2.99,GBP,card
TXN00003330,USR001609,2025-06-07T20:56:46Z,38.61,EUR,card
TXN00000643,USR000640,2025-06-07T21:10:37Z,303.27,EUR,FX
TXN00008846,USR000329,2025-06-07T21:14:23Z,20.01,GBP,card
TXN00008682,USR000118,2025-06-08T10:18:10Z,19.87,EUR,card
TXN00002244,USR004760,2025-06-08T13:34:20Z,1268.26,EUR,savings
TXN00006909,USR004155,2025-06-08T14:01:53Z,122.86,PLN,crypto
TXN00003111,USR001023,2025-06-08T21:27:50Z,27.65,CHF,card
TXN00003398,USR002802,2025-06-09T11:10:09Z,11.94,EUR,card
TXN00004802,USR003434,2025-06-09T23:13:31Z,12.63,CAD,card
TXN00002516,USR002397,2025-06-10T01:29:48Z,20.26,RON,card
TXN00006618,USR004690,2025-06-10T19:41:16Z,47.07,PLN,card
TXN00002222,USR002792,2025-06-11T01:19:28Z,10.35,CHF,card
TXN00001578,USR003433,2025-06-11T06:39:36Z,28.40,PLN,card
TXN00005256,USR003192,2025-06-11T08:29:28Z,33.11,EUR,card
TXN00003382,USR004534,2025-06-11T09:40:05Z,9.72,GBP,card
TXN00008030,USR001957,2025-06-11T13:41:11Z,15.58,GBP,card
TXN00007056,USR001656,2025-06-11T16:59:49Z,17.94,GBP,card
TXN00000930,USR004452,2025-06-11T22:07:16Z,20.53,NOK,card
TXN00006335,USR001080,2025-06-12T07:02:35Z,21.70,EUR,card
TXN00001628,USR003078,2025-06-12T09:14:22Z,72.57,RON,card
TXN00008907,USR004932,2025-06-12T18:48:01Z,12.19,EUR,card
TXN00007827,USR003220,2025-06-12T19:27:25Z,7.13,EUR,card
TXN00000592,USR001607,2025-06-12T21:06:46Z,8.34,RON,card
TXN00005031,USR000959,2025-06-12T22:01:51Z,21.60,GBP,card
TXN00004425,USR000989,2025-06-13T00:35:46Z,36.73,EUR,card
TXN00003091,USR004063,2025-06-13T02:23:04Z,45.91,GBP,card
TXN00008002,USR001766,2025-06-13T07:49:41Z,37.77,EUR,card
TXN00004709,USR001918,2025-06-13T09:23:58Z,14.92,GBP,card
TXN00001299,USR000890,2025-06-13T10:01:36Z,40.74,EUR,card
TXN00005676,USR001348,2025-06-13T10:39:28Z,22.48,PLN,card
TXN00003354,USR003986,2025-06-13T11:57:36Z,454.75,EUR,crypto
TXN00004649,USR003779,2025-06-13T13:05:29Z,44.84,GBP,card
TXN00000062,USR001223,2025-06-13T15:13:39Z,489.70,JPY,savings
TXN00003598,USR003058,2025-06-14T00:58:57Z,20.72,EUR,card
TXN00004789,USR003075,2025-06-14T04:18:39Z,21.48,GBP,card
TXN00008670,USR003365,2025-06-14T04:25:13Z,34.66,PLN,stocks
TXN00006649,USR001668,2025-06-14T06:58:10Z,233.07,EUR,stocks
TXN00006114,USR002884,2025-06-14T10:25:49Z,196.96,SEK,stocks
TXN00007977,USR004231,2025-06-14T11:05:25Z,69.31,GBP,card
TXN00002378,USR004377,2025-06-14T15:48:23Z,242.15,RON,savings
TXN00003946,USR004759,2025-06-14T18:59:00Z,105.20,EUR,stocks
TXN00007382,USR003786,2025-06-14T19:28:31Z,406.44,GBP,FX
TXN00007794,USR003440,2025-06-14T20:42:45Z,83.32,PLN,FX
TXN00004016,USR001926,2025-06-14T21:51:42Z,52.16,EUR,card
TXN00002683,USR002899,2025-06-14T22:17:38Z,21.69,GBP,card
TXN00004779,USR004458,2025-06-15T01:47:56Z,139.35,CHF,FX
TXN00005117,USR000251,2025-06-15T08:44:11Z,394.62,EUR,savings
TXN00002680,USR004074,2025-06-15T12:35:47Z,344.03,GBP,savings
TXN00001880,USR004515,2025-06-15T14:28:56Z,10.59,GBP,card
TXN00003515,USR003391,2025-06-15T14:57:16Z,7.67,JPY,card
TXN00001510,USR003296,2025-06-15T16:13:41Z,49.48,CHF,card
TXN00005392,USR001669,2025-06-16T11:41:45Z,6.72,EUR,card
TXN00006212,USR002056,2025-06-16T16:01:14Z,68.31,EUR,stocks
TXN00000833,USR000256,2025-06-16T17:16:41Z,31.21,CAD,card
TXN00006513,USR002658,2025-06-16T21:21:19Z,167.66,GBP,stocks
TXN00005502,USR001879,2025-06-16T21:48:50Z,21.47,GBP,card
TXN00006377,USR002902,2025-06-16T21:53:50Z,912.68,GBP,FX
TXN00008718,USR003248,2025-06-17T00:37:15Z,33.47,PLN,card
TXN00003210,USR003399,2025-06-17T11:19:06Z,164.14,EUR,FX
TXN00000822,USR004259,2025-06-17T11:35:01Z,6.49,GBP,card
TXN00005020,USR003711,2025-06-17T12:07:32Z,212.45,GBP,FX
TXN00004733,USR000151,2025-06-17T13:42:15Z,196.98,EUR,stocks
TXN00003162,USR001204,2025-06-17T15:38:47Z,3125.75,RON,FX
TXN00000227,USR004553,2025-06-17T15:50:30Z,184.00,EUR,stocks
TXN00000760,USR004224,2025-06-17T18:57:04Z,50.00,PLN,crypto
TXN00003603,USR000813,2025-06-17T18:57:35Z,6.05,GBP,card
TXN00002568,USR002354,2025-06-18T03:44:19Z,7.54,EUR,card
TXN00008639,USR002768,2025-06-18T08:50:34Z,69.90,GBP,stocks
TXN00006290,USR003890,2025-06-18T09:06:15Z,4.49,USD,card
TXN00004324,USR004080,2025-06-18T12:47:20Z,60.76,EUR,card
TXN00000034,USR004116,2025-06-18T13:19:37Z,281.37,GBP,FX
TXN00007328,USR004611,2025-06-18T16:17:08Z,429.49,EUR,stocks
TXN00004702,USR000207,2025-06-18T20:02:57Z,21.15,EUR,card
TXN00006504,USR004580,2025-06-18T22:20:47Z,11.36,EUR,card
TXN00005548,USR004076,2025-06-19T00:33:49Z,11.47,GBP,card
TXN00008742,USR001027,2025-06-19T17:04:25Z,1108.46,CHF,savings
TXN00002622,USR004015,2025-06-19T19:48:39Z,206.00,RON,FX
TXN00005175,USR002050,2025-06-19T20:46:09Z,300.54,CAD,FX
TXN00001439,USR001736,2025-06-20T01:01:59Z,711.04,PLN,stocks
TXN00004591,USR004097,2025-06-20T05:20:00Z,21.88,EUR,card
TXN00002054,USR001962,2025-06-20T07:55:49Z,918.69,GBP,crypto
TXN00007263,USR002728,2025-06-20T12:05:56Z,12.88,GBP,card
TXN00005127,USR000128,2025-06-20T13:26:19Z,609.44,GBP,savings
TXN00000100,USR004321,2025-06-20T16:11:02Z,481.67,RON,stocks
TXN00000617,USR002937,2025-06-20T16:52:49Z,160.77,GBP,crypto
TXN00006424,USR004660,2025-06-20T20:30:05Z,26.11,EUR,card
TXN00008937,USR003891,2025-06-21T02:28:45Z,3.64,EUR,card
TXN00004130,USR001041,2025-06-21T05:33:59Z,6.49,GBP,card
TXN00007201,USR004631,2025-06-21T05:43:55Z,24.99,EUR,card
TXN00007169,USR004997,2025-06-21T10:34:11Z,387.26,EUR,stocks
TXN00005351,USR000651,2025-06-21T12:47:53Z,26.43,GBP,card
TXN00008254,USR004606,2025-06-21T14:59:57Z,13.98,EUR,crypto
TXN00005838,USR003150,2025-06-21T16:02:02Z,380.95,EUR,stocks
TXN00003951,USR000687,2025-06-21T21:57:52Z,100.04,RON,FX
TXN00002470,USR003975,2025-06-21T23:51:51Z,183.93,RON,crypto
TXN00003035,USR000763,2025-06-22T00:21:28Z,569.23,RON,savings
TXN00000374,USR001335,2025-06-22T13:15:11Z,11.15,EUR,card
TXN00002829,USR003742,2025-06-22T14:18:21Z,576.01,PLN,savings
TXN00000354,USR000960,2025-06-22T14:59:42Z,19.20,PLN,card
TXN00000117,USR001115,2025-06-22T21:20:38Z,77.72,EUR,savings
TXN00003848,USR000944,2025-06-23T09:19:14Z,321.79,EUR,crypto
TXN00002511,USR004283,2025-06-23T11:50:36Z,215.25,NOK,stocks
TXN00008700,USR000656,2025-06-23T12:54:46Z,8.15,EUR,card
TXN00004816,USR003517,2025-06-23T13:54:00Z,57.57,EUR,card
TXN00003931,USR004649,2025-06-23T17:17:21Z,861.68,RON,savings
TXN00002090,USR002048,2025-06-23T18:37:43Z,2089.44,CHF,FX
TXN00004407,USR004197,2025-06-23T19:31:09Z,12.85,PLN,card
TXN00000764,USR004766,2025-06-23T22:14:06Z,25.50,GBP,card
TXN00008173,USR002583,2025-06-24T06:10:08Z,256.25,EUR,FX
TXN00003901,USR002626,2025-06-24T11:29:43Z,41.75,GBP,card
TXN00004881,USR002025,2025-06-24T15:09:14Z,81.45,GBP,crypto
TXN00006334,USR001921,2025-06-24T19:34:27Z,739.88,EUR,savings
TXN00005522,USR003434,2025-06-24T21:56:32Z,6.90,EUR,card
TXN00003055,USR000919,2025-06-24T22:41:09Z,57.02,EUR,crypto
TXN00006039,USR004526,2025-06-24T23:00:46Z,36.60,PLN,card
TXN00000385,USR002744,2025-06-25T00:58:14Z,22.44,GBP,card
TXN00005668,USR004752,2025-06-25T04:05:12Z,77.16,GBP,FX
TXN00007832,USR000483,2025-06-25T05:28:30Z,39.46,EUR,stocks
TXN00007987,USR004148,2025-06-25T14:52:18Z,292.18,GBP,savings
TXN00004682,USR004515,2025-06-25T16:42:09Z,35.42,RON,card
TXN00001782,USR000523,2025-06-26T03:41:23Z,21.22,PLN,crypto
TXN00007290,USR004569,2025-06-26T05:46:31Z,710.38,EUR,savings
TXN00006396,USR003969,2025-06-26T16:34:47Z,96.89,EUR,crypto
TXN00004676,USR004148,2025-06-26T17:24:48Z,26.83,GBP,card
TXN00007802,USR003973,2025-06-26T18:12:26Z,143.40,EUR,card
TXN00001630,USR003846,2025-06-26T23:32:22Z,95.81,EUR,stocks
TXN00008449,USR002120,2025-06-26T23:49:12Z,136.69,EUR,savings
TXN00003883,USR003525,2025-06-27T13:02:04Z,19.08,EUR,card
TXN00008590,USR003563,2025-06-27T13:03:49Z,28.35,GBP,card
TXN00005311,USR003349,2025-06-27T15:43:03Z,25.95,EUR,card
TXN00000690,USR000805,2025-06-27T19:11:00Z,48.67,EUR,card
TXN00005836,USR001658,2025-06-27T19:37:50Z,223.71,GBP,savings
TXN00007184,USR001428,2025-06-27T19:57:02Z,87.77,PLN,card
TXN00005929,USR003766,2025-06-27T21:44:33Z,17.02,GBP,card
TXN00008919,USR002420,2025-06-27T23:42:21Z,133.40,GBP,savings
TXN00008796,USR004744,2025-06-28T01:49:13Z,-19.75,GBP,card
TXN00007132,USR004637,2025-06-28T02:24:48Z,18.78,GBP,card
TXN00003236,USR004396,2025-06-28T02:45:24Z,7.19,EUR,card
TXN00004127,USR002694,2025-06-28T12:42:22Z,77.70,GBP,FX
TXN00006049,USR000408,2025-06-28T13:15:50Z,8.03,EUR,card
TXN00003824,USR001207,2025-06-28T20:30:22Z,2120.76,EUR,FX
TXN00007700,USR003943,2025-06-28T22:50:58Z,3.07,GBP,card
TXN00008061,USR000535,2025-06-29T01:56:45Z,39.58,CHF,crypto
TXN00000849,USR002850,2025-06-29T04:18:50Z,192.54,PLN,savings
TXN00007842,USR004003,2025-06-29T12:08:58Z,35.14,EUR,card
TXN00003341,USR001615,2025-06-29T12:39:31Z,405.00,EUR,stocks
TXN00007464,USR000771,2025-06-29T13:10:27Z,36.99,PLN,savings
TXN00008886,USR004242,2025-06-29T14:21:17Z,212.10,EUR,card
TXN00007682,USR004071,2025-06-29T18:37:12Z,1360.45,NOK,savings
TXN00008950,USR002483,2025-06-29T22:48:22Z,83.63,EUR,card
TXN00006568,USR000191,2025-06-30T06:59:19Z,13.95,SEK,card
TXN00005632,USR002615,2025-06-30T07:35:27Z,34.65,PLN,card
TXN00007252,USR002203,2025-06-30T13:19:48Z,219.86,EUR,stocks
TXN00007000,USR001667,2025-06-30T15:40:53Z,144.97,EUR,card
TXN00004019,USR002269,2025-06-30T17:34:50Z,3.40,EUR,card
TXN00001476,USR000263,2025-06-30T20:55:41Z,36.01,EUR,crypto
TXN00001112,USR001508,2025-07-01T02:40:31Z,23.17,GBP,card
TXN00006831,USR003552,2025-07-01T04:41:10Z,175.51,EUR,FX
TXN00005652,USR003612,2025-07-01T06:16:16Z,37.45,EUR,card
TXN00003113,USR001455,2025-07-01T14:45:40Z,30.12,GBP,card
TXN00006566,USR002596,2025-07-01T15:22:27Z,349.93,EUR,FX
TXN00000066,USR001603,2025-07-01T17:08:10Z,35.48,NOK,card
TXN00005047,USR001278,2025-07-01T18:06:55Z,27.61,EUR,card
TXN00001755,USR001269,2025-07-02T00:01:34Z,509.94,NOK,savings
TXN00008628,USR000390,2025-07-02T02:23:32Z,266.89,PLN,savings
TXN00007886,USR003470,2025-07-02T02:42:36Z,149.27,EUR,crypto
TXN00008848,USR000896,2025-07-02T09:02:19Z,187.09,EUR,savings
TXN00005207,USR004583,2025-07-02T09:21:54Z,15.12,CHF,card
TXN00004497,USR000526,2025-07-02T09:23:51Z,7.91,GBP,card
TXN00008418,USR002288,2025-07-02T13:43:34Z,24.28,GBP,card
TXN00002106,USR003155,2025-07-02T16:10:20Z,81.77,EUR,card
TXN00007721,USR004658,2025-07-02T16:40:17Z,84.26,GBP,crypto
TXN00000832,USR004115,2025-07-02T21:59:33Z,19.02,EUR,card
TXN00001228,USR003558,2025-07-02T23:37:27Z,6.96,PLN,card
TXN00001718,USR001163,2025-07-03T06:04:26Z,11.68,EUR,card
TXN00006189,USR004501,2025-07-03T17:08:37Z,17.68,EUR,card
TXN00002360,USR004807,2025-07-04T00:49:50Z,269.47,EUR,savings
TXN00004266,USR000428,2025-07-04T05:26:51Z,19.08,EUR,card
TXN00002393,USR000891,2025-07-04T15:27:25Z,18.41,GBP,card
TXN00006782,USR001650,2025-07-04T21:26:05Z,6.95,GBP,card
TXN00001396,USR004052,2025-07-04T23:09:40Z,53.17,EUR,card
TXN00008282,USR003742,2025-07-05T00:17:49Z,20.34,GBP,card
TXN00001610,USR000104,2025-07-05T01:16:00Z,15.22,GBP,card
TXN00001729,USR001037,2025-07-05T01:34:13Z,120.16,GBP,crypto
TXN00007044,USR003549,2025-07-05T07:31:35Z,21.01,PLN,card
TXN00005243,USR002846,2025-07-05T10:32:45Z,50.74,NOK,FX
TXN00001279,USR000718,2025-07-05T10:47:23Z,56.42,EUR,crypto
TXN00006986,USR003409,2025-07-05T11:19:12Z,1.85,EUR,card
TXN00007816,USR001095,2025-07-05T20:33:16Z,137.47,GBP,stocks
TXN00000600,USR003880,2025-07-05T21:13:23Z,812.59,GBP,FX
TXN00006915,USR002039,2025-07-06T01:42:47Z,118.67,PLN,card
TXN00005692,USR000361,2025-07-06T03:55:35Z,172.84,EUR,crypto
TXN00000211,USR003036,2025-07-06T05:52:26Z,5.51,GBP,card
TXN00003525,USR001688,2025-07-06T09:05:20Z,39.37,PLN,crypto
TXN00006664,USR002982,2025-07-06T12:14:30Z,68.00,CAD,crypto
TXN00002716,USR000156,2025-07-07T00:33:42Z,18.22,SEK,card
TXN00006046,USR000379,2025-07-07T07:14:25Z,67.91,EUR,stocks
TXN00005563,USR003650,2025-07-07T08:39:29Z,17.16,GBP,card
TXN00007490,USR000328,2025-07-07T08:52:44Z,12.01,EUR,card
TXN00005930,USR004148,2025-07-07T10:22:41Z,49.58,GBP,stocks
TXN00008900,USR001148,2025-07-07T14:30:28Z,95.10,CHF,card
TXN00001776,USR002152,2025-07-07T17:53:35Z,257.31,EUR,stocks
TXN00004636,USR002969,2025-07-07T20:00:21Z,21.83,GBP,card
TXN00003467,USR002229,2025-07-08T00:43:07Z,8.50,SEK,card
TXN00003078,USR004432,2025-07-08T01:16:45Z,317.43,SEK,savings
TXN00002628,USR004800,2025-07-08T04:13:26Z,19.86,NOK,card
TXN00008295,USR001688,2025-07-08T07:13:54Z,389.50,CAD,stocks
TXN00004146,USR003468,2025-07-08T08:18:34Z,203.24,GBP,crypto
TXN00001732,USR002839,2025-07-08T11:14:50Z,20.88,RON,card
TXN00003203,USR002956,2025-07-08T16:40:24Z,109.41,GBP,stocks
TXN00003380,USR000659,2025-07-09T01:21:39Z,516.40,GBP,card
TXN00006693,USR004507,2025-07-09T03:01:20Z,8.56,JPY,card
TXN00008299,USR004619,2025-07-09T04:22:32Z,22.94,EUR,card
TXN00000715,USR003545,2025-07-09T05:12:18Z,11.28,GBP,card
TXN00000676,USR001864,2025-07-09T06:54:09Z,1437.43,EUR,savings
TXN00003426,USR004743,2025-07-09T07:24:30Z,21.62,RON,card
TXN00000936,USR001637,2025-07-09T07:39:09Z,258.93,CAD,stocks
TXN00006972,USR000094,2025-07-09T10:25:51Z,9.89,EUR,card
TXN00001702,USR001544,2025-07-09T15:31:48Z,497.11,RON,savings
TXN00001312,USR002489,2025-07-09T16:42:04Z,24.93,GBP,card
TXN00006486,USR001687,2025-07-09T16:46:26Z,584.06,GBP,FX
TXN00004044,USR002836,2025-07-09T22:43:48Z,26.68,EUR,card
TXN00004046,USR001431,2025-07-10T01:44:30Z,52.32,GBP,card
TXN00005435,USR003248,2025-07-10T10:05:33Z,122.47,PLN,crypto
TXN00006485,USR000679,2025-07-10T11:58:03Z,-17.66,SEK,card
TXN00003667,USR004136,2025-07-10T15:25:47Z,1408.04,RON,FX
TXN00005080,USR002016,2025-07-10T18:38:53Z,23.78,EUR,card
TXN00007360,USR000328,2025-07-10T19:32:33Z,566.96,EUR,FX
TXN00000591,USR002587,2025-07-10T22:11:28Z,5287.97,EUR,savings
TXN00002489,USR003939,2025-07-11T15:29:29Z,361.78,EUR,stocks
TXN00005436,USR002850,2025-07-11T15:48:23Z,20.90,PLN,card
TXN00008827,USR002420,2025-07-11T17:33:35Z,45.95,GBP,crypto
TXN00000986,USR003416,2025-07-11T21:26:01Z,25.18,PLN,card
TXN00003075,USR001959,2025-07-11T23:14:21Z,25.81,EUR,card
TXN00008998,USR001810,2025-07-11T23:25:23Z,119.61,GBP,FX
TXN00004576,USR003524,2025-07-11T23:39:15Z,159.82,EUR,FX
TXN00005384,USR001877,2025-07-12T00:43:56Z,225.71,USD,card
TXN00000175,USR002266,2025-07-12T01:17:33Z,29.77,GBP,card
TXN00004673,USR000894,2025-07-12T03:11:56Z,32.61,GBP,card
TXN00005364,USR000659,2025-07-12T04:33:51Z,135.18,GBP,stocks
TXN00006286,USR004576,2025-07-12T04:39:07Z,476.84,EUR,FX
TXN00000272,USR000283,2025-07-12T04:47:11Z,112.36,PLN,stocks
TXN00003334,USR002057,2025-07-12T05:40:38Z,151.89,GBP,FX
TXN00006855,USR002897,2025-07-12T07:20:17Z,141.81,EUR,card
TXN00002964,USR000311,2025-07-12T07:23:57Z,999.81,CAD,stocks
TXN00000399,USR003366,2025-07-12T09:20:36Z,93.01,EUR,stocks
TXN00001051,USR003242,2025-07-12T21:10:47Z,-44.00,EUR,card
TXN00002900,USR000106,2025-07-13T06:45:30Z,7.92,GBP,card
TXN00004074,USR002545,2025-07-13T09:40:14Z,11.03,RON,card
TXN00001767,USR000149,2025-07-13T15:47:15Z,2.17,EUR,card
TXN00000017,USR001146,2025-07-13T20:01:34Z,37.19,GBP,card
TXN00008303,USR004841,2025-07-13T23:09:35Z,88.94,NOK,card
TXN00002297,USR004085,2025-07-13T23:21:09Z,218.28,PLN,savings
TXN00004607,USR004523,2025-07-14T03:19:18Z,34.65,USD,card
TXN00008443,USR002145,2025-07-14T07:17:51Z,33.26,GBP,card
TXN00000805,USR000391,2025-07-14T11:16:42Z,181.86,GBP,crypto
TXN00000523,USR003598,2025-07-14T12:36:58Z,9.43,NOK,card
TXN00007815,USR001213,2025-07-14T13:13:05Z,36.97,GBP,card
TXN00001638,USR001068,2025-07-14T20:15:08Z,9.64,EUR,card
TXN00008228,USR001656,2025-07-14T23:54:07Z,6.84,GBP,card
TXN00008243,USR002144,2025-07-15T00:48:57Z,1072.93,GBP,savings
TXN00002230,USR002715,2025-07-15T01:18:21Z,-10.70,EUR,card
TXN00000435,USR003303,2025-07-15T04:14:15Z,24.41,EUR,card
TXN00004104,USR004639,2025-07-15T06:10:51Z,81.83,GBP,card
TXN00004864,USR001282,2025-07-15T06:45:09Z,131.15,EUR,crypto
TXN00003844,USR000234,2025-07-15T07:43:55Z,88.82,JPY,card
TXN00002721,USR000314,2025-07-15T14:24:45Z,95.74,EUR,stocks
TXN00007325,USR003156,2025-07-15T14:33:43Z,35.28,EUR,card
TXN00006921,USR004256,2025-07-15T16:58:10Z,33.33,PLN,card
TXN00007773,USR004702,2025-07-15T17:02:38Z,7.05,GBP,card
TXN00005801,USR004773,2025-07-15T18:50:55Z,39.56,PLN,card
TXN00005398,USR004062,2025-07-15T20:02:29Z,13.25,GBP,card
TXN00004585,USR003937,2025-07-15T20:31:35Z,106.99,EUR,card
TXN00005557,USR003725,2025-07-15T21:38:44Z,140.45,EUR,crypto
TXN00007193,USR001242,2025-07-15T22:00:54Z,231.07,EUR,crypto
TXN00001919,USR000067,2025-07-16T02:33:46Z,17.77,GBP,card
TXN00008024,USR003213,2025-07-16T06:52:04Z,21.30,USD,card
TXN00004961,USR004707,2025-07-16T07:43:17Z,313.55,EUR,FX
TXN00004098,USR000247,2025-07-16T09:38:29Z,8.37,EUR,card
TXN00007493,USR004722,2025-07-16T10:30:34Z,39.81,GBP,card
TXN00006129,USR003390,2025-07-16T14:00:44Z,18.16,EUR,card
TXN00000232,USR004096,2025-07-16T15:15:32Z,3.98,EUR,card
TXN00002023,USR004774,2025-07-16T21:36:37Z,10.64,EUR,card
TXN00003168,USR004635,2025-07-17T03:24:53Z,207.01,PLN,FX
TXN00002064,USR004073,2025-07-17T04:09:28Z,22.17,RON,card
TXN00001704,USR004343,2025-07-17T15:19:00Z,6.79,EUR,card
TXN00002337,USR000629,2025-07-17T16:37:30Z,122.21,SEK,card
TXN00000652,USR003142,2025-07-17T17:25:55Z,21.06,EUR,card
TXN00005586,USR001691,2025-07-18T03:56:28Z,24.49,NOK,card
TXN00007331,USR001045,2025-07-18T06:42:11Z,70.61,NOK,crypto
TXN00006549,USR002145,2025-07-18T12:12:03Z,91.40,GBP,stocks
TXN00003024,USR000144,2025-07-18T15:42:34Z,277.95,GBP,FX
TXN00007727,USR001653,2025-07-18T21:08:35Z,15.28,CHF,card
TXN00008086,USR002401,2025-07-19T00:10:29Z,89.53,SEK,card
TXN00003695,USR003443,2025-07-19T01:47:38Z,131.63,EUR,stocks
TXN00008046,USR002692,2025-07-19T04:39:44Z,18.91,GBP,card
TXN00004564,USR001906,2025-07-19T05:11:42Z,129.56,PLN,card
TXN00004448,USR003836,2025-07-19T06:45:19Z,16.90,JPY,card
TXN00006107,USR002424,2025-07-19T15:25:23Z,15.90,PLN,card
TXN00000756,USR004772,2025-07-19T17:40:02Z,55.11,RON,card
TXN00002390,USR004090,2025-07-19T19:13:38Z,76.65,SEK,stocks
TXN00002988,USR003270,2025-07-19T20:14:08Z,184.03,EUR,stocks
TXN00007826,USR002655,2025-07-19T23:58:08Z,20.72,EUR,card
TXN00001058,USR004867,2025-07-20T00:20:04Z,8.51,EUR,card
TXN00004400,USR000785,2025-07-20T01:17:11Z,131.03,GBP,stocks
TXN00007377,USR004408,2025-07-20T08:19:23Z,19.02,GBP,card
TXN00000706,USR002156,2025-07-20T13:02:15Z,92.10,CHF,card
TXN00007453,USR004478,2025-07-20T14:16:08Z,1528.93,EUR,stocks
TXN00005661,USR003246,2025-07-20T23:59:45Z,153.48,EUR,savings
TXN00000573,USR002052,2025-07-21T03:09:10Z,11.40,EUR,card
TXN00008053,USR000688,2025-07-21T06:20:22Z,274.96,GBP,FX
TXN00000687,USR001405,2025-07-21T07:29:47Z,20.46,JPY,card
TXN00004333,USR003084,2025-07-21T08:03:42Z,11.96,RON,card
TXN00004902,USR002804,2025-07-21T12:21:16Z,625.52,EUR,savings
TXN00003565,USR001239,2025-07-21T14:40:31Z,93.91,GBP,card
TXN00004730,USR000415,2025-07-21T16:02:04Z,6.47,EUR,card
TXN00003655,USR004194,2025-07-21T16:07:55Z,354.22,NOK,FX
TXN00006591,USR001399,2025-07-21T19:49:10Z,13.39,RON,stocks
TXN00005374,USR004526,2025-07-22T01:26:46Z,68.83,PLN,card
TXN00001450,USR000752,2025-07-22T03:42:09Z,37.68,GBP,card
TXN00002080,USR004864,2025-07-22T05:19:58Z,960.99,EUR,FX
TXN00007852,USR003107,2025-07-23T12:24:59Z,341.29,EUR,savings
TXN00000223,USR003598,2025-07-23T16:33:26Z,15.35,EUR,card
TXN00002095,USR000267,2025-07-23T19:02:47Z,12.67,SEK,card
TXN00008245,USR001484,2025-07-23T19:13:27Z,359.72,GBP,crypto
TXN00005461,USR001907,2025-07-23T20:49:15Z,14.69,PLN,card
TXN00004231,USR002766,2025-07-23T21:04:52Z,13.12,NOK,card
TXN00002035,USR001188,2025-07-23T23:24:52Z,118.02,EUR,crypto
TXN00006352,USR003542,2025-07-23T23:47:43Z,277.71,EUR,stocks
TXN00000827,USR000203,2025-07-23T23:49:30Z,22.01,EUR,card
TXN00004704,USR000216,2025-07-24T09:48:16Z,331.68,CHF,savings
TXN00000254,USR000792,2025-07-24T15:12:20Z,184.00,EUR,savings
TXN00005707,USR003054,2025-07-24T17:08:59Z,117.41,PLN,FX
TXN00003589,USR003930,2025-07-24T20:44:57Z,35.20,RON,card
TXN00008494,USR004848,2025-07-25T01:34:45Z,1694.08,GBP,stocks
TXN00000572,USR004831,2025-07-25T02:45:50Z,23.31,EUR,card
TXN00006210,USR003846,2025-07-25T03:51:45Z,242.25,EUR,crypto
TXN00007706,USR003466,2025-07-25T05:14:48Z,18.24,EUR,card
TXN00004094,USR000377,2025-07-25T07:01:55Z,46.72,GBP,card
TXN00008613,USR002074,2025-07-25T08:52:46Z,17.26,GBP,card
TXN00000306,USR003765,2025-07-25T15:42:01Z,314.43,EUR,savings
TXN00008812,USR004508,2025-07-25T16:36:23Z,48.93,EUR,card
TXN00002028,USR001504,2025-07-25T20:20:45Z,222.23,NOK,FX
TXN00003302,USR002414,2025-07-25T21:39:25Z,705.62,EUR,savings
TXN00003804,USR000747,2025-07-25T23:00:14Z,26.67,RON,card
TXN00000975,USR001682,2025-07-25T23:25:47Z,15.01,CHF,card
TXN00004446,USR001634,2025-07-26T00:32:53Z,67.75,GBP,card
TXN00007985,USR002299,2025-07-26T01:30:39Z,164.26,CHF,FX
TXN00005990,USR002828,2025-07-26T04:51:37Z,50.31,EUR,card
TXN00000193,USR002996,2025-07-26T07:32:44Z,21.45,PLN,card
TXN00002098,USR000670,2025-07-26T08:12:22Z,25.04,USD,card
TXN00001219,USR002104,2025-07-26T15:17:27Z,301.71,SEK,savings
TXN00000778,USR003086,2025-07-26T17:19:56Z,20.02,RON,card
TXN00002722,USR003338,2025-07-26T20:57:04Z,227.50,EUR,savings
TXN00003668,USR002041,2025-07-26T21:01:19Z,4.90,EUR,card
TXN00002860,USR001723,2025-07-26T22:56:06Z,17.81,GBP,card
TXN00000138,USR002207,2025-07-27T02:34:03Z,60.07,EUR,card
TXN00005610,USR000629,2025-07-27T02:47:08Z,55.14,EUR,card
TXN00004320,USR003003,2025-07-27T04:20:21Z,79.79,EUR,card
TXN00004468,USR004168,2025-07-27T05:18:00Z,16.66,CAD,card
TXN00001417,USR003805,2025-07-27T06:23:55Z,12.51,RON,card
TXN00004451,USR004129,2025-07-27T10:17:10Z,53.46,EUR,card
TXN00007829,USR002341,2025-07-27T10:54:28Z,19.18,EUR,card
TXN00008084,USR002767,2025-07-27T14:13:31Z,176.93,EUR,savings
TXN00002751,USR003560,2025-07-27T14:17:18Z,234.37,USD,crypto
TXN00008820,USR003549,2025-07-27T21:02:46Z,94.78,PLN,card
TXN00002882,USR002829,2025-07-27T23:10:35Z,235.75,EUR,FX
TXN00007867,USR001399,2025-07-27T23:54:35Z,114.08,RON,savings
TXN00002959,USR004973,2025-07-28T02:44:24Z,203.02,EUR,savings
TXN00003580,USR002607,2025-07-28T07:36:06Z,2294.54,CHF,savings
TXN00004281,USR000182,2025-07-28T18:54:57Z,56.73,EUR,card
TXN00000528,USR003856,2025-07-28T21:11:20Z,25.69,EUR,card
TXN00006492,USR003984,2025-07-28T21:45:03Z,166.25,EUR,stocks
TXN00004920,USR001499,2025-07-28T22:40:03Z,285.88,EUR,FX
TXN00006962,USR004285,2025-07-29T00:53:09Z,51.97,PLN,savings
TXN00007966,USR002579,2025-07-29T04:50:17Z,1138.48,SEK,FX
TXN00008401,USR003628,2025-07-29T06:39:53Z,47.60,CHF,card
TXN00003961,USR000032,2025-07-29T06:49:34Z,70.29,EUR,crypto
TXN00008319,USR003030,2025-07-29T13:01:33Z,21.81,PLN,card
TXN00008814,USR000689,2025-07-29T14:01:58Z,343.71,RON,stocks
TXN00002787,USR003366,2025-07-29T21:14:50Z,16.27,EUR,card
TXN00005125,USR003175,2025-07-29T21:38:58Z,19.67,GBP,card
TXN00002338,USR001277,2025-07-29T23:37:11Z,712.50,EUR,savings
TXN00001267,USR001294,2025-07-30T02:37:21Z,24.75,GBP,card
TXN00005560,USR003499,2025-07-30T03:42:50Z,24.23,PLN,card
TXN00007779,USR003789,2025-07-30T05:57:26Z,317.63,EUR,stocks
TXN00001453,USR004827,2025-07-30T06:35:37Z,197.10,GBP,crypto
TXN00001209,USR004481,2025-07-30T08:16:06Z,43.11,EUR,card
TXN00001481,USR002632,2025-07-30T12:36:32Z,17.63,CAD,card
TXN00008181,USR004884,2025-07-30T14:06:12Z,14.04,PLN,card
TXN00002695,USR001471,2025-07-30T15:09:42Z,143.11,PLN,crypto
TXN00005518,USR002476,2025-07-30T20:28:10Z,18.38,EUR,card
TXN00008430,USR004483,2025-07-31T01:56:57Z,30.13,EUR,card
TXN00000665,USR001666,2025-07-31T07:34:25Z,13.31,EUR,card
TXN00006509,USR004523,2025-07-31T10:01:20Z,258.43,GBP,stocks
TXN00001528,USR002601,2025-07-31T16:53:51Z,39.24,EUR,card
TXN00006355,USR002142,2025-07-31T17:28:43Z,166.08,EUR,card
TXN00003052,USR001482,2025-08-01T01:25:30Z,20.61,GBP,card
TXN00001448,USR000864,2025-08-01T01:32:54Z,-64.15,RON,card
TXN00002395,USR003324,2025-08-01T02:20:12Z,13.11,EUR,card
TXN00001472,USR004781,2025-08-01T04:28:49Z,14.07,CHF,card
TXN00005221,USR003440,2025-08-01T05:54:59Z,24.07,PLN,card
TXN00002676,USR002158,2025-08-01T06:03:05Z,34.16,EUR,card
TXN00002610,USR000378,2025-08-01T10:11:41Z,606.47,NOK,savings
TXN00007626,USR004048,2025-08-01T17:07:38Z,26.30,NOK,card
TXN00001211,USR000067,2025-08-01T19:56:56Z,76.30,GBP,stocks
TXN00008460,USR000939,2025-08-01T23:57:40Z,477.78,EUR,stocks
TXN00002460,USR001551,2025-08-02T02:17:41Z,518.54,EUR,FX
TXN00000610,USR004904,2025-08-02T05:36:27Z,65.39,GBP,crypto
TXN00006225,USR000085,2025-08-02T07:16:01Z,20.06,EUR,card
TXN00007122,USR003120,2025-08-02T10:57:05Z,14.97,EUR,card
TXN00007450,USR004228,2025-08-02T10:59:15Z,81.33,SEK,card
TXN00004464,USR003326,2025-08-02T14:15:26Z,73.54,EUR,card
TXN00000608,USR004581,2025-08-02T15:06:56Z,27.10,GBP,card
TXN00008482,USR003089,2025-08-02T16:06:53Z,72.81,EUR,crypto
TXN00001915,USR003265,2025-08-03T10:17:22Z,14.65,PLN,card
TXN00000739,USR001816,2025-08-03T17:46:50Z,149.20,EUR,crypto
TXN00008676,USR002549,2025-08-03T20:05:46Z,109.21,EUR,FX
TXN00007416,USR001416,2025-08-03T23:14:40Z,140.64,PLN,card
TXN00001708,USR001570,2025-08-04T00:49:03Z,50.47,NOK,card
TXN00003601,USR000481,2025-08-04T03:04:55Z,489.02,EUR,savings
TXN00002904,USR004080,2025-08-04T04:00:42Z,35.99,EUR,card
TXN00003266,USR001927,2025-08-04T04:42:10Z,705.51,RON,crypto
TXN00002356,USR002219,2025-08-04T05:45:20Z,44.94,EUR,card
TXN00004736,USR004501,2025-08-04T09:44:03Z,26.35,EUR,card
TXN00007123,USR001097,2025-08-04T11:43:36Z,95.35,JPY,card
TXN00003395,USR002607,2025-08-04T20:59:23Z,32.80,CHF,card
TXN00004888,USR000256,2025-08-05T02:00:39Z,563.48,PLN,FX
TXN00007103,USR003055,2025-08-05T03:58:16Z,17.17,EUR,card
TXN00006157,USR002509,2025-08-05T06:46:05Z,451.43,EUR,FX
TXN00008268,USR000597,2025-08-05T07:02:00Z,69.14,EUR,stocks
TXN00003984,USR004452,2025-08-05T08:20:51Z,-147.28,NOK,card
TXN00002438,USR004972,2025-08-05T10:58:03Z,213.06,GBP,crypto
TXN00003469,USR001824,2025-08-05T15:52:49Z,33.86,EUR,card
TXN00001911,USR001987,2025-08-05T21:30:52Z,50.79,PLN,card
TXN00001129,USR001477,2025-08-05T23:53:30Z,39.63,EUR,card
TXN00003484,USR003199,2025-08-06T05:57:28Z,5.74,GBP,card
TXN00006981,USR003754,2025-08-06T07:02:37Z,446.89,PLN,stocks
TXN00001141,USR000288,2025-08-06T10:04:13Z,33.20,EUR,card
TXN00008642,USR002645,2025-08-06T12:15:21Z,13.64,EUR,card
TXN00008578,USR002295,2025-08-06T13:57:59Z,13.24,EUR,card
TXN00002851,USR002871,2025-08-06T14:58:19Z,15.81,EUR,card
TXN00007077,USR004239,2025-08-06T17:09:44Z,406.84,EUR,FX
TXN00005969,USR002857,2025-08-06T19:03:15Z,338.38,GBP,stocks
TXN00006406,USR003128,2025-08-06T21:42:06Z,10.65,EUR,card
TXN00003740,USR000264,2025-08-07T00:38:30Z,267.14,EUR,savings
TXN00002584,USR001935,2025-08-07T03:25:47Z,17.45,EUR,card
TXN00002067,USR002903,2025-08-07T06:50:36Z,111.91,CAD,card
TXN00003251,USR004946,2025-08-07T08:54:11Z,48.41,GBP,card
TXN00002283,USR002331,2025-08-07T12:30:37Z,14.31,EUR,card
TXN00006150,USR002924,2025-08-07T15:20:52Z,603.37,EUR,stocks
TXN00004994,USR002441,2025-08-07T16:15:52Z,40.00,GBP,card
TXN00003088,USR002385,2025-08-07T23:32:28Z,64.34,NOK,FX
TXN00003571,USR003911,2025-08-08T00:13:52Z,134.19,GBP,crypto
TXN00001576,USR002119,2025-08-08T03:04:34Z,7.70,EUR,card
TXN00006828,USR001326,2025-08-08T21:45:34Z,106.03,USD,crypto
TXN00000699,USR000203,2025-08-08T21:56:20Z,18.83,SEK,card
TXN00007515,USR002795,2025-08-08T22:03:01Z,189.97,EUR,stocks
TXN00002960,USR001068,2025-08-08T23:38:11Z,28.26,EUR,card
TXN00000924,USR002839,2025-08-09T01:01:05Z,11.30,GBP,card
TXN00007562,USR000338,2025-08-09T03:23:55Z,250.88,GBP,stocks
TXN00008353,USR002702,2025-08-09T07:47:03Z,73.74,GBP,card
TXN00006639,USR000536,2025-08-09T14:44:26Z,209.39,EUR,card
TXN00005688,USR003842,2025-08-09T15:10:17Z,34.71,EUR,card
TXN00001564,USR003754,2025-08-09T16:45:01Z,38.02,PLN,card
TXN00001404,USR002382,2025-08-09T17:44:29Z,38.70,EUR,crypto
TXN00004259,USR000614,2025-08-09T18:23:32Z,22.39,GBP,card
TXN00008748,USR001395,2025-08-09T19:20:58Z,22.79,GBP,card
TXN00007646,USR004449,2025-08-10T05:42:31Z,20.63,EUR,stocks
TXN00000794,USR000898,2025-08-10T09:43:02Z,105.48,EUR,savings
TXN00005720,USR004432,2025-08-10T16:49:32Z,34.56,JPY,card
TXN00001007,USR003321,2025-08-10T19:21:24Z,35.11,EUR,card
TXN00002055,USR003103,2025-08-10T20:14:43Z,29.71,EUR,card
TXN00001827,USR004238,2025-08-10T20:40:25Z,162.73,GBP,stocks
TXN00000506,USR001140,2025-08-10T21:31:16Z,118.50,CHF,card
TXN00008737,USR001261,2025-08-10T23:54:59Z,19.99,EUR,card
TXN00000569,USR004019,2025-08-11T00:31:28Z,274.83,GBP,crypto
TXN00001734,USR004614,2025-08-11T05:15:13Z,11.36,GBP,card
TXN00001684,USR000963,2025-08-11T10:47:52Z,14.00,EUR,card
TXN00005472,USR002063,2025-08-11T12:28:37Z,166.54,EUR,crypto
TXN00005005,USR003418,2025-08-11T14:57:08Z,17.51,EUR,card
TXN00004343,USR000523,2025-08-11T20:31:17Z,25.30,PLN,card
TXN00007447,USR000258,2025-08-12T01:52:41Z,17.07,GBP,card
TXN00002921,USR004485,2025-08-12T03:03:04Z,53.58,GBP,card
TXN00006329,USR003685,2025-08-12T07:51:17Z,83.66,GBP,card
TXN00005816,USR004702,2025-08-12T08:22:22Z,29.69,GBP,card
TXN00006990,USR003937,2025-08-12T09:13:22Z,260.77,EUR,savings
TXN00000441,USR000627,2025-08-12T12:21:26Z,38.24,GBP,stocks
TXN00006019,USR001385,2025-08-12T13:05:14Z,936.80,EUR,savings
TXN00002701,USR002705,2025-08-12T13:49:44Z,16.25,GBP,card
TXN00007713,USR001810,2025-08-12T13:51:52Z,390.47,PLN,FX
TXN00001930,USR003946,2025-08-12T15:28:27Z,6.08,JPY,card
TXN00000363,USR001157,2025-08-12T15:57:12Z,57.36,GBP,card
TXN00001203,USR001420,2025-08-12T16:43:15Z,3.53,SEK,card
TXN00007696,USR004356,2025-08-13T02:17:37Z,-15.71,CHF,card
TXN00001853,USR000374,2025-08-13T07:35:30Z,7.14,EUR,card
TXN00006457,USR002039,2025-08-13T11:15:05Z,16.09,EUR,card
TXN00008713,USR003358,2025-08-13T16:50:54Z,124.89,RON,crypto
TXN00003524,USR002452,2025-08-13T17:15:20Z,528.97,RON,savings
TXN00008429,USR002107,2025-08-13T21:20:21Z,55.06,EUR,card
TXN00000585,USR001112,2025-08-13T22:09:07Z,-12.87,EUR,card
TXN00001652,USR001920,2025-08-13T23:07:04Z,83.81,NOK,stocks
TXN00002176,USR002987,2025-08-14T03:39:20Z,56.23,EUR,card
TXN00008860,USR003999,2025-08-14T05:46:38Z,385.51,EUR,stocks
TXN00000115,USR000699,2025-08-14T10:36:18Z,8.32,PLN,card
TXN00006542,USR003307,2025-08-14T11:48:48Z,35.39,GBP,card
TXN00004361,USR003877,2025-08-15T05:15:36Z,19.35,RON,card
TXN00008439,USR001002,2025-08-15T06:47:09Z,8.05,EUR,card
TXN00002166,USR001113,2025-08-15T07:46:26Z,12.25,GBP,card
TXN00001054,USR003612,2025-08-15T08:18:36Z,20.36,EUR,card
TXN00000945,USR001402,2025-08-15T10:53:01Z,30.17,EUR,card
TXN00007584,USR002941,2025-08-15T20:54:21Z,10.35,GBP,card
TXN00000601,USR002096,2025-08-16T01:36:38Z,160.45,EUR,stocks
TXN00005382,USR004026,2025-08-16T01:44:18Z,191.38,EUR,FX
TXN00002139,USR001292,2025-08-16T03:19:38Z,430.62,CHF,savings
TXN00006058,USR000293,2025-08-16T08:29:20Z,117.31,EUR,savings
TXN00008731,USR004522,2025-08-16T08:44:20Z,564.73,EUR,savings
TXN00004335,USR004206,2025-08-16T11:20:24Z,252.67,GBP,FX
TXN00001138,USR003241,2025-08-16T13:04:13Z,138.15,PLN,FX
TXN00004309,USR000420,2025-08-16T17:34:28Z,2.87,EUR,card
TXN00006412,USR001958,2025-08-16T17:48:33Z,8.95,CHF,card
TXN00002596,USR001824,2025-08-17T00:12:11Z,15.12,RON,card
TXN00004598,USR004181,2025-08-17T02:25:39Z,34.34,EUR,card
TXN00003960,USR002340,2025-08-17T03:22:17Z,15.46,EUR,card
TXN00005925,USR003451,2025-08-17T11:47:09Z,460.07,CAD,FX
TXN00001223,USR001620,2025-08-17T14:06:58Z,36.65,GBP,card
TXN00008214,USR002477,2025-08-17T23:52:37Z,9.36,EUR,card
TXN00008071,USR001918,2025-08-18T00:56:14Z,320.29,EUR,FX
TXN00008358,USR000790,2025-08-18T03:22:47Z,317.00,PLN,stocks
TXN00008603,USR000679,2025-08-18T03:44:33Z,11.02,SEK,card
TXN00007850,USR003790,2025-08-18T05:01:16Z,76.40,RON,card
TXN00004738,USR004325,2025-08-18T11:40:37Z,158.51,EUR,card
TXN00006553,USR004702,2025-08-18T17:22:21Z,31.88,GBP,card
TXN00002362,USR003296,2025-08-18T17:22:34Z,1878.71,GBP,FX
TXN00008366,USR000898,2025-08-18T17:42:28Z,20.02,EUR,card
TXN00004792,USR003690,2025-08-18T18:57:21Z,12.09,EUR,card
TXN00000969,USR000640,2025-08-18T19:08:49Z,499.30,EUR,FX
TXN00008032,USR004272,2025-08-19T07:24:28Z,50.90,EUR,card
TXN00002605,USR001904,2025-08-19T14:41:58Z,34.58,NOK,card
TXN00006827,USR001046,2025-08-19T15:24:09Z,12.32,GBP,card
TXN00005151,USR003358,2025-08-19T21:35:35Z,713.21,EUR,savings
TXN00006538,USR002676,2025-08-20T01:42:52Z,107.12,EUR,FX
TXN00000929,USR002720,2025-08-20T12:06:17Z,65.27,GBP,crypto
TXN00002741,USR001914,2025-08-20T12:32:13Z,116.33,CHF,crypto
TXN00008589,USR001269,2025-08-20T13:33:52Z,64.99,GBP,crypto
TXN00000939,USR001384,2025-08-20T14:59:09Z,57.47,EUR,card
TXN00008082,USR001094,2025-08-20T18:58:17Z,103.11,GBP,card
TXN00003439,USR000322,2025-08-20T20:38:56Z,182.61,GBP,stocks
TXN00007228,USR002902,2025-08-20T20:50:44Z,255.24,EUR,FX
TXN00007105,USR002216,2025-08-21T02:09:55Z,30.68,SEK,card
TXN00007820,USR004943,2025-08-21T04:13:45Z,22.75,GBP,card
TXN00004689,USR000729,2025-08-21T04:14:05Z,26.30,GBP,card
TXN00007882,USR003956,2025-08-21T04:49:59Z,8.16,SEK,card
TXN00003067,USR004631,2025-08-21T08:46:19Z,-53.73,EUR,card
TXN00002147,USR001838,2025-08-21T18:11:22Z,7.77,EUR,card
TXN00001506,USR003475,2025-08-21T21:46:17Z,100.62,PLN,card
TXN00007856,USR000381,2025-08-22T07:00:21Z,28.88,NOK,card
TXN00002685,USR001736,2025-08-22T07:56:15Z,23.81,EUR,card
TXN00001810,USR002103,2025-08-22T14:17:15Z,12.81,PLN,card
TXN00008561,USR003383,2025-08-22T16:47:56Z,692.70,SEK,savings
TXN00007808,USR002731,2025-08-22T22:11:54Z,26.19,GBP,card
TXN00001663,USR003040,2025-08-22T22:19:45Z,164.82,GBP,savings
TXN00002094,USR001200,2025-08-23T01:53:28Z,18.16,EUR,card
TXN00001379,USR003444,2025-08-23T03:57:10Z,13.24,EUR,card
TXN00007064,USR000289,2025-08-23T04:54:28Z,58.36,EUR,card
TXN00007909,USR000615,2025-08-23T12:35:16Z,163.00,GBP,stocks
TXN00007711,USR001060,2025-08-23T18:03:28Z,13.25,GBP,card
TXN00003188,USR002808,2025-08-23T21:54:09Z,134.13,EUR,stocks
TXN00008901,USR001232,2025-08-23T22:44:47Z,3.02,EUR,card
TXN00006316,USR002107,2025-08-24T04:20:25Z,109.98,EUR,card
TXN00003442,USR001164,2025-08-24T04:55:14Z,21.98,EUR,card
TXN00007373,USR001164,2025-08-24T07:42:16Z,7.55,EUR,card
TXN00001216,USR003292,2025-08-24T09:26:17Z,32.88,EUR,card
TXN00001311,USR004238,2025-08-24T12:19:12Z,41.13,NOK,card
TXN00004221,USR000048,2025-08-24T13:13:39Z,9.28,EUR,card
TXN00004164,USR000232,2025-08-24T15:42:05Z,62.05,GBP,crypto
TXN00005403,USR000569,2025-08-24T21:43:28Z,974.89,EUR,FX
TXN00005873,USR000919,2025-08-24T21:58:53Z,319.87,EUR,FX
TXN00004960,USR004705,2025-08-24T22:56:12Z,27.02,NOK,card
TXN00001993,USR003671,2025-08-25T00:23:25Z,30.98,EUR,card
TXN00003324,USR001177,2025-08-25T01:42:59Z,19.39,GBP,card
TXN00002122,USR004445,2025-08-25T06:33:07Z,27.67,EUR,crypto
TXN00004896,USR002032,2025-08-25T08:15:28Z,96.36,GBP,card
TXN00004502,USR000131,2025-08-25T12:44:42Z,88.68,PLN,card
TXN00002750,USR002922,2025-08-25T18:55:07Z,9.35,EUR,card
TXN00000457,USR004687,2025-08-25T23:09:51Z,243.71,EUR,savings
TXN00006836,USR000050,2025-08-26T04:27:55Z,29.03,CHF,card
TXN00005912,USR004693,2025-08-26T04:54:06Z,22.25,EUR,card
TXN00001785,USR004510,2025-08-26T06:24:07Z,15.91,EUR,card
TXN00006330,USR000046,2025-08-26T06:52:38Z,37.40,GBP,card
TXN00003583,USR004035,2025-08-26T06:59:56Z,170.58,GBP,FX
TXN00001173,USR004206,2025-08-26T13:12:32Z,3.34,GBP,card
TXN00002880,USR004809,2025-08-26T14:52:14Z,24.28,EUR,card
TXN00000775,USR001435,2025-08-27T02:24:28Z,87.58,EUR,card
TXN00002647,USR003987,2025-08-27T05:05:20Z,625.48,EUR,savings
TXN00004053,USR004254,2025-08-27T06:23:27Z,300.16,PLN,FX
TXN00000792,USR002377,2025-08-27T07:19:03Z,17.22,EUR,card
TXN00008936,USR003671,2025-08-27T09:16:04Z,10.76,EUR,card
TXN00002016,USR000478,2025-08-27T11:48:52Z,561.82,EUR,savings
TXN00003550,USR002882,2025-08-27T12:00:01Z,148.69,EUR,savings
TXN00000359,USR002798,2025-08-27T15:23:31Z,152.11,EUR,crypto
TXN00003011,USR003769,2025-08-27T17:16:28Z,233.20,EUR,savings
TXN00008467,USR001767,2025-08-27T17:24:33Z,273.72,PLN,stocks
TXN00006858,USR001617,2025-08-27T19:41:26Z,470.02,EUR,savings
TXN00004222,USR002932,2025-08-28T00:15:15Z,613.66,EUR,savings
TXN00004298,USR001886,2025-08-28T00:18:52Z,486.29,EUR,stocks
TXN00001414,USR000844,2025-08-28T02:46:39Z,16.93,EUR,card
TXN00008141,USR004422,2025-08-28T02:50:47Z,394.69,EUR,savings
TXN00008668,USR004426,2025-08-28T07:05:48Z,35.13,GBP,card
TXN00006998,USR001296,2025-08-28T08:33:44Z,707.71,EUR,savings
TXN00006173,USR001659,2025-08-28T14:46:14Z,479.21,EUR,FX
TXN00005219,USR000212,2025-08-28T14:57:16Z,30.56,CHF,card
TXN00005205,USR000670,2025-08-28T15:00:15Z,4.79,EUR,card
TXN00006620,USR003179,2025-08-28T16:13:36Z,43.99,EUR,card
TXN00000534,USR001485,2025-08-28T17:14:37Z,49.82,EUR,card
TXN00006886,USR003382,2025-08-28T19:14:56Z,175.08,GBP,FX
TXN00000307,USR004563,2025-08-28T23:33:56Z,279.12,EUR,FX
TXN00003213,USR002835,2025-08-29T06:05:21Z,45.76,PLN,card
TXN00002522,USR001930,2025-08-29T07:44:48Z,53.05,EUR,card
TXN00008116,USR000008,2025-08-29T10:23:35Z,35.59,EUR,card
TXN00000968,USR001461,2025-08-29T15:13:03Z,9.31,EUR,card
TXN00002214,USR002288,2025-08-29T18:31:07Z,49.48,GBP,card
TXN00002284,USR000572,2025-08-29T19:26:09Z,28.29,EUR,crypto
TXN00000593,USR000414,2025-08-30T03:08:44Z,95.98,CHF,card
TXN00003277,USR000877,2025-08-30T06:21:41Z,180.26,GBP,card
TXN00003352,USR002044,2025-08-30T13:08:55Z,34.12,SEK,card
TXN00008978,USR003376,2025-08-30T13:39:52Z,12.54,EUR,card
TXN00005650,USR003107,2025-08-30T17:47:45Z,30.15,EUR,card
TXN00004690,USR003758,2025-08-30T23:21:13Z,23.65,PLN,card
TXN00007695,USR003548,2025-08-31T01:32:42Z,259.74,EUR,savings
TXN00005298,USR000195,2025-08-31T02:31:16Z,72.15,PLN,card
TXN00004165,USR001085,2025-08-31T02:37:10Z,23.60,GBP,card
TXN00005321,USR002897,2025-08-31T05:16:51Z,353.83,EUR,crypto
TXN00005148,USR001022,2025-08-31T06:35:57Z,16.30,GBP,card
TXN00007191,USR001423,2025-08-31T06:47:45Z,21.62,USD,card
TXN00007952,USR000685,2025-08-31T09:12:34Z,5.02,GBP,card
TXN00006020,USR002536,2025-08-31T11:22:41Z,34.03,GBP,FX
TXN00007945,USR004269,2025-08-31T12:23:45Z,58.12,EUR,savings
TXN00002228,USR003444,2025-08-31T18:49:17Z,18.53,EUR,card
TXN00005337,USR001952,2025-08-31T22:35:19Z,1425.07,PLN,savings
TXN00006816,USR002674,2025-08-31T23:43:40Z,31.69,EUR,card
TXN00003687,USR002961,2025-09-01T02:50:40Z,212.89,GBP,FX
TXN00001901,USR001850,2025-09-01T05:36:40Z,484.38,PLN,savings
TXN00001258,USR004023,2025-09-01T06:34:08Z,14.45,SEK,card
TXN00000025,USR002308,2025-09-01T06:38:39Z,57.73,RON,crypto
TXN00001826,USR003858,2025-09-01T08:45:39Z,-39.89,EUR,card
TXN00000597,USR003530,2025-09-01T09:43:10Z,3.04,GBP,card
TXN00006969,USR003751,2025-09-01T14:15:49Z,109.25,GBP,FX
TXN00004652,USR004847,2025-09-01T17:24:20Z,111.89,GBP,FX
TXN00007580,USR002787,2025-09-01T17:29:25Z,8.23,EUR,card
TXN00004982,USR001830,2025-09-01T17:38:14Z,197.88,EUR,stocks
TXN00003403,USR001406,2025-09-01T21:29:06Z,28.98,EUR,card
TXN00000366,USR002742,2025-09-01T23:13:00Z,26.51,EUR,card
TXN00004788,USR002659,2025-09-01T23:40:48Z,867.02,EUR,savings
TXN00001249,USR000140,2025-09-02T01:11:22Z,6.76,USD,card
TXN00002567,USR004238,2025-09-02T01:41:37Z,8.35,GBP,card
TXN00001661,USR004476,2025-09-02T02:01:05Z,9.25,EUR,card
TXN00004308,USR002156,2025-09-02T04:04:02Z,42.53,CHF,card
TXN00006852,USR002847,2025-09-02T10:13:28Z,26.93,EUR,card
TXN00008580,USR002512,2025-09-02T14:25:16Z,66.20,JPY,card
TXN00008890,USR000133,2025-09-02T16:53:26Z,37.66,EUR,card
TXN00005547,USR000449,2025-09-02T17:09:51Z,461.54,RON,FX
TXN00001189,USR004841,2025-09-02T17:56:29Z,26.81,EUR,card
TXN00008209,USR001482,2025-09-02T21:14:35Z,317.09,GBP,savings
TXN00004079,USR000466,2025-09-02T22:12:34Z,82.30,EUR,card
TXN00002443,USR000300,2025-09-02T23:01:22Z,42.99,GBP,card
TXN00006830,USR000913,2025-09-03T01:19:51Z,17.58,EUR,card
TXN00000995,USR002071,2025-09-03T02:43:29Z,28.75,EUR,card
TXN00004915,USR002686,2025-09-03T03:33:10Z,27.10,GBP,card
TXN00008407,USR000061,2025-09-03T05:38:26Z,10.44,GBP,card
TXN00007004,USR000891,2025-09-03T08:16:50Z,16.70,GBP,card
TXN00002278,USR000868,2025-09-03T08:29:37Z,94.39,GBP,savings
TXN00001654,USR002162,2025-09-03T09:06:18Z,13.71,EUR,card
TXN00006601,USR000728,2025-09-03T09:59:50Z,35.76,RON,card
TXN00002956,USR003348,2025-09-03T10:03:39Z,46.90,EUR,card
TXN00002053,USR003687,2025-09-03T12:36:11Z,41.92,CHF,card
TXN00006515,USR003739,2025-09-03T12:40:30Z,243.22,EUR,FX
TXN00006766,USR000330,2025-09-03T13:48:39Z,22.08,CHF,card
TXN00002720,USR001882,2025-09-03T17:56:58Z,782.06,JPY,savings
TXN00008312,USR001332,2025-09-03T23:27:21Z,341.55,EUR,stocks
TXN00001332,USR001583,2025-09-04T11:26:55Z,54.30,EUR,savings
TXN00003996,USR003391,2025-09-04T11:58:57Z,555.38,EUR,crypto
TXN00000166,USR003383,2025-09-04T12:11:11Z,46.74,USD,card
TXN00002917,USR000455,2025-09-04T13:49:10Z,1572.95,GBP,FX
TXN00007187,USR000646,2025-09-04T15:49:12Z,290.12,GBP,FX
TXN00002927,USR004944,2025-09-04T17:19:24Z,369.96,GBP,savings
TXN00006038,USR004830,2025-09-04T22:05:55Z,18.31,PLN,card
TXN00005323,USR002048,2025-09-04T22:29:40Z,28.13,EUR,card
TXN00000303,USR004068,2025-09-05T02:56:21Z,549.73,RON,FX
TXN00008769,USR001885,2025-09-05T03:01:22Z,12.82,GBP,card
TXN00003256,USR001089,2025-09-05T03:48:28Z,72.80,NOK,crypto
TXN00005746,USR001317,2025-09-05T05:43:54Z,109.74,JPY,savings
TXN00000704,USR003088,2025-09-05T07:05:19Z,144.15,EUR,savings
TXN00006376,USR002661,2025-09-05T14:20:31Z,37.04,EUR,card
TXN00002209,USR001559,2025-09-05T19:08:55Z,208.99,GBP,FX
TXN00004257,USR001927,2025-09-06T04:23:37Z,17.88,RON,card
TXN00007404,USR004827,2025-09-06T04:35:29Z,1880.54,EUR,stocks
TXN00007369,USR003049,2025-09-06T05:58:03Z,26.19,GBP,card
TXN00002192,USR002775,2025-09-06T07:16:55Z,4.28,CHF,card
TXN00008076,USR000521,2025-09-06T08:41:12Z,275.44,EUR,stocks
TXN00002001,USR004667,2025-09-06T11:55:55Z,99.44,EUR,crypto
TXN00008926,USR003377,2025-09-06T13:07:04Z,55.11,EUR,FX
TXN00002155,USR002798,2025-09-06T14:06:00Z,107.21,EUR,card
TXN00004180,USR003727,2025-09-06T14:34:00Z,494.97,GBP,savings
TXN00008810,USR002198,2025-09-06T18:55:56Z,22.30,GBP,card
TXN00000662,USR001188,2025-09-07T05:33:02Z,7.96,EUR,card
TXN00000271,USR002167,2025-09-07T06:10:13Z,30.14,GBP,card
TXN00001184,USR003930,2025-09-07T11:46:23Z,21.36,RON,card
TXN00005600,USR000842,2025-09-07T22:37:31Z,92.63,CAD,card
TXN00006367,USR003975,2025-09-08T03:09:15Z,7.83,GBP,card
TXN00008573,USR004604,2025-09-08T04:35:16Z,84.23,EUR,card
TXN00003652,USR000988,2025-09-08T06:22:31Z,86.57,GBP,card
TXN00008269,USR000637,2025-09-08T13:29:11Z,96.00,NOK,card
TXN00006313,USR003673,2025-09-08T15:00:48Z,48.70,RON,card
TXN00005856,USR001850,2025-09-08T17:57:36Z,520.79,PLN,FX
TXN00000004,USR001220,2025-09-09T00:44:15Z,94.43,EUR,card
TXN00008954,USR002374,2025-09-09T03:20:03Z,11.61,EUR,card
TXN00006465,USR000008,2025-09-09T05:45:11Z,147.38,EUR,stocks
TXN00006265,USR004974,2025-09-09T07:31:41Z,83.99,EUR,crypto
TXN00008058,USR001494,2025-09-09T12:20:29Z,1430.33,RON,savings
TXN00003619,USR001122,2025-09-09T17:19:20Z,39.45,GBP,card
TXN00001611,USR000098,2025-09-09T17:36:01Z,13.07,PLN,card
TXN00001292,USR000289,2025-09-09T17:58:53Z,125.74,EUR,stocks
TXN00003851,USR002428,2025-09-09T18:04:57Z,90.78,EUR,crypto
TXN00002013,USR002324,2025-09-09T21:02:26Z,26.16,EUR,card
TXN00004012,USR000654,2025-09-09T21:42:07Z,13.33,PLN,card
TXN00008231,USR002887,2025-09-09T22:10:30Z,68.65,GBP,FX
TXN00001860,USR004906,2025-09-10T04:29:36Z,112.22,EUR,stocks
TXN00004387,USR004771,2025-09-10T06:04:41Z,2.34,USD,card
TXN00003298,USR003498,2025-09-10T07:53:46Z,25.17,GBP,card
TXN00008208,USR000189,2025-09-10T10:49:38Z,25.54,EUR,card
TXN00006158,USR003265,2025-09-10T14:50:10Z,28.91,PLN,card
TXN00002545,USR004075,2025-09-10T16:01:40Z,18.89,EUR,card
TXN00002812,USR004631,2025-09-10T16:35:46Z,106.10,EUR,savings
TXN00002570,USR000134,2025-09-10T16:42:39Z,56.57,GBP,card
TXN00005954,USR000392,2025-09-10T19:21:05Z,8.13,EUR,card
TXN00000536,USR003999,2025-09-10T20:42:48Z,28.43,EUR,card
TXN00001013,USR000563,2025-09-10T21:06:34Z,52.07,EUR,card
TXN00006512,USR004845,2025-09-10T21:09:32Z,53.18,EUR,card
TXN00007434,USR000153,2025-09-10T22:37:53Z,314.74,GBP,savings
TXN00006846,USR003594,2025-09-11T00:26:28Z,7.16,EUR,card
TXN00006295,USR000080,2025-09-11T02:44:51Z,14.79,EUR,card
TXN00001285,USR002796,2025-09-11T12:27:17Z,2939.68,PLN,savings
TXN00006894,USR003371,2025-09-11T12:36:44Z,115.41,GBP,FX
TXN00008117,USR003777,2025-09-11T15:29:07Z,6.96,GBP,card
TXN00000368,USR003938,2025-09-11T19:55:28Z,79.79,GBP,card
TXN00005862,USR003075,2025-09-11T22:20:11Z,122.74,GBP,crypto
TXN00003551,USR003853,2025-09-12T01:58:18Z,317.38,NOK,savings
TXN00005473,USR001701,2025-09-12T05:06:18Z,13.78,EUR,card
TXN00007143,USR000495,2025-09-12T06:32:50Z,30.44,EUR,card
TXN00000084,USR002722,2025-09-12T06:37:19Z,253.04,NOK,stocks
TXN00008806,USR003353,2025-09-12T07:40:47Z,59.65,EUR,card
TXN00006187,USR004118,2025-09-12T08:50:55Z,9.93,PLN,card
TXN00008255,USR001885,2025-09-12T10:14:40Z,953.16,GBP,savings
TXN00007819,USR001888,2025-09-12T14:29:57Z,192.44,SEK,crypto
TXN00007234,USR003182,2025-09-12T15:17:34Z,44.39,EUR,card
TXN00007522,USR003949,2025-09-12T16:48:51Z,423.94,USD,savings
TXN00006682,USR004259,2025-09-12T18:54:21Z,115.23,PLN,card
TXN00003570,USR002111,2025-09-12T19:53:42Z,323.84,EUR,crypto
TXN00000165,USR002067,2025-09-12T23:25:45Z,39.12,EUR,card
TXN00004587,USR004583,2025-09-13T02:39:44Z,575.76,CHF,savings
TXN00001756,USR001706,2025-09-13T05:02:17Z,15.30,PLN,card
TXN00007426,USR000900,2025-09-13T06:42:17Z,43.41,EUR,card
TXN00000226,USR001353,2025-09-13T07:04:01Z,8.26,GBP,card
TXN00008798,USR002409,2025-09-13T11:56:38Z,261.81,GBP,savings
TXN00007476,USR001364,2025-09-13T12:35:42Z,30.57,GBP,card
TXN00007503,USR000575,2025-09-13T14:44:27Z,26.53,RON,card
TXN00008354,USR001668,2025-09-13T15:20:44Z,14.78,EUR,card
TXN00003017,USR001435,2025-09-13T20:09:09Z,30.13,EUR,card
TXN00002593,USR004265,2025-09-13T22:16:08Z,53.92,SEK,card
TXN00007481,USR000362,2025-09-14T04:10:42Z,42.26,JPY,card
TXN00006375,USR000402,2025-09-14T04:35:18Z,178.74,EUR,crypto
TXN00006135,USR000248,2025-09-14T05:02:24Z,9.90,GBP,card
TXN00002349,USR004332,2025-09-14T05:48:55Z,30.13,EUR,crypto
TXN00000402,USR001467,2025-09-14T07:16:55Z,5.19,RON,card
TXN00007560,USR000652,2025-09-15T00:34:21Z,502.37,SEK,FX
TXN00007470,USR003685,2025-09-15T01:32:00Z,170.32,CAD,savings
TXN00007628,USR000965,2025-09-15T06:27:58Z,33.75,SEK,stocks
TXN00005972,USR000646,2025-09-15T07:24:28Z,14.46,GBP,card
TXN00003600,USR004236,2025-09-15T08:26:10Z,3.75,SEK,card
TXN00005640,USR004363,2025-09-15T12:47:12Z,44.41,EUR,card
TXN00007076,USR004427,2025-09-15T16:10:10Z,-8.76,GBP,card
TXN00000083,USR000789,2025-09-15T16:23:52Z,573.60,SEK,savings
TXN00001092,USR002477,2025-09-15T21:16:34Z,191.86,EUR,FX
TXN00004699,USR003367,2025-09-16T00:19:21Z,42.35,EUR,card
TXN00003751,USR002341,2025-09-16T00:35:58Z,70.01,EUR,savings
TXN00007757,USR001764,2025-09-16T02:28:50Z,272.63,GBP,savings
TXN00007662,USR004900,2025-09-16T06:42:07Z,6.74,EUR,card
TXN00006446,USR000148,2025-09-16T09:04:52Z,101.70,EUR,FX
TXN00001049,USR002460,2025-09-16T10:59:23Z,45.83,GBP,crypto
TXN00006226,USR001921,2025-09-16T12:38:27Z,18.70,EUR,card
TXN00000630,USR002566,2025-09-16T14:10:18Z,19.53,GBP,card
TXN00001978,USR001079,2025-09-16T14:43:06Z,15.50,PLN,card
TXN00007063,USR002135,2025-09-16T22:10:22Z,94.80,EUR,FX
TXN00002517,USR001146,2025-09-17T04:31:33Z,21.65,GBP,card
TXN00001144,USR000572,2025-09-17T04:39:59Z,25.19,EUR,card
TXN00005791,USR001877,2025-09-17T05:14:37Z,14.84,EUR,card
TXN00007417,USR001640,2025-09-17T05:39:10Z,17.22,SEK,card
TXN00000720,USR001151,2025-09-17T07:58:30Z,88.17,EUR,card
TXN00003491,USR004738,2025-09-17T08:39:55Z,59.26,GBP,card
TXN00002086,USR003857,2025-09-17T09:04:39Z,46.72,GBP,card
TXN00001390,USR000216,2025-09-17T09:53:14Z,32.28,GBP,card
TXN00003090,USR002979,2025-09-17T11:07:53Z,5.67,EUR,card
TXN00007656,USR004563,2025-09-17T19:11:11Z,35.01,EUR,card
TXN00006466,USR001163,2025-09-17T22:12:48Z,38.18,EUR,card
TXN00007708,USR004629,2025-09-18T00:36:56Z,97.84,EUR,crypto
TXN00007938,USR001360,2025-09-18T01:48:58Z,51.81,EUR,card
TXN00007714,USR002328,2025-09-18T05:24:21Z,507.37,EUR,FX
TXN00002167,USR001123,2025-09-18T12:38:46Z,249.25,RON,crypto
TXN00000629,USR003607,2025-09-18T13:16:18Z,172.80,CHF,crypto
TXN00000774,USR000101,2025-09-18T15:41:12Z,25.82,EUR,card
TXN00000188,USR000572,2025-09-18T16:05:24Z,1395.40,EUR,FX
TXN00006754,USR002804,2025-09-18T18:27:43Z,-31.34,GBP,card
TXN00001446,USR002855,2025-09-18T18:50:16Z,175.24,EUR,stocks
TXN00002286,USR004691,2025-09-18T20:31:22Z,516.87,PLN,savings
TXN00000113,USR003434,2025-09-18T23:31:39Z,14.15,EUR,card
TXN00003228,USR003865,2025-09-19T13:47:09Z,6.12,GBP,card
TXN00004431,USR003457,2025-09-19T14:01:10Z,10.99,EUR,card
TXN00003280,USR000532,2025-09-19T14:17:52Z,43.86,GBP,card
TXN00004729,USR000630,2025-09-19T17:57:09Z,37.02,EUR,card
TXN00007348,USR000757,2025-09-19T20:41:56Z,14.18,EUR,card
TXN00001069,USR000970,2025-09-19T21:23:46Z,23.22,EUR,card
TXN00003927,USR002264,2025-09-20T01:15:40Z,12.07,GBP,card
TXN00004455,USR003714,2025-09-20T01:46:22Z,133.34,RON,stocks
TXN00001426,USR000763,2025-09-20T04:00:31Z,10.97,RON,card
TXN00008727,USR002399,2025-09-20T09:34:48Z,17.58,EUR,card
TXN00002396,USR002448,2025-09-20T14:02:50Z,10.38,EUR,card
TXN00002219,USR002057,2025-09-20T15:16:42Z,7.35,GBP,card
TXN00001698,USR000692,2025-09-20T21:29:38Z,544.11,EUR,FX
TXN00001045,USR003565,2025-09-21T02:31:08Z,68.46,CHF,card
TXN00007902,USR000046,2025-09-21T07:55:40Z,445.23,GBP,crypto
TXN00000146,USR004285,2025-09-21T09:24:12Z,73.04,GBP,card
TXN00000938,USR002994,2025-09-21T20:10:24Z,14.66,EUR,card
TXN00003355,USR004301,2025-09-21T21:05:01Z,754.56,RON,stocks
TXN00005273,USR000334,2025-09-21T22:07:48Z,33.21,PLN,card
TXN00001338,USR002016,2025-09-22T00:37:17Z,2.61,PLN,card
TXN00004616,USR004868,2025-09-22T02:24:08Z,81.85,GBP,savings
TXN00008426,USR004658,2025-09-22T06:29:20Z,329.86,GBP,FX
TXN00001710,USR004481,2025-09-22T07:50:04Z,67.92,EUR,card
TXN00000621,USR001224,2025-09-22T08:45:06Z,23.62,EUR,card
TXN00008789,USR000654,2025-09-22T15:14:51Z,208.96,PLN,savings
TXN00006076,USR004073,2025-09-22T17:54:23Z,53.63,PLN,savings
TXN00001435,USR001548,2025-09-22T18:49:39Z,104.37,GBP,FX
TXN00005556,USR004035,2025-09-22T19:18:56Z,21.29,CHF,card
TXN00005739,USR001260,2025-09-22T19:41:47Z,67.45,EUR,card
TXN00008444,USR001906,2025-09-22T23:17:44Z,30.71,GBP,card
TXN00008756,USR002049,2025-09-23T00:59:21Z,5.85,EUR,card
TXN00000983,USR002592,2025-09-23T02:08:51Z,26.29,GBP,card
TXN00001976,USR000073,2025-09-23T04:59:23Z,18.15,EUR,card
TXN00004214,USR000267,2025-09-23T05:41:48Z,23.85,GBP,card
TXN00003639,USR000451,2025-09-23T07:03:27Z,33.36,EUR,card
TXN00007532,USR000522,2025-09-23T07:55:47Z,202.51,GBP,FX
TXN00001771,USR000129,2025-09-23T08:55:37Z,33.07,EUR,crypto
TXN00008592,USR001032,2025-09-23T09:16:33Z,-51.65,GBP,card
TXN00006951,USR000409,2025-09-23T12:50:56Z,143.43,EUR,FX
TXN00004653,USR004226,2025-09-23T13:40:23Z,454.13,EUR,stocks
TXN00007215,USR000386,2025-09-23T15:59:15Z,42.60,GBP,card
TXN00001213,USR004997,2025-09-23T17:01:55Z,2057.77,EUR,savings
TXN00001537,USR004155,2025-09-23T17:12:47Z,114.23,GBP,crypto
TXN00005980,USR002988,2025-09-24T01:00:05Z,45.73,EUR,FX
TXN00003842,USR004803,2025-09-24T03:00:06Z,329.48,EUR,stocks
TXN00006271,USR004877,2025-09-24T04:44:02Z,14.78,EUR,card
TXN00006897,USR001063,2025-09-24T04:56:27Z,10.72,GBP,card
TXN00008262,USR001679,2025-09-24T11:19:58Z,22.07,EUR,card
TXN00002410,USR002351,2025-09-24T11:55:06Z,25.23,EUR,card
TXN00002348,USR004709,2025-09-24T12:38:31Z,331.92,EUR,FX
TXN00006099,USR001092,2025-09-24T15:12:30Z,3.63,PLN,card
TXN00006240,USR004421,2025-09-24T23:07:07Z,39.94,PLN,card
TXN00002651,USR002668,2025-09-25T00:05:48Z,68.33,EUR,card
TXN00001455,USR002559,2025-09-25T01:14:39Z,775.21,EUR,savings
TXN00008904,USR000868,2025-09-25T02:21:05Z,1773.65,CHF,FX
TXN00006169,USR002441,2025-09-25T03:56:04Z,6.10,GBP,card
TXN00001825,USR004419,2025-09-25T07:49:34Z,19.21,NOK,card
TXN00004853,USR001773,2025-09-25T13:58:21Z,262.34,RON,savings
TXN00006116,USR004205,2025-09-25T15:31:04Z,26.23,GBP,card
TXN00004848,USR002756,2025-09-25T16:44:19Z,45.24,EUR,crypto
TXN00003672,USR004567,2025-09-25T17:15:49Z,48.39,RON,card
TXN00008643,USR003702,2025-09-25T19:54:37Z,11.15,EUR,card
TXN00003552,USR001983,2025-09-26T02:01:17Z,15.70,GBP,card
TXN00002644,USR001880,2025-09-26T03:23:41Z,13.40,USD,card
TXN00004530,USR000883,2025-09-26T05:16:44Z,13.89,GBP,card
TXN00008013,USR003602,2025-09-26T05:43:24Z,18.22,EUR,card
TXN00003104,USR003725,2025-09-26T08:40:16Z,31.33,EUR,card
TXN00000744,USR002542,2025-09-26T11:32:24Z,169.89,CAD,FX
TXN00005599,USR001152,2025-09-26T12:19:02Z,573.07,GBP,stocks
TXN00005269,USR001633,2025-09-26T14:51:27Z,69.47,EUR,card
TXN00008967,USR004687,2025-09-26T15:13:00Z,13.66,GBP,card
TXN00000326,USR000115,2025-09-26T16:42:28Z,37.65,EUR,card
TXN00006333,USR001772,2025-09-26T17:12:23Z,613.69,GBP,FX
TXN00005515,USR002911,2025-09-26T21:24:12Z,135.31,EUR,FX
TXN00007475,USR003644,2025-09-26T23:20:42Z,154.62,GBP,savings
TXN00008176,USR004543,2025-09-27T02:18:55Z,451.91,GBP,stocks
TXN00002261,USR003255,2025-09-27T03:15:48Z,106.46,RON,card
TXN00000978,USR001575,2025-09-27T06:05:11Z,35.33,EUR,card
TXN00000485,USR002125,2025-09-27T08:33:02Z,12.38,GBP,card
TXN00005380,USR000210,2025-09-27T09:46:55Z,113.88,RON,savings
TXN00002357,USR002635,2025-09-27T11:33:25Z,99.28,SEK,crypto
TXN00008332,USR004408,2025-09-27T15:22:25Z,95.80,GBP,crypto
TXN00001212,USR001568,2025-09-27T18:42:07Z,20.53,EUR,card
TXN00006587,USR000151,2025-09-27T19:27:26Z,112.02,EUR,card
TXN00003654,USR001102,2025-09-27T22:06:32Z,24.98,CHF,card
TXN00003396,USR001787,2025-09-28T00:52:56Z,325.84,GBP,crypto
TXN00007953,USR002060,2025-09-28T02:45:04Z,32.73,EUR,savings
TXN00003559,USR001387,2025-09-28T04:33:55Z,6.40,EUR,card
TXN00002319,USR001895,2025-09-28T04:43:46Z,269.73,EUR,crypto
TXN00006885,USR003023,2025-09-28T04:47:31Z,176.20,EUR,card
TXN00003219,USR002799,2025-09-28T05:17:46Z,286.83,NOK,stocks
TXN00007296,USR000936,2025-09-28T05:59:11Z,8.19,EUR,card
TXN00004048,USR000426,2025-09-28T11:14:41Z,9.82,GBP,card
TXN00003476,USR003176,2025-09-28T12:36:50Z,191.69,GBP,stocks
TXN00002211,USR002218,2025-09-28T14:02:16Z,8.86,EUR,card
TXN00004134,USR001666,2025-09-28T16:39:09Z,39.48,CAD,card
TXN00002637,USR000755,2025-09-28T22:39:19Z,205.42,EUR,FX
TXN00007078,USR000632,2025-09-29T03:47:43Z,7.87,RON,card
TXN00001427,USR003332,2025-09-29T08:46:14Z,635.14,PLN,savings
TXN00000194,USR000115,2025-09-29T10:44:03Z,187.23,EUR,crypto
TXN00004631,USR001913,2025-09-29T11:50:28Z,7.19,PLN,card
TXN00007854,USR003961,2025-09-29T13:01:27Z,18.61,PLN,card
TXN00004997,USR001421,2025-09-29T15:24:13Z,492.50,EUR,savings
TXN00003114,USR004045,2025-09-29T19:43:36Z,124.67,GBP,savings
TXN00001318,USR002826,2025-09-30T02:08:31Z,28.52,EUR,crypto
TXN00007851,USR001162,2025-09-30T03:53:29Z,52.37,GBP,FX
TXN00002940,USR000600,2025-09-30T09:44:03Z,241.26,EUR,stocks
TXN00001566,USR004862,2025-09-30T12:03:42Z,187.83,EUR,crypto
TXN00007570,USR001396,2025-09-30T14:44:30Z,203.40,EUR,stocks
TXN00000753,USR002797,2025-09-30T19:03:53Z,10.75,PLN,card
TXN00007569,USR004003,2025-10-01T00:00:38Z,6.42,EUR,card
TXN00006147,USR000013,2025-10-01T02:06:56Z,50.68,NOK,card
TXN00004057,USR003224,2025-10-01T04:11:18Z,226.23,GBP,stocks
TXN00005544,USR003891,2025-10-01T04:34:03Z,63.72,CHF,FX
TXN00001343,USR001538,2025-10-01T04:37:00Z,55.47,RON,card
TXN00008152,USR003012,2025-10-01T07:42:09Z,23.17,EUR,card
TXN00003869,USR000378,2025-10-01T08:45:39Z,107.18,GBP,savings
TXN00002012,USR001768,2025-10-01T12:48:47Z,287.54,EUR,FX
TXN00007812,USR001150,2025-10-01T12:54:02Z,43.11,EUR,card
TXN00001255,USR002839,2025-10-01T13:04:22Z,19.20,GBP,card
TXN00002271,USR003924,2025-10-01T13:55:46Z,65.54,NOK,card
TXN00002031,USR003397,2025-10-01T15:48:21Z,18.39,EUR,card
TXN00000403,USR002729,2025-10-01T16:42:13Z,10.98,EUR,card
TXN00006806,USR000496,2025-10-01T19:40:57Z,15.04,EUR,card
TXN00003295,USR002585,2025-10-01T20:24:20Z,122.31,JPY,savings
TXN00002844,USR001952,2025-10-01T20:26:59Z,20.09,NOK,card
TXN00004716,USR000104,2025-10-01T22:32:35Z,41.31,SEK,card
TXN00005863,USR002455,2025-10-01T23:26:37Z,28.84,EUR,card
TXN00005549,USR003418,2025-10-02T01:55:23Z,2.27,EUR,card
TXN00005630,USR002916,2025-10-02T03:32:45Z,13.15,CAD,card
TXN00005376,USR000394,2025-10-02T07:15:05Z,581.05,NOK,savings
TXN00006455,USR001373,2025-10-02T08:37:18Z,341.54,EUR,savings
TXN00006844,USR000580,2025-10-02T09:28:14Z,25.18,GBP,card
TXN00008531,USR002566,2025-10-02T12:36:39Z,11.91,GBP,card
TXN00004940,USR004972,2025-10-02T13:51:33Z,27.65,GBP,card
TXN00006274,USR002798,2025-10-02T16:18:57Z,364.20,EUR,savings
TXN00005406,USR001495,2025-10-02T18:41:07Z,6.96,EUR,card
TXN00007741,USR003598,2025-10-02T22:36:10Z,7.17,CHF,card
TXN00008651,USR002839,2025-10-03T02:58:20Z,148.28,GBP,savings
TXN00001156,USR000930,2025-10-03T09:13:36Z,146.82,USD,card
TXN00002355,USR003704,2025-10-03T09:46:24Z,19.34,GBP,crypto
TXN00006475,USR000698,2025-10-03T15:27:44Z,271.88,SEK,stocks
TXN00006326,USR001698,2025-10-03T20:32:09Z,1.58,EUR,card
TXN00004637,USR002633,2025-10-03T21:08:56Z,26.53,EUR,card
TXN00005090,USR002292,2025-10-03T21:09:58Z,531.51,PLN,savings
TXN00002616,USR000012,2025-10-03T23:28:50Z,116.84,PLN,FX
TXN00004434,USR003075,2025-10-04T02:05:16Z,132.89,GBP,FX
TXN00005481,USR001224,2025-10-04T03:24:15Z,468.04,EUR,FX
TXN00005171,USR003237,2025-10-04T03:38:44Z,373.56,CHF,savings
TXN00001790,USR001297,2025-10-04T04:13:53Z,1066.86,GBP,savings
TXN00007746,USR001012,2025-10-04T05:20:37Z,10.61,EUR,card
TXN00006467,USR004045,2025-10-04T06:30:25Z,2291.91,GBP,savings
TXN00003967,USR002385,2025-10-04T06:58:04Z,20.94,RON,card
TXN00008912,USR003656,2025-10-04T07:17:05Z,33.91,EUR,card
TXN00005946,USR004594,2025-10-04T07:59:56Z,761.63,EUR,savings
TXN00002392,USR001291,2025-10-04T10:20:43Z,11.62,RON,card
TXN00001315,USR000621,2025-10-04T15:02:30Z,106.51,RON,savings
TXN00007623,USR000730,2025-10-04T18:37:10Z,352.75,GBP,savings
TXN00002398,USR003193,2025-10-04T19:13:43Z,517.24,EUR,savings
TXN00003014,USR001477,2025-10-04T21:09:09Z,1081.93,EUR,savings
TXN00004978,USR002372,2025-10-04T22:49:12Z,225.97,RON,crypto
TXN00005158,USR003604,2025-10-05T06:33:41Z,98.75,EUR,card
TXN00008514,USR000511,2025-10-05T07:50:22Z,6.88,EUR,card
TXN00004337,USR002016,2025-10-05T10:43:15Z,87.94,EUR,crypto
TXN00003367,USR003055,2025-10-05T11:11:48Z,21.70,JPY,card
TXN00000214,USR002082,2025-10-05T11:46:01Z,313.12,EUR,stocks
TXN00004375,USR001014,2025-10-05T14:27:00Z,12.58,EUR,card
TXN00000011,USR001952,2025-10-05T15:26:20Z,654.57,PLN,savings
TXN00006975,USR001396,2025-10-05T17:08:26Z,60.32,EUR,card
TXN00000343,USR002202,2025-10-05T21:04:07Z,26.96,EUR,card
TXN00000101,USR003814,2025-10-06T04:11:35Z,163.12,GBP,card
TXN00008762,USR000334,2025-10-06T04:17:21Z,20.18,PLN,card
TXN00004783,USR004771,2025-10-06T06:27:34Z,6.02,EUR,card
TXN00003072,USR000477,2025-10-06T07:04:29Z,13.76,EUR,card
TXN00005509,USR002188,2025-10-06T16:56:10Z,69.96,GBP,card
TXN00000013,USR002078,2025-10-06T18:48:47Z,11.45,GBP,card
TXN00001572,USR002388,2025-10-06T18:57:31Z,8.65,GBP,card
TXN00005434,USR002480,2025-10-06T20:42:57Z,17.59,EUR,card
TXN00006765,USR003824,2025-10-06T21:40:41Z,49.71,EUR,card
TXN00005825,USR001453,2025-10-06T21:46:43Z,18.02,EUR,card
TXN00001485,USR003975,2025-10-06T22:10:09Z,10.90,RON,card
TXN00005467,USR001425,2025-10-07T01:28:31Z,522.63,CHF,savings
TXN00005737,USR000067,2025-10-07T04:13:00Z,8.60,GBP,card
TXN00002350,USR000903,2025-10-07T08:34:29Z,26.07,EUR,card
TXN00006218,USR002902,2025-10-07T10:01:17Z,105.12,EUR,stocks
TXN00000370,USR003365,2025-10-07T11:58:28Z,631.92,PLN,FX
TXN00002948,USR000436,2025-10-07T15:08:24Z,144.85,RON,savings
TXN00002485,USR003089,2025-10-07T18:10:25Z,12.92,SEK,card
TXN00004494,USR002364,2025-10-07T18:10:27Z,12.42,GBP,crypto
TXN00001301,USR002375,2025-10-08T01:28:15Z,144.13,PLN,crypto
TXN00008948,USR000643,2025-10-08T01:34:16Z,9.22,CAD,card
TXN00006194,USR001640,2025-10-08T03:16:42Z,143.07,SEK,crypto
TXN00001784,USR003549,2025-10-08T05:04:19Z,88.00,PLN,FX
TXN00002895,USR001072,2025-10-08T05:19:37Z,34.24,GBP,card
TXN00000514,USR003942,2025-10-08T05:20:58Z,20.82,SEK,card
TXN00001881,USR003572,2025-10-08T06:55:07Z,9.34,SEK,card
TXN00002503,USR002354,2025-10-08T10:36:01Z,104.23,EUR,card
TXN00004021,USR001461,2025-10-08T12:54:14Z,29.48,PLN,card
TXN00001291,USR002755,2025-10-08T17:17:24Z,1326.91,EUR,savings
TXN00003243,USR004689,2025-10-08T18:28:56Z,12.75,EUR,card
TXN00000768,USR000793,2025-10-08T21:18:13Z,23.59,EUR,card
TXN00001926,USR002610,2025-10-08T21:23:22Z,201.82,GBP,card
TXN00000339,USR004631,2025-10-08T23:48:33Z,314.52,EUR,savings
TXN00008629,USR004296,2025-10-09T03:04:53Z,378.08,EUR,savings
TXN00001180,USR004604,2025-10-09T04:26:51Z,11.69,EUR,card
TXN00006024,USR003387,2025-10-09T08:29:14Z,70.93,PLN,card
TXN00007793,USR004238,2025-10-09T11:00:02Z,61.85,GBP,card
TXN00002838,USR000730,2025-10-09T11:39:43Z,47.80,GBP,card
TXN00000561,USR004404,2025-10-09T15:53:32Z,5.39,EUR,card
TXN00003504,USR003435,2025-10-09T21:42:19Z,138.80,PLN,savings
TXN00003694,USR000084,2025-10-09T22:24:06Z,57.79,EUR,card
TXN00005320,USR003999,2025-10-10T03:50:43Z,30.00,EUR,card
TXN00008858,USR004242,2025-10-10T05:24:09Z,47.03,EUR,card
TXN00007293,USR000284,2025-10-10T05:44:33Z,61.47,EUR,stocks
TXN00005724,USR002104,2025-10-10T06:47:47Z,83.68,SEK,FX
TXN00002455,USR000754,2025-10-10T07:14:08Z,15.22,EUR,card
TXN00008868,USR000830,2025-10-10T11:20:21Z,9.10,GBP,card
TXN00004633,USR001471,2025-10-10T11:29:00Z,351.08,PLN,FX
TXN00007999,USR001848,2025-10-10T20:03:20Z,38.44,EUR,card
TXN00008356,USR000034,2025-10-10T20:06:58Z,20.24,PLN,card
TXN00002199,USR002760,2025-10-10T21:35:58Z,51.67,EUR,crypto
TXN00006012,USR000012,2025-10-11T06:30:02Z,22.72,PLN,card
TXN00001352,USR002299,2025-10-11T07:28:20Z,652.10,CHF,savings
TXN00005786,USR000594,2025-10-11T10:10:12Z,8.06,EUR,card
TXN00005995,USR002885,2025-10-11T11:28:56Z,40.26,JPY,card
TXN00007755,USR000037,2025-10-11T12:34:21Z,381.08,EUR,savings
TXN00008220,USR002552,2025-10-11T12:35:38Z,1276.46,EUR,FX
TXN00002777,USR002072,2025-10-11T15:15:22Z,421.74,GBP,FX
TXN00007277,USR004615,2025-10-11T17:23:55Z,33.32,GBP,card
TXN00002807,USR003567,2025-10-11T18:13:54Z,172.78,GBP,stocks
TXN00003993,USR004658,2025-10-11T19:38:27Z,846.37,GBP,savings
TXN00004351,USR003735,2025-10-12T00:29:34Z,18.31,SEK,card
TXN00000742,USR004366,2025-10-12T01:51:54Z,18.42,GBP,card
TXN00001452,USR003198,2025-10-12T03:04:16Z,22.13,EUR,card
TXN00006637,USR004433,2025-10-12T06:36:21Z,22.12,EUR,card
TXN00002802,USR000267,2025-10-12T06:52:20Z,74.71,GBP,FX
TXN00001183,USR003459,2025-10-12T07:38:35Z,81.85,GBP,stocks
TXN00001887,USR000283,2025-10-12T10:30:48Z,7.41,PLN,card
TXN00003333,USR002687,2025-10-12T11:00:52Z,25.41,EUR,card
TXN00004790,USR003896,2025-10-12T13:00:32Z,124.38,PLN,savings
TXN00000960,USR003365,2025-10-12T13:15:07Z,199.03,PLN,stocks
TXN00005826,USR000543,2025-10-12T14:38:12Z,391.19,GBP,FX
TXN00001323,USR004535,2025-10-12T15:08:42Z,75.67,EUR,FX
TXN00008294,USR001506,2025-10-12T15:36:07Z,704.93,EUR,savings
TXN00008085,USR003884,2025-10-12T17:40:38Z,10.19,GBP,card
TXN00005827,USR001306,2025-10-12T18:08:36Z,11.90,GBP,card
TXN00002335,USR002826,2025-10-12T22:16:34Z,311.89,EUR,savings
TXN00001165,USR001698,2025-10-12T23:21:37Z,62.66,EUR,card
TXN00002745,USR001279,2025-10-13T02:54:10Z,20.94,EUR,card
TXN00002642,USR004460,2025-10-13T09:12:43Z,11.37,USD,card
TXN00007258,USR004960,2025-10-13T13:21:52Z,502.77,GBP,savings
TXN00003039,USR004394,2025-10-13T14:18:56Z,471.74,RON,stocks
TXN00000659,USR002777,2025-10-13T16:20:17Z,54.03,SEK,card
TXN00008048,USR001319,2025-10-13T17:42:11Z,33.13,EUR,card
TXN00001227,USR000508,2025-10-14T05:45:51Z,179.53,EUR,stocks
TXN00003359,USR004791,2025-10-14T05:51:22Z,223.85,EUR,FX
TXN00004692,USR003106,2025-10-14T08:10:54Z,15.46,EUR,card
TXN00006430,USR002287,2025-10-14T10:33:43Z,426.89,EUR,savings
TXN00002746,USR000725,2025-10-14T13:20:52Z,24.70,GBP,card
TXN00003731,USR001678,2025-10-14T15:47:22Z,20.12,PLN,card
TXN00004784,USR000625,2025-10-14T20:34:57Z,252.97,EUR,savings
TXN00004352,USR004998,2025-10-14T20:52:27Z,229.78,EUR,card
TXN00007163,USR003029,2025-10-15T00:26:07Z,148.12,EUR,FX
TXN00002853,USR003513,2025-10-15T03:04:36Z,280.27,GBP,savings
TXN00001403,USR003498,2025-10-15T09:15:51Z,127.80,GBP,card
TXN00008712,USR001850,2025-10-15T09:17:33Z,668.01,PLN,stocks
TXN00005555,USR001139,2025-10-15T09:40:20Z,46.18,GBP,savings
TXN00006200,USR001768,2025-10-15T10:25:53Z,28.83,EUR,card
TXN00001021,USR002583,2025-10-15T19:51:40Z,5.67,EUR,card
TXN00008397,USR001776,2025-10-15T20:25:54Z,34.27,CAD,card
TXN00008788,USR004890,2025-10-15T23:35:50Z,33.63,GBP,stocks
TXN00007185,USR004450,2025-10-16T02:10:48Z,9.20,RON,card
TXN00008363,USR002170,2025-10-16T02:47:21Z,11.31,GBP,card
TXN00003496,USR004587,2025-10-16T06:49:10Z,30.66,EUR,card
TXN00000627,USR002979,2025-10-16T09:52:50Z,96.78,RON,card
TXN00001565,USR003908,2025-10-16T10:30:35Z,229.16,EUR,card
TXN00003745,USR004856,2025-10-16T10:56:59Z,88.21,EUR,FX
TXN00000246,USR004510,2025-10-16T11:03:21Z,18.74,EUR,card
TXN00006733,USR003939,2025-10-16T11:39:36Z,97.85,EUR,FX
TXN00000367,USR001468,2025-10-16T16:14:39Z,25.96,EUR,card
TXN00006032,USR002581,2025-10-16T20:17:30Z,162.21,GBP,savings
TXN00007853,USR001770,2025-10-16T20:38:53Z,27.78,SEK,crypto
TXN00001712,USR000711,2025-10-16T21:24:24Z,355.68,PLN,savings
TXN00007961,USR000229,2025-10-16T22:41:39Z,237.38,GBP,FX
TXN00004708,USR004115,2025-10-17T01:09:19Z,78.19,EUR,stocks
TXN00002469,USR002139,2025-10-17T08:35:46Z,957.51,EUR,FX
TXN00000142,USR001773,2025-10-17T12:20:21Z,1233.77,EUR,savings
TXN00001509,USR004830,2025-10-17T14:15:39Z,70.45,PLN,card
TXN00001773,USR003048,2025-10-17T15:39:16Z,176.47,GBP,FX
TXN00005996,USR002469,2025-10-17T19:07:16Z,13.77,CHF,card
TXN00001801,USR003567,2025-10-17T21:26:08Z,41.11,GBP,card
TXN00005417,USR001463,2025-10-18T07:29:16Z,31.81,EUR,card
TXN00005366,USR004560,2025-10-18T09:04:06Z,31.59,GBP,card
TXN00008575,USR001484,2025-10-18T14:10:43Z,22.67,GBP,card
TXN00003904,USR003524,2025-10-18T15:19:48Z,162.64,EUR,crypto
TXN00006671,USR001090,2025-10-18T16:43:21Z,58.99,JPY,card
TXN00007465,USR004089,2025-10-18T18:07:15Z,1003.49,PLN,stocks
TXN00000963,USR001287,2025-10-18T19:35:03Z,6.09,EUR,card
TXN00002891,USR004225,2025-10-18T20:50:00Z,47.65,EUR,card
TXN00001849,USR004389,2025-10-18T21:40:30Z,263.26,EUR,stocks
TXN00004300,USR002557,2025-10-18T21:54:00Z,66.61,USD,card
TXN00006073,USR001327,2025-10-19T04:01:19Z,1025.26,JPY,savings
TXN00005228,USR001927,2025-10-19T08:50:09Z,19.42,RON,card
TXN00006787,USR003882,2025-10-19T11:12:24Z,6.62,GBP,card
TXN00007186,USR003874,2025-10-19T12:54:20Z,122.36,EUR,savings
TXN00002143,USR003714,2025-10-19T17:57:29Z,24.66,RON,card
TXN00004017,USR000545,2025-10-19T21:09:08Z,142.91,CAD,savings
TXN00000321,USR004545,2025-10-20T00:55:28Z,24.53,EUR,card
TXN00002579,USR002119,2025-10-20T06:31:20Z,212.45,SEK,crypto
TXN00004925,USR002581,2025-10-20T07:47:08Z,96.10,GBP,card
TXN00002894,USR000504,2025-10-20T08:06:04Z,130.98,USD,crypto
TXN00000185,USR003869,2025-10-20T08:09:40Z,36.00,GBP,card
TXN00008357,USR000597,2025-10-20T08:43:54Z,552.46,SEK,stocks
TXN00000205,USR000619,2025-10-20T15:49:17Z,71.25,EUR,card
TXN00005949,USR001202,2025-10-20T16:13:37Z,19.16,GBP,card
TXN00002949,USR004598,2025-10-20T17:51:09Z,3.06,RON,card
TXN00001672,USR001572,2025-10-20T19:32:01Z,7.07,EUR,card
TXN00006898,USR000271,2025-10-20T23:07:13Z,13.18,EUR,card
TXN00005730,USR003179,2025-10-21T03:43:44Z,29.16,EUR,card
TXN00000553,USR004579,2025-10-21T04:12:43Z,8.50,CHF,card
TXN00004047,USR000830,2025-10-21T16:35:57Z,151.00,GBP,savings
TXN00006391,USR001987,2025-10-21T19:20:38Z,320.11,EUR,savings
TXN00002435,USR001294,2025-10-22T02:07:45Z,285.32,GBP,crypto
TXN00003498,USR001358,2025-10-22T07:27:40Z,5.09,USD,card
TXN00008340,USR004214,2025-10-22T08:50:31Z,43.14,PLN,card
TXN00001251,USR001815,2025-10-22T11:53:41Z,105.67,EUR,card
TXN00001271,USR004308,2025-10-22T17:10:37Z,415.51,GBP,savings
TXN00006643,USR000216,2025-10-22T18:31:58Z,49.93,GBP,stocks
TXN00002290,USR003121,2025-10-22T19:23:42Z,58.05,GBP,card
TXN00007778,USR002065,2025-10-23T00:20:10Z,11.20,GBP,card
TXN00002482,USR000766,2025-10-23T00:31:53Z,18.52,EUR,card
TXN00007422,USR003365,2025-10-23T02:38:58Z,34.19,RON,card
TXN00004571,USR001620,2025-10-23T05:02:12Z,30.39,GBP,card
TXN00005871,USR003540,2025-10-23T09:11:36Z,31.72,PLN,card
TXN00002589,USR002949,2025-10-23T10:38:24Z,20.88,PLN,card
TXN00006342,USR001448,2025-10-23T10:51:40Z,341.67,EUR,crypto
TXN00007045,USR003065,2025-10-23T11:43:52Z,174.61,CHF,FX
TXN00007914,USR004495,2025-10-23T17:25:22Z,49.56,EUR,card
TXN00000421,USR001644,2025-10-23T18:45:27Z,99.40,EUR,crypto
TXN00001598,USR004615,2025-10-23T21:22:43Z,73.13,GBP,FX
TXN00007539,USR000168,2025-10-23T23:36:07Z,6.17,CAD,card
TXN00007590,USR001196,2025-10-23T23:42:59Z,24.84,GBP,stocks
TXN00005267,USR003491,2025-10-24T00:39:06Z,23.37,NOK,card
TXN00002041,USR001342,2025-10-24T07:39:24Z,1562.40,EUR,savings
TXN00007877,USR002337,2025-10-24T08:26:37Z,1613.32,SEK,savings
TXN00008799,USR001437,2025-10-24T11:40:35Z,48.30,GBP,card
TXN00007607,USR002926,2025-10-24T12:21:09Z,190.44,EUR,savings
TXN00000672,USR001365,2025-10-24T12:30:38Z,44.25,SEK,card
TXN00005079,USR003394,2025-10-24T12:47:38Z,60.35,PLN,card
TXN00000334,USR003829,2025-10-24T20:10:45Z,23.08,RON,card
TXN00000171,USR000508,2025-10-24T22:11:17Z,16.81,EUR,card
TXN00000675,USR000911,2025-10-24T22:30:55Z,26.38,EUR,card
TXN00008344,USR000830,2025-10-25T03:43:28Z,224.03,GBP,crypto
TXN00004235,USR003599,2025-10-25T05:21:18Z,38.50,GBP,card
TXN00000771,USR003081,2025-10-25T06:15:24Z,14.64,GBP,card
TXN00001520,USR000573,2025-10-25T09:27:39Z,32.36,GBP,card
TXN00007742,USR001877,2025-10-25T11:22:35Z,11.22,EUR,card
TXN00006968,USR000077,2025-10-25T11:55:43Z,7.54,EUR,card
TXN00002619,USR002206,2025-10-25T18:15:21Z,23.34,JPY,card
TXN00003305,USR003498,2025-10-25T19:44:24Z,102.17,GBP,stocks
TXN00001413,USR003094,2025-10-25T23:45:25Z,42.81,GBP,card
TXN00002107,USR003703,2025-10-26T01:54:38Z,112.48,PLN,FX
TXN00007730,USR002840,2025-10-26T01:55:48Z,52.10,GBP,crypto
TXN00004386,USR002026,2025-10-26T03:32:11Z,16.90,EUR,card
TXN00007573,USR001269,2025-10-26T04:47:00Z,63.59,NOK,FX
TXN00000750,USR003434,2025-10-26T06:04:58Z,62.40,GBP,savings
TXN00003008,USR000930,2025-10-26T09:47:23Z,15.70,EUR,card
TXN00002066,USR001013,2025-10-26T10:02:02Z,30.29,EUR,card
TXN00007589,USR001210,2025-10-26T11:58:01Z,6.90,SEK,card
TXN00005177,USR004687,2025-10-26T14:49:47Z,641.46,EUR,savings
TXN00006704,USR000870,2025-10-26T15:40:36Z,119.33,GBP,FX
TXN00000896,USR002174,2025-10-26T16:43:47Z,721.20,SEK,crypto
TXN00008833,USR003130,2025-10-26T17:41:40Z,15.93,EUR,card
TXN00003325,USR003704,2025-10-26T18:49:56Z,-24.54,GBP,card
TXN00002133,USR001485,2025-10-26T19:13:48Z,8.62,EUR,card
TXN00003592,USR004345,2025-10-26T19:33:59Z,6.83,GBP,card
TXN00006701,USR002826,2025-10-26T19:45:53Z,76.79,RON,crypto
TXN00007537,USR003744,2025-10-26T23:12:47Z,66.19,EUR,stocks
TXN00001411,USR004845,2025-10-27T10:41:47Z,24.43,EUR,card
TXN00002405,USR002134,2025-10-27T11:45:55Z,4.82,GBP,card
TXN00000844,USR000347,2025-10-27T18:32:07Z,24.93,EUR,card
TXN00006500,USR003771,2025-10-27T19:41:08Z,43.14,PLN,card
TXN00004486,USR002041,2025-10-28T02:39:36Z,92.79,EUR,stocks
TXN00008107,USR001471,2025-10-28T03:52:58Z,4020.88,GBP,savings
TXN00002799,USR004893,2025-10-28T08:00:43Z,11.79,EUR,card
TXN00001496,USR004481,2025-10-28T14:54:44Z,167.85,EUR,FX
TXN00001909,USR003804,2025-10-28T17:33:05Z,4.69,SEK,card
TXN00006685,USR001202,2025-10-28T18:40:04Z,39.90,GBP,crypto
TXN00003715,USR004486,2025-10-28T19:45:40Z,15.93,GBP,card
TXN00005201,USR000138,2025-10-28T22:38:29Z,124.23,EUR,savings
TXN00005581,USR002688,2025-10-28T22:50:56Z,9.13,EUR,card
TXN00001658,USR001227,2025-10-28T23:15:14Z,68.68,EUR,stocks
TXN00003372,USR000770,2025-10-29T00:15:34Z,52.03,EUR,savings
TXN00001174,USR004681,2025-10-29T01:49:03Z,57.84,EUR,FX
TXN00005919,USR004292,2025-10-29T02:11:43Z,37.01,GBP,card
TXN00001061,USR002570,2025-10-29T03:26:04Z,256.07,EUR,savings
TXN00005878,USR003958,2025-10-29T05:52:57Z,86.30,EUR,card
TXN00000195,USR001202,2025-10-29T08:35:08Z,1456.49,GBP,savings
TXN00004532,USR003484,2025-10-29T10:49:53Z,9.65,GBP,card
TXN00000478,USR002835,2025-10-29T12:13:26Z,19.29,PLN,card
TXN00005894,USR000237,2025-10-29T16:55:29Z,419.56,PLN,FX
TXN00008895,USR003936,2025-10-29T19:26:37Z,56.21,GBP,card
TXN00006973,USR003817,2025-10-29T19:59:23Z,30.74,EUR,stocks
TXN00007719,USR001931,2025-10-29T22:48:42Z,10.37,GBP,card
TXN00008595,USR004345,2025-10-29T23:39:39Z,3.81,EUR,card
TXN00000649,USR003823,2025-10-30T00:06:26Z,29.98,GBP,card
TXN00002266,USR000483,2025-10-30T04:34:06Z,637.59,CAD,savings
TXN00000952,USR000070,2025-10-30T07:29:33Z,106.92,GBP,FX
TXN00007594,USR002579,2025-10-30T10:03:42Z,35.16,PLN,card
TXN00000460,USR003343,2025-10-30T12:53:57Z,604.12,GBP,savings
TXN00003942,USR002461,2025-10-30T16:26:52Z,30.90,GBP,card
TXN00002058,USR002006,2025-10-30T18:36:13Z,50.28,SEK,card
TXN00006260,USR000152,2025-10-30T19:21:26Z,18.15,EUR,card
TXN00005371,USR002795,2025-10-30T19:41:06Z,116.70,EUR,savings
TXN00008970,USR000151,2025-10-30T20:50:03Z,210.86,EUR,FX
TXN00003028,USR003082,2025-10-31T02:40:37Z,3.11,PLN,card
TXN00001410,USR004946,2025-10-31T04:03:49Z,19.04,GBP,card
TXN00002581,USR003313,2025-10-31T04:40:10Z,205.70,CHF,card
TXN00007272,USR000738,2025-10-31T06:16:40Z,66.75,EUR,card
TXN00008368,USR004845,2025-10-31T10:13:38Z,35.65,EUR,card
TXN00004887,USR000877,2025-10-31T12:33:26Z,66.05,GBP,FX
TXN00005740,USR004435,2025-10-31T13:19:19Z,142.91,EUR,stocks
TXN00007202,USR000561,2025-10-31T15:22:16Z,11.28,EUR,card
TXN00005490,USR003293,2025-10-31T17:25:58Z,82.43,GBP,crypto
TXN00007439,USR001095,2025-10-31T21:21:30Z,228.28,GBP,savings
TXN00005643,USR003330,2025-10-31T23:05:01Z,181.98,EUR,stocks
TXN00006628,USR000607,2025-11-01T00:19:29Z,27.50,GBP,card
TXN00007536,USR000306,2025-11-01T01:58:28Z,21.29,EUR,card
TXN00003827,USR001194,2025-11-01T02:05:25Z,29.64,EUR,card
TXN00005945,USR000163,2025-11-01T04:55:07Z,217.25,EUR,crypto
TXN00003748,USR004794,2025-11-01T10:30:19Z,334.82,GBP,savings
TXN00007761,USR001384,2025-11-01T11:44:24Z,60.74,EUR,card
TXN00001897,USR001971,2025-11-01T11:50:31Z,231.92,EUR,savings
TXN00005317,USR001113,2025-11-01T16:19:37Z,64.10,GBP,card
TXN00008406,USR002654,2025-11-01T16:22:02Z,244.68,EUR,stocks
TXN00004869,USR002982,2025-11-01T18:40:24Z,97.37,EUR,card
TXN00003768,USR003444,2025-11-01T22:37:17Z,516.44,EUR,savings
TXN00000023,USR002103,2025-11-02T00:16:03Z,31.78,PLN,card
TXN00003977,USR000970,2025-11-02T02:08:33Z,10.10,EUR,card
TXN00003255,USR001753,2025-11-02T06:46:28Z,17.70,RON,card
TXN00007059,USR004345,2025-11-02T09:25:28Z,49.13,NOK,savings
TXN00007039,USR000451,2025-11-02T13:14:07Z,42.67,EUR,card
TXN00005497,USR003274,2025-11-02T19:48:55Z,351.66,GBP,savings
TXN00004445,USR002905,2025-11-02T21:50:26Z,27.82,EUR,card
TXN00005927,USR002961,2025-11-02T22:23:51Z,98.12,GBP,savings
TXN00007554,USR003586,2025-11-03T01:58:56Z,7.71,CHF,card
TXN00006366,USR004367,2025-11-03T02:16:21Z,43.36,CHF,card
TXN00003729,USR000049,2025-11-03T03:42:16Z,8.84,EUR,card
TXN00001777,USR001728,2025-11-03T09:04:00Z,10.40,EUR,card
TXN00002780,USR001142,2025-11-03T12:30:37Z,20.46,EUR,card
TXN00000324,USR003513,2025-11-03T19:15:18Z,19.56,GBP,card
TXN00001128,USR002807,2025-11-04T00:53:47Z,31.58,EUR,card
TXN00006859,USR000764,2025-11-04T04:42:35Z,51.04,NOK,FX
TXN00000484,USR004214,2025-11-04T07:10:19Z,38.57,PLN,card
TXN00007148,USR001448,2025-11-04T15:50:20Z,89.06,JPY,crypto
TXN00000018,USR002020,2025-11-04T17:27:45Z,29.71,EUR,card
TXN00006422,USR000766,2025-11-05T02:51:51Z,242.15,EUR,stocks
TXN00001831,USR000831,2025-11-05T05:21:51Z,41.71,PLN,card
TXN00005104,USR000996,2025-11-05T07:17:42Z,96.28,GBP,FX
TXN00000973,USR001856,2025-11-05T18:12:56Z,94.45,EUR,card
TXN00005751,USR004142,2025-11-05T19:01:28Z,105.60,RON,card
TXN00001041,USR002668,2025-11-05T19:06:49Z,3.10,EUR,card
TXN00000618,USR003165,2025-11-05T22:18:33Z,224.51,PLN,savings
TXN00002984,USR000839,2025-11-06T02:04:00Z,18.01,NOK,card
TXN00006740,USR002239,2025-11-06T03:13:11Z,11.29,EUR,card
TXN00003076,USR004757,2025-11-06T06:19:40Z,25.38,EUR,card
TXN00008327,USR000805,2025-11-06T10:47:39Z,11.70,EUR,card
TXN00005805,USR004984,2025-11-06T12:41:13Z,12.11,PLN,card
TXN00003577,USR000247,2025-11-06T15:04:58Z,14.23,EUR,card
TXN00005115,USR001651,2025-11-06T15:53:04Z,48.18,EUR,card
TXN00005631,USR000017,2025-11-06T21:57:37Z,1013.24,GBP,stocks
TXN00007062,USR004355,2025-11-06T23:15:19Z,448.54,EUR,FX
TXN00004728,USR003156,2025-11-07T02:21:20Z,4.99,EUR,card
TXN00006009,USR004345,2025-11-07T04:35:59Z,410.12,EUR,FX
TXN00005249,USR000809,2025-11-07T09:10:48Z,71.21,EUR,savings
TXN00000606,USR000270,2025-11-07T10:36:44Z,18.48,EUR,card
TXN00006307,USR001369,2025-11-07T14:58:00Z,12.45,EUR,card
TXN00000914,USR002664,2025-11-07T19:54:31Z,20.11,CHF,card
TXN00004032,USR000208,2025-11-07T22:58:59Z,51.47,GBP,crypto
TXN00000551,USR000778,2025-11-07T23:40:58Z,49.07,EUR,card
TXN00005745,USR000623,2025-11-08T04:07:58Z,196.35,NOK,savings
TXN00008892,USR004219,2025-11-08T05:57:40Z,28.91,CHF,card
TXN00008060,USR001244,2025-11-08T06:05:18Z,71.64,EUR,crypto
TXN00006783,USR001162,2025-11-08T14:07:28Z,38.79,GBP,card
TXN00002562,USR003299,2025-11-08T15:16:06Z,29.41,PLN,card
TXN00005330,USR003962,2025-11-08T16:15:24Z,10.05,CHF,card
TXN00004144,USR003675,2025-11-08T22:15:19Z,839.62,CHF,savings
TXN00003490,USR002440,2025-11-08T23:52:58Z,52.03,SEK,card
TXN00001436,USR002212,2025-11-09T01:13:28Z,379.76,GBP,savings
TXN00003769,USR004369,2025-11-09T03:47:50Z,676.01,JPY,FX
TXN00001778,USR001625,2025-11-09T04:39:05Z,110.87,RON,card
TXN00007467,USR000902,2025-11-09T09:32:08Z,52.77,EUR,card
TXN00006749,USR002340,2025-11-09T15:58:32Z,11.00,EUR,card
TXN00008688,USR003763,2025-11-09T17:07:20Z,11.31,JPY,card
TXN00005453,USR002500,2025-11-09T20:59:30Z,121.88,EUR,savings
TXN00000122,USR003803,2025-11-10T00:54:09Z,35.80,EUR,card
TXN00003953,USR000523,2025-11-10T02:17:37Z,23.97,PLN,card
TXN00004762,USR001580,2025-11-10T03:26:09Z,59.08,EUR,card
TXN00006136,USR002613,2025-11-10T05:06:35Z,7.86,PLN,card
TXN00000384,USR002313,2025-11-10T10:19:10Z,18.06,CHF,card
TXN00007019,USR004116,2025-11-10T13:09:03Z,279.98,GBP,FX
TXN00001116,USR001681,2025-11-10T13:13:58Z,2922.05,EUR,savings
TXN00002180,USR003611,2025-11-10T13:32:40Z,17.59,EUR,stocks
TXN00005422,USR004296,2025-11-10T14:59:27Z,138.18,EUR,savings
TXN00004186,USR003372,2025-11-10T15:57:01Z,22.67,EUR,card
TXN00001532,USR001118,2025-11-10T16:35:59Z,1037.01,GBP,stocks
TXN00000322,USR000045,2025-11-10T23:15:59Z,593.66,RON,crypto
TXN00008464,USR004738,2025-11-11T00:57:37Z,186.30,GBP,stocks
TXN00006958,USR004035,2025-11-11T01:25:40Z,19.32,CHF,card
TXN00002329,USR004876,2025-11-11T02:23:44Z,425.34,JPY,crypto
TXN00005728,USR000828,2025-11-11T11:33:21Z,18.79,CHF,card
TXN00006715,USR003248,2025-11-11T11:39:49Z,62.32,PLN,crypto
TXN00008288,USR003829,2025-11-11T14:41:19Z,15.26,RON,card
TXN00000669,USR000870,2025-11-11T14:46:42Z,395.52,GBP,savings
TXN00000284,USR003104,2025-11-11T15:57:17Z,341.11,EUR,savings
TXN00006581,USR001717,2025-11-11T19:59:09Z,28.56,GBP,card
TXN00000957,USR001099,2025-11-11T21:03:34Z,518.69,GBP,stocks
TXN00007155,USR001817,2025-11-12T04:48:07Z,105.21,NOK,crypto
TXN00002848,USR001533,2025-11-12T07:50:15Z,720.76,EUR,savings
TXN00003489,USR001319,2025-11-12T12:45:31Z,116.86,EUR,card
TXN00008511,USR000549,2025-11-12T13:54:01Z,39.16,EUR,stocks
TXN00001664,USR004803,2025-11-12T15:15:31Z,112.49,EUR,card
TXN00005992,USR004928,2025-11-12T16:44:20Z,424.89,EUR,stocks
TXN00005861,USR001396,2025-11-12T17:09:11Z,40.60,EUR,card
TXN00001310,USR004771,2025-11-12T20:02:33Z,179.96,EUR,stocks
TXN00008971,USR004249,2025-11-12T20:18:49Z,1.82,NOK,card
TXN00001633,USR004612,2025-11-12T23:34:03Z,683.36,GBP,savings
TXN00007581,USR003328,2025-11-13T00:20:59Z,5.24,GBP,card
TXN00002221,USR004979,2025-11-13T04:28:13Z,116.68,USD,FX
TXN00002811,USR001743,2025-11-13T07:29:11Z,12.77,EUR,card
TXN00004639,USR001718,2025-11-13T11:44:16Z,9.25,EUR,card
TXN00001038,USR001895,2025-11-13T14:59:35Z,33.50,SEK,card
TXN00006796,USR003055,2025-11-13T15:18:35Z,131.87,EUR,stocks
TXN00003807,USR000358,2025-11-13T16:35:22Z,37.77,EUR,card
TXN00003917,USR002788,2025-11-13T17:34:54Z,237.13,GBP,crypto
TXN00001539,USR002563,2025-11-13T18:51:06Z,23.55,EUR,card
TXN00003764,USR001164,2025-11-13T21:06:05Z,715.14,GBP,savings
TXN00005570,USR004617,2025-11-14T04:24:32Z,25.95,RON,card
TXN00007939,USR002231,2025-11-14T08:09:34Z,200.29,EUR,savings
TXN00000201,USR003025,2025-11-14T08:37:35Z,20.45,GBP,card
TXN00000130,USR003467,2025-11-14T09:11:12Z,2694.64,EUR,savings
TXN00001821,USR002189,2025-11-14T11:23:45Z,22.85,GBP,card
TXN00005019,USR000020,2025-11-14T17:02:13Z,195.67,EUR,FX
TXN00008691,USR003873,2025-11-14T17:18:09Z,3.55,EUR,card
TXN00007785,USR000146,2025-11-14T18:36:56Z,39.44,EUR,card
TXN00005297,USR001545,2025-11-14T19:18:39Z,496.01,EUR,savings
TXN00000337,USR001057,2025-11-14T20:54:19Z,45.33,EUR,card
TXN00006145,USR003340,2025-11-15T01:51:22Z,11.83,EUR,card
TXN00002583,USR004219,2025-11-15T02:37:53Z,345.27,CHF,savings
TXN00003470,USR002119,2025-11-15T04:40:57Z,184.65,EUR,FX
TXN00008758,USR003155,2025-11-15T06:11:58Z,122.85,EUR,stocks
TXN00005339,USR001233,2025-11-15T07:20:56Z,126.15,EUR,stocks
TXN00007445,USR004331,2025-11-15T12:57:02Z,15.35,EUR,card
TXN00000338,USR003224,2025-11-15T16:21:09Z,-16.72,GBP,card
TXN00001176,USR002469,2025-11-15T17:00:47Z,36.55,RON,card
TXN00003847,USR001253,2025-11-15T17:12:41Z,90.33,CHF,card
TXN00007546,USR004838,2025-11-15T17:15:08Z,5.72,NOK,card
TXN00007207,USR002123,2025-11-15T18:42:06Z,158.10,JPY,crypto
TXN00004832,USR004238,2025-11-15T19:03:18Z,-14.37,GBP,card
TXN00008738,USR003397,2025-11-16T00:42:44Z,11.62,EUR,card
TXN00004327,USR000421,2025-11-16T02:32:36Z,22.72,PLN,card
TXN00007020,USR001543,2025-11-16T06:58:23Z,348.73,GBP,card
TXN00005169,USR004862,2025-11-16T08:50:55Z,1.98,EUR,card
TXN00001062,USR003776,2025-11-16T10:10:08Z,6.83,EUR,card
TXN00003741,USR002360,2025-11-16T13:17:33Z,27.33,EUR,card
TXN00008959,USR002384,2025-11-16T15:29:29Z,34.14,EUR,crypto
TXN00007901,USR001862,2025-11-16T17:12:21Z,15.88,EUR,card
TXN00007142,USR003023,2025-11-16T21:59:51Z,3.33,EUR,card
TXN00002957,USR001018,2025-11-17T00:25:38Z,25.07,SEK,card
TXN00003281,USR003158,2025-11-17T00:44:19Z,151.85,EUR,stocks
TXN00007990,USR003279,2025-11-17T01:18:28Z,8.71,EUR,card
TXN00004617,USR001572,2025-11-17T01:47:25Z,211.67,EUR,card
TXN00004815,USR004455,2025-11-17T07:49:38Z,82.38,EUR,card
TXN00003516,USR000968,2025-11-17T09:40:28Z,6.69,EUR,card
TXN00007319,USR000020,2025-11-17T12:09:49Z,64.09,EUR,card
TXN00007849,USR004221,2025-11-17T13:42:21Z,18.01,EUR,card
TXN00005623,USR004091,2025-11-17T14:58:30Z,66.85,SEK,card
TXN00000809,USR001881,2025-11-17T17:02:16Z,109.89,CHF,card
TXN00003679,USR004605,2025-11-17T18:05:19Z,12.97,SEK,card
TXN00008150,USR001123,2025-11-17T18:20:03Z,510.37,EUR,savings
TXN00004837,USR000438,2025-11-17T19:31:06Z,3.66,GBP,card
TXN00005120,USR002114,2025-11-17T20:35:12Z,75.49,RON,stocks
TXN00008297,USR002788,2025-11-18T03:39:34Z,475.24,GBP,crypto
TXN00006616,USR000675,2025-11-18T07:03:53Z,471.95,EUR,savings
TXN00003314,USR003036,2025-11-18T10:05:14Z,162.76,GBP,FX
TXN00001854,USR004569,2025-11-18T10:05:44Z,403.77,EUR,FX
TXN00006128,USR003302,2025-11-18T10:08:51Z,147.76,EUR,savings
TXN00005035,USR001683,2025-11-18T11:47:09Z,77.01,GBP,card
TXN00004082,USR000864,2025-11-18T13:26:36Z,270.46,RON,FX
TXN00007321,USR000179,2025-11-18T14:38:45Z,23.75,EUR,card
TXN00005670,USR001177,2025-11-18T14:41:55Z,54.65,GBP,card
TXN00008112,USR000150,2025-11-18T14:48:24Z,301.41,NOK,stocks
TXN00004331,USR001102,2025-11-18T15:21:56Z,7.52,CHF,card
TXN00007254,USR002485,2025-11-18T15:33:38Z,284.28,EUR,savings
TXN00007619,USR003059,2025-11-18T20:23:12Z,305.54,GBP,savings
TXN00007783,USR001796,2025-11-18T20:40:42Z,11.60,CHF,card
TXN00008469,USR003201,2025-11-18T23:19:33Z,52.89,EUR,card
TXN00002341,USR001797,2025-11-19T06:26:38Z,11.17,GBP,card
TXN00006041,USR003158,2025-11-19T07:54:02Z,19.13,EUR,card
TXN00003573,USR004965,2025-11-19T09:24:33Z,26.75,EUR,card
TXN00008990,USR003716,2025-11-19T13:43:09Z,14.47,GBP,card
TXN00006697,USR000652,2025-11-19T20:24:10Z,21.39,GBP,card
TXN00008008,USR003366,2025-11-19T23:04:41Z,31.55,EUR,card
TXN00004610,USR002230,2025-11-20T03:13:29Z,17.56,EUR,card
TXN00003921,USR002946,2025-11-20T03:34:35Z,35.74,NOK,card
TXN00008474,USR000510,2025-11-20T04:28:10Z,458.28,SEK,savings
TXN00004966,USR001681,2025-11-20T06:21:28Z,699.61,EUR,FX
TXN00008153,USR003543,2025-11-20T10:38:42Z,180.75,GBP,crypto
TXN00000784,USR002556,2025-11-20T13:06:10Z,47.43,GBP,card
TXN00001996,USR001690,2025-11-20T19:17:49Z,251.44,EUR,savings
TXN00006139,USR000120,2025-11-20T20:31:52Z,7.06,GBP,card
TXN00006120,USR001849,2025-11-20T23:23:43Z,2.68,EUR,card
TXN00008607,USR003951,2025-11-21T01:42:20Z,9.60,EUR,card
TXN00004034,USR001534,2025-11-21T02:31:11Z,41.95,NOK,card
TXN00001350,USR000735,2025-11-21T04:21:52Z,24.44,GBP,card
TXN00003955,USR001727,2025-11-21T04:58:31Z,220.13,GBP,savings
TXN00000788,USR003203,2025-11-21T05:42:37Z,370.33,EUR,stocks
TXN00005915,USR000347,2025-11-21T08:42:22Z,27.18,EUR,card
TXN00004246,USR000532,2025-11-21T08:53:51Z,429.39,GBP,FX
TXN00006014,USR004054,2025-11-21T10:02:02Z,57.70,GBP,card
TXN00001101,USR004431,2025-11-21T10:03:51Z,16.28,EUR,card
TXN00001072,USR004603,2025-11-21T23:31:50Z,111.75,GBP,stocks
TXN00007710,USR003661,2025-11-21T23:58:09Z,49.26,RON,crypto
TXN00008646,USR000980,2025-11-22T00:59:05Z,220.60,RON,crypto
TXN00002352,USR004468,2025-11-22T01:16:41Z,5.46,GBP,card
TXN00003527,USR000782,2025-11-22T01:25:40Z,113.65,GBP,card
TXN00004809,USR001532,2025-11-22T01:53:06Z,1426.74,SEK,savings
TXN00002368,USR000925,2025-11-22T02:51:35Z,568.48,EUR,savings
TXN00003587,USR001161,2025-11-22T03:08:51Z,119.08,EUR,crypto
TXN00006876,USR002103,2025-11-22T03:10:52Z,22.74,PLN,card
TXN00001467,USR001889,2025-11-22T05:09:43Z,12.75,PLN,card
TXN00000594,USR000708,2025-11-22T07:45:32Z,17.80,EUR,card
TXN00006884,USR000510,2025-11-22T08:10:18Z,14.05,GBP,card
TXN00005347,USR004786,2025-11-22T08:36:44Z,175.06,EUR,savings
TXN00006243,USR000557,2025-11-22T09:28:39Z,56.60,EUR,card
TXN00006834,USR003379,2025-11-22T13:24:08Z,440.68,EUR,FX
TXN00001293,USR004855,2025-11-22T14:48:21Z,477.78,SEK,savings
TXN00005794,USR002239,2025-11-22T17:14:11Z,34.91,EUR,card
TXN00004584,USR004725,2025-11-22T22:44:35Z,31.61,CHF,card
TXN00000038,USR002614,2025-11-23T04:42:06Z,110.38,EUR,FX
TXN00007678,USR004908,2025-11-23T09:33:47Z,96.76,GBP,FX
TXN00008516,USR004429,2025-11-23T20:20:16Z,69.95,PLN,card
TXN00004725,USR004708,2025-11-23T20:36:25Z,342.35,EUR,stocks
TXN00003145,USR001423,2025-11-23T23:51:46Z,50.63,GBP,card
TXN00003637,USR004584,2025-11-24T00:44:31Z,16.88,GBP,card
TXN00004932,USR003887,2025-11-24T00:54:42Z,22.83,GBP,card
TXN00008763,USR001054,2025-11-24T01:07:58Z,29.03,NOK,savings
TXN00005149,USR003562,2025-11-24T01:11:13Z,39.15,GBP,card
TXN00001875,USR000247,2025-11-24T01:23:21Z,11.80,EUR,card
TXN00006354,USR002032,2025-11-24T03:30:59Z,14.22,GBP,card
TXN00007805,USR001989,2025-11-24T09:00:05Z,465.94,EUR,savings
TXN00001780,USR000573,2025-11-24T10:58:10Z,90.71,GBP,crypto
TXN00003520,USR003932,2025-11-24T12:51:15Z,15.47,RON,card
TXN00007133,USR001431,2025-11-24T13:16:29Z,13.31,GBP,card
TXN00003071,USR003982,2025-11-24T13:54:37Z,16.86,JPY,card
TXN00000049,USR003779,2025-11-24T14:11:31Z,1242.81,RON,stocks
TXN00007699,USR000026,2025-11-24T14:29:22Z,64.67,RON,card
TXN00000126,USR002312,2025-11-24T16:26:24Z,17.75,GBP,card
TXN00008325,USR004401,2025-11-24T16:56:57Z,48.72,EUR,card
TXN00008015,USR004307,2025-11-25T00:26:54Z,880.67,NOK,savings
TXN00006433,USR003083,2025-11-25T00:31:09Z,14.83,EUR,card
TXN00000812,USR001824,2025-11-25T00:59:58Z,8.18,EUR,card
TXN00003264,USR003947,2025-11-25T02:58:31Z,478.98,NOK,FX
TXN00006576,USR003170,2025-11-25T05:32:13Z,77.38,GBP,savings
TXN00005238,USR000850,2025-11-25T07:03:07Z,6.54,PLN,card
TXN00008300,USR002360,2025-11-25T08:45:44Z,19.58,EUR,card
TXN00002739,USR000472,2025-11-25T09:45:24Z,188.70,JPY,FX
TXN00007352,USR001323,2025-11-25T10:42:13Z,44.24,RON,card
TXN00005882,USR002959,2025-11-25T12:00:21Z,21.39,EUR,card
TXN00000244,USR001530,2025-11-25T14:31:08Z,15.75,EUR,card
TXN00007334,USR001652,2025-11-25T17:57:05Z,31.02,EUR,card
TXN00008915,USR001850,2025-11-25T18:17:53Z,572.42,JPY,savings
TXN00008075,USR000328,2025-11-26T09:04:13Z,10.03,EUR,card
TXN00005891,USR000349,2025-11-26T10:05:19Z,17.09,GBP,card
TXN00000217,USR001767,2025-11-26T11:20:15Z,14.54,PLN,card
TXN00006651,USR000205,2025-11-26T11:53:05Z,226.16,EUR,crypto
TXN00001159,USR003412,2025-11-26T11:57:23Z,37.61,EUR,card
TXN00004393,USR004271,2025-11-26T14:24:54Z,218.69,EUR,stocks
TXN00000638,USR001122,2025-11-26T17:00:19Z,331.90,GBP,stocks
TXN00004037,USR002432,2025-11-26T17:22:49Z,2.93,EUR,card
TXN00005416,USR003775,2025-11-26T17:53:51Z,3.07,EUR,card
TXN00001960,USR000019,2025-11-26T20:55:24Z,9.66,GBP,card
TXN00008803,USR001640,2025-11-26T23:26:54Z,22.81,SEK,card
TXN00002553,USR001895,2025-11-26T23:37:21Z,16.21,EUR,card
TXN00003766,USR000804,2025-11-27T15:01:58Z,84.33,EUR,crypto
TXN00001843,USR001034,2025-11-27T16:53:44Z,901.76,EUR,savings
TXN00007097,USR001989,2025-11-27T17:06:47Z,267.33,EUR,stocks
TXN00007094,USR001599,2025-11-27T17:52:27Z,353.08,EUR,stocks
TXN00005626,USR004081,2025-11-27T18:35:13Z,517.72,EUR,savings
TXN00006669,USR002447,2025-11-27T21:18:18Z,97.68,GBP,savings
TXN00002274,USR004493,2025-11-27T21:36:19Z,107.91,GBP,crypto
TXN00007339,USR003994,2025-11-27T21:39:25Z,370.67,USD,savings
TXN00006744,USR000271,2025-11-28T02:19:56Z,98.74,EUR,crypto
TXN00000678,USR000208,2025-11-28T02:53:57Z,188.97,GBP,savings
TXN00001215,USR003039,2025-11-28T03:46:30Z,4.56,RON,card
TXN00004189,USR002851,2025-11-28T08:33:40Z,17.95,RON,card
TXN00001032,USR004511,2025-11-28T08:45:15Z,9.42,EUR,card
TXN00001786,USR000947,2025-11-28T12:59:23Z,4.33,GBP,card
TXN00008733,USR000681,2025-11-28T13:32:30Z,98.46,GBP,crypto
TXN00000425,USR001144,2025-11-28T15:22:11Z,108.09,EUR,savings
TXN00006557,USR001586,2025-11-28T17:22:20Z,423.81,EUR,savings
TXN00002922,USR004087,2025-11-28T18:23:53Z,34.26,GBP,card
TXN00004933,USR003726,2025-11-28T21:23:55Z,276.06,EUR,savings
TXN00006991,USR001445,2025-11-28T21:27:26Z,29.94,EUR,card
TXN00001234,USR002687,2025-11-29T00:02:20Z,1259.56,NOK,savings
TXN00005143,USR004481,2025-11-29T03:00:28Z,7.46,SEK,card
TXN00000679,USR004074,2025-11-29T03:17:25Z,254.25,GBP,stocks
TXN00005703,USR003620,2025-11-29T05:37:36Z,30.01,CHF,card
TXN00002238,USR001222,2025-11-29T08:57:42Z,36.57,CHF,card
TXN00003840,USR003643,2025-11-29T09:57:06Z,51.52,EUR,card
TXN00005443,USR001603,2025-11-29T10:17:51Z,38.60,CHF,savings
TXN00006071,USR000882,2025-11-29T22:51:40Z,55.22,CHF,card
TXN00007822,USR000797,2025-11-30T00:31:26Z,334.34,EUR,savings
TXN00002003,USR003752,2025-11-30T00:35:20Z,211.63,GBP,FX
TXN00006655,USR001354,2025-11-30T01:34:50Z,322.16,GBP,stocks
TXN00008563,USR002954,2025-11-30T02:46:07Z,211.78,EUR,crypto
TXN00008335,USR000025,2025-11-30T03:18:32Z,43.49,GBP,card
TXN00004884,USR003075,2025-11-30T07:31:54Z,371.23,GBP,crypto
TXN00001746,USR004644,2025-11-30T07:52:27Z,207.13,CHF,crypto
TXN00004892,USR002823,2025-11-30T14:31:32Z,-27.23,GBP,card
TXN00006115,USR003696,2025-11-30T14:44:28Z,31.90,EUR,card
TXN00005780,USR001681,2025-11-30T16:29:18Z,43.01,EUR,card
TXN00005768,USR004658,2025-12-01T03:30:57Z,35.79,GBP,card
TXN00007641,USR004884,2025-12-01T06:10:27Z,37.98,PLN,card
TXN00005396,USR000987,2025-12-01T07:13:19Z,243.42,EUR,crypto
TXN00002254,USR000246,2025-12-01T07:44:19Z,14.03,EUR,card
TXN00001538,USR001371,2025-12-01T09:13:17Z,75.37,GBP,card
TXN00007152,USR001503,2025-12-01T11:42:56Z,150.44,EUR,savings
TXN00004677,USR000514,2025-12-01T11:58:49Z,12.74,GBP,card
TXN00004557,USR004421,2025-12-01T14:35:04Z,117.15,PLN,FX
TXN00008349,USR003373,2025-12-01T15:12:13Z,439.15,PLN,savings
TXN00007256,USR000792,2025-12-01T16:05:59Z,342.28,EUR,FX
TXN00008355,USR003150,2025-12-01T17:46:02Z,101.75,EUR,stocks
TXN00004529,USR001365,2025-12-01T20:16:11Z,108.07,SEK,crypto
TXN00008412,USR003829,2025-12-02T05:16:25Z,81.54,EUR,card
TXN00006033,USR000047,2025-12-02T07:39:27Z,53.57,JPY,savings
TXN00003912,USR003165,2025-12-02T09:03:32Z,177.23,PLN,FX
TXN00003767,USR002883,2025-12-02T10:00:32Z,259.17,EUR,FX
TXN00002842,USR004694,2025-12-02T11:06:17Z,320.21,EUR,stocks
TXN00008873,USR001829,2025-12-02T12:33:08Z,197.85,EUR,FX
TXN00002502,USR001597,2025-12-02T14:11:36Z,26.29,EUR,card
TXN00007291,USR004440,2025-12-02T14:16:01Z,7.49,GBP,card
TXN00004096,USR001947,2025-12-02T15:24:02Z,6.14,EUR,card
TXN00001637,USR002388,2025-12-02T19:54:44Z,108.66,GBP,crypto
TXN00007173,USR000098,2025-12-03T02:44:46Z,72.05,PLN,card
TXN00001043,USR003548,2025-12-03T05:34:39Z,32.18,EUR,card
TXN00002282,USR004599,2025-12-03T07:11:12Z,463.65,EUR,FX
TXN00006510,USR004701,2025-12-03T12:30:28Z,79.13,PLN,card
TXN00000159,USR002160,2025-12-03T14:54:32Z,12.83,EUR,card
TXN00004211,USR002845,2025-12-03T15:34:35Z,121.32,JPY,FX
TXN00000815,USR001773,2025-12-03T16:40:52Z,22.26,EUR,card
TXN00005733,USR001935,2025-12-03T17:47:00Z,191.33,RON,stocks
TXN00008440,USR001233,2025-12-03T18:59:52Z,22.05,USD,card
TXN00006473,USR000392,2025-12-03T23:05:36Z,428.63,EUR,crypto
TXN00002484,USR004354,2025-12-04T00:28:01Z,18.19,USD,card
TXN00006663,USR001882,2025-12-04T02:40:03Z,177.13,GBP,stocks
TXN00002119,USR002032,2025-12-04T08:49:52Z,1527.05,GBP,savings
TXN00003742,USR002283,2025-12-04T08:52:15Z,229.99,EUR,savings
TXN00004123,USR000773,2025-12-04T11:14:43Z,15.11,EUR,card
TXN00008964,USR002805,2025-12-04T16:59:45Z,8.21,GBP,card
TXN00006447,USR003074,2025-12-04T20:50:55Z,149.14,GBP,card
TXN00001823,USR001651,2025-12-05T00:02:21Z,34.55,EUR,card
TXN00004749,USR001471,2025-12-05T01:28:13Z,10.74,PLN,card
TXN00006983,USR002085,2025-12-05T06:56:52Z,22.98,GBP,card
TXN00001006,USR003541,2025-12-05T09:32:00Z,237.12,NOK,stocks
TXN00003882,USR002477,2025-12-05T11:24:02Z,38.20,EUR,crypto
TXN00003859,USR003084,2025-12-05T16:06:46Z,530.41,RON,stocks
TXN00003727,USR000319,2025-12-05T16:36:03Z,126.12,GBP,stocks
TXN00004695,USR003141,2025-12-05T18:01:31Z,180.17,EUR,FX
TXN00008050,USR001900,2025-12-05T22:31:55Z,88.74,PLN,savings
TXN00002346,USR003252,2025-12-05T23:57:38Z,30.71,NOK,card
TXN00000046,USR002682,2025-12-06T02:11:39Z,33.53,PLN,card
TXN00003481,USR001779,2025-12-06T03:38:42Z,593.04,USD,savings
TXN00007267,USR001339,2025-12-06T06:21:59Z,219.92,SEK,crypto
TXN00004613,USR004464,2025-12-06T08:44:30Z,106.54,GBP,card
TXN00008866,USR002839,2025-12-06T11:02:07Z,51.67,GBP,FX
TXN00000009,USR000477,2025-12-06T11:15:47Z,34.30,CAD,card
TXN00002737,USR004643,2025-12-06T11:50:49Z,6.65,GBP,card
TXN00004948,USR000930,2025-12-06T12:07:24Z,12.27,EUR,card
TXN00000799,USR004282,2025-12-06T15:03:41Z,26.71,GBP,card
TXN00001696,USR000428,2025-12-06T18:35:56Z,173.33,EUR,savings
TXN00001029,USR004187,2025-12-06T21:08:24Z,24.88,EUR,card
TXN00008852,USR003433,2025-12-06T23:48:41Z,46.45,PLN,card
TXN00000155,USR003733,2025-12-06T23:57:18Z,19.05,GBP,card
TXN00005239,USR002078,2025-12-07T01:44:43Z,29.97,GBP,card
TXN00006936,USR001723,2025-12-07T02:59:17Z,7.60,GBP,card
TXN00004286,USR001848,2025-12-07T06:56:40Z,2844.12,EUR,savings
TXN00000472,USR004894,2025-12-07T08:40:23Z,110.91,EUR,card
TXN00001967,USR003928,2025-12-07T14:25:19Z,178.67,EUR,savings
TXN00005166,USR000375,2025-12-07T22:07:50Z,-13.91,EUR,card
TXN00000942,USR003549,2025-12-07T23:25:51Z,25.61,PLN,card
TXN00004460,USR001508,2025-12-08T00:14:10Z,11.81,GBP,card
TXN00003884,USR000265,2025-12-08T01:04:20Z,41.77,CHF,card
TXN00000811,USR000408,2025-12-08T04:56:11Z,36.91,EUR,crypto
TXN00000278,USR004977,2025-12-08T07:06:27Z,66.62,GBP,card
TXN00005695,USR001178,2025-12-08T07:25:43Z,92.71,NOK,FX
TXN00005212,USR003762,2025-12-08T08:03:58Z,45.41,EUR,card
TXN00005224,USR001187,2025-12-08T09:51:48Z,13.68,EUR,card
TXN00000496,USR003378,2025-12-08T10:25:11Z,98.69,EUR,crypto
TXN00003602,USR002533,2025-12-08T15:38:09Z,23.64,EUR,card
TXN00007858,USR001765,2025-12-08T20:04:45Z,66.84,SEK,card
TXN00005933,USR001525,2025-12-08T20:22:41Z,653.49,EUR,savings
TXN00008593,USR004432,2025-12-08T23:28:55Z,25.61,SEK,card
TXN00004444,USR002432,2025-12-09T02:43:18Z,230.87,EUR,crypto
TXN00005023,USR001592,2025-12-09T04:29:26Z,49.08,GBP,card
TXN00000847,USR000530,2025-12-09T05:32:20Z,402.70,GBP,savings
TXN00003797,USR003145,2025-12-09T07:12:20Z,10.02,GBP,card
TXN00003678,USR002272,2025-12-09T12:41:27Z,61.87,EUR,stocks
TXN00008334,USR002421,2025-12-09T14:36:51Z,55.05,GBP,card
TXN00001737,USR000373,2025-12-09T16:19:52Z,54.66,EUR,card
TXN00002845,USR000013,2025-12-09T16:45:12Z,207.64,PLN,FX
TXN00006627,USR001325,2025-12-09T17:41:58Z,41.48,EUR,card
TXN00000714,USR000763,2025-12-09T18:01:43Z,22.25,RON,card
TXN00002548,USR004237,2025-12-09T18:50:58Z,69.66,EUR,card
TXN00003957,USR004098,2025-12-10T01:36:17Z,16.67,EUR,FX
TXN00000045,USR002055,2025-12-10T04:24:53Z,150.59,EUR,crypto
TXN00007698,USR002350,2025-12-10T05:39:11Z,3.79,EUR,card
TXN00001276,USR002989,2025-12-10T06:14:41Z,34.94,GBP,card
TXN00005088,USR002837,2025-12-10T07:44:35Z,207.84,EUR,crypto
TXN00006947,USR001926,2025-12-10T09:11:59Z,390.91,EUR,FX
TXN00006793,USR001316,2025-12-10T09:33:32Z,238.88,GBP,FX
TXN00006199,USR001459,2025-12-10T11:02:46Z,14.82,PLN,card
TXN00001300,USR001196,2025-12-10T11:33:01Z,12.72,GBP,card
TXN00007125,USR000728,2025-12-10T11:38:36Z,217.00,JPY,FX
TXN00007147,USR003771,2025-12-10T12:34:12Z,473.09,PLN,stocks
TXN00000036,USR000073,2025-12-10T13:23:58Z,6.82,EUR,card
TXN00000408,USR004640,2025-12-10T17:49:48Z,10.49,EUR,card
TXN00006393,USR003843,2025-12-10T19:26:37Z,6.26,GBP,card
TXN00000512,USR004257,2025-12-10T22:21:49Z,177.88,EUR,card
TXN00005957,USR003053,2025-12-11T02:21:24Z,187.95,EUR,crypto
TXN00005118,USR000201,2025-12-11T02:55:29Z,262.92,EUR,savings
TXN00008158,USR002668,2025-12-11T05:21:30Z,335.72,EUR,stocks
TXN00001131,USR003152,2025-12-11T05:54:24Z,99.79,EUR,card
TXN00003353,USR002158,2025-12-11T07:56:21Z,8.08,JPY,card
TXN00008462,USR000767,2025-12-11T08:34:36Z,38.86,GBP,card
TXN00007015,USR000363,2025-12-11T13:18:57Z,155.34,GBP,stocks
TXN00005595,USR000588,2025-12-11T13:49:05Z,11.55,EUR,card
TXN00001906,USR000582,2025-12-11T14:55:20Z,15.12,PLN,card
TXN00001908,USR000781,2025-12-11T20:10:22Z,2.52,GBP,card
TXN00006919,USR001563,2025-12-11T23:09:48Z,95.08,GBP,card
TXN00008771,USR003229,2025-12-12T00:07:08Z,56.48,EUR,card
TXN00004088,USR003147,2025-12-12T00:36:18Z,23.52,EUR,card
TXN00007504,USR004592,2025-12-12T01:04:57Z,134.90,GBP,card
TXN00005797,USR001826,2025-12-12T02:32:18Z,63.26,EUR,card
TXN00006450,USR003446,2025-12-12T02:58:50Z,182.87,GBP,stocks
TXN00007791,USR001463,2025-12-12T05:03:47Z,38.48,EUR,card
TXN00008191,USR000419,2025-12-12T06:00:59Z,300.23,EUR,savings
TXN00003683,USR000306,2025-12-12T06:45:34Z,12.62,EUR,card
TXN00007506,USR001661,2025-12-12T08:41:35Z,25.45,GBP,card
TXN00006979,USR001825,2025-12-12T13:13:28Z,-27.74,CHF,card
TXN00001878,USR001963,2025-12-12T16:00:30Z,25.78,EUR,card
TXN00004109,USR004992,2025-12-12T17:24:32Z,33.95,EUR,card
TXN00001199,USR000364,2025-12-13T00:15:38Z,169.42,EUR,savings
TXN00005421,USR001922,2025-12-13T04:36:30Z,80.54,GBP,stocks
TXN00006095,USR004187,2025-12-13T05:22:26Z,326.97,EUR,savings
TXN00007531,USR001831,2025-12-13T09:53:48Z,12.71,EUR,card
TXN00003414,USR000326,2025-12-13T14:08:04Z,87.53,NOK,card
TXN00001478,USR004855,2025-12-13T18:40:23Z,5.02,EUR,card
TXN00005902,USR004691,2025-12-13T19:09:07Z,10.84,PLN,card
TXN00007367,USR004935,2025-12-13T19:17:27Z,236.48,GBP,stocks
TXN00006725,USR003272,2025-12-13T22:24:13Z,97.46,GBP,card
TXN00006034,USR004666,2025-12-14T01:45:44Z,167.94,PLN,savings
TXN00008768,USR001686,2025-12-14T02:31:31Z,120.16,GBP,crypto
TXN00005062,USR001636,2025-12-14T05:58:45Z,11.97,EUR,card
TXN00004910,USR002795,2025-12-14T06:25:34Z,10.03,EUR,card
TXN00005671,USR004453,2025-12-14T09:35:06Z,11.29,EUR,card
TXN00008917,USR000565,2025-12-14T09:43:59Z,231.17,EUR,savings
TXN00005397,USR003735,2025-12-14T13:08:41Z,96.45,SEK,stocks
TXN00003160,USR002033,2025-12-14T13:17:37Z,33.81,EUR,card
TXN00008617,USR002745,2025-12-14T14:29:58Z,144.70,EUR,card
TXN00004383,USR003014,2025-12-14T14:30:16Z,5.04,EUR,card
TXN00005470,USR000021,2025-12-14T14:54:46Z,41.84,GBP,card
TXN00004776,USR002323,2025-12-14T17:00:47Z,155.31,GBP,stocks
TXN00008414,USR001980,2025-12-14T17:25:51Z,29.01,GBP,card
TXN00003229,USR000871,2025-12-14T17:41:24Z,192.26,GBP,savings
TXN00003773,USR002871,2025-12-14T19:06:30Z,174.14,USD,crypto
TXN00001722,USR004268,2025-12-14T19:41:18Z,23.07,PLN,card
TXN00005187,USR001500,2025-12-14T21:13:32Z,22.78,EUR,card
TXN00008622,USR003166,2025-12-14T23:38:37Z,23.15,GBP,card
TXN00004510,USR003002,2025-12-15T01:53:38Z,334.43,GBP,savings
TXN00005527,USR002026,2025-12-15T05:27:45Z,104.16,EUR,stocks
TXN00007461,USR004969,2025-12-15T05:58:56Z,126.98,GBP,stocks
TXN00002580,USR003893,2025-12-15T07:38:23Z,1238.37,PLN,FX
TXN00002008,USR004300,2025-12-15T08:34:11Z,17.91,NOK,card
TXN00006143,USR002926,2025-12-15T10:12:51Z,10.26,EUR,card
TXN00001519,USR001936,2025-12-15T10:42:43Z,172.91,EUR,stocks
TXN00006365,USR002026,2025-12-15T11:01:41Z,6.29,EUR,card
TXN00005903,USR003253,2025-12-15T11:08:50Z,905.49,EUR,savings
TXN00006953,USR002087,2025-12-15T11:13:25Z,12.06,EUR,card
TXN00006567,USR003509,2025-12-15T13:17:18Z,154.69,GBP,savings
TXN00002491,USR001528,2025-12-15T13:46:22Z,117.07,CHF,crypto
TXN00005967,USR002323,2025-12-15T14:22:14Z,450.40,GBP,FX
TXN00007880,USR002271,2025-12-15T16:44:30Z,136.03,EUR,savings
TXN00008038,USR002060,2025-12-15T17:22:28Z,66.38,EUR,stocks
TXN00004138,USR000769,2025-12-15T18:15:07Z,27.05,PLN,card
TXN00008736,USR000154,2025-12-15T20:43:58Z,388.45,EUR,stocks
TXN00006904,USR001291,2025-12-15T22:53:22Z,55.20,SEK,card
TXN00003365,USR000888,2025-12-15T23:26:12Z,519.51,EUR,FX
TXN00003755,USR003314,2025-12-15T23:31:11Z,930.92,EUR,savings
TXN00008415,USR003820,2025-12-16T00:48:33Z,91.66,SEK,card
TXN00000336,USR003620,2025-12-16T01:50:14Z,26.77,GBP,card
TXN00000418,USR003229,2025-12-16T09:04:29Z,254.19,EUR,FX
TXN00005553,USR004444,2025-12-16T12:13:48Z,56.95,GBP,card
TXN00004679,USR003590,2025-12-16T12:43:03Z,297.25,PLN,FX
TXN00002621,USR000653,2025-12-16T14:37:07Z,27.56,GBP,card
TXN00002636,USR004213,2025-12-16T19:21:18Z,39.47,EUR,card
TXN00008384,USR001961,2025-12-16T20:53:21Z,194.95,RON,savings
TXN00001000,USR002534,2025-12-16T21:43:37Z,37.35,RON,card
TXN00008289,USR003241,2025-12-16T21:54:25Z,91.39,PLN,crypto
TXN00000218,USR002558,2025-12-17T02:48:13Z,26.27,GBP,crypto
TXN00006077,USR003523,2025-12-17T03:32:04Z,8.88,GBP,card
TXN00004115,USR000587,2025-12-17T04:28:24Z,38.46,GBP,card
TXN00003053,USR000378,2025-12-17T04:49:49Z,139.52,GBP,crypto
TXN00007420,USR002955,2025-12-17T05:07:16Z,51.31,PLN,card
TXN00007881,USR001615,2025-12-17T07:34:25Z,20.86,EUR,card
TXN00006000,USR000626,2025-12-17T08:25:42Z,17.60,EUR,card
TXN00006259,USR002277,2025-12-17T09:14:03Z,658.21,NOK,savings
TXN00003265,USR002198,2025-12-17T12:03:48Z,179.49,PLN,savings
TXN00001674,USR000513,2025-12-17T12:15:29Z,78.81,EUR,card
TXN00001970,USR003028,2025-12-17T13:36:29Z,14.32,GBP,card
TXN00004103,USR001542,2025-12-17T14:03:33Z,27.03,GBP,card
TXN00001441,USR002072,2025-12-17T14:10:49Z,67.26,CAD,card
TXN00000708,USR001740,2025-12-17T15:31:01Z,108.07,GBP,card
TXN00001486,USR002461,2025-12-17T15:52:29Z,165.65,GBP,crypto
TXN00000163,USR003662,2025-12-17T21:00:33Z,1493.63,EUR,savings
TXN00000862,USR002831,2025-12-18T02:17:55Z,60.43,EUR,card
TXN00004803,USR000212,2025-12-18T05:42:32Z,41.01,CHF,card
TXN00006662,USR000014,2025-12-18T07:50:13Z,627.76,PLN,stocks
TXN00004751,USR002762,2025-12-18T10:00:24Z,680.79,EUR,FX
TXN00001641,USR003563,2025-12-18T11:33:05Z,260.68,CAD,card
TXN00008853,USR003575,2025-12-18T12:59:27Z,10.21,GBP,card
TXN00005170,USR004595,2025-12-18T15:40:07Z,-38.36,EUR,card
TXN00002668,USR001599,2025-12-18T17:10:33Z,436.03,EUR,savings
TXN00000151,USR002633,2025-12-18T18:30:53Z,160.09,SEK,FX
TXN00003368,USR004896,2025-12-18T18:36:16Z,26.41,GBP,card
TXN00001841,USR002948,2025-12-18T22:51:52Z,4.19,EUR,card
TXN00002413,USR004457,2025-12-18T23:15:49Z,11.08,GBP,card
TXN00007072,USR002388,2025-12-18T23:47:01Z,13.12,GBP,card
TXN00008286,USR004214,2025-12-19T00:38:47Z,14.38,PLN,card
TXN00008127,USR002293,2025-12-19T00:47:25Z,84.01,EUR,stocks
TXN00007192,USR001766,2025-12-19T02:21:19Z,11.80,EUR,card
TXN00000196,USR003680,2025-12-19T03:43:33Z,429.31,EUR,savings
TXN00001143,USR000096,2025-12-19T09:42:53Z,19.03,GBP,card
TXN00001295,USR002911,2025-12-19T15:43:49Z,108.11,EUR,card
TXN00006544,USR004867,2025-12-19T17:19:10Z,311.42,EUR,savings
TXN00002822,USR001525,2025-12-19T18:24:18Z,40.80,EUR,card
TXN00006880,USR002312,2025-12-19T20:06:02Z,14.66,GBP,card
TXN00008793,USR002312,2025-12-20T00:20:10Z,302.93,GBP,savings
TXN00000633,USR000406,2025-12-20T03:30:00Z,3929.83,CHF,savings
TXN00002456,USR001373,2025-12-20T09:22:14Z,162.43,EUR,FX
TXN00005573,USR003711,2025-12-20T12:20:00Z,334.35,GBP,savings
TXN00007703,USR002369,2025-12-20T15:21:30Z,10.30,PLN,stocks
TXN00003630,USR000861,2025-12-20T17:51:23Z,26.17,EUR,card
TXN00001470,USR000792,2025-12-20T18:36:12Z,74.65,EUR,stocks
TXN00003514,USR003157,2025-12-20T22:14:59Z,10.90,GBP,card
TXN00002497,USR003161,2025-12-20T23:42:25Z,331.03,EUR,FX
TXN00005704,USR003538,2025-12-21T04:51:52Z,1601.06,RON,savings
TXN00004595,USR001712,2025-12-21T09:47:38Z,500.11,GBP,savings
TXN00003207,USR000775,2025-12-21T11:02:43Z,43.64,EUR,card
TXN00004092,USR002485,2025-12-21T12:08:51Z,58.47,EUR,card
TXN00006016,USR002632,2025-12-21T14:35:25Z,26.67,EUR,card
TXN00001078,USR001742,2025-12-21T14:51:13Z,77.58,RON,crypto
TXN00007602,USR003719,2025-12-21T14:56:30Z,51.76,EUR,card
TXN00004479,USR002935,2025-12-21T16:05:40Z,528.65,EUR,savings
TXN00007801,USR002584,2025-12-21T16:34:41Z,112.29,PLN,crypto
TXN00000542,USR001761,2025-12-21T20:11:21Z,246.89,EUR,crypto
TXN00007751,USR000118,2025-12-21T20:19:23Z,1555.69,EUR,savings
TXN00000203,USR002174,2025-12-22T04:02:07Z,159.36,GBP,FX
TXN00000912,USR001294,2025-12-22T04:03:55Z,6.05,PLN,card
TXN00001033,USR002006,2025-12-22T08:57:01Z,16.64,EUR,crypto
TXN00002625,USR002028,2025-12-22T10:18:06Z,20.50,EUR,card
TXN00005064,USR000400,2025-12-22T11:23:08Z,21.93,EUR,card
TXN00001163,USR000123,2025-12-22T11:35:18Z,1176.84,SEK,FX
TXN00006097,USR001146,2025-12-22T13:27:04Z,10.82,GBP,card
TXN00003387,USR004786,2025-12-22T15:26:23Z,69.93,EUR,stocks
TXN00007837,USR002557,2025-12-22T19:39:10Z,26.96,PLN,card
TXN00002757,USR001768,2025-12-22T23:24:00Z,4.88,EUR,card
TXN00004552,USR003177,2025-12-23T00:36:19Z,12.13,EUR,card
TXN00005004,USR000029,2025-12-23T01:02:16Z,895.57,EUR,crypto
TXN00008489,USR003886,2025-12-23T05:17:13Z,12.05,EUR,card
TXN00003728,USR000234,2025-12-23T05:42:12Z,210.98,GBP,stocks
TXN00005637,USR004817,2025-12-23T06:39:51Z,373.10,GBP,savings
TXN00006867,USR001475,2025-12-23T09:09:28Z,1294.92,EUR,savings
TXN00008020,USR000278,2025-12-23T13:43:37Z,662.85,PLN,savings
TXN00006967,USR000686,2025-12-23T14:56:31Z,45.26,EUR,card
TXN00004332,USR004906,2025-12-23T16:43:23Z,8.34,EUR,card
TXN00004188,USR002557,2025-12-23T17:18:59Z,19.02,PLN,card
TXN00001444,USR001597,2025-12-23T18:00:49Z,87.49,EUR,stocks
TXN00005721,USR004681,2025-12-23T21:38:36Z,1356.69,EUR,FX
TXN00003879,USR002812,2025-12-23T23:32:40Z,29.58,EUR,card
TXN00004928,USR002202,2025-12-24T02:02:31Z,23.67,EUR,card
TXN00002429,USR004073,2025-12-24T04:21:35Z,27.94,RON,card
TXN00006771,USR001165,2025-12-24T07:29:11Z,20.43,CHF,card
TXN00000887,USR002687,2025-12-24T12:00:32Z,183.23,EUR,FX
TXN00005255,USR002074,2025-12-24T16:07:09Z,642.22,GBP,FX
TXN00002643,USR003185,2025-12-24T17:20:07Z,34.91,EUR,card
TXN00004774,USR002917,2025-12-24T23:47:29Z,20.89,EUR,card
TXN00003982,USR001795,2025-12-25T00:50:30Z,446.13,EUR,savings
TXN00008098,USR003291,2025-12-25T01:07:08Z,72.40,RON,stocks
TXN00003703,USR001159,2025-12-25T02:42:50Z,87.43,RON,crypto
TXN00001591,USR000053,2025-12-25T04:07:44Z,181.01,EUR,card
TXN00002744,USR004089,2025-12-25T06:22:55Z,182.28,PLN,crypto
TXN00003783,USR001739,2025-12-25T11:46:53Z,404.33,GBP,savings
TXN00004854,USR004517,2025-12-25T19:20:16Z,283.19,EUR,stocks
TXN00003319,USR000538,2025-12-25T19:46:39Z,19.90,EUR,card
TXN00000640,USR001339,2025-12-26T00:12:38Z,33.23,EUR,card
TXN00000755,USR001624,2025-12-26T03:27:39Z,158.40,EUR,crypto
TXN00008849,USR000597,2025-12-26T04:19:56Z,34.16,EUR,card
TXN00000001,USR001015,2025-12-26T08:33:47Z,25.25,GBP,card
TXN00007347,USR004296,2025-12-26T09:50:33Z,615.52,GBP,savings
TXN00003389,USR000921,2025-12-26T10:27:29Z,18.78,SEK,card
TXN00000725,USR003771,2025-12-26T18:51:01Z,318.69,PLN,stocks
TXN00004322,USR003071,2025-12-26T21:43:02Z,2.62,GBP,card
TXN00004156,USR001038,2025-12-27T05:19:05Z,489.56,EUR,FX
TXN00007970,USR002098,2025-12-27T10:08:35Z,448.68,EUR,savings
TXN00002542,USR000316,2025-12-27T10:57:32Z,117.09,RON,FX
TXN00004003,USR001524,2025-12-27T12:12:19Z,59.46,GBP,card
TXN00003135,USR002775,2025-12-27T13:11:44Z,58.75,CHF,card
TXN00003022,USR001390,2025-12-27T14:37:41Z,90.84,EUR,card
TXN00007933,USR000589,2025-12-27T17:10:04Z,235.78,EUR,FX
TXN00000270,USR004910,2025-12-27T17:45:42Z,30.48,EUR,card
TXN00008280,USR000968,2025-12-27T20:22:29Z,96.11,EUR,stocks
TXN00000438,USR004503,2025-12-27T22:46:32Z,74.22,GBP,card
TXN00002165,USR000056,2025-12-27T22:59:10Z,8.63,GBP,card
TXN00000743,USR000435,2025-12-27T23:28:12Z,25.06,SEK,card
TXN00005965,USR002368,2025-12-27T23:58:10Z,28.06,EUR,card
TXN00006230,USR000912,2025-12-28T00:32:43Z,7.92,GBP,card
TXN00000178,USR000672,2025-12-28T06:41:41Z,58.75,EUR,savings
TXN00001139,USR004554,2025-12-28T17:17:59Z,-15.82,EUR,card
TXN00006349,USR004307,2025-12-28T18:03:51Z,94.85,RON,card
TXN00005857,USR001838,2025-12-29T00:44:43Z,30.34,EUR,crypto
TXN00004116,USR004037,2025-12-29T01:31:35Z,49.32,EUR,crypto
TXN00006399,USR001017,2025-12-29T06:23:32Z,44.53,GBP,card
TXN00009000,USR003867,2025-12-29T10:28:03Z,11.20,GBP,card
TXN00000872,USR001165,2025-12-30T02:14:27Z,289.05,USD,FX
TXN00000703,USR001399,2025-12-30T02:49:31Z,111.41,RON,stocks
TXN00005524,USR004901,2025-12-30T03:16:34Z,44.30,USD,card
TXN00004071,USR003218,2025-12-30T04:45:45Z,43.81,EUR,card
TXN00006304,USR000870,2025-12-30T08:29:08Z,17.06,GBP,card
TXN00004787,USR003334,2025-12-30T11:10:38Z,1468.00,GBP,savings
TXN00008675,USR001163,2025-12-30T11:40:09Z,78.77,EUR,savings
TXN00000236,USR001036,2025-12-30T13:30:00Z,21.35,EUR,card
TXN00005029,USR001997,2025-12-30T16:15:52Z,46.29,EUR,stocks
TXN00004139,USR002700,2025-12-30T19:01:24Z,8.77,GBP,card
TXN00002087,USR004032,2025-12-30T20:00:03Z,140.30,EUR,stocks
TXN00004741,USR000147,2025-12-30T20:07:57Z,184.99,EUR,card
TXN00002941,USR002889,2025-12-30T22:05:49Z,5.67,GBP,card
TXN00003749,USR003024,2025-12-31T00:10:03Z,542.92,GBP,savings
TXN00006545,USR001076,2025-12-31T03:19:31Z,10.99,GBP,card
TXN00007130,USR004775,2025-12-31T08:23:34Z,130.70,RON,card
TXN00004573,USR004214,2025-12-31T09:49:19Z,80.80,PLN,crypto
TXN00000258,USR004914,2025-12-31T12:19:53Z,18.36,EUR,card
TXN00001916,USR003019,2025-12-31T13:01:40Z,50.88,GBP,card
TXN00007230,USR003838,2025-12-31T13:42:26Z,1268.80,EUR,FX
TXN00008316,USR001227,2025-12-31T14:53:58Z,753.87,EUR,FX
TXN00002021,USR000309,2025-12-31T15:42:42Z,16.45,PLN,card
TXN00008630,USR003025,2025-12-31T16:45:22Z,45.96,USD,crypto
TXN00001925,USR004130,2025-12-31T17:19:22Z,413.25,PLN,stocks
TXN00006231,USR003719,2025-12-31T18:12:02Z,119.65,EUR,stocks
TXN00001927,USR003391,2025-12-31T23:10:18Z,92.45,EUR,card
TXN00005681,USR003448,2026-01-01T02:21:20Z,32.71,EUR,card
TXN00006478,USR002012,2026-01-01T05:27:32Z,130.84,GBP,card
TXN00008874,USR002886,2026-01-01T06:43:33Z,223.38,USD,crypto
TXN00008694,USR003229,2026-01-01T08:06:25Z,76.73,EUR,savings
TXN00008879,USR001892,2026-01-01T08:15:50Z,146.40,EUR,crypto
TXN00004921,USR003146,2026-01-01T10:06:37Z,15.82,PLN,card
TXN00005208,USR001436,2026-01-01T12:42:17Z,212.13,EUR,savings
TXN00000273,USR002639,2026-01-01T12:52:14Z,14.42,GBP,card
TXN00008148,USR004789,2026-01-01T14:27:55Z,25.08,GBP,card
TXN00000081,USR002716,2026-01-01T14:33:55Z,104.69,EUR,crypto
TXN00003227,USR000274,2026-01-01T14:54:10Z,282.43,CHF,FX
TXN00005008,USR000409,2026-01-01T15:55:04Z,144.81,EUR,card
TXN00007845,USR000863,2026-01-01T16:57:39Z,206.58,EUR,stocks
TXN00007871,USR003485,2026-01-01T17:40:48Z,-35.02,EUR,card
TXN00002215,USR001068,2026-01-01T18:23:28Z,34.55,EUR,card
TXN00007335,USR002993,2026-01-01T19:27:01Z,90.80,RON,stocks
TXN00006994,USR003477,2026-01-01T20:45:52Z,206.21,EUR,savings
TXN00004721,USR002531,2026-01-01T22:45:34Z,12.27,EUR,card
TXN00003812,USR002636,2026-01-01T22:55:37Z,311.94,EUR,savings
TXN00000458,USR003113,2026-01-01T23:00:15Z,9.74,GBP,card
TXN00004886,USR002006,2026-01-01T23:32:52Z,66.88,EUR,card
TXN00004746,USR002251,2026-01-02T00:36:32Z,452.63,GBP,crypto
TXN00005725,USR003209,2026-01-02T02:22:54Z,277.55,GBP,stocks
TXN00000723,USR002228,2026-01-02T02:34:38Z,904.81,GBP,savings
TXN00008435,USR004843,2026-01-02T03:01:28Z,134.46,EUR,savings
TXN00000153,USR003958,2026-01-02T03:15:10Z,10.97,EUR,card
TXN00001063,USR001415,2026-01-02T04:26:26Z,34.45,EUR,card
TXN00004795,USR003559,2026-01-02T04:42:42Z,56.25,PLN,card
TXN00006798,USR003294,2026-01-02T05:10:23Z,98.47,NOK,stocks
TXN00000383,USR000507,2026-01-02T08:39:52Z,49.26,EUR,card
TXN00008863,USR004674,2026-01-02T08:51:15Z,12.89,GBP,card
TXN00001303,USR000501,2026-01-02T09:17:43Z,28.06,USD,card
TXN00001473,USR000690,2026-01-02T09:18:07Z,82.91,GBP,card
TXN00007491,USR003547,2026-01-02T11:11:56Z,2.24,EUR,card
TXN00006415,USR000552,2026-01-02T11:39:00Z,63.65,EUR,card
TXN00000202,USR002177,2026-01-02T11:46:10Z,230.28,GBP,crypto
TXN00003970,USR002468,2026-01-02T14:41:41Z,161.66,EUR,crypto
TXN00008360,USR003036,2026-01-02T19:47:56Z,171.71,GBP,FX
TXN00008898,USR000850,2026-01-02T22:05:20Z,18.16,USD,card
TXN00007346,USR000612,2026-01-02T23:14:51Z,37.83,GBP,card
TXN00004247,USR000587,2026-01-03T05:10:26Z,359.00,CHF,savings
TXN00003809,USR003599,2026-01-03T06:37:05Z,72.35,JPY,card
TXN00008271,USR002615,2026-01-03T07:03:33Z,41.34,GBP,card
TXN00002040,USR001230,2026-01-03T12:38:06Z,12.54,GBP,card
TXN00005038,USR000550,2026-01-03T13:09:52Z,1297.31,EUR,savings
TXN00007950,USR000220,2026-01-03T13:23:35Z,416.03,EUR,FX
TXN00002951,USR004572,2026-01-03T13:33:14Z,247.23,PLN,crypto
TXN00001367,USR002028,2026-01-03T15:17:22Z,6.67,EUR,card
TXN00002752,USR003037,2026-01-03T15:53:51Z,382.67,EUR,savings
TXN00000125,USR002589,2026-01-03T20:56:25Z,14.60,EUR,card
TXN00003721,USR003387,2026-01-04T02:31:13Z,18.14,SEK,card
TXN00002128,USR003134,2026-01-04T05:04:16Z,15.97,SEK,card
TXN00006719,USR002885,2026-01-04T05:29:13Z,13.39,GBP,card
TXN00001447,USR001499,2026-01-04T06:44:11Z,238.55,EUR,FX
TXN00004399,USR004453,2026-01-04T10:43:14Z,106.37,EUR,savings
TXN00000093,USR002483,2026-01-04T15:08:41Z,426.75,EUR,FX
TXN00007145,USR004116,2026-01-04T15:42:47Z,1246.37,GBP,savings
TXN00001958,USR000458,2026-01-04T18:19:38Z,39.68,NOK,card
TXN00006652,USR003870,2026-01-04T20:09:11Z,40.19,EUR,crypto
TXN00004544,USR003995,2026-01-04T20:14:09Z,164.54,RON,FX
TXN00006585,USR001176,2026-01-04T20:35:46Z,97.67,GBP,crypto
TXN00000521,USR000010,2026-01-04T20:53:44Z,51.08,CHF,crypto
TXN00003429,USR001266,2026-01-04T21:07:27Z,334.79,EUR,savings
TXN00006142,USR001416,2026-01-04T23:48:51Z,976.09,PLN,savings
TXN00003101,USR004868,2026-01-05T03:53:32Z,729.67,GBP,FX
TXN00005646,USR004280,2026-01-05T03:54:47Z,132.15,EUR,crypto
TXN00000932,USR004151,2026-01-05T08:24:33Z,16.95,GBP,card
TXN00001665,USR002368,2026-01-05T09:40:45Z,537.70,EUR,savings
TXN00003890,USR002006,2026-01-05T12:00:09Z,8.25,EUR,card
TXN00005362,USR000153,2026-01-05T15:37:52Z,18.08,GBP,card
TXN00008596,USR001472,2026-01-05T17:26:51Z,23.21,GBP,card
TXN00000181,USR000642,2026-01-05T18:40:04Z,196.31,RON,savings
TXN00004987,USR003767,2026-01-05T18:52:19Z,41.01,EUR,card
TXN00008383,USR004464,2026-01-05T20:13:04Z,7.01,GBP,card
TXN00007579,USR002027,2026-01-05T21:46:09Z,259.13,EUR,FX
TXN00006930,USR004186,2026-01-05T23:54:01Z,232.56,PLN,stocks
TXN00005947,USR000588,2026-01-06T05:10:34Z,97.41,EUR,card
TXN00007378,USR003965,2026-01-06T11:30:57Z,17.27,GBP,card
TXN00000615,USR003128,2026-01-06T12:40:38Z,72.48,EUR,card
TXN00004413,USR000221,2026-01-06T12:47:23Z,14.20,USD,card
TXN00000416,USR003886,2026-01-06T13:10:02Z,13.84,EUR,card
TXN00002781,USR001764,2026-01-06T14:32:08Z,185.39,USD,stocks
TXN00002190,USR002745,2026-01-06T15:48:01Z,51.31,EUR,card
TXN00001326,USR001293,2026-01-06T18:32:20Z,83.67,GBP,card
TXN00008374,USR002536,2026-01-06T21:41:28Z,113.09,GBP,stocks
TXN00000789,USR000481,2026-01-06T23:13:00Z,16.47,EUR,card
TXN00004883,USR003089,2026-01-06T23:43:57Z,20.17,EUR,card
TXN00007068,USR004658,2026-01-07T00:05:32Z,278.85,GBP,savings
TXN00000461,USR001405,2026-01-07T02:59:43Z,9.69,EUR,card
TXN00004780,USR001339,2026-01-07T05:15:20Z,101.20,EUR,FX
TXN00005446,USR000265,2026-01-07T05:18:13Z,47.45,CHF,card
TXN00003788,USR001072,2026-01-07T05:20:04Z,200.89,GBP,card
TXN00000002,USR003522,2026-01-07T12:09:08Z,108.19,EUR,crypto
TXN00003915,USR000529,2026-01-07T15:39:52Z,150.45,EUR,card
TXN00007383,USR000605,2026-01-07T16:48:25Z,6.85,EUR,card
TXN00005315,USR000646,2026-01-07T18:39:06Z,167.81,GBP,card
TXN00004167,USR001369,2026-01-07T19:39:19Z,701.33,EUR,stocks
TXN00005841,USR000044,2026-01-07T21:20:29Z,429.67,GBP,savings
TXN00007047,USR003023,2026-01-08T00:24:38Z,191.69,EUR,savings
TXN00005614,USR001354,2026-01-08T00:30:17Z,82.72,GBP,stocks
TXN00008842,USR003611,2026-01-08T00:32:58Z,147.97,JPY,card
TXN00005204,USR003840,2026-01-08T02:25:08Z,173.22,EUR,savings
TXN00001741,USR002922,2026-01-08T02:35:30Z,56.09,EUR,crypto
TXN00007997,USR000523,2026-01-08T06:15:45Z,96.76,PLN,stocks
TXN00003332,USR004543,2026-01-08T06:26:21Z,144.47,EUR,savings
TXN00005994,USR001163,2026-01-08T07:23:24Z,22.77,EUR,card
TXN00007540,USR003140,2026-01-08T08:44:41Z,16.35,GBP,card
TXN00004750,USR003201,2026-01-08T09:46:16Z,6.23,NOK,card
TXN00005605,USR003506,2026-01-08T11:08:33Z,31.37,GBP,card
TXN00005867,USR002194,2026-01-08T13:37:25Z,181.46,GBP,crypto
TXN00002265,USR000809,2026-01-08T15:30:17Z,108.37,EUR,stocks
TXN00003232,USR004042,2026-01-08T16:03:48Z,78.78,GBP,card
TXN00000090,USR001274,2026-01-08T16:17:28Z,125.23,EUR,card
TXN00000440,USR001001,2026-01-08T21:58:45Z,33.51,RON,crypto
TXN00004575,USR000591,2026-01-08T22:17:53Z,62.73,RON,card
TXN00000934,USR001189,2026-01-09T00:13:56Z,6.51,GBP,card
TXN00004395,USR004982,2026-01-09T00:58:41Z,14.54,EUR,card
TXN00007137,USR002015,2026-01-09T01:24:57Z,446.40,PLN,savings
TXN00003836,USR002090,2026-01-09T05:19:29Z,64.93,EUR,card
TXN00001120,USR003044,2026-01-09T05:35:10Z,223.20,PLN,crypto
TXN00000200,USR001774,2026-01-09T05:38:20Z,115.52,GBP,stocks
TXN00004559,USR002291,2026-01-09T06:09:19Z,44.06,GBP,card
TXN00002126,USR004569,2026-01-09T08:42:31Z,12.58,EUR,card
TXN00006027,USR004716,2026-01-09T14:03:41Z,139.68,EUR,card
TXN00008572,USR000640,2026-01-09T15:42:11Z,9.60,EUR,card
TXN00001431,USR002745,2026-01-09T17:15:15Z,149.43,PLN,FX
TXN00002345,USR000284,2026-01-09T18:41:46Z,25.82,NOK,card
TXN00008828,USR004272,2026-01-09T20:27:16Z,32.60,EUR,card
TXN00002179,USR004617,2026-01-10T02:33:07Z,37.96,PLN,card
TXN00008461,USR003200,2026-01-10T07:33:11Z,533.07,EUR,savings
TXN00004269,USR001136,2026-01-10T07:48:56Z,23.78,GBP,card
TXN00000695,USR003579,2026-01-10T07:57:11Z,320.64,EUR,savings
TXN00001891,USR003279,2026-01-10T08:55:00Z,244.85,EUR,savings
TXN00002495,USR002025,2026-01-10T10:18:17Z,94.42,GBP,crypto
TXN00003887,USR000487,2026-01-10T12:20:49Z,131.35,GBP,FX
TXN00003175,USR002889,2026-01-10T12:50:44Z,4.99,GBP,card
TXN00001302,USR002160,2026-01-10T16:01:46Z,48.07,EUR,card
TXN00003534,USR000726,2026-01-10T16:18:41Z,17.45,EUR,card
TXN00007042,USR004944,2026-01-10T18:00:53Z,9.76,GBP,card
TXN00000848,USR003123,2026-01-10T20:11:47Z,1022.69,EUR,crypto
TXN00006942,USR001185,2026-01-11T01:40:07Z,28.03,EUR,card
TXN00002849,USR000834,2026-01-11T03:35:04Z,730.94,EUR,FX
TXN00008721,USR004299,2026-01-11T08:30:24Z,21.49,EUR,card
TXN00008188,USR003457,2026-01-11T09:51:36Z,518.33,EUR,stocks
TXN00008162,USR000032,2026-01-11T11:29:06Z,-90.35,EUR,card
TXN00007980,USR001161,2026-01-11T11:46:53Z,17.75,PLN,card
TXN00001004,USR002719,2026-01-11T12:23:58Z,16.93,EUR,card
TXN00005753,USR000189,2026-01-11T13:02:24Z,8.44,RON,card
TXN00004099,USR002124,2026-01-11T16:19:20Z,31.35,PLN,card
TXN00004193,USR004240,2026-01-11T17:52:47Z,55.28,EUR,card
TXN00000882,USR003807,2026-01-11T20:58:33Z,414.64,EUR,FX
TXN00006400,USR004626,2026-01-11T23:28:17Z,590.33,EUR,FX
TXN00004660,USR003958,2026-01-12T01:05:38Z,7.02,EUR,card
TXN00003085,USR004965,2026-01-12T04:51:14Z,12.52,EUR,card
TXN00005860,USR001709,2026-01-12T09:37:45Z,181.47,RON,savings
TXN00003910,USR001745,2026-01-12T11:05:13Z,82.03,GBP,card
TXN00004151,USR000970,2026-01-12T12:03:21Z,278.09,EUR,savings
TXN00004980,USR000431,2026-01-12T13:13:44Z,67.81,SEK,card
TXN00000727,USR002450,2026-01-12T13:52:26Z,590.36,EUR,savings
TXN00006565,USR001959,2026-01-12T14:36:08Z,33.43,EUR,card
TXN00006829,USR001773,2026-01-12T16:12:00Z,1.35,EUR,card
TXN00000787,USR004537,2026-01-12T18:19:48Z,-55.21,EUR,card
TXN00002195,USR000528,2026-01-13T00:00:25Z,3.21,PLN,card
TXN00004727,USR001992,2026-01-13T00:24:17Z,330.21,GBP,FX
TXN00004974,USR002107,2026-01-13T01:48:34Z,25.36,EUR,card
TXN00005430,USR001080,2026-01-13T07:30:30Z,66.85,EUR,crypto
TXN00002629,USR000646,2026-01-13T09:05:48Z,694.88,GBP,savings
TXN00002481,USR001712,2026-01-13T10:01:58Z,84.08,GBP,card
TXN00004882,USR001750,2026-01-13T12:43:42Z,76.44,EUR,card
TXN00006632,USR003878,2026-01-13T14:33:15Z,15.86,EUR,card
TXN00000874,USR003033,2026-01-13T15:29:30Z,556.88,CAD,crypto
TXN00003584,USR001783,2026-01-13T16:16:00Z,3.43,GBP,card
TXN00000161,USR003113,2026-01-13T17:08:17Z,7.79,GBP,card
TXN00004131,USR003567,2026-01-13T17:49:17Z,19.64,GBP,card
TXN00004753,USR004532,2026-01-13T21:37:35Z,23.34,EUR,card
TXN00005851,USR004408,2026-01-13T22:05:32Z,220.61,GBP,savings
TXN00001196,USR000477,2026-01-14T01:38:27Z,395.74,EUR,stocks
TXN00007082,USR003699,2026-01-14T03:36:22Z,66.21,EUR,crypto
TXN00005063,USR000096,2026-01-14T03:45:52Z,25.60,GBP,card
TXN00000877,USR001006,2026-01-14T04:08:58Z,11.42,EUR,card
TXN00008747,USR002441,2026-01-14T08:28:36Z,7.30,GBP,card
TXN00000880,USR004957,2026-01-14T10:16:52Z,8.29,RON,card
TXN00003761,USR003243,2026-01-14T11:25:36Z,281.09,EUR,savings
TXN00004258,USR002132,2026-01-14T12:34:51Z,8.21,EUR,card
TXN00000312,USR004080,2026-01-14T14:49:33Z,14.56,EUR,card
TXN00008478,USR002931,2026-01-14T15:56:55Z,41.24,EUR,card
TXN00007316,USR001038,2026-01-14T17:30:50Z,206.99,EUR,FX
TXN00005533,USR003837,2026-01-14T18:48:56Z,83.91,SEK,crypto
TXN00006817,USR001563,2026-01-14T21:05:43Z,58.53,GBP,card
TXN00005495,USR004982,2026-01-15T00:50:27Z,32.13,EUR,card
TXN00004959,USR004103,2026-01-15T00:56:41Z,27.08,EUR,card
TXN00000947,USR001370,2026-01-15T02:58:15Z,223.32,EUR,savings
TXN00005591,USR000140,2026-01-15T03:31:23Z,4.67,EUR,card
TXN00008677,USR002876,2026-01-15T03:48:16Z,37.06,PLN,card
TXN00007984,USR003705,2026-01-15T05:22:51Z,13.11,EUR,card
TXN00002314,USR003263,2026-01-15T05:34:51Z,460.30,GBP,FX
TXN00003714,USR001087,2026-01-15T06:10:40Z,23.30,GBP,card
TXN00001477,USR003504,2026-01-15T09:07:48Z,45.82,GBP,card
TXN00006276,USR002055,2026-01-15T09:17:59Z,111.89,EUR,stocks
TXN00004536,USR004378,2026-01-15T09:19:36Z,726.83,EUR,savings
TXN00003392,USR001904,2026-01-15T09:50:52Z,48.40,EUR,card
TXN00004949,USR001547,2026-01-15T11:01:35Z,950.19,RON,FX
TXN00003455,USR000001,2026-01-15T12:25:54Z,21.61,GBP,card
TXN00007412,USR004969,2026-01-15T17:14:55Z,92.04,GBP,crypto
TXN00002408,USR002851,2026-01-15T17:46:49Z,29.29,RON,card
TXN00002243,USR002879,2026-01-15T19:54:00Z,4.96,EUR,card
TXN00000016,USR003876,2026-01-15T21:10:43Z,386.39,GBP,FX
TXN00005793,USR002082,2026-01-15T21:48:36Z,15.21,GBP,card
TXN00001488,USR003648,2026-01-16T01:17:13Z,297.92,EUR,savings
TXN00006241,USR003134,2026-01-16T01:31:44Z,105.11,SEK,crypto
TXN00005804,USR002334,2026-01-16T02:41:57Z,338.97,EUR,savings
TXN00005072,USR000586,2026-01-16T05:10:32Z,22.34,PLN,card
TXN00006851,USR004491,2026-01-16T07:27:20Z,26.42,EUR,card
TXN00007865,USR004732,2026-01-16T07:40:01Z,1002.99,EUR,savings
TXN00007496,USR003411,2026-01-16T08:20:35Z,16.29,GBP,card
TXN00005718,USR001495,2026-01-16T11:13:31Z,217.14,EUR,savings
TXN00004863,USR001156,2026-01-16T16:19:03Z,15.07,GBP,card
TXN00006952,USR002652,2026-01-16T17:11:00Z,2.39,GBP,card
TXN00005147,USR003046,2026-01-17T07:08:02Z,354.82,EUR,card
TXN00002447,USR002284,2026-01-17T08:54:21Z,326.12,SEK,stocks
TXN00001380,USR003135,2026-01-17T08:57:41Z,14.25,EUR,card
TXN00004356,USR003572,2026-01-17T09:31:46Z,370.52,SEK,savings
TXN00005496,USR003604,2026-01-17T15:48:59Z,63.33,CHF,card
TXN00008876,USR001999,2026-01-17T18:04:57Z,19.13,GBP,card
TXN00008669,USR001079,2026-01-17T19:01:50Z,141.60,PLN,stocks
TXN00007053,USR001036,2026-01-17T22:03:29Z,104.71,EUR,crypto
TXN00005519,USR000978,2026-01-18T02:12:12Z,151.60,GBP,stocks
TXN00004740,USR002356,2026-01-18T02:39:42Z,40.94,EUR,card
TXN00002630,USR003521,2026-01-18T08:17:04Z,49.62,EUR,card
TXN00007772,USR001062,2026-01-18T14:13:14Z,47.06,CAD,card
TXN00002591,USR001383,2026-01-18T18:08:59Z,12.46,GBP,card
TXN00003776,USR004981,2026-01-18T20:06:37Z,90.08,GBP,stocks
TXN00007292,USR003827,2026-01-18T21:20:12Z,1063.27,GBP,savings
TXN00008376,USR000759,2026-01-18T21:24:48Z,126.33,PLN,card
TXN00004347,USR000055,2026-01-18T21:31:09Z,154.09,EUR,crypto
TXN00004015,USR002728,2026-01-18T21:45:44Z,10.56,GBP,card
TXN00004540,USR000015,2026-01-18T22:43:45Z,51.05,EUR,card
TXN00008099,USR000260,2026-01-19T00:03:31Z,29.44,EUR,card
TXN00004687,USR002597,2026-01-19T01:31:21Z,21.52,EUR,card
TXN00008598,USR001835,2026-01-19T02:58:55Z,206.74,EUR,crypto
TXN00007520,USR000291,2026-01-19T03:21:04Z,146.26,GBP,FX
TXN00003658,USR001490,2026-01-19T03:55:04Z,310.42,CHF,crypto
TXN00004561,USR001012,2026-01-19T05:29:19Z,12.78,EUR,card
TXN00006159,USR003367,2026-01-19T13:31:25Z,17.73,PLN,card
TXN00000466,USR001535,2026-01-19T13:50:18Z,41.05,EUR,FX
TXN00007135,USR001138,2026-01-19T15:25:09Z,506.02,EUR,crypto
TXN00007436,USR004225,2026-01-19T17:17:28Z,9.24,EUR,card
TXN00003535,USR001254,2026-01-20T02:15:11Z,40.06,SEK,card
TXN00007973,USR004827,2026-01-20T02:32:58Z,1975.22,CAD,savings
TXN00002038,USR001601,2026-01-20T03:24:22Z,21.77,EUR,card
TXN00008199,USR001864,2026-01-20T05:20:52Z,94.87,EUR,crypto
TXN00000033,USR000300,2026-01-20T07:04:09Z,26.15,GBP,crypto
TXN00000796,USR003118,2026-01-20T07:07:49Z,188.25,EUR,crypto
TXN00006635,USR003222,2026-01-20T10:24:47Z,189.38,EUR,stocks
TXN00005521,USR000864,2026-01-20T11:29:37Z,23.98,RON,card
TXN00004125,USR004354,2026-01-20T16:01:11Z,22.93,EUR,card
TXN00006870,USR002069,2026-01-20T17:25:39Z,18.18,GBP,card
TXN00003874,USR002765,2026-01-20T17:32:40Z,226.18,GBP,card
TXN00008887,USR000617,2026-01-20T19:27:50Z,337.37,EUR,stocks
TXN00003222,USR003670,2026-01-21T05:26:50Z,446.37,EUR,stocks
TXN00008918,USR002490,2026-01-21T05:38:23Z,454.75,GBP,FX
TXN00002526,USR003877,2026-01-21T07:43:51Z,23.51,SEK,card
TXN00003427,USR001676,2026-01-21T13:46:25Z,155.68,PLN,savings
TXN00006666,USR000071,2026-01-21T19:18:46Z,63.15,EUR,card
TXN00004394,USR000053,2026-01-21T21:39:12Z,325.30,NOK,FX
TXN00002826,USR001239,2026-01-21T23:46:22Z,-26.23,GBP,card
TXN00005378,USR003040,2026-01-22T00:40:57Z,5.43,GBP,card
TXN00002867,USR004351,2026-01-22T01:52:18Z,7.76,GBP,card
TXN00000864,USR000738,2026-01-22T04:21:14Z,10.73,EUR,card
TXN00001971,USR003033,2026-01-22T06:36:22Z,271.06,GBP,FX
TXN00007282,USR003004,2026-01-22T06:43:46Z,39.09,GBP,stocks
TXN00003886,USR000592,2026-01-22T07:32:30Z,37.98,PLN,crypto
TXN00002883,USR003453,2026-01-22T08:34:36Z,-50.02,EUR,card
TXN00001416,USR002375,2026-01-22T09:53:10Z,142.17,PLN,stocks
TXN00000933,USR004732,2026-01-22T10:28:25Z,571.44,EUR,savings
TXN00002729,USR001622,2026-01-22T12:48:44Z,8.77,PLN,card
TXN00000511,USR000431,2026-01-22T13:52:17Z,23.88,SEK,card
TXN00002223,USR000523,2026-01-22T14:24:58Z,360.85,PLN,stocks
TXN00002611,USR002423,2026-01-22T18:06:00Z,207.13,EUR,FX
TXN00001931,USR003982,2026-01-22T18:13:41Z,6.89,GBP,card
TXN00004621,USR003586,2026-01-22T20:31:00Z,906.91,CHF,FX
TXN00003502,USR000233,2026-01-22T21:07:47Z,86.72,GBP,stocks
TXN00003908,USR004060,2026-01-22T21:30:01Z,164.05,CHF,crypto
TXN00001489,USR001383,2026-01-22T22:38:55Z,161.40,GBP,FX
TXN00001262,USR004850,2026-01-23T04:35:54Z,23.04,EUR,card
TXN00003814,USR003881,2026-01-23T04:47:13Z,30.14,EUR,card
TXN00001593,USR004778,2026-01-23T05:18:46Z,59.40,EUR,card
TXN00008285,USR004171,2026-01-23T08:34:47Z,590.55,SEK,FX
TXN00003899,USR003798,2026-01-23T12:34:37Z,24.81,EUR,card
TXN00004537,USR003711,2026-01-23T16:40:01Z,204.98,GBP,stocks
TXN00007780,USR004800,2026-01-23T18:19:52Z,14.82,RON,card
TXN00006974,USR000698,2026-01-23T21:47:01Z,835.62,EUR,FX
TXN00002879,USR001371,2026-01-24T02:50:24Z,29.65,GBP,card
TXN00006106,USR003576,2026-01-24T06:46:48Z,14.76,GBP,card
TXN00004922,USR002367,2026-01-24T08:55:54Z,802.39,EUR,stocks
TXN00004182,USR002563,2026-01-24T10:49:31Z,1217.18,EUR,savings
TXN00002163,USR002038,2026-01-24T11:22:07Z,199.07,EUR,stocks
TXN00004471,USR002372,2026-01-24T11:24:24Z,11.98,PLN,card
TXN00000937,USR002681,2026-01-24T14:31:51Z,21.07,GBP,card
TXN00001195,USR001679,2026-01-24T16:24:06Z,398.60,EUR,FX
TXN00003746,USR001280,2026-01-24T16:38:13Z,31.22,PLN,card
TXN00001371,USR004638,2026-01-24T17:17:52Z,47.65,EUR,card
TXN00007633,USR000454,2026-01-24T17:35:35Z,235.18,EUR,savings
TXN00000277,USR000728,2026-01-24T17:45:23Z,105.15,RON,FX
TXN00004285,USR002225,2026-01-24T18:28:05Z,33.21,USD,card
TXN00002280,USR000687,2026-01-24T22:28:15Z,24.84,RON,card
TXN00008333,USR003687,2026-01-25T02:25:35Z,68.92,CHF,card
TXN00000814,USR004925,2026-01-25T02:49:37Z,10.61,EUR,card
TXN00006713,USR004656,2026-01-25T03:59:38Z,58.03,JPY,stocks
TXN00001243,USR003103,2026-01-25T05:09:07Z,281.80,EUR,FX
TXN00004289,USR002733,2026-01-25T06:38:01Z,11.02,EUR,card
TXN00002434,USR003837,2026-01-25T09:02:59Z,82.16,SEK,crypto
TXN00005180,USR004911,2026-01-25T12:09:28Z,17.28,EUR,card
TXN00008347,USR001646,2026-01-25T13:06:50Z,6.26,PLN,card
TXN00003719,USR003915,2026-01-25T22:27:28Z,1234.08,CHF,stocks
TXN00003838,USR001618,2026-01-25T23:29:33Z,6.44,EUR,card
TXN00002125,USR000865,2026-01-25T23:43:03Z,107.54,EUR,savings
TXN00003379,USR001592,2026-01-26T03:38:51Z,291.91,GBP,stocks
TXN00008472,USR001775,2026-01-26T05:12:44Z,14.51,GBP,card
TXN00004707,USR004371,2026-01-26T05:41:29Z,10.84,JPY,card
TXN00008899,USR002205,2026-01-26T08:23:05Z,4.50,EUR,card
TXN00002321,USR003701,2026-01-26T09:43:52Z,132.98,NOK,crypto
TXN00003204,USR001246,2026-01-26T11:09:21Z,21.58,EUR,card
TXN00004496,USR001017,2026-01-26T15:15:09Z,23.45,PLN,crypto
TXN00002406,USR004558,2026-01-26T15:35:44Z,223.38,PLN,stocks
TXN00002877,USR000846,2026-01-26T16:53:56Z,141.81,EUR,card
TXN00003361,USR004870,2026-01-26T17:49:15Z,19.57,EUR,card
TXN00005253,USR000645,2026-01-26T20:17:53Z,-35.68,EUR,card
TXN00005939,USR004181,2026-01-26T20:35:15Z,122.99,EUR,crypto
TXN00007197,USR000065,2026-01-26T20:46:12Z,1124.78,GBP,FX
TXN00001479,USR003975,2026-01-26T22:35:48Z,6.89,RON,card
TXN00002914,USR003209,2026-01-27T02:57:01Z,13.06,GBP,card
TXN00008523,USR000208,2026-01-27T02:58:53Z,318.04,RON,savings
TXN00006162,USR003479,2026-01-27T04:17:39Z,320.74,EUR,FX
TXN00005377,USR001486,2026-01-27T05:02:37Z,1034.38,GBP,savings
TXN00006989,USR003513,2026-01-27T08:52:07Z,66.09,GBP,card
TXN00007402,USR001588,2026-01-27T08:53:06Z,135.78,PLN,FX
TXN00006291,USR004207,2026-01-27T13:46:37Z,63.68,EUR,card
TXN00007752,USR002561,2026-01-27T16:00:31Z,190.96,EUR,FX
TXN00003074,USR002561,2026-01-27T18:24:41Z,10.92,EUR,card
TXN00008395,USR000264,2026-01-27T20:19:46Z,1002.25,EUR,savings
TXN00004013,USR004580,2026-01-27T21:05:33Z,627.93,EUR,savings
TXN00000060,USR003509,2026-01-27T22:08:36Z,42.00,GBP,card
TXN00004416,USR003748,2026-01-27T22:51:25Z,50.95,EUR,card
TXN00000635,USR002796,2026-01-28T03:06:34Z,150.87,EUR,savings
TXN00004880,USR000619,2026-01-28T04:38:53Z,467.51,EUR,savings
TXN00006083,USR002697,2026-01-28T04:40:41Z,160.15,NOK,card
TXN00006714,USR004508,2026-01-28T05:10:21Z,72.35,EUR,crypto
TXN00007284,USR003709,2026-01-28T05:21:34Z,59.76,EUR,card
TXN00002554,USR000126,2026-01-28T12:13:52Z,1300.76,EUR,FX
TXN00006571,USR000737,2026-01-28T14:44:03Z,9.47,GBP,card
TXN00003444,USR003814,2026-01-28T14:51:28Z,57.52,GBP,card
TXN00002813,USR002299,2026-01-28T16:25:10Z,91.26,CHF,crypto
TXN00004326,USR001300,2026-01-28T18:15:03Z,27.08,EUR,card
TXN00004001,USR001302,2026-01-28T18:22:36Z,127.31,EUR,stocks
TXN00007689,USR004569,2026-01-28T21:19:17Z,59.05,EUR,card
TXN00005766,USR003419,2026-01-29T00:14:30Z,154.61,GBP,FX
TXN00000984,USR004970,2026-01-29T00:14:58Z,29.71,EUR,stocks
TXN00000911,USR001815,2026-01-29T02:03:19Z,39.79,EUR,card
TXN00006438,USR003668,2026-01-29T06:35:42Z,194.60,GBP,FX
TXN00007577,USR000020,2026-01-29T09:25:05Z,181.96,GBP,stocks
TXN00007608,USR004435,2026-01-29T11:59:51Z,4.59,JPY,card
TXN00006005,USR004045,2026-01-29T12:37:15Z,186.70,GBP,FX
TXN00003409,USR003541,2026-01-29T13:31:10Z,26.06,EUR,card
TXN00003646,USR003800,2026-01-29T13:32:19Z,197.79,EUR,card
TXN00007393,USR004977,2026-01-29T17:19:47Z,3.87,GBP,card
TXN00003253,USR003343,2026-01-29T18:40:06Z,21.20,GBP,card
TXN00007912,USR003838,2026-01-29T18:51:08Z,2531.54,EUR,savings
TXN00008787,USR001235,2026-01-29T20:07:31Z,29.95,PLN,card
TXN00008302,USR004579,2026-01-29T23:03:34Z,256.46,GBP,crypto
TXN00002689,USR001310,2026-01-30T02:26:35Z,114.65,RON,card
TXN00002476,USR003209,2026-01-30T03:21:48Z,55.84,GBP,card
TXN00006267,USR002205,2026-01-30T04:30:56Z,27.16,EUR,card
TXN00005932,USR003343,2026-01-30T07:01:02Z,110.52,GBP,crypto
TXN00007931,USR004637,2026-01-30T11:10:35Z,663.45,GBP,savings
TXN00008845,USR004898,2026-01-30T19:07:14Z,94.87,EUR,crypto
TXN00000737,USR002016,2026-01-30T21:00:12Z,20.89,EUR,savings
TXN00003312,USR004058,2026-01-30T21:20:51Z,16.54,NOK,card
TXN00008037,USR000529,2026-01-30T21:41:28Z,210.09,EUR,card
TXN00006345,USR000934,2026-01-30T23:10:51Z,145.33,GBP,FX
TXN00007403,USR004595,2026-01-31T02:07:27Z,228.55,EUR,savings
TXN00000632,USR004106,2026-01-31T02:25:58Z,16.74,EUR,card
TXN00002898,USR000169,2026-01-31T04:44:27Z,22.33,EUR,card
TXN00004212,USR001986,2026-01-31T05:08:52Z,462.33,EUR,savings
TXN00002210,USR004466,2026-01-31T05:56:01Z,24.55,SEK,card
TXN00001449,USR002066,2026-01-31T09:00:01Z,18.12,EUR,card
TXN00004600,USR000960,2026-01-31T09:36:39Z,17.83,PLN,card
TXN00007391,USR000997,2026-01-31T13:12:23Z,604.87,PLN,savings
TXN00005160,USR002371,2026-01-31T14:13:26Z,7.63,EUR,card
TXN00001707,USR003005,2026-01-31T17:48:36Z,318.01,EUR,FX
TXN00008080,USR001415,2026-01-31T18:07:33Z,26.06,CAD,card
TXN00002207,USR003648,2026-01-31T19:01:47Z,269.44,EUR,crypto
TXN00007214,USR004756,2026-01-31T19:47:57Z,736.47,EUR,FX
TXN00007081,USR000313,2026-01-31T21:58:44Z,22.12,GBP,card
TXN00003399,USR001009,2026-01-31T22:35:31Z,7.47,EUR,card
TXN00002061,USR001281,2026-01-31T23:17:59Z,37.02,SEK,card
TXN00000783,USR000122,2026-02-01T00:55:56Z,54.61,EUR,card
TXN00003596,USR004782,2026-02-01T01:25:51Z,206.86,EUR,stocks
TXN00008195,USR000689,2026-02-01T01:37:07Z,30.35,GBP,card
TXN00008800,USR002214,2026-02-01T03:45:15Z,383.90,EUR,crypto
TXN00002514,USR004169,2026-02-01T04:00:03Z,42.22,GBP,card
TXN00002858,USR000627,2026-02-01T06:22:08Z,257.24,GBP,savings
TXN00005203,USR004195,2026-02-01T19:10:23Z,108.32,GBP,stocks
TXN00000492,USR004018,2026-02-01T19:21:53Z,32.12,EUR,card
TXN00008785,USR000711,2026-02-01T19:33:14Z,49.85,PLN,card
TXN00004081,USR004343,2026-02-01T20:20:25Z,237.04,EUR,crypto
TXN00001857,USR003024,2026-02-01T21:01:56Z,270.58,GBP,FX
TXN00006878,USR004543,2026-02-02T00:40:34Z,35.36,GBP,card
TXN00005664,USR004421,2026-02-02T01:21:39Z,9.17,PLN,card
TXN00008757,USR002684,2026-02-02T04:04:42Z,8.79,USD,card
TXN00004619,USR002389,2026-02-02T06:29:25Z,12.40,EUR,card
TXN00001530,USR001443,2026-02-02T12:10:04Z,13.17,GBP,card
TXN00008200,USR000035,2026-02-02T13:18:40Z,61.71,EUR,crypto
TXN00003799,USR001580,2026-02-02T14:02:11Z,1969.79,EUR,savings
TXN00001614,USR000264,2026-02-02T14:48:08Z,220.46,CHF,FX
TXN00006755,USR001856,2026-02-02T17:56:17Z,468.21,EUR,FX
TXN00003378,USR000366,2026-02-02T20:36:13Z,31.52,NOK,card
TXN00000758,USR003303,2026-02-03T02:11:50Z,7.36,EUR,card
TXN00002242,USR004725,2026-02-03T04:41:42Z,42.62,CHF,card
TXN00002700,USR001066,2026-02-03T05:34:47Z,43.35,GBP,card
TXN00008049,USR003953,2026-02-03T06:48:22Z,12.58,SEK,card
TXN00004239,USR000938,2026-02-03T08:36:58Z,60.71,NOK,card
TXN00007595,USR004992,2026-02-03T09:18:58Z,795.64,EUR,savings
TXN00000129,USR003611,2026-02-03T09:24:27Z,28.23,EUR,card
TXN00004367,USR003340,2026-02-03T12:16:43Z,5.84,EUR,card
TXN00000167,USR001210,2026-02-03T13:08:48Z,33.00,EUR,card
TXN00006092,USR004430,2026-02-03T13:19:04Z,349.26,EUR,FX
TXN00002774,USR000658,2026-02-03T16:10:13Z,23.95,EUR,card
TXN00000954,USR003511,2026-02-03T16:29:13Z,216.59,EUR,savings
TXN00001844,USR002726,2026-02-03T16:44:40Z,64.63,EUR,card
TXN00002512,USR004892,2026-02-03T19:37:09Z,18.49,EUR,card
TXN00008034,USR004959,2026-02-03T20:13:38Z,44.63,EUR,stocks
TXN00004952,USR003024,2026-02-03T23:32:26Z,23.96,GBP,card
TXN00005658,USR001475,2026-02-04T05:28:14Z,287.47,EUR,savings
TXN00007769,USR003446,2026-02-04T05:36:42Z,16.94,CHF,card
TXN00003458,USR003394,2026-02-04T06:02:35Z,452.32,PLN,FX
TXN00001779,USR004668,2026-02-04T13:34:18Z,28.83,SEK,card
TXN00003817,USR001472,2026-02-04T19:47:48Z,172.38,GBP,savings
TXN00005296,USR000828,2026-02-04T21:48:36Z,152.77,CHF,FX
TXN00001430,USR003711,2026-02-04T23:30:49Z,32.08,GBP,card
TXN00005275,USR002771,2026-02-05T00:08:14Z,406.84,RON,savings
TXN00004491,USR002111,2026-02-05T00:57:05Z,38.73,EUR,card
TXN00004979,USR000016,2026-02-05T01:42:47Z,13.97,RON,card
TXN00001057,USR000059,2026-02-05T02:55:18Z,15.64,EUR,card
TXN00008023,USR000718,2026-02-05T02:59:57Z,275.25,EUR,FX
TXN00004507,USR001994,2026-02-05T03:35:24Z,113.84,EUR,card
TXN00006298,USR002897,2026-02-05T04:24:04Z,20.25,EUR,card
TXN00008524,USR003818,2026-02-05T06:33:07Z,433.34,GBP,savings
TXN00001847,USR003808,2026-02-05T06:53:36Z,19.22,EUR,card
TXN00005818,USR002016,2026-02-05T08:32:58Z,-50.68,EUR,card
TXN00000260,USR003266,2026-02-05T09:28:23Z,40.44,GBP,card
TXN00006537,USR000109,2026-02-05T11:14:11Z,34.30,EUR,card
TXN00001245,USR003990,2026-02-05T16:24:17Z,1423.41,GBP,FX
TXN00006098,USR002637,2026-02-05T16:52:15Z,55.25,EUR,card
TXN00004185,USR004600,2026-02-05T19:27:27Z,11.52,EUR,card
TXN00000614,USR004213,2026-02-05T21:28:26Z,28.90,EUR,card
TXN00003211,USR001080,2026-02-05T23:45:31Z,152.73,EUR,savings
TXN00008535,USR002966,2026-02-06T01:02:57Z,5.59,EUR,card
TXN00007612,USR004876,2026-02-06T01:53:35Z,55.63,EUR,savings
TXN00000959,USR002162,2026-02-06T01:54:40Z,43.75,EUR,card
TXN00002068,USR003658,2026-02-06T05:37:32Z,37.91,EUR,card
TXN00002641,USR004764,2026-02-06T09:43:09Z,14.30,GBP,card
TXN00007745,USR002429,2026-02-06T12:29:37Z,25.93,EUR,card
TXN00006792,USR000814,2026-02-06T19:23:10Z,113.24,EUR,crypto
TXN00000611,USR004574,2026-02-06T19:26:10Z,578.60,PLN,savings
TXN00001711,USR003001,2026-02-06T20:47:04Z,38.14,PLN,card
TXN00007925,USR002523,2026-02-06T22:30:58Z,367.80,EUR,FX
TXN00005013,USR001657,2026-02-06T22:39:30Z,25.02,RON,card
TXN00005528,USR003917,2026-02-06T23:33:38Z,8.24,JPY,card
TXN00008831,USR002612,2026-02-07T00:03:33Z,231.14,GBP,stocks
TXN00008665,USR000642,2026-02-07T03:44:16Z,30.82,GBP,card
TXN00001420,USR001690,2026-02-07T04:35:07Z,344.75,GBP,savings
TXN00008267,USR002312,2026-02-07T07:24:30Z,165.86,SEK,FX
TXN00003881,USR000742,2026-02-07T08:53:52Z,14.01,EUR,card
TXN00003483,USR001251,2026-02-07T10:22:38Z,515.12,GBP,stocks
TXN00008124,USR002225,2026-02-07T11:28:07Z,96.37,EUR,card
TXN00007986,USR004237,2026-02-07T12:32:08Z,17.71,EUR,card
TXN00006918,USR003017,2026-02-07T13:44:04Z,18.17,EUR,card
TXN00001604,USR003402,2026-02-07T14:00:24Z,109.53,EUR,card
TXN00004862,USR000160,2026-02-07T15:40:18Z,25.98,EUR,card
TXN00008529,USR004295,2026-02-07T16:08:33Z,19.50,EUR,card
TXN00004312,USR000607,2026-02-07T18:27:14Z,24.71,GBP,crypto
TXN00007768,USR001423,2026-02-07T22:40:55Z,93.55,GBP,FX
TXN00006800,USR000425,2026-02-07T22:45:15Z,171.59,GBP,savings
TXN00003965,USR004622,2026-02-08T06:47:16Z,72.17,EUR,card
TXN00008501,USR004490,2026-02-08T07:39:04Z,8.14,EUR,card
TXN00002071,USR001848,2026-02-08T08:10:37Z,28.64,EUR,card
TXN00001039,USR000797,2026-02-08T09:54:19Z,368.17,EUR,FX
TXN00005460,USR004263,2026-02-08T12:39:34Z,12.93,PLN,card
TXN00008343,USR000189,2026-02-08T12:43:29Z,245.86,EUR,stocks
TXN00002062,USR002755,2026-02-08T12:59:24Z,176.53,EUR,crypto
TXN00000259,USR004115,2026-02-08T13:05:15Z,18.72,EUR,card
TXN00004120,USR004551,2026-02-08T13:57:34Z,7.44,GBP,card
TXN00001395,USR000933,2026-02-08T14:10:52Z,47.84,EUR,crypto
TXN00000740,USR003089,2026-02-08T14:31:56Z,501.72,EUR,savings
TXN00001316,USR000507,2026-02-08T17:27:28Z,391.98,EUR,FX
TXN00001208,USR004703,2026-02-08T18:19:16Z,199.63,GBP,savings
TXN00003685,USR004531,2026-02-08T18:43:41Z,15.47,RON,card
TXN00002624,USR002122,2026-02-08T20:34:21Z,864.78,EUR,savings
TXN00004440,USR000005,2026-02-08T21:16:29Z,48.82,GBP,card
TXN00005193,USR000155,2026-02-09T00:54:24Z,33.71,GBP,card
TXN00005847,USR003377,2026-02-09T02:36:04Z,349.47,EUR,FX
TXN00002496,USR002362,2026-02-09T02:59:58Z,-75.19,EUR,card
TXN00008305,USR001974,2026-02-09T04:38:24Z,16.40,PLN,card
TXN00006309,USR002128,2026-02-09T07:05:24Z,59.97,GBP,card
TXN00007637,USR003394,2026-02-09T08:03:59Z,12.29,SEK,card
TXN00006743,USR002226,2026-02-09T08:08:12Z,13.73,GBP,card
TXN00008957,USR003389,2026-02-09T11:20:11Z,17.30,SEK,card
TXN00002138,USR004862,2026-02-09T11:46:35Z,33.60,NOK,card
TXN00002026,USR004961,2026-02-09T13:10:24Z,17.48,EUR,card
TXN00001179,USR001339,2026-02-09T16:31:47Z,114.44,EUR,FX
TXN00006421,USR002870,2026-02-09T16:43:37Z,103.17,GBP,card
TXN00006924,USR004317,2026-02-09T18:10:52Z,6.87,EUR,card
TXN00008175,USR004517,2026-02-09T18:15:19Z,51.42,CHF,card
TXN00000313,USR002727,2026-02-09T19:31:47Z,165.35,GBP,crypto
TXN00003563,USR004705,2026-02-09T21:04:13Z,24.45,EUR,crypto
TXN00001191,USR000193,2026-02-09T22:12:59Z,13.54,GBP,card
TXN00001697,USR004720,2026-02-10T05:55:39Z,18.30,GBP,card
TXN00006790,USR004670,2026-02-10T06:51:59Z,32.02,GBP,crypto
TXN00008870,USR001994,2026-02-10T10:07:46Z,955.25,EUR,FX
TXN00005635,USR000256,2026-02-10T14:07:37Z,57.36,PLN,card
TXN00001381,USR004469,2026-02-10T14:33:16Z,44.28,RON,card
TXN00005659,USR004133,2026-02-10T15:43:08Z,511.96,PLN,FX
TXN00007809,USR000270,2026-02-10T16:04:52Z,465.69,CAD,FX
TXN00004302,USR000015,2026-02-10T16:15:05Z,56.52,CAD,crypto
TXN00001620,USR003629,2026-02-10T16:33:45Z,324.17,EUR,stocks
TXN00008186,USR001802,2026-02-10T17:40:10Z,60.89,SEK,crypto
TXN00001904,USR004371,2026-02-10T22:25:04Z,13.69,EUR,card
TXN00000680,USR003150,2026-02-10T23:34:22Z,5.00,EUR,card
TXN00001042,USR002921,2026-02-11T03:27:22Z,153.20,CAD,savings
TXN00004083,USR002475,2026-02-11T04:06:44Z,77.99,SEK,card
TXN00003937,USR001589,2026-02-11T05:39:48Z,57.27,EUR,card
TXN00005346,USR000383,2026-02-11T06:05:15Z,359.11,EUR,crypto
TXN00005452,USR003677,2026-02-11T06:28:48Z,24.41,PLN,card
TXN00004402,USR000094,2026-02-11T06:43:00Z,309.57,EUR,savings
TXN00003896,USR002655,2026-02-11T08:53:04Z,94.91,EUR,card
TXN00008550,USR000641,2026-02-11T09:42:11Z,55.18,EUR,card
TXN00001345,USR002703,2026-02-11T10:02:19Z,30.38,EUR,card
TXN00006985,USR000341,2026-02-11T11:29:33Z,261.12,EUR,savings
TXN00002728,USR000395,2026-02-11T13:17:33Z,954.58,RON,savings
TXN00006154,USR002492,2026-02-11T13:32:41Z,17.20,GBP,card
TXN00000710,USR003401,2026-02-11T14:03:41Z,32.18,EUR,card
TXN00007100,USR004781,2026-02-11T14:06:57Z,19.87,RON,card
TXN00004565,USR003148,2026-02-11T17:44:51Z,47.80,EUR,stocks
TXN00002834,USR002614,2026-02-11T19:29:47Z,57.22,EUR,crypto
TXN00006131,USR002469,2026-02-11T23:00:20Z,8.42,CHF,card
TXN00001714,USR000104,2026-02-12T01:58:25Z,19.00,GBP,card
TXN00008790,USR001978,2026-02-12T02:01:07Z,17.69,EUR,card
TXN00006848,USR001581,2026-02-12T03:18:49Z,73.56,EUR,card
TXN00005370,USR002865,2026-02-12T05:22:18Z,569.98,EUR,FX
TXN00000579,USR003182,2026-02-12T11:58:23Z,480.73,EUR,savings
TXN00000857,USR003770,2026-02-12T17:39:16Z,296.61,NOK,FX
TXN00004907,USR003608,2026-02-12T18:08:07Z,131.31,RON,crypto
TXN00001456,USR001819,2026-02-12T19:28:42Z,62.91,GBP,card
TXN00003311,USR001048,2026-02-12T20:08:14Z,6.04,EUR,card
TXN00001016,USR001270,2026-02-12T21:33:09Z,449.45,EUR,savings
TXN00001086,USR003694,2026-02-12T22:09:22Z,154.34,GBP,crypto
TXN00007638,USR000748,2026-02-13T01:41:15Z,10.92,EUR,card
TXN00005465,USR003627,2026-02-13T10:27:51Z,22.23,EUR,card
TXN00001579,USR004074,2026-02-13T14:00:54Z,233.97,GBP,FX
TXN00008792,USR001888,2026-02-13T15:52:34Z,183.01,EUR,savings
TXN00005864,USR001667,2026-02-13T16:12:13Z,307.26,EUR,FX
TXN00008960,USR001844,2026-02-13T16:14:22Z,17.04,GBP,card
TXN00004142,USR000335,2026-02-13T18:57:57Z,9.01,EUR,card
TXN00001556,USR003911,2026-02-13T20:49:24Z,75.19,EUR,card
TXN00006610,USR004805,2026-02-14T00:05:46Z,128.87,EUR,FX
TXN00002237,USR003908,2026-02-14T00:14:26Z,14.95,EUR,card
TXN00001327,USR002454,2026-02-14T02:25:40Z,238.66,EUR,crypto
TXN00006281,USR003590,2026-02-14T04:20:50Z,35.85,PLN,crypto
TXN00008409,USR001857,2026-02-14T04:35:25Z,16.47,GBP,card
TXN00002825,USR002368,2026-02-14T04:45:33Z,139.62,EUR,crypto
TXN00006427,USR004614,2026-02-14T07:11:56Z,224.45,GBP,crypto
TXN00002464,USR004818,2026-02-14T08:06:31Z,15.32,EUR,card
TXN00007011,USR004742,2026-02-14T08:21:04Z,442.35,PLN,savings
TXN00001369,USR001322,2026-02-14T09:33:31Z,16.72,EUR,card
TXN00005194,USR001745,2026-02-14T09:36:45Z,33.24,GBP,card
TXN00007731,USR002889,2026-02-14T10:31:22Z,191.06,GBP,FX
TXN00001014,USR004982,2026-02-14T13:14:21Z,3.29,EUR,card
TXN00004396,USR003605,2026-02-14T13:28:28Z,308.62,CAD,FX
TXN00005629,USR002429,2026-02-14T13:30:23Z,21.14,EUR,card
TXN00007299,USR002335,2026-02-14T16:35:14Z,15.47,GBP,card
TXN00005237,USR004752,2026-02-14T21:33:37Z,26.22,GBP,card
TXN00002978,USR003979,2026-02-14T23:23:29Z,21.82,GBP,card
TXN00007418,USR001524,2026-02-14T23:58:06Z,79.76,GBP,stocks
TXN00008315,USR001220,2026-02-15T02:49:04Z,173.32,EUR,FX
TXN00000970,USR003440,2026-02-15T03:47:59Z,183.56,PLN,crypto
TXN00005888,USR003789,2026-02-15T04:31:38Z,11.24,CHF,card
TXN00003972,USR001348,2026-02-15T06:32:48Z,5.06,PLN,card
TXN00008539,USR003700,2026-02-15T07:30:35Z,18.12,EUR,card
TXN00003275,USR003033,2026-02-15T08:58:37Z,15.66,GBP,card
TXN00001383,USR004522,2026-02-15T12:41:26Z,175.77,EUR,stocks
TXN00001899,USR004569,2026-02-15T13:40:44Z,417.06,EUR,stocks
TXN00006155,USR000171,2026-02-15T19:05:40Z,64.03,JPY,card
TXN00001130,USR001199,2026-02-15T20:17:59Z,97.15,EUR,card
TXN00001221,USR000280,2026-02-16T00:30:21Z,590.75,GBP,FX
TXN00007231,USR002735,2026-02-16T00:32:33Z,520.04,EUR,savings
TXN00006532,USR001157,2026-02-16T02:11:36Z,9.21,SEK,card
TXN00008244,USR003390,2026-02-16T03:28:37Z,67.05,EUR,stocks
TXN00003785,USR000054,2026-02-16T07:28:34Z,424.22,JPY,stocks
TXN00008988,USR004251,2026-02-16T09:34:46Z,17.10,EUR,card
TXN00006810,USR003263,2026-02-16T09:41:57Z,50.35,GBP,stocks
TXN00002101,USR003314,2026-02-16T10:02:56Z,7.20,EUR,card
TXN00002462,USR002064,2026-02-16T12:23:54Z,94.29,GBP,stocks
TXN00006997,USR000957,2026-02-16T12:32:30Z,82.17,RON,stocks
TXN00006730,USR000734,2026-02-16T14:26:24Z,17.28,PLN,card
TXN00004752,USR001520,2026-02-16T16:26:32Z,41.96,EUR,card
TXN00008992,USR000043,2026-02-16T16:57:10Z,88.20,EUR,card
TXN00001991,USR000105,2026-02-16T21:12:33Z,41.93,GBP,card
TXN00004197,USR003189,2026-02-17T00:01:52Z,1780.75,GBP,savings
TXN00003297,USR002868,2026-02-17T01:16:21Z,9.88,GBP,card
TXN00000057,USR001633,2026-02-17T01:19:10Z,159.62,EUR,savings
TXN00001031,USR004430,2026-02-17T02:01:37Z,8.26,EUR,card
TXN00006140,USR002478,2026-02-17T03:13:17Z,405.02,EUR,FX
TXN00004927,USR000058,2026-02-17T03:19:57Z,111.62,RON,crypto
TXN00008323,USR002040,2026-02-17T06:29:48Z,12.02,PLN,card
TXN00004563,USR003437,2026-02-17T14:29:44Z,10.46,EUR,card
TXN00003343,USR004945,2026-02-17T15:30:12Z,54.87,EUR,crypto
TXN00005266,USR000425,2026-02-17T15:58:57Z,118.56,GBP,card
TXN00000451,USR003021,2026-02-17T17:23:21Z,13.68,EUR,card
TXN00000092,USR000662,2026-02-17T19:33:23Z,11.28,EUR,card
TXN00004339,USR001651,2026-02-17T20:18:42Z,16.75,EUR,card
TXN00001884,USR001020,2026-02-17T21:54:08Z,435.54,GBP,savings
TXN00004827,USR001598,2026-02-18T00:01:52Z,20.00,EUR,card
TXN00006111,USR004054,2026-02-18T00:10:39Z,17.29,GBP,card
TXN00003736,USR001146,2026-02-18T02:44:17Z,18.75,GBP,stocks
TXN00000021,USR002032,2026-02-18T02:53:57Z,28.91,GBP,card
TXN00000456,USR002511,2026-02-18T03:52:54Z,15.68,GBP,crypto
TXN00000859,USR000601,2026-02-18T05:32:42Z,668.41,EUR,savings
TXN00005982,USR003839,2026-02-18T07:16:20Z,246.89,EUR,crypto
TXN00000824,USR001354,2026-02-18T12:24:40Z,199.10,GBP,card
TXN00000682,USR003343,2026-02-18T12:41:25Z,47.49,GBP,card
TXN00003021,USR003522,2026-02-18T14:39:27Z,374.96,EUR,savings
TXN00003947,USR001960,2026-02-18T15:56:13Z,223.51,EUR,FX
TXN00006132,USR000841,2026-02-18T18:11:24Z,447.44,EUR,FX
TXN00000549,USR004332,2026-02-18T19:31:03Z,14.05,EUR,card
TXN00003969,USR000714,2026-02-19T00:03:25Z,1124.11,GBP,FX
TXN00001134,USR000043,2026-02-19T01:36:29Z,131.88,NOK,FX
TXN00002160,USR000096,2026-02-19T02:00:47Z,29.20,GBP,card
TXN00005369,USR002116,2026-02-19T02:35:18Z,15.08,GBP,card
TXN00008601,USR002756,2026-02-19T05:20:49Z,196.05,EUR,savings
TXN00006138,USR000637,2026-02-19T05:34:41Z,23.29,EUR,card
TXN00002678,USR004668,2026-02-19T06:57:29Z,74.92,NOK,stocks
TXN00008772,USR000669,2026-02-19T09:21:54Z,5.45,EUR,card
TXN00005944,USR000601,2026-02-19T09:27:13Z,15.96,EUR,card
TXN00008105,USR000142,2026-02-19T10:57:53Z,71.03,EUR,card
TXN00002870,USR001508,2026-02-19T12:20:10Z,47.04,GBP,card
TXN00006177,USR000916,2026-02-19T15:07:56Z,355.64,GBP,FX
TXN00001997,USR000272,2026-02-19T22:00:03Z,124.89,GBP,crypto
TXN00008178,USR002842,2026-02-19T22:04:23Z,249.23,EUR,FX
TXN00007647,USR000582,2026-02-19T22:09:19Z,282.75,PLN,savings
TXN00007760,USR004283,2026-02-20T00:08:37Z,109.49,GBP,crypto
TXN00005755,USR001452,2026-02-20T02:25:56Z,79.61,EUR,card
TXN00002509,USR002183,2026-02-20T04:59:33Z,16.49,GBP,card
TXN00001142,USR000828,2026-02-20T05:07:46Z,4.35,USD,card
TXN00003790,USR004466,2026-02-20T08:20:52Z,129.93,GBP,card
TXN00008652,USR001443,2026-02-20T10:55:10Z,134.57,GBP,FX
TXN00004250,USR001294,2026-02-20T11:57:53Z,9.04,GBP,card
TXN00002673,USR003769,2026-02-20T12:59:07Z,12.36,EUR,card
TXN00001109,USR002684,2026-02-20T15:24:40Z,422.41,EUR,stocks
TXN00006763,USR002107,2026-02-20T16:40:13Z,1277.24,EUR,FX
TXN00002234,USR002459,2026-02-20T17:26:20Z,223.57,GBP,savings
TXN00001273,USR000770,2026-02-20T17:48:07Z,33.16,EUR,stocks
TXN00001961,USR003072,2026-02-20T20:05:26Z,4.47,EUR,card
TXN00004935,USR001049,2026-02-21T01:35:03Z,30.94,GBP,card
TXN00003501,USR002653,2026-02-21T03:04:46Z,115.75,EUR,FX
TXN00000275,USR004865,2026-02-21T03:48:36Z,19.15,NOK,card
TXN00004364,USR001583,2026-02-21T04:24:05Z,331.47,EUR,stocks
TXN00003126,USR002633,2026-02-21T04:39:04Z,10.10,EUR,card
TXN00000501,USR004285,2026-02-21T07:59:20Z,24.66,GBP,card
TXN00004311,USR001711,2026-02-21T09:49:00Z,450.92,GBP,stocks
TXN00001883,USR001940,2026-02-21T13:30:59Z,16.38,CHF,card
TXN00007101,USR003340,2026-02-21T13:34:51Z,59.23,EUR,card
TXN00007172,USR000373,2026-02-21T13:35:34Z,1262.27,EUR,savings
TXN00000401,USR001235,2026-02-21T14:31:20Z,15.26,PLN,card
TXN00000817,USR004641,2026-02-21T14:53:02Z,32.85,GBP,card
TXN00001935,USR000692,2026-02-21T15:08:41Z,83.31,EUR,card
TXN00001983,USR001732,2026-02-22T01:51:52Z,182.44,EUR,FX
TXN00003608,USR003088,2026-02-22T03:55:27Z,92.30,EUR,card
TXN00003472,USR003422,2026-02-22T03:59:54Z,17.59,EUR,card
TXN00007366,USR001167,2026-02-22T04:56:56Z,30.59,RON,card
TXN00008063,USR000331,2026-02-22T05:44:19Z,25.70,GBP,card
TXN00003752,USR002094,2026-02-22T06:39:54Z,62.01,EUR,crypto
TXN00002979,USR000772,2026-02-22T07:46:52Z,38.21,USD,card
TXN00002817,USR003286,2026-02-22T11:21:02Z,6.46,EUR,card
TXN00006672,USR003877,2026-02-22T12:26:27Z,65.79,RON,crypto
TXN00002950,USR000095,2026-02-22T15:17:40Z,80.57,EUR,card
TXN00003725,USR003479,2026-02-22T15:37:35Z,283.18,SEK,FX
TXN00005349,USR003952,2026-02-22T16:08:45Z,69.83,EUR,crypto
TXN00007399,USR000608,2026-02-22T16:38:08Z,318.13,PLN,FX
TXN00003709,USR001525,2026-02-22T16:57:17Z,195.40,EUR,card
TXN00004856,USR000350,2026-02-22T21:04:48Z,165.16,GBP,stocks
TXN00002889,USR000041,2026-02-22T21:47:48Z,16.18,EUR,card
TXN00000329,USR002126,2026-02-23T00:05:32Z,44.95,NOK,card
TXN00003445,USR002494,2026-02-23T03:54:33Z,485.25,PLN,savings
TXN00005411,USR004677,2026-02-23T05:52:38Z,52.80,EUR,card
TXN00006850,USR001252,2026-02-23T07:03:21Z,151.49,EUR,crypto
TXN00008880,USR003758,2026-02-23T09:40:05Z,7.39,PLN,card
TXN00005069,USR003841,2026-02-23T10:04:08Z,4.65,EUR,card
TXN00001720,USR002735,2026-02-23T10:28:06Z,9.89,EUR,card
TXN00006374,USR000208,2026-02-23T10:32:02Z,60.27,GBP,card
TXN00006017,USR000921,2026-02-23T12:48:24Z,125.58,EUR,FX
TXN00006469,USR004911,2026-02-23T14:07:23Z,405.66,EUR,savings
TXN00005767,USR003024,2026-02-23T14:21:27Z,93.55,GBP,card
TXN00005893,USR003914,2026-02-23T15:06:56Z,23.26,EUR,card
TXN00001760,USR001399,2026-02-23T18:54:28Z,34.82,EUR,card
TXN00002547,USR004731,2026-02-23T23:41:12Z,46.84,EUR,FX
TXN00002486,USR001808,2026-02-24T01:17:18Z,274.37,EUR,savings
TXN00004365,USR003306,2026-02-24T01:49:23Z,71.20,EUR,stocks
TXN00001601,USR001612,2026-02-24T02:31:30Z,216.81,SEK,crypto
TXN00007526,USR001443,2026-02-24T02:35:48Z,168.32,GBP,crypto
TXN00005229,USR001407,2026-02-24T02:38:56Z,22.29,EUR,card
TXN00006551,USR003339,2026-02-24T09:32:52Z,91.77,PLN,crypto
TXN00006477,USR003810,2026-02-24T11:15:58Z,1019.89,PLN,FX
TXN00004304,USR000528,2026-02-24T12:17:17Z,23.10,PLN,card
TXN00003995,USR003559,2026-02-24T19:21:55Z,56.25,PLN,card
TXN00003285,USR003085,2026-02-25T02:52:02Z,13.60,RON,card
TXN00007498,USR002062,2026-02-25T03:15:50Z,150.95,GBP,card
TXN00007726,USR000044,2026-02-25T06:25:57Z,499.50,GBP,stocks
TXN00004263,USR003041,2026-02-25T09:14:08Z,43.89,EUR,stocks
TXN00008307,USR004845,2026-02-25T10:31:40Z,121.20,EUR,FX
TXN00000053,USR000823,2026-02-25T11:40:29Z,57.94,GBP,card
TXN00008914,USR003710,2026-02-25T14:33:57Z,158.70,EUR,card
TXN00003941,USR003457,2026-02-25T18:19:41Z,126.55,EUR,stocks
TXN00004522,USR001661,2026-02-26T00:10:24Z,453.68,GBP,stocks
TXN00000054,USR001623,2026-02-26T01:21:50Z,14.95,EUR,card
TXN00003157,USR004714,2026-02-26T01:45:14Z,71.08,PLN,card
TXN00001557,USR001066,2026-02-26T01:53:58Z,16.51,GBP,card
TXN00008206,USR003478,2026-02-26T02:17:48Z,291.28,GBP,savings
TXN00003125,USR001678,2026-02-26T04:07:22Z,24.09,PLN,card
TXN00005132,USR003213,2026-02-26T04:11:22Z,16.38,RON,card
TXN00005517,USR001433,2026-02-26T07:41:17Z,14.79,SEK,card
TXN00002924,USR002202,2026-02-26T11:11:28Z,58.01,EUR,crypto
TXN00004368,USR003173,2026-02-26T12:03:12Z,351.76,EUR,savings
TXN00007863,USR001247,2026-02-26T12:39:18Z,97.23,EUR,FX
TXN00003779,USR003116,2026-02-26T17:15:38Z,23.73,GBP,card
TXN00007013,USR000965,2026-02-26T17:26:40Z,308.00,EUR,savings
TXN00007495,USR002404,2026-02-26T18:16:40Z,10.78,SEK,stocks
TXN00008618,USR001539,2026-02-27T01:32:26Z,153.95,EUR,FX
TXN00007421,USR004651,2026-02-27T01:37:41Z,58.88,GBP,card
TXN00008560,USR004801,2026-02-27T02:23:02Z,143.42,EUR,stocks
TXN00006476,USR003229,2026-02-27T07:23:52Z,7.81,JPY,card
TXN00006448,USR000596,2026-02-27T08:52:28Z,303.77,PLN,stocks
TXN00002987,USR000557,2026-02-27T10:22:14Z,16.29,EUR,card
TXN00003364,USR000362,2026-02-27T10:44:45Z,546.37,CAD,FX
TXN00003487,USR001412,2026-02-27T12:36:33Z,29.35,GBP,card
TXN00008028,USR004074,2026-02-27T14:52:51Z,8.26,GBP,card
TXN00005880,USR000529,2026-02-27T15:03:35Z,485.28,EUR,savings
TXN00004977,USR000384,2026-02-27T17:28:58Z,78.59,EUR,savings
TXN00006633,USR004785,2026-02-27T21:07:39Z,65.43,EUR,card
TXN00007096,USR001163,2026-02-27T22:19:40Z,14.30,EUR,card
TXN00005334,USR000426,2026-02-27T23:07:34Z,2.89,GBP,card
TXN00008486,USR003562,2026-02-27T23:52:20Z,250.82,GBP,stocks
TXN00008114,USR002202,2026-02-28T04:31:38Z,36.15,EUR,stocks
TXN00007189,USR004081,2026-02-28T08:07:52Z,28.06,SEK,card
TXN00008069,USR001040,2026-02-28T09:16:32Z,-51.80,PLN,card
TXN00008132,USR000027,2026-02-28T11:16:16Z,5.54,EUR,card
TXN00007115,USR004581,2026-02-28T12:45:05Z,115.42,GBP,crypto
TXN00003137,USR004906,2026-02-28T14:42:38Z,57.50,PLN,crypto
TXN00003800,USR003041,2026-02-28T17:23:27Z,8.82,EUR,card
TXN00005231,USR003308,2026-02-28T21:49:00Z,96.14,GBP,card
TXN00008955,USR003431,2026-02-28T22:48:29Z,155.90,JPY,FX
TXN00002316,USR004755,2026-03-01T01:43:57Z,22.21,EUR,card
TXN00008054,USR001017,2026-03-01T03:42:41Z,133.71,GBP,FX
TXN00002039,USR000248,2026-03-01T04:21:33Z,12.39,GBP,card
TXN00000406,USR003091,2026-03-01T04:23:31Z,23.44,GBP,card
TXN00006963,USR003395,2026-03-01T04:32:39Z,4.80,GBP,card
TXN00008095,USR004480,2026-03-01T05:02:33Z,10.56,EUR,card
TXN00003337,USR001407,2026-03-01T06:44:18Z,90.42,EUR,card
TXN00008638,USR003138,2026-03-01T08:52:10Z,60.23,NOK,card
TXN00002056,USR001407,2026-03-01T09:40:57Z,294.39,EUR,savings
TXN00001331,USR003443,2026-03-01T14:31:19Z,160.85,EUR,card
TXN00004548,USR003622,2026-03-01T15:50:19Z,188.52,GBP,stocks
TXN00001407,USR004018,2026-03-01T17:11:07Z,287.26,EUR,stocks
TXN00005961,USR002939,2026-03-01T17:21:29Z,187.09,EUR,crypto
TXN00007895,USR000156,2026-03-01T19:44:46Z,78.98,SEK,card
TXN00006075,USR002763,2026-03-01T20:48:26Z,101.38,EUR,savings
TXN00004089,USR003561,2026-03-01T23:03:40Z,328.37,JPY,stocks
TXN00004323,USR000857,2026-03-01T23:38:56Z,152.50,GBP,FX
TXN00001912,USR003707,2026-03-02T01:14:20Z,181.85,EUR,savings
TXN00006209,USR000649,2026-03-02T02:14:47Z,110.83,EUR,card
TXN00008183,USR002744,2026-03-02T03:37:03Z,14.31,GBP,card
TXN00004924,USR000963,2026-03-02T06:12:59Z,310.71,EUR,crypto
TXN00003127,USR001421,2026-03-02T07:33:21Z,9.65,EUR,card
TXN00008350,USR001233,2026-03-02T09:08:53Z,59.47,EUR,FX
TXN00008797,USR003380,2026-03-02T09:19:50Z,24.02,CAD,card
TXN00003034,USR002444,2026-03-02T09:30:16Z,34.88,GBP,crypto
TXN00000692,USR003777,2026-03-02T10:22:32Z,20.28,GBP,card
TXN00002818,USR003380,2026-03-02T11:07:58Z,94.80,EUR,stocks
TXN00008834,USR000255,2026-03-02T11:10:54Z,37.75,EUR,card
TXN00008448,USR000016,2026-03-02T11:43:15Z,473.85,RON,savings
TXN00000094,USR001500,2026-03-02T16:40:12Z,712.18,EUR,savings
TXN00002074,USR002116,2026-03-02T19:01:43Z,209.71,PLN,stocks
TXN00001647,USR000502,2026-03-02T21:33:56Z,44.77,EUR,card
TXN00006753,USR000248,2026-03-03T00:17:18Z,930.63,GBP,FX
TXN00003237,USR001832,2026-03-03T01:51:08Z,306.02,EUR,savings
TXN00003050,USR004268,2026-03-03T03:05:02Z,12.39,PLN,card
TXN00004287,USR004361,2026-03-03T03:19:09Z,54.74,EUR,card
TXN00008326,USR001223,2026-03-03T04:32:41Z,393.90,GBP,crypto
TXN00008125,USR000837,2026-03-03T04:33:39Z,652.64,GBP,FX
TXN00004484,USR001497,2026-03-03T05:05:17Z,12.82,EUR,card
TXN00000816,USR001613,2026-03-03T05:13:30Z,16.01,PLN,card
TXN00003407,USR003701,2026-03-03T06:16:47Z,47.93,NOK,card
TXN00005890,USR001320,2026-03-03T07:57:42Z,186.25,EUR,FX
TXN00000389,USR003609,2026-03-03T09:09:15Z,5.15,EUR,card
TXN00000026,USR000915,2026-03-03T09:29:30Z,26.89,GBP,card
TXN00007561,USR004994,2026-03-03T12:12:45Z,22.63,SEK,card
TXN00002342,USR004884,2026-03-03T14:02:21Z,30.58,PLN,card
TXN00006931,USR001139,2026-03-03T14:06:29Z,174.96,GBP,card
TXN00000176,USR003672,2026-03-03T15:05:37Z,118.68,EUR,card
TXN00000735,USR001820,2026-03-03T15:13:23Z,461.63,EUR,FX
TXN00002884,USR001581,2026-03-03T17:43:44Z,22.13,EUR,card
TXN00004769,USR000776,2026-03-03T18:43:54Z,111.63,GBP,stocks
TXN00005896,USR000068,2026-03-03T20:40:26Z,19.85,EUR,card
TXN00001949,USR004638,2026-03-03T21:16:01Z,1.75,EUR,card
TXN00006609,USR001668,2026-03-03T21:52:08Z,204.55,EUR,FX
TXN00001636,USR001715,2026-03-03T23:11:51Z,613.35,EUR,FX
TXN00006172,USR003041,2026-03-04T02:19:56Z,121.48,EUR,card
TXN00004521,USR003264,2026-03-04T03:46:10Z,7.62,EUR,card
TXN00007872,USR002119,2026-03-04T05:21:18Z,21.83,EUR,card
TXN00005037,USR004430,2026-03-04T05:32:26Z,139.49,EUR,FX
TXN00006261,USR002160,2026-03-04T05:46:53Z,14.72,EUR,card
TXN00004321,USR003990,2026-03-04T09:02:38Z,79.40,EUR,card
TXN00005699,USR003186,2026-03-04T13:04:35Z,14.55,RON,card
TXN00001856,USR004690,2026-03-04T13:32:01Z,14.73,PLN,card
TXN00006678,USR004903,2026-03-04T13:56:06Z,4.75,GBP,card
TXN00006044,USR002158,2026-03-04T14:48:28Z,178.98,EUR,savings
TXN00004213,USR004093,2026-03-04T17:33:34Z,10.05,GBP,card
TXN00002766,USR004949,2026-03-04T17:53:49Z,18.06,EUR,card
TXN00004930,USR001020,2026-03-04T18:05:48Z,32.61,GBP,card
TXN00004900,USR002123,2026-03-04T22:06:04Z,35.41,EUR,card
TXN00007424,USR002547,2026-03-05T01:13:26Z,231.27,EUR,FX
TXN00001103,USR000777,2026-03-05T03:58:05Z,301.77,EUR,savings
TXN00003944,USR003403,2026-03-05T06:35:13Z,308.63,GBP,FX
TXN00005723,USR000561,2026-03-05T09:28:54Z,8.07,EUR,card
TXN00000012,USR003209,2026-03-05T09:52:07Z,26.97,NOK,card
TXN00004569,USR004385,2026-03-05T10:37:54Z,360.01,EUR,stocks
TXN00003991,USR000055,2026-03-05T12:03:12Z,112.77,CHF,card
TXN00006065,USR003323,2026-03-05T15:37:59Z,33.71,GBP,card
TXN00001762,USR004850,2026-03-05T16:03:33Z,18.36,RON,card
TXN00008493,USR004038,2026-03-05T16:30:07Z,38.77,NOK,card
TXN00007102,USR001462,2026-03-05T17:39:33Z,264.86,GBP,FX
TXN00006700,USR004638,2026-03-05T21:11:08Z,29.90,EUR,card
TXN00005682,USR001233,2026-03-05T21:39:41Z,345.71,EUR,savings
TXN00006196,USR003861,2026-03-05T22:23:15Z,153.00,GBP,FX
TXN00005627,USR001560,2026-03-06T01:53:13Z,35.74,EUR,card
TXN00007992,USR002707,2026-03-06T03:08:18Z,148.37,EUR,card
TXN00004022,USR002473,2026-03-06T05:11:53Z,1458.88,EUR,savings
TXN00007911,USR001321,2026-03-06T05:26:35Z,59.70,GBP,card
TXN00001869,USR004290,2026-03-06T07:39:49Z,45.00,EUR,card
TXN00005316,USR003062,2026-03-06T08:59:50Z,81.46,GBP,FX
TXN00000453,USR003364,2026-03-06T09:38:24Z,14.83,GBP,card
TXN00000574,USR004296,2026-03-06T16:11:43Z,-8.78,EUR,card
TXN00004798,USR002399,2026-03-06T17:30:31Z,25.35,EUR,card
TXN00008310,USR003273,2026-03-06T19:34:07Z,74.27,EUR,card
TXN00008698,USR002493,2026-03-06T19:40:13Z,191.17,EUR,stocks
TXN00003468,USR003714,2026-03-06T19:52:09Z,39.51,RON,card
TXN00001872,USR000563,2026-03-06T20:15:51Z,195.72,CAD,FX
TXN00000268,USR002294,2026-03-06T21:26:38Z,65.35,EUR,card
TXN00001003,USR002597,2026-03-06T23:43:56Z,28.26,EUR,card
TXN00003323,USR000109,2026-03-07T00:06:11Z,9.17,EUR,card
TXN00006654,USR000260,2026-03-07T01:54:21Z,25.15,EUR,card
TXN00008380,USR000587,2026-03-07T02:04:02Z,16.18,GBP,card
TXN00002248,USR000992,2026-03-07T03:08:13Z,69.39,PLN,card
TXN00000797,USR004645,2026-03-07T03:34:29Z,38.62,EUR,card
TXN00002519,USR000373,2026-03-07T03:49:54Z,90.04,EUR,FX
TXN00008641,USR004790,2026-03-07T05:15:06Z,88.18,CHF,card
TXN00008987,USR004227,2026-03-07T05:22:56Z,25.02,GBP,card
TXN00006949,USR004093,2026-03-07T05:24:13Z,96.25,GBP,stocks
TXN00006328,USR002989,2026-03-07T07:08:11Z,243.77,GBP,card
TXN00001644,USR000186,2026-03-07T08:15:25Z,309.38,NOK,savings
TXN00006823,USR001527,2026-03-07T09:46:28Z,185.45,SEK,stocks
TXN00004615,USR002706,2026-03-07T10:13:34Z,-102.53,EUR,card
TXN00001989,USR003816,2026-03-07T13:02:17Z,21.74,EUR,card
TXN00004804,USR000953,2026-03-07T14:16:26Z,580.85,PLN,savings
TXN00001933,USR001642,2026-03-07T14:28:25Z,246.97,EUR,crypto
TXN00006047,USR000767,2026-03-07T15:46:30Z,23.64,GBP,card
TXN00005869,USR000784,2026-03-07T21:26:06Z,21.64,EUR,card
TXN00002961,USR003538,2026-03-07T23:28:01Z,1014.36,RON,savings
TXN00001832,USR000256,2026-03-08T00:26:27Z,8.34,PLN,card
TXN00004638,USR000416,2026-03-08T01:49:14Z,37.47,EUR,card
TXN00007138,USR000968,2026-03-08T05:14:15Z,77.10,EUR,card
TXN00002132,USR003189,2026-03-08T05:24:34Z,75.86,GBP,crypto
TXN00007112,USR004087,2026-03-08T06:22:44Z,68.33,GBP,stocks
TXN00006359,USR001309,2026-03-08T08:47:21Z,15.85,PLN,card
TXN00006166,USR002378,2026-03-08T09:21:53Z,285.05,GBP,FX
TXN00008161,USR002413,2026-03-08T09:50:23Z,176.58,GBP,FX
TXN00004303,USR001325,2026-03-08T09:53:07Z,202.26,EUR,FX
TXN00008313,USR002133,2026-03-08T15:19:22Z,142.97,CHF,FX
TXN00000724,USR001595,2026-03-08T16:01:49Z,8.93,GBP,card
TXN00007974,USR001775,2026-03-08T16:35:43Z,65.87,CHF,card
TXN00002421,USR003597,2026-03-08T17:44:59Z,20.92,EUR,card
TXN00002019,USR000006,2026-03-08T17:45:15Z,322.79,GBP,savings
TXN00005348,USR001692,2026-03-08T21:50:04Z,10.10,EUR,card
TXN00007469,USR000437,2026-03-08T21:51:13Z,5.76,EUR,card
TXN00008783,USR004947,2026-03-08T21:54:20Z,90.15,EUR,crypto
TXN00001600,USR000104,2026-03-08T22:10:07Z,10.30,GBP,card
TXN00002592,USR002299,2026-03-08T22:16:05Z,10.51,CHF,card
TXN00003943,USR001558,2026-03-09T01:17:43Z,30.71,EUR,card
TXN00000604,USR000491,2026-03-09T01:46:09Z,24.99,EUR,card
TXN00007924,USR003387,2026-03-09T04:06:39Z,48.32,PLN,card
TXN00006813,USR001705,2026-03-09T04:14:18Z,13.39,GBP,card
TXN00001217,USR004929,2026-03-09T04:35:34Z,140.66,EUR,card
TXN00004839,USR000373,2026-03-09T04:57:25Z,24.79,EUR,card
TXN00007918,USR000501,2026-03-09T08:03:12Z,161.15,EUR,FX
TXN00008219,USR000217,2026-03-09T09:34:11Z,5.44,PLN,card
TXN00007524,USR003730,2026-03-09T14:05:12Z,62.62,EUR,crypto
TXN00000182,USR000491,2026-03-09T15:22:03Z,21.94,CAD,card
TXN00005662,USR001520,2026-03-09T17:06:40Z,23.22,EUR,card
TXN00005156,USR004995,2026-03-09T18:44:59Z,-10.68,EUR,card
TXN00006279,USR003664,2026-03-09T20:25:58Z,23.22,EUR,card
TXN00002863,USR003742,2026-03-09T21:19:05Z,5.91,PLN,card
TXN00004031,USR001302,2026-03-09T21:48:28Z,53.20,GBP,card
TXN00004271,USR003341,2026-03-09T22:06:22Z,19.70,EUR,card
TXN00007446,USR004885,2026-03-09T22:51:52Z,21.72,GBP,card
TXN00003018,USR001940,2026-03-10T00:27:24Z,20.13,EUR,card
TXN00005379,USR002111,2026-03-10T00:57:49Z,44.72,EUR,card
TXN00005209,USR003637,2026-03-10T01:27:12Z,13.53,GBP,card
TXN00000096,USR004257,2026-03-10T02:42:46Z,117.04,NOK,FX
TXN00006866,USR000750,2026-03-10T03:39:18Z,278.57,SEK,card
TXN00008169,USR000729,2026-03-10T03:57:54Z,50.88,GBP,card
TXN00001198,USR004818,2026-03-10T04:55:02Z,54.27,EUR,card
TXN00001693,USR000021,2026-03-10T13:45:20Z,11.61,GBP,card
TXN00000508,USR001794,2026-03-10T15:13:48Z,80.34,RON,card
TXN00000628,USR000623,2026-03-10T18:03:32Z,13.89,GBP,card
TXN00002682,USR002534,2026-03-10T19:26:22Z,280.53,RON,FX
TXN00001913,USR001685,2026-03-10T20:26:30Z,201.43,EUR,crypto
TXN00001075,USR002661,2026-03-10T22:00:25Z,13.29,EUR,card
TXN00002399,USR004412,2026-03-10T23:28:56Z,282.60,EUR,stocks
TXN00004524,USR000282,2026-03-10T23:42:25Z,3.01,EUR,card
TXN00001921,USR003191,2026-03-10T23:52:46Z,27.49,EUR,card
TXN00003471,USR004840,2026-03-11T02:16:10Z,691.27,EUR,FX
TXN00004432,USR000191,2026-03-11T02:20:53Z,110.47,EUR,card
TXN00001325,USR004642,2026-03-11T03:47:14Z,7.13,EUR,card
TXN00003349,USR001698,2026-03-11T04:17:22Z,528.94,EUR,savings
TXN00003360,USR003990,2026-03-11T05:01:30Z,356.82,GBP,FX
TXN00000734,USR003742,2026-03-11T05:55:51Z,54.70,PLN,stocks
TXN00001795,USR000365,2026-03-11T06:53:44Z,216.91,GBP,savings
TXN00003744,USR003636,2026-03-11T07:43:40Z,45.18,GBP,card
TXN00006113,USR003951,2026-03-11T12:35:20Z,34.21,EUR,card
TXN00006622,USR000209,2026-03-11T17:08:35Z,5.56,EUR,card
TXN00005485,USR001165,2026-03-12T01:23:49Z,109.54,EUR,savings
TXN00002558,USR003776,2026-03-12T01:46:20Z,675.61,EUR,stocks
TXN00004601,USR002257,2026-03-12T02:30:32Z,161.73,GBP,FX
TXN00001421,USR004959,2026-03-12T03:36:56Z,11.40,EUR,card
TXN00006110,USR003185,2026-03-12T05:30:00Z,48.53,EUR,card
TXN00007458,USR000251,2026-03-12T06:16:25Z,466.00,CAD,savings
TXN00004630,USR003511,2026-03-12T07:05:07Z,53.40,EUR,stocks
TXN00000006,USR003061,2026-03-12T07:13:56Z,223.11,GBP,FX
TXN00002565,USR000906,2026-03-12T07:55:47Z,6.89,SEK,card
TXN00005970,USR002206,2026-03-12T09:40:42Z,61.99,EUR,crypto
TXN00000432,USR004502,2026-03-12T09:45:02Z,24.62,SEK,card
TXN00004377,USR000255,2026-03-12T11:44:00Z,26.68,EUR,card
TXN00000688,USR003662,2026-03-13T00:43:00Z,25.85,EUR,card
TXN00003963,USR000100,2026-03-13T00:44:18Z,10.36,GBP,card
TXN00008213,USR000576,2026-03-13T02:05:48Z,208.50,GBP,stocks
TXN00001924,USR000764,2026-03-13T02:19:30Z,10.73,GBP,card
TXN00000967,USR004430,2026-03-13T02:55:40Z,119.40,NOK,crypto
TXN00003607,USR002387,2026-03-13T03:08:07Z,187.17,GBP,crypto
TXN00008811,USR000665,2026-03-13T06:29:16Z,69.50,CHF,card
TXN00004592,USR002836,2026-03-13T08:00:14Z,871.97,EUR,savings
TXN00007643,USR003678,2026-03-13T10:52:25Z,369.86,SEK,savings
TXN00001001,USR004239,2026-03-13T12:07:47Z,59.45,EUR,card
TXN00006299,USR002944,2026-03-13T13:06:34Z,189.81,GBP,card
TXN00004195,USR004035,2026-03-13T14:23:10Z,30.46,USD,card
TXN00008258,USR003179,2026-03-13T16:12:13Z,19.32,EUR,card
TXN00003196,USR002311,2026-03-13T17:28:41Z,62.59,EUR,FX
TXN00002078,USR004529,2026-03-13T18:40:10Z,5.08,PLN,card
TXN00007157,USR004989,2026-03-13T20:20:25Z,384.57,JPY,savings
TXN00007969,USR004218,2026-03-14T00:22:57Z,333.37,JPY,savings
TXN00002312,USR003161,2026-03-14T00:30:19Z,76.26,EUR,crypto
TXN00000039,USR000869,2026-03-14T02:14:33Z,15.78,EUR,card
TXN00007743,USR001343,2026-03-14T02:37:48Z,30.92,GBP,card
TXN00000749,USR002309,2026-03-14T03:53:35Z,6.81,EUR,card
TXN00005694,USR000615,2026-03-14T05:35:41Z,584.05,GBP,FX
TXN00007878,USR004738,2026-03-14T06:03:02Z,16.08,JPY,card
TXN00002083,USR001815,2026-03-14T06:08:07Z,252.97,EUR,FX
TXN00008007,USR004921,2026-03-14T08:12:59Z,37.17,GBP,crypto
TXN00006413,USR001871,2026-03-14T09:14:21Z,209.24,EUR,FX
TXN00007981,USR001051,2026-03-14T13:00:27Z,725.61,SEK,FX
TXN00006670,USR004596,2026-03-14T13:15:43Z,389.81,PLN,crypto
TXN00004124,USR002236,2026-03-14T14:33:03Z,385.82,SEK,savings
TXN00000417,USR004322,2026-03-14T14:35:15Z,31.91,GBP,crypto
TXN00000821,USR003048,2026-03-14T20:57:54Z,19.98,GBP,card
TXN00005454,USR004810,2026-03-15T02:23:58Z,32.27,GBP,card
TXN00006031,USR003242,2026-03-15T03:15:16Z,21.15,EUR,card
TXN00007642,USR000823,2026-03-15T17:32:40Z,136.41,GBP,FX
TXN00000143,USR002330,2026-03-15T20:06:08Z,110.75,EUR,crypto
TXN00007907,USR003599,2026-03-15T20:53:39Z,30.49,GBP,card
TXN00004426,USR002400,2026-03-15T21:54:08Z,36.83,GBP,card
TXN00001080,USR001090,2026-03-15T22:10:02Z,33.92,PLN,card
TXN00002439,USR001118,2026-03-16T01:07:09Z,20.87,GBP,card
TXN00002906,USR002939,2026-03-16T01:36:41Z,22.84,PLN,card
TXN00001317,USR003345,2026-03-16T03:46:54Z,26.87,NOK,card
TXN00000831,USR002367,2026-03-16T07:33:47Z,109.23,EUR,FX
TXN00001250,USR003297,2026-03-16T13:54:39Z,30.43,GBP,card
TXN00004403,USR004331,2026-03-16T15:44:27Z,6.99,EUR,card
TXN00006887,USR001026,2026-03-16T18:41:33Z,114.56,CHF,stocks
TXN00006987,USR002902,2026-03-16T19:00:52Z,851.51,EUR,savings
TXN00001210,USR002903,2026-03-16T21:51:25Z,1149.80,EUR,FX
TXN00004470,USR004354,2026-03-16T22:42:15Z,52.99,EUR,FX
TXN00006035,USR001308,2026-03-16T23:29:30Z,387.18,NOK,FX
TXN00000172,USR003549,2026-03-17T00:38:29Z,94.15,PLN,savings
TXN00007839,USR000215,2026-03-17T00:56:42Z,86.05,EUR,savings
TXN00002453,USR001605,2026-03-17T00:56:50Z,32.76,CAD,card
TXN00002089,USR001028,2026-03-17T03:04:16Z,936.00,EUR,savings
TXN00004793,USR003485,2026-03-17T04:39:48Z,113.23,GBP,card
TXN00006648,USR001932,2026-03-17T10:32:51Z,99.25,CAD,card
TXN00004594,USR003461,2026-03-17T10:43:16Z,743.16,GBP,savings
TXN00008822,USR003041,2026-03-17T11:21:32Z,65.99,NOK,FX
TXN00000870,USR000892,2026-03-17T11:43:23Z,201.48,SEK,crypto
TXN00002310,USR001839,2026-03-17T11:44:15Z,20.96,EUR,card
TXN00006454,USR001972,2026-03-17T14:48:25Z,312.06,EUR,stocks
TXN00005017,USR002716,2026-03-17T14:51:07Z,97.37,EUR,card
TXN00003149,USR000255,2026-03-17T15:46:04Z,1188.13,EUR,savings
TXN00005288,USR001742,2026-03-17T16:40:09Z,9.69,GBP,card
TXN00005268,USR000175,2026-03-17T17:27:37Z,17.59,SEK,card
TXN00003986,USR003730,2026-03-17T20:10:16Z,223.51,EUR,FX
TXN00003485,USR003464,2026-03-17T21:36:02Z,17.36,EUR,card
TXN00005432,USR002978,2026-03-17T21:37:11Z,50.43,EUR,FX
TXN00000772,USR003571,2026-03-18T00:10:48Z,43.09,JPY,card
TXN00005935,USR001870,2026-03-18T00:50:35Z,41.31,EUR,card
TXN00003568,USR002028,2026-03-18T01:44:34Z,61.67,EUR,crypto
TXN00002422,USR000638,2026-03-18T02:01:41Z,9.06,CHF,card
TXN00000486,USR003099,2026-03-18T02:49:29Z,700.98,GBP,savings
TXN00005487,USR002634,2026-03-18T03:22:50Z,1153.64,GBP,savings
TXN00004810,USR001570,2026-03-18T11:08:49Z,8.40,NOK,card
TXN00007996,USR000540,2026-03-18T14:36:44Z,3.93,EUR,card
TXN00007962,USR004907,2026-03-18T14:38:39Z,12.41,SEK,card
TXN00005886,USR003766,2026-03-18T17:01:55Z,92.55,GBP,crypto
TXN00000112,USR003603,2026-03-18T18:06:34Z,235.85,EUR,FX
TXN00002881,USR003871,2026-03-18T20:28:25Z,8.48,GBP,card
TXN00008678,USR003942,2026-03-18T20:39:51Z,708.49,GBP,FX
TXN00004799,USR000982,2026-03-18T21:27:42Z,16.81,PLN,card
TXN00001671,USR003839,2026-03-19T00:20:06Z,7.89,EUR,card
TXN00001471,USR002741,2026-03-19T00:32:15Z,63.83,EUR,savings
TXN00008604,USR002609,2026-03-19T02:16:48Z,107.41,EUR,card
TXN00007264,USR000604,2026-03-19T03:16:02Z,1.85,NOK,card
TXN00005326,USR002587,2026-03-19T05:23:06Z,43.56,EUR,card
TXN00006070,USR003147,2026-03-19T09:26:28Z,19.81,EUR,card
TXN00003098,USR000082,2026-03-19T10:27:02Z,7.33,GBP,card
TXN00007991,USR003822,2026-03-19T12:33:40Z,4.71,EUR,card
TXN00005853,USR001527,2026-03-19T15:43:50Z,139.13,SEK,crypto
TXN00007070,USR000371,2026-03-19T16:02:15Z,366.40,EUR,stocks
TXN00005674,USR003253,2026-03-19T17:30:17Z,17.87,EUR,card
TXN00008707,USR003658,2026-03-19T18:30:10Z,8.40,EUR,card
TXN00005423,USR002670,2026-03-19T20:11:43Z,50.92,RON,card
TXN00007585,USR000944,2026-03-19T20:27:09Z,77.08,EUR,card
TXN00008824,USR003994,2026-03-19T21:25:17Z,690.98,EUR,FX
TXN00001597,USR002487,2026-03-19T22:02:41Z,6.09,EUR,card
TXN00003043,USR002914,2026-03-20T03:04:07Z,31.77,NOK,card
TXN00007432,USR003098,2026-03-20T06:28:10Z,82.81,EUR,card
TXN00006480,USR003770,2026-03-20T06:30:14Z,21.93,GBP,card
TXN00007196,USR004286,2026-03-20T08:01:46Z,4.19,GBP,card
TXN00008306,USR003992,2026-03-20T08:15:50Z,40.35,EUR,card
TXN00007235,USR003716,2026-03-20T09:37:16Z,27.81,GBP,card
TXN00005708,USR001813,2026-03-20T11:36:39Z,355.32,GBP,FX
TXN00008304,USR001886,2026-03-20T14:48:39Z,-68.11,EUR,card
TXN00002566,USR000425,2026-03-20T14:57:45Z,164.05,JPY,crypto
TXN00008510,USR004885,2026-03-20T15:10:49Z,4.68,GBP,card
TXN00001237,USR000207,2026-03-20T15:52:13Z,37.44,EUR,card
TXN00007392,USR000054,2026-03-20T16:13:32Z,58.33,GBP,card
TXN00008458,USR002491,2026-03-20T16:55:38Z,20.57,EUR,card
TXN00006294,USR002583,2026-03-20T16:56:52Z,6.91,GBP,card
TXN00003863,USR002998,2026-03-20T20:08:13Z,234.75,GBP,savings
TXN00001445,USR003839,2026-03-20T20:11:54Z,178.55,EUR,stocks
TXN00003793,USR002810,2026-03-21T04:05:15Z,62.27,EUR,stocks
TXN00006837,USR003579,2026-03-21T04:31:40Z,39.41,JPY,card
TXN00003628,USR004802,2026-03-21T04:52:15Z,183.34,GBP,savings
TXN00005551,USR002250,2026-03-21T05:02:04Z,35.92,EUR,card
TXN00004901,USR002837,2026-03-21T05:34:29Z,351.09,EUR,stocks
TXN00003704,USR004038,2026-03-21T08:10:40Z,22.05,EUR,card
TXN00002377,USR002233,2026-03-21T09:27:55Z,459.43,USD,FX
TXN00002104,USR000792,2026-03-21T11:45:37Z,149.57,EUR,stocks
TXN00005663,USR004860,2026-03-21T11:56:36Z,751.75,EUR,stocks
TXN00005789,USR000042,2026-03-21T11:59:08Z,56.53,GBP,crypto
TXN00008044,USR000076,2026-03-21T13:35:23Z,2.65,PLN,card
TXN00007928,USR001488,2026-03-21T13:45:58Z,223.78,SEK,stocks
TXN00003412,USR000164,2026-03-21T13:58:37Z,69.68,GBP,stocks
TXN00003293,USR004749,2026-03-21T18:24:53Z,43.00,PLN,card
TXN00002963,USR004933,2026-03-21T18:25:24Z,21.09,EUR,card
TXN00001898,USR004706,2026-03-21T21:30:39Z,207.92,EUR,stocks
TXN00006061,USR004859,2026-03-21T23:40:58Z,20.26,NOK,card
TXN00006275,USR004301,2026-03-22T04:06:49Z,93.99,RON,card
TXN00003269,USR004187,2026-03-22T04:46:34Z,36.57,EUR,card
TXN00007734,USR003101,2026-03-22T11:48:41Z,15.14,EUR,card
TXN00001040,USR004036,2026-03-22T12:43:00Z,310.29,SEK,savings
TXN00006541,USR002820,2026-03-22T13:16:53Z,13.85,EUR,card
TXN00007747,USR001237,2026-03-22T14:58:01Z,45.53,PLN,card
TXN00003046,USR004959,2026-03-22T22:29:35Z,641.80,EUR,FX
TXN00000229,USR003721,2026-03-22T23:02:54Z,16.66,EUR,card
TXN00005963,USR000270,2026-03-22T23:07:49Z,385.11,EUR,FX
TXN00002707,USR002174,2026-03-23T01:30:19Z,5.50,GBP,card
TXN00008164,USR001513,2026-03-23T08:05:01Z,13.44,EUR,card
TXN00008505,USR001675,2026-03-23T08:57:26Z,225.44,PLN,stocks
TXN00000529,USR001698,2026-03-23T11:23:52Z,17.62,USD,card
TXN00000241,USR004281,2026-03-23T15:32:06Z,100.71,EUR,card
TXN00007371,USR000198,2026-03-23T21:12:56Z,13.49,SEK,card
TXN00007061,USR004372,2026-03-24T05:42:38Z,279.53,CHF,stocks
TXN00006767,USR001258,2026-03-24T08:21:47Z,68.37,GBP,card
TXN00001640,USR004950,2026-03-24T10:49:17Z,15.53,CHF,card
TXN00008708,USR004618,2026-03-24T11:55:50Z,61.78,EUR,card
TXN00004199,USR004357,2026-03-24T13:22:46Z,29.02,PLN,FX
TXN00001953,USR004132,2026-03-24T15:01:12Z,205.18,GBP,savings
TXN00004874,USR000573,2026-03-24T16:34:07Z,1063.08,GBP,FX
TXN00005590,USR000783,2026-03-24T16:52:49Z,40.90,EUR,card
TXN00007233,USR001969,2026-03-24T17:00:57Z,80.16,GBP,crypto
TXN00005113,USR004716,2026-03-24T17:41:04Z,306.68,NOK,savings
TXN00004794,USR003152,2026-03-24T17:49:47Z,42.15,EUR,card
TXN00000043,USR000011,2026-03-24T19:41:56Z,474.49,EUR,crypto
TXN00005448,USR000313,2026-03-24T23:22:35Z,36.94,USD,crypto
TXN00005651,USR000701,2026-03-24T23:51:21Z,76.77,PLN,crypto
TXN00002582,USR003497,2026-03-25T00:03:43Z,302.57,GBP,savings
TXN00000769,USR002324,2026-03-25T00:07:21Z,66.57,CAD,card
TXN00004007,USR004318,2026-03-25T01:47:51Z,11.94,USD,card
TXN00008975,USR003549,2026-03-25T04:11:56Z,393.15,EUR,savings
TXN00004957,USR001617,2026-03-25T05:21:33Z,281.92,EUR,stocks
TXN00002613,USR002528,2026-03-25T06:28:39Z,1254.98,EUR,savings
TXN00003304,USR000669,2026-03-25T13:03:41Z,201.54,EUR,stocks
TXN00000612,USR000645,2026-03-25T17:41:19Z,37.50,EUR,card
TXN00004011,USR004951,2026-03-25T17:42:11Z,16.25,GBP,card
TXN00004967,USR004691,2026-03-25T23:44:11Z,202.68,PLN,card
TXN00001241,USR001232,2026-03-26T05:58:42Z,720.61,EUR,savings
TXN00003811,USR000871,2026-03-26T06:00:44Z,3.14,GBP,card
TXN00008528,USR001179,2026-03-26T06:39:24Z,41.13,GBP,card
TXN00001833,USR000340,2026-03-26T09:01:32Z,21.82,GBP,card
TXN00005122,USR001303,2026-03-26T12:31:32Z,36.31,EUR,card
TXN00003856,USR000477,2026-03-26T19:40:40Z,9.67,EUR,card
TXN00007306,USR000242,2026-03-26T19:47:47Z,126.36,EUR,card
TXN00002440,USR000245,2026-03-26T21:36:52Z,163.37,EUR,savings
TXN00000616,USR004204,2026-03-26T22:21:28Z,11.39,EUR,card
TXN00001695,USR001494,2026-03-26T23:43:44Z,12.45,RON,card
TXN00004946,USR001323,2026-03-27T02:16:15Z,65.38,PLN,crypto
TXN00002364,USR001559,2026-03-27T02:35:04Z,8.64,SEK,card
TXN00001309,USR001015,2026-03-27T03:35:11Z,66.59,NOK,FX
TXN00008179,USR002727,2026-03-27T05:11:06Z,102.22,GBP,card
TXN00007281,USR002491,2026-03-27T06:25:32Z,25.41,EUR,card
TXN00003985,USR003499,2026-03-27T13:56:25Z,758.57,PLN,FX
TXN00005597,USR001006,2026-03-27T18:01:02Z,30.46,EUR,card
TXN00007511,USR003898,2026-03-27T20:07:19Z,23.29,CHF,card
TXN00003528,USR003858,2026-03-27T23:19:09Z,31.75,JPY,card
TXN00003465,USR001644,2026-03-28T02:57:16Z,8.02,EUR,card
TXN00005098,USR000179,2026-03-28T04:48:14Z,83.29,EUR,stocks
TXN00007486,USR003761,2026-03-28T07:10:30Z,55.71,GBP,stocks
TXN00001157,USR002727,2026-03-28T10:18:44Z,12.42,GBP,card
TXN00001717,USR001471,2026-03-28T13:22:56Z,28.97,PLN,card
TXN00001073,USR002309,2026-03-28T14:08:17Z,196.24,EUR,stocks
TXN00002524,USR003710,2026-03-28T17:33:54Z,360.51,EUR,crypto
TXN00001742,USR000749,2026-03-28T21:10:07Z,32.84,PLN,card
TXN00004172,USR003783,2026-03-28T21:25:01Z,188.75,EUR,savings
TXN00008182,USR002536,2026-03-29T00:29:32Z,173.43,GBP,FX
TXN00007765,USR003218,2026-03-29T00:29:46Z,300.26,EUR,savings
TXN00004006,USR001370,2026-03-29T00:56:05Z,479.89,EUR,stocks
TXN00006561,USR000171,2026-03-29T01:19:42Z,17.64,EUR,card
TXN00002188,USR002346,2026-03-29T02:09:04Z,102.50,GBP,stocks
TXN00000586,USR002020,2026-03-29T02:27:40Z,72.21,EUR,FX
TXN00005445,USR000552,2026-03-29T03:17:23Z,42.42,CHF,card
TXN00001048,USR003182,2026-03-29T06:54:30Z,280.79,EUR,FX
TXN00003758,USR000913,2026-03-29T07:23:05Z,17.41,EUR,card
TXN00002033,USR001623,2026-03-29T07:38:17Z,247.12,GBP,stocks
TXN00007114,USR004601,2026-03-29T08:34:44Z,255.47,PLN,savings
TXN00008331,USR003699,2026-03-29T14:13:14Z,45.11,EUR,card
TXN00004293,USR000024,2026-03-29T18:00:27Z,345.91,EUR,FX
TXN00002050,USR004612,2026-03-29T21:39:43Z,63.43,GBP,card
TXN00001225,USR001354,2026-03-30T01:00:15Z,128.63,GBP,stocks
TXN00001346,USR004066,2026-03-30T02:30:05Z,192.84,GBP,FX
TXN00000469,USR002467,2026-03-30T03:36:40Z,11.66,PLN,card
TXN00006677,USR002788,2026-03-30T04:01:19Z,16.80,GBP,card
TXN00008871,USR003274,2026-03-30T05:17:46Z,22.85,GBP,card
TXN00001846,USR001807,2026-03-30T06:38:20Z,239.39,GBP,savings
TXN00006604,USR004924,2026-03-30T07:40:22Z,379.46,EUR,FX
TXN00005565,USR001495,2026-03-30T10:20:43Z,16.36,EUR,card
TXN00007033,USR002951,2026-03-30T10:43:04Z,678.00,EUR,stocks
TXN00002505,USR004599,2026-03-30T14:09:51Z,275.57,EUR,savings
TXN00004605,USR003797,2026-03-30T15:13:46Z,33.62,EUR,card
TXN00006277,USR000126,2026-03-30T18:14:20Z,81.47,EUR,savings
TXN00004391,USR000496,2026-03-30T20:01:56Z,40.56,EUR,card
TXN00003317,USR004293,2026-03-30T22:15:50Z,-19.08,GBP,card
TXN00005984,USR002544,2026-03-31T01:20:55Z,321.20,EUR,crypto
TXN00001405,USR001703,2026-03-31T02:43:16Z,57.94,NOK,stocks
TXN00007449,USR004119,2026-03-31T04:08:26Z,237.60,GBP,savings
TXN00004545,USR001354,2026-03-31T07:19:14Z,-28.19,JPY,card
TXN00006216,USR001943,2026-03-31T11:57:04Z,238.03,CHF,crypto
TXN00004541,USR004658,2026-03-31T12:02:47Z,87.83,GBP,card
TXN00000294,USR000055,2026-03-31T13:00:06Z,284.04,JPY,savings
TXN00004225,USR000979,2026-03-31T13:00:39Z,503.34,GBP,savings
TXN00004931,USR001438,2026-03-31T13:17:34Z,116.59,SEK,savings
TXN00004694,USR004325,2026-03-31T15:40:52Z,25.47,EUR,card
TXN00002381,USR003461,2026-03-31T18:36:13Z,10.50,GBP,card
TXN00008549,USR002202,2026-04-01T01:27:06Z,371.68,EUR,stocks
TXN00002981,USR004265,2026-04-01T01:44:08Z,106.78,RON,card
TXN00000935,USR002809,2026-04-01T01:54:50Z,109.50,CAD,card
TXN00007046,USR001643,2026-04-01T02:08:59Z,13.33,CAD,card
TXN00008387,USR003985,2026-04-01T04:08:22Z,55.82,EUR,card
TXN00003765,USR003198,2026-04-01T04:45:33Z,186.36,EUR,crypto
TXN00003495,USR004346,2026-04-01T08:05:15Z,315.90,GBP,FX
TXN00003488,USR002859,2026-04-01T08:27:29Z,25.25,EUR,card
TXN00008608,USR002270,2026-04-01T11:23:55Z,63.93,PLN,card
TXN00001752,USR001493,2026-04-01T13:26:15Z,6.34,GBP,card
TXN00004038,USR004498,2026-04-01T13:50:56Z,12.02,EUR,card
TXN00006266,USR003153,2026-04-01T16:47:13Z,647.89,EUR,FX
TXN00001639,USR000630,2026-04-01T17:16:28Z,252.18,EUR,FX
TXN00003794,USR000132,2026-04-01T18:27:19Z,118.35,EUR,card
TXN00001161,USR001783,2026-04-01T19:27:03Z,144.80,CAD,stocks
TXN00005168,USR004759,2026-04-01T22:21:59Z,24.93,EUR,card
TXN00001437,USR000375,2026-04-01T23:30:29Z,204.12,EUR,crypto
TXN00001357,USR000869,2026-04-01T23:41:37Z,102.09,EUR,crypto
TXN00006536,USR001953,2026-04-02T00:05:50Z,88.69,JPY,card
TXN00005486,USR000539,2026-04-02T01:49:23Z,14.85,EUR,crypto
TXN00001870,USR003942,2026-04-02T02:42:29Z,101.44,GBP,crypto
TXN00004611,USR001011,2026-04-02T03:55:07Z,93.97,GBP,card
TXN00003318,USR004410,2026-04-02T07:01:40Z,65.81,EUR,card
TXN00007766,USR000034,2026-04-02T08:54:24Z,6.41,PLN,card
TXN00005394,USR004735,2026-04-02T09:36:13Z,10.68,GBP,card
TXN00004606,USR003670,2026-04-02T13:54:53Z,34.45,EUR,card
TXN00001090,USR001001,2026-04-02T17:03:13Z,237.53,JPY,FX
TXN00005951,USR001791,2026-04-02T19:00:52Z,582.41,EUR,FX
TXN00000795,USR003209,2026-04-02T22:29:05Z,1.65,GBP,card
TXN00001480,USR003121,2026-04-02T23:12:04Z,33.72,GBP,card
TXN00007645,USR004694,2026-04-03T00:20:40Z,25.48,EUR,card
TXN00004433,USR002971,2026-04-03T01:45:11Z,168.64,PLN,crypto
TXN00008916,USR002102,2026-04-03T02:07:58Z,758.61,EUR,FX
TXN00007828,USR000636,2026-04-03T02:58:59Z,46.20,RON,card
TXN00000247,USR000208,2026-04-03T06:04:57Z,18.22,GBP,card
TXN00005722,USR000349,2026-04-03T18:50:07Z,38.96,GBP,card
TXN00004947,USR002487,2026-04-03T19:34:31Z,91.96,EUR,crypto
TXN00007113,USR003488,2026-04-03T20:29:56Z,97.89,RON,crypto
TXN00008345,USR004482,2026-04-03T21:53:38Z,187.64,EUR,crypto
TXN00002005,USR003696,2026-04-03T22:10:06Z,680.88,EUR,savings
TXN00007672,USR000689,2026-04-03T22:39:55Z,11.20,GBP,card
TXN00003032,USR004116,2026-04-03T23:32:04Z,27.49,GBP,card
TXN00002549,USR003490,2026-04-04T02:46:39Z,14.15,USD,card
TXN00005667,USR000529,2026-04-04T03:00:30Z,111.53,RON,card
TXN00000941,USR002795,2026-04-04T04:05:53Z,62.42,EUR,card
TXN00008838,USR002447,2026-04-04T04:21:09Z,19.07,JPY,card
TXN00003833,USR004394,2026-04-04T05:20:30Z,164.85,RON,stocks
TXN00007285,USR004741,2026-04-04T06:12:07Z,118.77,EUR,savings
TXN00008735,USR001936,2026-04-04T06:20:17Z,6.42,EUR,card
TXN00006425,USR003932,2026-04-04T10:05:55Z,56.08,RON,card
TXN00007473,USR003838,2026-04-04T11:54:09Z,619.32,EUR,stocks
TXN00007666,USR002628,2026-04-04T13:45:09Z,464.58,EUR,FX
TXN00002366,USR003303,2026-04-04T14:17:07Z,10.97,EUR,card
TXN00003980,USR004086,2026-04-04T14:18:34Z,516.79,EUR,stocks
TXN00006183,USR004913,2026-04-04T23:15:16Z,16.37,GBP,card
TXN00001341,USR003838,2026-04-05T00:36:22Z,17.63,EUR,card
TXN00005698,USR002907,2026-04-05T04:06:20Z,32.65,GBP,card
TXN00003462,USR002361,2026-04-05T04:12:43Z,23.70,EUR,card
TXN00002015,USR004674,2026-04-05T05:01:12Z,109.33,GBP,stocks
TXN00006394,USR000757,2026-04-05T06:41:33Z,94.78,EUR,card
TXN00001874,USR002345,2026-04-05T07:39:37Z,847.00,EUR,savings
TXN00000902,USR003993,2026-04-05T07:53:07Z,56.54,GBP,card
TXN00002037,USR001317,2026-04-05T08:53:40Z,59.29,GBP,card
TXN00005350,USR002450,2026-04-05T10:26:42Z,98.18,EUR,stocks
TXN00008433,USR001392,2026-04-05T12:05:16Z,26.42,CAD,stocks
TXN00006696,USR002842,2026-04-05T12:27:09Z,85.84,EUR,card
TXN00004040,USR000641,2026-04-05T17:20:17Z,173.58,EUR,FX
TXN00004459,USR000445,2026-04-05T20:44:49Z,520.64,GBP,savings
TXN00000507,USR003297,2026-04-05T20:59:08Z,153.05,EUR,savings
TXN00007920,USR002341,2026-04-05T23:33:09Z,13.09,EUR,card
TXN00004485,USR003864,2026-04-05T23:59:48Z,182.07,GBP,savings
TXN00003044,USR001693,2026-04-06T04:09:28Z,37.07,GBP,card
TXN00001230,USR003780,2026-04-06T04:11:05Z,358.98,EUR,crypto
TXN00002204,USR003699,2026-04-06T06:33:41Z,1111.12,EUR,savings
TXN00001353,USR000124,2026-04-06T09:34:07Z,54.47,GBP,card
TXN00001686,USR001675,2026-04-06T09:34:16Z,25.03,NOK,card
TXN00004345,USR001153,2026-04-06T10:46:26Z,19.40,EUR,card
TXN00000701,USR000291,2026-04-06T14:26:59Z,11.22,EUR,card
TXN00007452,USR001660,2026-04-06T15:17:57Z,45.52,PLN,card
TXN00006840,USR002059,2026-04-06T17:22:54Z,185.10,EUR,FX
TXN00000135,USR004985,2026-04-06T18:21:33Z,432.13,EUR,stocks
TXN00007244,USR001768,2026-04-06T18:34:17Z,7.24,EUR,card
TXN00003362,USR000120,2026-04-06T21:19:55Z,10.60,PLN,card
TXN00000015,USR001839,2026-04-06T22:45:32Z,9.31,EUR,card
TXN00008336,USR003434,2026-04-07T05:52:17Z,157.22,PLN,crypto
TXN00001811,USR001120,2026-04-07T09:41:50Z,11.60,PLN,card
TXN00002046,USR001997,2026-04-07T12:06:57Z,78.02,EUR,card
TXN00003122,USR002087,2026-04-07T12:30:38Z,17.26,EUR,crypto
TXN00004050,USR004796,2026-04-07T13:21:43Z,52.23,GBP,crypto
TXN00008755,USR000608,2026-04-07T21:38:45Z,258.58,PLN,FX
TXN00001454,USR001555,2026-04-07T22:33:42Z,403.41,GBP,savings
TXN00005784,USR002243,2026-04-07T23:27:16Z,196.49,USD,FX
TXN00007971,USR000916,2026-04-08T03:28:31Z,53.14,GBP,card
TXN00006735,USR003910,2026-04-08T05:14:13Z,167.20,EUR,crypto
TXN00004929,USR004105,2026-04-08T10:16:04Z,3.19,CAD,card
TXN00004157,USR003255,2026-04-08T14:33:18Z,798.69,RON,FX
TXN00001364,USR003575,2026-04-08T14:56:39Z,39.61,GBP,card
TXN00008291,USR002352,2026-04-08T15:09:02Z,209.53,EUR,stocks
TXN00004316,USR002621,2026-04-08T16:36:26Z,30.28,PLN,card
TXN00005645,USR003036,2026-04-08T19:37:26Z,27.22,GBP,card
TXN00003143,USR001118,2026-04-08T21:08:17Z,129.56,SEK,savings
TXN00004831,USR002714,2026-04-08T22:11:33Z,41.59,CHF,card
TXN00001190,USR003452,2026-04-08T22:35:24Z,18.89,EUR,card
TXN00001836,USR003149,2026-04-08T23:43:30Z,13.11,EUR,card
TXN00005199,USR000906,2026-04-08T23:48:26Z,128.65,EUR,crypto
TXN00002262,USR000647,2026-04-09T02:57:07Z,-34.92,EUR,card
TXN00006284,USR003576,2026-04-09T03:41:00Z,103.83,GBP,stocks
TXN00008533,USR001092,2026-04-09T03:56:07Z,71.10,PLN,card
TXN00001370,USR003132,2026-04-09T04:07:50Z,19.27,EUR,card
TXN00000759,USR001844,2026-04-09T06:11:30Z,374.26,GBP,stocks
TXN00001964,USR004814,2026-04-09T07:24:55Z,201.81,EUR,savings
TXN00004821,USR004357,2026-04-09T08:42:27Z,547.75,PLN,crypto
TXN00002698,USR003910,2026-04-09T09:04:22Z,229.72,EUR,savings
TXN00004476,USR003198,2026-04-09T14:43:28Z,14.23,EUR,card
TXN00006660,USR003838,2026-04-09T14:49:38Z,12.36,EUR,card
TXN00006564,USR004017,2026-04-09T17:03:25Z,203.65,PLN,FX
TXN00007253,USR004809,2026-04-09T17:57:32Z,602.35,EUR,savings
TXN00000499,USR002931,2026-04-09T20:19:20Z,272.38,EUR,savings
TXN00003025,USR003786,2026-04-09T21:26:41Z,28.53,EUR,card
TXN00007354,USR003172,2026-04-10T01:26:01Z,131.21,NOK,card
TXN00002060,USR002677,2026-04-10T04:11:22Z,305.69,EUR,savings
TXN00003060,USR000442,2026-04-10T04:30:30Z,51.65,EUR,card
TXN00000958,USR002395,2026-04-10T04:57:13Z,376.86,CHF,savings
TXN00000139,USR003115,2026-04-10T09:32:09Z,10.93,PLN,card
TXN00002868,USR000881,2026-04-10T11:22:04Z,14.80,EUR,card
TXN00008679,USR002738,2026-04-10T11:55:40Z,224.32,EUR,crypto
TXN00008725,USR000287,2026-04-10T15:59:42Z,22.21,GBP,card
TXN00004478,USR002043,2026-04-10T16:49:26Z,21.23,PLN,card
TXN00007976,USR001407,2026-04-10T17:34:14Z,30.07,EUR,card
TXN00007593,USR003559,2026-04-10T19:29:44Z,8.31,PLN,card
TXN00000763,USR004237,2026-04-10T19:50:13Z,16.57,EUR,card
TXN00006996,USR004405,2026-04-10T20:09:33Z,462.23,GBP,stocks
TXN00008724,USR001557,2026-04-10T21:56:21Z,37.99,GBP,crypto
TXN00007949,USR001209,2026-04-11T00:07:49Z,66.32,EUR,crypto
TXN00007408,USR000586,2026-04-11T05:49:28Z,219.45,PLN,FX
TXN00005507,USR003422,2026-04-11T07:10:33Z,10.97,EUR,card
TXN00002843,USR003001,2026-04-11T07:18:36Z,72.85,PLN,card
TXN00005264,USR003264,2026-04-11T09:46:28Z,27.56,EUR,card
TXN00005112,USR004182,2026-04-11T11:27:06Z,37.27,EUR,card
TXN00007926,USR003344,2026-04-11T11:37:36Z,18.76,GBP,card
TXN00002539,USR002681,2026-04-11T12:07:42Z,19.87,GBP,card
TXN00003569,USR002038,2026-04-11T12:39:41Z,17.49,EUR,card
TXN00000433,USR000832,2026-04-11T15:35:10Z,116.37,GBP,stocks
TXN00008140,USR004977,2026-04-11T16:14:33Z,7.19,GBP,card
TXN00007817,USR003796,2026-04-11T18:12:36Z,56.42,EUR,crypto
TXN00006373,USR000205,2026-04-11T21:42:37Z,68.30,EUR,crypto
TXN00007106,USR001392,2026-04-11T23:38:51Z,373.15,GBP,crypto
TXN00006832,USR003691,2026-04-12T02:41:35Z,33.00,GBP,card
TXN00008696,USR003409,2026-04-12T04:27:25Z,275.35,EUR,FX
TXN00007260,USR002443,2026-04-12T05:31:26Z,20.29,PLN,card
TXN00000846,USR001052,2026-04-12T10:32:01Z,58.96,GBP,crypto
TXN00004313,USR000060,2026-04-12T10:34:15Z,84.55,PLN,stocks
TXN00006384,USR004439,2026-04-12T15:03:51Z,25.14,PLN,card
TXN00002097,USR003565,2026-04-12T16:40:09Z,22.86,CHF,card
TXN00003220,USR003361,2026-04-12T18:27:20Z,139.82,GBP,stocks
TXN00004297,USR003864,2026-04-12T18:57:39Z,497.15,GBP,FX
TXN00005111,USR004532,2026-04-12T19:03:25Z,34.93,JPY,card
TXN00008754,USR003981,2026-04-12T22:14:24Z,183.89,EUR,savings
TXN00005457,USR003328,2026-04-13T02:35:08Z,10.58,GBP,card
TXN00001460,USR003000,2026-04-13T05:28:49Z,11.18,GBP,card
TXN00002684,USR001148,2026-04-13T09:12:25Z,7.64,EUR,card
TXN00006505,USR004430,2026-04-13T10:47:25Z,240.04,EUR,stocks
TXN00007932,USR002741,2026-04-13T10:49:53Z,12.34,PLN,card
TXN00000762,USR000853,2026-04-13T11:47:24Z,174.08,GBP,stocks
TXN00006370,USR000883,2026-04-13T16:33:50Z,14.20,GBP,card
TXN00008902,USR002677,2026-04-13T16:52:12Z,138.98,CHF,card
TXN00007188,USR004769,2026-04-13T17:07:17Z,5.50,EUR,card
TXN00003505,USR000346,2026-04-13T17:36:05Z,52.78,EUR,card
TXN00005901,USR003523,2026-04-13T19:18:40Z,68.23,GBP,card
TXN00008551,USR004570,2026-04-13T21:07:32Z,20.17,EUR,card
TXN00002975,USR002304,2026-04-14T02:27:54Z,24.37,EUR,card
TXN00007209,USR000341,2026-04-14T02:28:59Z,249.46,EUR,crypto
TXN00003983,USR001582,2026-04-14T05:56:26Z,-24.55,EUR,card
TXN00002618,USR000341,2026-04-14T06:56:59Z,33.02,EUR,card
TXN00001812,USR000624,2026-04-14T12:10:40Z,7.01,EUR,card
TXN00006340,USR002368,2026-04-14T14:45:06Z,98.47,EUR,crypto
TXN00008033,USR003467,2026-04-14T15:52:51Z,30.19,EUR,card
TXN00007937,USR003709,2026-04-14T18:08:51Z,68.32,EUR,card
TXN00002572,USR003826,2026-04-14T23:54:59Z,49.34,CAD,card
TXN00004759,USR003543,2026-04-14T23:57:55Z,92.84,GBP,stocks
TXN00005077,USR002360,2026-04-15T00:28:40Z,10.91,EUR,card
TXN00002111,USR001153,2026-04-15T00:35:41Z,289.54,RON,crypto
TXN00008078,USR000925,2026-04-15T04:37:59Z,80.21,EUR,card
TXN00003383,USR004939,2026-04-15T05:43:12Z,130.24,EUR,stocks
TXN00004754,USR001101,2026-04-15T06:29:49Z,67.08,EUR,FX
TXN00003674,USR004965,2026-04-15T09:41:30Z,182.91,EUR,stocks
TXN00004501,USR003965,2026-04-15T12:16:28Z,129.05,GBP,stocks
TXN00002259,USR001558,2026-04-15T12:50:36Z,154.19,EUR,stocks
TXN00000666,USR001943,2026-04-15T12:51:28Z,116.57,CHF,stocks
TXN00001105,USR002302,2026-04-15T17:38:02Z,7.51,EUR,card
TXN00008774,USR003206,2026-04-15T18:21:27Z,6.38,EUR,card
TXN00006152,USR003359,2026-04-15T18:25:52Z,12.03,EUR,card
TXN00007159,USR000467,2026-04-15T19:13:31Z,73.79,GBP,crypto
TXN00008400,USR004098,2026-04-15T22:18:59Z,101.05,PLN,crypto
TXN00005075,USR002163,2026-04-16T01:39:41Z,152.73,GBP,stocks
TXN00008236,USR003105,2026-04-16T05:46:47Z,32.52,GBP,stocks
TXN00005770,USR001820,2026-04-16T09:55:02Z,59.51,EUR,card
TXN00004194,USR000889,2026-04-16T10:19:21Z,112.63,SEK,crypto
TXN00007648,USR003835,2026-04-16T13:21:38Z,529.08,EUR,savings
TXN00008940,USR000119,2026-04-16T13:30:54Z,26.81,EUR,card
TXN00008591,USR003258,2026-04-16T14:16:01Z,262.14,EUR,crypto
TXN00006130,USR003574,2026-04-16T16:15:08Z,380.31,GBP,savings
TXN00004378,USR002677,2026-04-16T18:26:19Z,49.95,EUR,card
TXN00008801,USR000227,2026-04-16T21:42:51Z,28.59,CHF,card
TXN00007565,USR003628,2026-04-17T00:48:50Z,90.51,EUR,savings
TXN00005743,USR003063,2026-04-17T01:13:36Z,6.32,CHF,card
TXN00004102,USR002196,2026-04-17T01:39:08Z,498.92,PLN,savings
TXN00003173,USR003807,2026-04-17T01:57:39Z,137.17,CHF,card
TXN00005744,USR002953,2026-04-17T02:40:29Z,8.90,EUR,card
TXN00004515,USR001508,2026-04-17T03:04:57Z,436.45,GBP,stocks
TXN00000263,USR002487,2026-04-17T03:34:35Z,16.24,EUR,card
TXN00003384,USR004118,2026-04-17T04:39:20Z,50.23,PLN,card
TXN00006720,USR002018,2026-04-17T05:26:19Z,43.15,EUR,card
TXN00007297,USR001407,2026-04-17T05:44:59Z,47.86,EUR,crypto
TXN00003225,USR004057,2026-04-17T07:50:32Z,27.04,GBP,crypto
TXN00002231,USR004747,2026-04-17T08:09:18Z,252.35,EUR,stocks
TXN00006238,USR004217,2026-04-17T10:47:25Z,33.74,EUR,card
TXN00003393,USR004838,2026-04-17T12:29:15Z,345.09,NOK,savings
TXN00006600,USR004169,2026-04-17T12:37:28Z,2380.36,GBP,savings
TXN00005299,USR004558,2026-04-17T18:18:28Z,285.71,GBP,savings
TXN00000427,USR004704,2026-04-17T18:28:30Z,36.01,EUR,FX
TXN00000345,USR000776,2026-04-17T19:18:49Z,67.72,NOK,crypto
TXN00002769,USR003685,2026-04-17T19:21:19Z,38.43,GBP,card
TXN00006935,USR004411,2026-04-17T20:49:08Z,21.15,USD,card
TXN00007956,USR003449,2026-04-18T01:06:32Z,92.62,RON,stocks
TXN00004173,USR002326,2026-04-18T05:06:54Z,12.98,EUR,card
TXN00000656,USR001988,2026-04-18T07:20:25Z,595.89,EUR,savings
TXN00006508,USR004618,2026-04-18T08:28:56Z,359.68,EUR,crypto
TXN00008508,USR002373,2026-04-18T09:54:15Z,335.55,CHF,FX
TXN00006122,USR001364,2026-04-18T13:34:12Z,-7.31,EUR,card
TXN00000121,USR000286,2026-04-18T13:39:32Z,9.53,EUR,card
TXN00002574,USR004848,2026-04-18T14:22:48Z,29.82,EUR,card
TXN00002563,USR004418,2026-04-18T14:48:19Z,16.19,NOK,card
TXN00004417,USR004765,2026-04-18T19:01:24Z,80.80,SEK,crypto
TXN00006993,USR003760,2026-04-19T00:07:47Z,306.60,EUR,FX
TXN00000379,USR003522,2026-04-19T01:53:32Z,5.14,EUR,card
TXN00001800,USR001361,2026-04-19T01:57:41Z,43.31,GBP,card
TXN00006022,USR001308,2026-04-19T02:06:51Z,44.39,EUR,card
TXN00000150,USR001475,2026-04-19T03:00:53Z,84.30,EUR,card
TXN00005409,USR002169,2026-04-19T05:01:34Z,39.80,EUR,card
TXN00007221,USR003391,2026-04-19T05:28:59Z,50.12,EUR,card
TXN00006318,USR001235,2026-04-19T06:05:11Z,5.23,PLN,card
TXN00007781,USR002043,2026-04-19T07:17:16Z,116.92,NOK,card
TXN00006803,USR001301,2026-04-19T07:21:39Z,5.88,EUR,card
TXN00000828,USR004271,2026-04-19T09:15:14Z,72.63,EUR,crypto
TXN00008147,USR001233,2026-04-19T09:16:49Z,16.61,EUR,card
TXN00005975,USR002123,2026-04-19T10:16:10Z,48.34,EUR,savings
TXN00004516,USR003364,2026-04-19T15:05:21Z,101.78,GBP,FX
TXN00002415,USR002229,2026-04-19T15:25:14Z,26.99,SEK,crypto
TXN00008172,USR002989,2026-04-19T15:40:05Z,10.85,GBP,card
TXN00001097,USR002368,2026-04-19T17:28:20Z,24.49,EUR,card
TXN00000609,USR001338,2026-04-19T19:11:15Z,204.24,EUR,FX
TXN00002911,USR003919,2026-04-19T22:29:37Z,126.87,EUR,crypto
TXN00003850,USR000088,2026-04-19T23:27:53Z,677.49,GBP,savings
TXN00008170,USR004199,2026-04-20T00:36:54Z,423.95,EUR,stocks
TXN00003902,USR002782,2026-04-20T05:31:23Z,21.39,EUR,card
TXN00001095,USR003775,2026-04-20T07:24:42Z,10.33,EUR,card
TXN00008681,USR002872,2026-04-20T08:36:57Z,19.85,NOK,card
TXN00007830,USR000602,2026-04-20T09:32:23Z,176.89,SEK,crypto
TXN00003023,USR004522,2026-04-20T12:33:32Z,225.25,EUR,crypto
TXN00005577,USR001374,2026-04-20T13:23:21Z,589.51,EUR,savings
TXN00000565,USR003962,2026-04-20T13:47:16Z,14.19,EUR,card
TXN00008185,USR001065,2026-04-20T15:06:11Z,20.05,EUR,card
TXN00001493,USR004268,2026-04-20T15:40:04Z,37.43,PLN,card
TXN00003633,USR004777,2026-04-20T16:36:20Z,26.52,GBP,card
TXN00001025,USR004273,2026-04-20T16:56:47Z,19.50,EUR,card
TXN00004512,USR003263,2026-04-20T18:08:06Z,19.90,SEK,card
TXN00000147,USR002270,2026-04-20T18:44:58Z,1313.64,PLN,FX
TXN00002229,USR003504,2026-04-20T18:45:39Z,47.30,GBP,card
TXN00005657,USR000055,2026-04-20T21:04:26Z,827.66,EUR,savings
TXN00007287,USR001400,2026-04-20T21:10:50Z,15.65,GBP,card
TXN00003834,USR002961,2026-04-20T21:24:08Z,327.83,JPY,FX
TXN00000035,USR000089,2026-04-20T22:27:45Z,88.47,EUR,card
TXN00006933,USR002360,2026-04-20T23:35:49Z,238.97,EUR,savings
TXN00005070,USR003033,2026-04-21T00:26:19Z,202.71,GBP,stocks
TXN00005141,USR000909,2026-04-21T00:47:10Z,11.02,CAD,card
TXN00003933,USR001195,2026-04-21T00:48:24Z,61.77,EUR,card
TXN00001753,USR002864,2026-04-21T01:57:04Z,385.22,EUR,savings
TXN00005050,USR003030,2026-04-21T02:34:26Z,376.47,PLN,savings
TXN00002198,USR003180,2026-04-21T04:06:57Z,249.99,EUR,crypto
TXN00008883,USR002552,2026-04-21T04:20:51Z,76.24,EUR,card
TXN00002688,USR003203,2026-04-21T05:45:45Z,14.79,USD,card
TXN00003873,USR004936,2026-04-21T06:55:56Z,467.77,EUR,savings
TXN00002836,USR003221,2026-04-21T07:46:13Z,426.61,GBP,FX
TXN00008446,USR003399,2026-04-21T08:23:44Z,159.17,PLN,card
TXN00003706,USR002158,2026-04-21T13:13:41Z,11.24,CAD,card
TXN00006540,USR004532,2026-04-21T13:49:27Z,34.69,EUR,crypto
TXN00007868,USR000341,2026-04-21T17:27:54Z,53.71,EUR,card
TXN00003095,USR004265,2026-04-21T22:24:15Z,7.17,RON,card
TXN00008659,USR001729,2026-04-21T22:52:43Z,19.22,EUR,card
TXN00008766,USR004951,2026-04-21T22:53:12Z,9.39,GBP,card
TXN00003861,USR000792,2026-04-21T23:36:34Z,12.89,EUR,card
TXN00000520,USR004686,2026-04-22T09:11:52Z,12.79,GBP,card
TXN00004955,USR004921,2026-04-22T11:11:12Z,381.94,GBP,savings
TXN00004570,USR004963,2026-04-22T12:41:54Z,133.98,GBP,savings
TXN00003250,USR002265,2026-04-22T19:35:56Z,7.14,GBP,card
TXN00008991,USR003598,2026-04-22T22:14:33Z,150.74,EUR,crypto
TXN00002363,USR000909,2026-04-22T23:04:14Z,24.37,EUR,card
TXN00007111,USR003044,2026-04-23T01:37:27Z,434.35,EUR,FX
TXN00008661,USR001153,2026-04-23T01:45:37Z,6.63,EUR,card
TXN00008481,USR002458,2026-04-23T03:30:06Z,33.06,EUR,card
TXN00001681,USR002845,2026-04-23T03:50:27Z,376.48,GBP,savings
TXN00006756,USR000180,2026-04-23T07:19:05Z,175.46,GBP,savings
TXN00000989,USR002993,2026-04-23T08:22:54Z,30.48,RON,card
TXN00008139,USR001815,2026-04-23T09:14:21Z,116.03,EUR,crypto
TXN00006449,USR000253,2026-04-23T10:51:14Z,1.21,GBP,card
TXN00008709,USR002311,2026-04-23T16:27:43Z,11.76,EUR,card
TXN00006078,USR001542,2026-04-23T19:06:11Z,88.56,GBP,FX
TXN00005119,USR001655,2026-04-23T21:04:00Z,17.04,NOK,card
TXN00004363,USR001185,2026-04-23T21:23:17Z,43.33,EUR,crypto
TXN00006548,USR003118,2026-04-23T21:53:23Z,-34.59,EUR,card
TXN00003905,USR001659,2026-04-24T01:01:40Z,51.89,EUR,stocks
TXN00008146,USR001922,2026-04-24T04:00:02Z,35.61,GBP,crypto
TXN00000981,USR001582,2026-04-24T04:10:04Z,70.28,PLN,card
TXN00006745,USR000605,2026-04-24T04:46:44Z,3402.48,EUR,FX
TXN00006731,USR000994,2026-04-24T07:24:17Z,8.10,PLN,card
TXN00000583,USR000986,2026-04-24T10:24:22Z,6.85,GBP,card
TXN00001047,USR002703,2026-04-24T11:24:18Z,14.51,EUR,card
TXN00006018,USR004013,2026-04-24T12:33:19Z,228.74,EUR,stocks
TXN00006496,USR003477,2026-04-24T13:12:42Z,22.04,EUR,card
TXN00003267,USR000484,2026-04-24T13:13:03Z,13.75,GBP,card
TXN00005558,USR004219,2026-04-24T13:48:12Z,260.92,CHF,stocks
TXN00007409,USR004479,2026-04-24T17:18:07Z,36.56,RON,card
TXN00004937,USR001811,2026-04-24T17:20:45Z,127.82,EUR,crypto
TXN00003437,USR001837,2026-04-24T17:45:18Z,8.81,EUR,card
TXN00003819,USR004316,2026-04-24T18:32:21Z,11.61,EUR,card
TXN00002227,USR003172,2026-04-24T19:14:18Z,74.34,EUR,crypto
TXN00008854,USR003165,2026-04-24T22:04:01Z,13.90,PLN,card
TXN00005418,USR002652,2026-04-24T22:17:59Z,38.05,GBP,card
TXN00006619,USR004691,2026-04-25T09:08:08Z,13.40,PLN,card
TXN00004041,USR003405,2026-04-25T09:30:08Z,24.89,GBP,card
TXN00005342,USR001271,2026-04-25T15:11:18Z,134.26,EUR,stocks
TXN00007668,USR003467,2026-04-25T18:24:06Z,539.54,EUR,stocks
TXN00000563,USR001529,2026-04-25T19:14:15Z,25.40,SEK,card
TXN00008109,USR002190,2026-04-25T19:48:44Z,245.99,EUR,stocks
TXN00000449,USR001466,2026-04-25T19:53:28Z,33.63,GBP,card
TXN00008495,USR000747,2026-04-25T20:52:16Z,18.19,RON,card
TXN00004861,USR003387,2026-04-25T21:54:45Z,7.38,PLN,card
TXN00008250,USR004211,2026-04-25T22:28:44Z,127.88,RON,crypto
TXN00001723,USR002037,2026-04-25T22:39:16Z,9.96,EUR,card
TXN00003772,USR002234,2026-04-25T22:40:36Z,10.74,GBP,card
TXN00006437,USR001331,2026-04-25T23:59:05Z,34.88,EUR,card
TXN00008261,USR000711,2026-04-26T04:03:56Z,116.53,PLN,stocks
TXN00005835,USR001457,2026-04-26T04:45:42Z,20.16,EUR,card
TXN00003670,USR001302,2026-04-26T05:52:27Z,49.57,GBP,card
TXN00006717,USR001438,2026-04-26T06:21:56Z,319.57,SEK,FX
TXN00008205,USR004406,2026-04-26T06:41:47Z,40.23,GBP,card
TXN00000825,USR004566,2026-04-26T10:02:23Z,32.97,SEK,card
TXN00004229,USR003774,2026-04-26T10:55:19Z,54.76,EUR,card
TXN00004872,USR000124,2026-04-26T11:43:16Z,47.60,GBP,card
TXN00008728,USR000781,2026-04-26T13:45:49Z,45.86,GBP,card
TXN00000328,USR001989,2026-04-26T16:02:23Z,55.02,NOK,card
TXN00002808,USR000418,2026-04-26T16:32:24Z,95.22,EUR,card
TXN00001650,USR002334,2026-04-26T22:10:33Z,343.23,EUR,stocks
TXN00000118,USR002118,2026-04-26T22:34:11Z,156.98,EUR,savings
TXN00004844,USR002447,2026-04-26T22:49:04Z,13.89,GBP,card
TXN00005754,USR004509,2026-04-27T02:06:52Z,364.23,PLN,FX
TXN00001099,USR001006,2026-04-27T02:11:56Z,41.70,EUR,card
TXN00002372,USR004058,2026-04-27T04:50:34Z,311.01,NOK,savings
TXN00004264,USR002007,2026-04-27T05:19:11Z,14.81,GBP,card
TXN00002131,USR003124,2026-04-27T06:28:32Z,7.16,EUR,card
TXN00007388,USR003360,2026-04-27T07:25:10Z,160.87,USD,stocks
TXN00008155,USR004204,2026-04-27T08:51:41Z,25.43,EUR,card
TXN00001088,USR001370,2026-04-27T11:16:49Z,308.51,EUR,crypto
TXN00002534,USR004277,2026-04-27T11:36:22Z,418.72,GBP,savings
TXN00003599,USR001374,2026-04-27T12:27:25Z,8.75,EUR,card
TXN00007283,USR001109,2026-04-27T12:44:18Z,187.73,EUR,FX
TXN00000891,USR003982,2026-04-27T13:23:50Z,236.07,GBP,savings
TXN00003511,USR001288,2026-04-27T13:33:04Z,11.51,EUR,card
TXN00004014,USR003154,2026-04-27T14:12:38Z,53.24,EUR,FX
TXN00001940,USR004803,2026-04-27T16:16:01Z,420.06,EUR,savings
TXN00006442,USR000661,2026-04-27T21:13:31Z,87.82,PLN,crypto
TXN00004208,USR004622,2026-04-27T21:35:21Z,393.85,EUR,FX
TXN00004663,USR002311,2026-04-27T23:18:13Z,287.95,EUR,stocks
TXN00007431,USR000914,2026-04-27T23:37:38Z,41.16,GBP,card
TXN00003134,USR001436,2026-04-28T01:38:04Z,111.53,EUR,FX
TXN00008581,USR001717,2026-04-28T01:40:02Z,10.67,SEK,card
TXN00006249,USR002318,2026-04-28T07:47:44Z,32.94,EUR,card
TXN00001902,USR003087,2026-04-28T08:06:10Z,15.42,EUR,card
TXN00000136,USR001693,2026-04-28T09:43:59Z,21.70,GBP,crypto
TXN00002759,USR002642,2026-04-28T11:10:56Z,7.09,EUR,card
TXN00000985,USR002381,2026-04-28T11:53:59Z,474.55,EUR,FX
TXN00007300,USR003945,2026-04-28T11:56:34Z,12.69,EUR,card
TXN00005044,USR003636,2026-04-28T12:02:00Z,70.72,GBP,card
TXN00002201,USR002485,2026-04-28T16:52:37Z,150.90,EUR,FX
TXN00002247,USR002925,2026-04-28T17:09:22Z,272.15,GBP,FX
TXN00002916,USR001440,2026-04-28T19:03:40Z,64.71,GBP,card
TXN00003434,USR003293,2026-04-28T20:23:55Z,13.46,GBP,card
TXN00007775,USR002225,2026-04-28T20:57:09Z,64.60,EUR,card
TXN00002538,USR002035,2026-04-29T02:31:47Z,62.54,EUR,card
TXN00001677,USR002445,2026-04-29T04:49:14Z,666.37,GBP,stocks
TXN00004296,USR001725,2026-04-29T05:40:11Z,24.80,EUR,card
TXN00002841,USR000830,2026-04-29T08:54:40Z,24.79,GBP,crypto
TXN00001754,USR000128,2026-04-29T09:43:34Z,-48.06,GBP,card
TXN00001354,USR004173,2026-04-29T11:53:31Z,4.25,GBP,card
TXN00003186,USR002523,2026-04-29T13:39:48Z,30.91,EUR,card
TXN00001622,USR000903,2026-04-29T15:19:47Z,55.06,EUR,card
TXN00002933,USR001339,2026-04-29T17:49:45Z,150.98,EUR,crypto
TXN00004661,USR002631,2026-04-29T18:04:06Z,750.45,JPY,savings
TXN00000420,USR002096,2026-04-29T18:29:58Z,202.04,EUR,savings
TXN00008920,USR003013,2026-04-29T19:32:45Z,74.40,PLN,crypto
TXN00005260,USR000467,2026-04-29T20:52:40Z,41.04,GBP,card
TXN00008527,USR004293,2026-04-29T21:34:51Z,28.21,EUR,card
TXN00000526,USR003667,2026-04-29T21:51:38Z,12.09,EUR,card
TXN00002709,USR004225,2026-04-30T01:42:16Z,368.15,EUR,crypto
TXN00002140,USR000953,2026-04-30T02:46:28Z,51.51,PLN,card
TXN00006100,USR002087,2026-04-30T03:38:06Z,218.13,EUR,FX
TXN00002317,USR002760,2026-04-30T03:54:38Z,2.74,EUR,card
TXN00002609,USR000996,2026-04-30T03:55:27Z,8.99,GBP,card
TXN00004242,USR000112,2026-04-30T05:12:20Z,70.04,EUR,card
TXN00007134,USR002547,2026-04-30T13:24:58Z,3663.67,EUR,savings
TXN00001185,USR004455,2026-04-30T15:02:36Z,33.05,CAD,card
TXN00004260,USR002270,2026-04-30T15:24:29Z,68.98,PLN,card
TXN00008027,USR001471,2026-04-30T16:26:14Z,6.94,PLN,card
TXN00003248,USR001567,2026-04-30T18:27:44Z,302.15,USD,crypto
TXN00000751,USR001584,2026-04-30T19:32:38Z,16.76,GBP,card
TXN00000249,USR002961,2026-04-30T20:39:41Z,32.70,GBP,card
TXN00004344,USR003130,2026-04-30T23:29:25Z,17.61,EUR,card
TXN00008425,USR002985,2026-04-30T23:32:57Z,13.39,GBP,card
TXN00006877,USR002839,2026-05-01T00:27:09Z,939.34,GBP,crypto
TXN00003631,USR004236,2026-05-01T03:01:40Z,22.83,SEK,card
TXN00001400,USR001394,2026-05-01T03:17:22Z,427.91,EUR,crypto
TXN00006625,USR003723,2026-05-01T03:37:05Z,31.76,EUR,card
TXN00006874,USR001780,2026-05-01T04:23:12Z,56.34,EUR,crypto
TXN00003949,USR001324,2026-05-01T06:49:56Z,201.95,EUR,stocks
TXN00005874,USR002513,2026-05-01T07:11:32Z,34.78,PLN,stocks
TXN00002494,USR002995,2026-05-01T08:39:27Z,3.75,GBP,card
TXN00000426,USR001695,2026-05-01T15:14:31Z,101.66,CHF,card
TXN00006747,USR000816,2026-05-01T15:53:02Z,16.78,GBP,card
TXN00006698,USR000880,2026-05-01T16:08:23Z,255.80,GBP,FX
TXN00006432,USR004085,2026-05-01T18:42:44Z,39.44,PLN,card
TXN00003867,USR004097,2026-05-01T20:28:23Z,269.29,RON,savings
TXN00003649,USR000482,2026-05-01T20:36:16Z,23.27,GBP,card
TXN00007899,USR001440,2026-05-01T23:29:55Z,236.46,GBP,crypto
TXN00008770,USR003797,2026-05-01T23:36:51Z,7.95,EUR,card
TXN00003707,USR000115,2026-05-02T00:11:30Z,8.30,EUR,card
TXN00007121,USR000854,2026-05-02T05:15:04Z,51.22,JPY,card
TXN00003989,USR000403,2026-05-02T05:19:06Z,31.30,RON,card
TXN00006658,USR002860,2026-05-02T06:12:24Z,1043.36,GBP,stocks
TXN00001046,USR002386,2026-05-02T08:33:14Z,160.26,CHF,card
TXN00001333,USR001892,2026-05-02T15:21:38Z,172.30,USD,card
TXN00000436,USR001192,2026-05-02T15:31:06Z,20.24,GBP,card
TXN00003108,USR001903,2026-05-02T17:22:12Z,41.79,USD,card
TXN00000904,USR000975,2026-05-02T19:06:16Z,5.20,EUR,card
TXN00002893,USR003669,2026-05-02T19:56:17Z,10.66,EUR,card
TXN00007451,USR000156,2026-05-02T19:59:18Z,-46.07,SEK,card
TXN00007639,USR003751,2026-05-02T21:16:47Z,75.74,GBP,savings
TXN00005962,USR003897,2026-05-02T22:14:34Z,11.43,RON,card
TXN00001781,USR003640,2026-05-02T22:36:03Z,32.79,GBP,card
TXN00002468,USR002005,2026-05-02T23:32:55Z,15.10,EUR,card
TXN00005976,USR003194,2026-05-03T01:29:41Z,6.00,EUR,card
TXN00003205,USR003878,2026-05-03T03:55:57Z,192.09,EUR,savings
TXN00002706,USR003699,2026-05-03T05:23:39Z,20.23,RON,card
TXN00001791,USR002025,2026-05-03T05:46:45Z,1110.64,GBP,savings
TXN00005821,USR000757,2026-05-03T10:27:12Z,22.42,NOK,card
TXN00008485,USR003740,2026-05-03T11:31:23Z,22.68,EUR,card
TXN00006781,USR003790,2026-05-03T15:21:18Z,48.71,RON,card
TXN00001254,USR002465,2026-05-03T15:27:46Z,442.96,EUR,savings
TXN00005450,USR001662,2026-05-03T18:04:51Z,61.25,EUR,card
TXN00006815,USR004215,2026-05-03T18:27:46Z,149.59,RON,crypto
TXN00008317,USR002190,2026-05-03T20:59:41Z,42.52,EUR,card
TXN00004024,USR003656,2026-05-03T22:52:34Z,5.56,EUR,card
TXN00006117,USR004837,2026-05-03T22:54:05Z,187.15,GBP,FX
TXN00002472,USR004741,2026-05-04T01:06:09Z,262.88,EUR,savings
TXN00003187,USR004192,2026-05-04T02:24:46Z,944.86,GBP,crypto
TXN00000128,USR001324,2026-05-04T04:20:01Z,64.57,EUR,card
TXN00002935,USR000693,2026-05-04T08:28:28Z,23.19,PLN,card
TXN00008945,USR001235,2026-05-04T09:53:21Z,19.64,PLN,card
TXN00003163,USR001377,2026-05-04T13:12:58Z,546.15,GBP,savings
TXN00002465,USR003603,2026-05-04T13:34:25Z,5.95,EUR,card
TXN00001360,USR002182,2026-05-04T23:02:27Z,53.69,EUR,card
TXN00008716,USR004510,2026-05-04T23:23:26Z,8.67,EUR,card
TXN00006460,USR002387,2026-05-05T05:26:22Z,53.23,GBP,card
TXN00000603,USR002567,2026-05-05T06:24:14Z,27.81,NOK,card
TXN00002997,USR001863,2026-05-05T06:24:57Z,36.83,EUR,card
TXN00007651,USR001470,2026-05-05T08:53:46Z,183.99,RON,stocks
TXN00008100,USR001980,2026-05-05T09:01:39Z,635.03,GBP,FX
TXN00008453,USR001596,2026-05-05T10:20:48Z,18.98,GBP,card
TXN00008844,USR002581,2026-05-05T13:36:57Z,211.36,GBP,FX
TXN00005589,USR001784,2026-05-05T13:41:25Z,185.64,EUR,crypto
TXN00000948,USR004795,2026-05-05T13:42:47Z,97.12,PLN,crypto
TXN00003451,USR003017,2026-05-05T14:47:44Z,107.81,EUR,crypto
TXN00007598,USR001623,2026-05-05T16:08:17Z,18.32,GBP,card
TXN00004996,USR001986,2026-05-05T16:37:55Z,92.33,EUR,FX
TXN00002943,USR004496,2026-05-05T17:54:26Z,11.47,GBP,card
TXN00004671,USR001300,2026-05-05T18:39:44Z,987.85,CAD,savings
TXN00007320,USR004921,2026-05-05T18:47:26Z,8.31,GBP,card
TXN00008889,USR000119,2026-05-05T19:36:24Z,38.54,EUR,card
TXN00006854,USR001204,2026-05-05T20:07:41Z,16.09,RON,card
TXN00005799,USR003818,2026-05-05T20:47:26Z,326.59,GBP,FX
TXN00005585,USR003818,2026-05-05T21:52:04Z,399.10,GBP,stocks
TXN00005424,USR004859,2026-05-05T22:51:39Z,8.39,GBP,card
TXN00005898,USR002697,2026-05-06T01:52:02Z,20.51,EUR,card
TXN00003621,USR002615,2026-05-06T02:38:38Z,94.50,GBP,card
TXN00002926,USR002158,2026-05-06T03:33:00Z,11.40,EUR,card
TXN00007697,USR002149,2026-05-06T05:12:56Z,8.12,GBP,card
TXN00007777,USR001499,2026-05-06T07:28:14Z,10.54,EUR,card
TXN00001735,USR003910,2026-05-06T08:17:41Z,211.30,EUR,card
TXN00002740,USR001323,2026-05-06T08:18:21Z,362.94,EUR,crypto
TXN00005189,USR002330,2026-05-06T09:21:11Z,637.53,EUR,savings
TXN00001111,USR001548,2026-05-06T11:09:36Z,9.55,GBP,card
TXN00003388,USR001615,2026-05-06T12:15:26Z,87.72,EUR,crypto
TXN00007673,USR002671,2026-05-06T18:17:53Z,52.30,GBP,card
TXN00001726,USR000585,2026-05-06T18:57:38Z,4.52,PLN,card
TXN00003730,USR002216,2026-05-06T18:58:54Z,74.00,EUR,FX
TXN00004428,USR001741,2026-05-06T20:29:36Z,24.60,EUR,card
TXN00006461,USR001744,2026-05-06T21:20:57Z,200.20,RON,savings
TXN00002792,USR003340,2026-05-06T22:09:20Z,14.45,EUR,card
TXN00000736,USR000124,2026-05-06T23:07:40Z,27.24,GBP,card
TXN00007240,USR000303,2026-05-07T00:00:37Z,28.28,GBP,card
TXN00008946,USR004922,2026-05-07T00:06:58Z,4.57,EUR,card
TXN00005785,USR003059,2026-05-07T01:09:29Z,47.83,RON,card
TXN00002020,USR000852,2026-05-07T04:17:25Z,27.43,EUR,card
TXN00004739,USR003499,2026-05-07T09:18:50Z,405.14,PLN,FX
TXN00006593,USR003618,2026-05-07T10:45:11Z,234.58,EUR,FX
TXN00006602,USR000752,2026-05-07T11:06:31Z,80.63,GBP,card
TXN00005270,USR004822,2026-05-07T16:34:48Z,43.86,EUR,card
TXN00006064,USR002069,2026-05-07T18:31:34Z,13.43,GBP,card
TXN00006925,USR002058,2026-05-07T19:15:56Z,16.13,EUR,card
TXN00004898,USR002160,2026-05-07T19:56:50Z,683.97,EUR,savings
TXN00005824,USR003341,2026-05-07T20:22:11Z,90.68,CHF,savings
TXN00005353,USR000969,2026-05-07T23:06:06Z,27.75,GBP,card
TXN00001424,USR003079,2026-05-08T00:44:49Z,3.76,EUR,card
TXN00001587,USR002556,2026-05-08T01:55:36Z,51.82,GBP,card
TXN00005162,USR000999,2026-05-08T03:46:17Z,17.21,GBP,card
TXN00003115,USR003461,2026-05-08T04:01:34Z,15.32,GBP,card
TXN00004129,USR000984,2026-05-08T09:09:48Z,247.40,PLN,FX
TXN00001758,USR001556,2026-05-08T10:46:51Z,118.91,NOK,crypto
TXN00003309,USR001472,2026-05-08T13:49:09Z,400.25,GBP,FX
TXN00001164,USR004610,2026-05-08T15:36:10Z,41.12,USD,card
TXN00002660,USR003483,2026-05-08T16:36:29Z,495.92,EUR,crypto
TXN00006882,USR003796,2026-05-08T17:23:04Z,23.20,EUR,card
TXN00005049,USR003797,2026-05-08T19:15:53Z,103.42,EUR,FX
TXN00007329,USR001117,2026-05-08T19:38:39Z,729.71,EUR,FX
TXN00002604,USR004476,2026-05-08T20:36:18Z,169.37,EUR,crypto
TXN00000568,USR003623,2026-05-08T22:48:00Z,535.64,EUR,stocks
TXN00001526,USR001246,2026-05-08T23:08:16Z,52.32,EUR,card
TXN00002703,USR001974,2026-05-09T01:25:17Z,24.32,GBP,card
TXN00005283,USR004525,2026-05-09T01:36:34Z,917.04,EUR,savings
TXN00008396,USR000910,2026-05-09T02:18:26Z,5.37,EUR,card
TXN00000648,USR000794,2026-05-09T02:27:44Z,31.65,GBP,stocks
TXN00001643,USR003791,2026-05-09T03:12:47Z,18.77,RON,card
TXN00002073,USR000247,2026-05-09T04:24:34Z,15.35,EUR,card
TXN00003123,USR000345,2026-05-09T06:40:49Z,18.72,EUR,card
TXN00004786,USR003847,2026-05-09T06:56:04Z,344.59,EUR,savings
TXN00007136,USR002090,2026-05-09T07:20:53Z,76.78,NOK,card
TXN00000878,USR000002,2026-05-09T07:21:13Z,138.29,NOK,savings
TXN00001551,USR003508,2026-05-09T07:28:13Z,520.63,EUR,savings
TXN00006004,USR001249,2026-05-09T08:19:36Z,5.29,EUR,card
TXN00001957,USR003967,2026-05-09T08:23:44Z,11.55,GBP,card
TXN00001256,USR000889,2026-05-09T10:50:02Z,181.32,GBP,stocks
TXN00001012,USR003906,2026-05-09T11:05:21Z,53.22,EUR,stocks
TXN00002985,USR004158,2026-05-09T11:19:01Z,331.04,EUR,savings
TXN00007718,USR004658,2026-05-09T13:30:20Z,298.67,GBP,stocks
TXN00004811,USR004238,2026-05-09T14:14:28Z,441.71,GBP,savings
TXN00005032,USR001472,2026-05-09T15:40:36Z,150.57,GBP,stocks
TXN00007758,USR000714,2026-05-09T17:49:32Z,412.51,GBP,crypto
TXN00004215,USR001705,2026-05-09T22:22:36Z,30.76,GBP,FX
TXN00003179,USR000270,2026-05-09T22:24:07Z,9.53,EUR,card
TXN00002407,USR003737,2026-05-09T22:35:36Z,635.37,EUR,stocks
TXN00008149,USR001659,2026-05-10T00:08:07Z,251.88,JPY,savings
TXN00003948,USR002823,2026-05-10T01:12:54Z,14.50,USD,card
TXN00005329,USR002843,2026-05-10T04:50:39Z,50.57,EUR,card
TXN00001524,USR004233,2026-05-10T06:24:57Z,161.27,PLN,FX
TXN00005764,USR004228,2026-05-10T06:49:44Z,90.76,GBP,crypto
TXN00002347,USR002186,2026-05-10T11:43:03Z,226.56,EUR,stocks
TXN00006351,USR002858,2026-05-10T12:24:23Z,200.49,EUR,card
TXN00007375,USR001070,2026-05-10T16:06:17Z,95.89,PLN,savings
TXN00007085,USR003490,2026-05-10T17:16:06Z,3987.32,PLN,savings
TXN00008929,USR004916,2026-05-10T17:34:19Z,146.01,EUR,FX
TXN00003521,USR000578,2026-05-10T19:17:17Z,7.76,JPY,card
TXN00000916,USR000592,2026-05-10T21:08:23Z,11.59,PLN,card
TXN00007632,USR001588,2026-05-10T23:37:53Z,8.70,PLN,card
TXN00000230,USR000110,2026-05-11T02:43:58Z,47.06,EUR,card
TXN00004319,USR004905,2026-05-11T04:59:51Z,942.37,GBP,FX
TXN00001440,USR003877,2026-05-11T05:39:14Z,50.85,RON,card
TXN00000674,USR004429,2026-05-11T05:44:52Z,42.46,PLN,card
TXN00005498,USR001392,2026-05-11T06:14:28Z,40.10,GBP,card
TXN00008826,USR004070,2026-05-11T06:50:09Z,99.02,EUR,stocks
TXN00004819,USR002333,2026-05-11T08:18:17Z,126.97,EUR,crypto
TXN00000888,USR000981,2026-05-11T09:24:12Z,803.46,CHF,stocks
TXN00008019,USR001974,2026-05-11T14:40:00Z,609.98,GBP,FX
TXN00000288,USR004056,2026-05-11T16:10:30Z,67.62,GBP,crypto
TXN00000415,USR002294,2026-05-11T17:26:21Z,23.33,EUR,card
TXN00001968,USR002625,2026-05-11T18:31:42Z,20.05,GBP,card
TXN00002365,USR001879,2026-05-11T19:14:05Z,75.09,GBP,savings
TXN00000613,USR001031,2026-05-11T20:00:36Z,516.10,JPY,FX
TXN00004763,USR002452,2026-05-11T20:08:36Z,12.58,EUR,card
TXN00007001,USR003124,2026-05-11T21:22:50Z,30.42,RON,card
TXN00000190,USR004400,2026-05-11T21:35:52Z,5.21,EUR,card
TXN00006246,USR003579,2026-05-11T23:52:27Z,75.08,EUR,card
TXN00000405,USR003973,2026-05-12T02:27:16Z,9.24,EUR,card
TXN00005660,USR004556,2026-05-12T02:44:52Z,328.54,EUR,FX
TXN00008690,USR004281,2026-05-12T02:48:39Z,3313.68,EUR,savings
TXN00003895,USR003118,2026-05-12T06:00:23Z,6.31,EUR,card
TXN00005011,USR004509,2026-05-12T08:54:09Z,384.29,PLN,stocks
TXN00002121,USR000279,2026-05-12T10:21:42Z,12.36,PLN,card
TXN00001423,USR001345,2026-05-12T10:26:33Z,57.72,PLN,card
TXN00004292,USR000266,2026-05-12T12:59:23Z,22.76,EUR,card
TXN00001059,USR003742,2026-05-12T14:20:35Z,63.99,CHF,crypto
TXN00005325,USR000526,2026-05-12T16:48:05Z,11.96,SEK,card
TXN00000588,USR001997,2026-05-12T19:11:20Z,42.33,EUR,FX
TXN00008745,USR004656,2026-05-12T19:37:23Z,91.86,EUR,card
TXN00001015,USR002625,2026-05-12T23:02:19Z,21.33,GBP,card
TXN00000222,USR001233,2026-05-12T23:27:12Z,252.26,EUR,FX
TXN00004427,USR004709,2026-05-13T00:57:56Z,38.47,EUR,card
TXN00003999,USR000598,2026-05-13T02:11:46Z,-20.63,GBP,card
TXN00002875,USR003792,2026-05-13T02:48:37Z,153.17,GBP,crypto
TXN00003138,USR001693,2026-05-13T04:31:38Z,18.44,GBP,card
TXN00001035,USR001086,2026-05-13T04:55:22Z,21.63,NOK,card
TXN00008329,USR003334,2026-05-13T07:48:37Z,11.31,GBP,card
TXN00001206,USR004569,2026-05-13T07:51:52Z,32.85,EUR,card
TXN00004875,USR004050,2026-05-13T08:02:00Z,31.17,GBP,card
TXN00002267,USR001346,2026-05-13T09:03:46Z,422.94,EUR,savings
TXN00007098,USR000602,2026-05-13T10:47:42Z,24.30,EUR,card
TXN00002431,USR003100,2026-05-13T13:14:06Z,182.77,GBP,FX
TXN00003660,USR001058,2026-05-13T15:54:07Z,19.05,GBP,card
TXN00001274,USR001945,2026-05-13T15:54:58Z,30.05,GBP,card
TXN00008927,USR001039,2026-05-13T17:30:38Z,21.61,EUR,card
TXN00000078,USR002388,2026-05-13T19:04:55Z,3537.10,GBP,savings
TXN00003852,USR003485,2026-05-14T02:04:19Z,84.72,EUR,card
TXN00001942,USR001697,2026-05-14T03:24:32Z,4.62,EUR,stocks
TXN00006358,USR000739,2026-05-14T03:32:07Z,43.87,EUR,card
TXN00002049,USR003529,2026-05-14T04:44:10Z,41.06,EUR,card
TXN00006920,USR000449,2026-05-14T06:51:34Z,204.66,RON,savings
TXN00006640,USR003091,2026-05-14T07:48:07Z,342.27,GBP,savings
TXN00003576,USR001643,2026-05-14T08:09:08Z,16.83,CAD,card
TXN00002045,USR001256,2026-05-14T08:35:53Z,512.31,GBP,crypto
TXN00000412,USR004400,2026-05-14T08:37:33Z,272.30,CAD,savings
TXN00005451,USR001876,2026-05-14T10:18:41Z,32.02,EUR,card
TXN00006523,USR004216,2026-05-14T13:07:32Z,19.34,EUR,card
TXN00001232,USR004016,2026-05-14T22:10:16Z,154.93,EUR,savings
TXN00000455,USR003636,2026-05-14T22:13:57Z,109.61,GBP,card
TXN00001280,USR001672,2026-05-14T23:12:42Z,47.87,EUR,card
TXN00000098,USR004470,2026-05-14T23:20:33Z,42.26,PLN,card
TXN00006612,USR002123,2026-05-15T01:07:38Z,9.34,EUR,card
TXN00003119,USR002329,2026-05-15T02:01:18Z,9.04,GBP,card
TXN00001132,USR003209,2026-05-15T02:05:26Z,37.15,GBP,crypto
TXN00002681,USR004992,2026-05-15T03:21:24Z,5.12,EUR,card
TXN00007002,USR001318,2026-05-15T03:28:00Z,41.43,EUR,card
TXN00007386,USR000321,2026-05-15T03:35:43Z,426.87,GBP,savings
TXN00001631,USR004645,2026-05-15T03:56:18Z,154.93,EUR,card
TXN00005246,USR002843,2026-05-15T05:53:17Z,34.97,RON,card
TXN00007548,USR000247,2026-05-15T06:12:05Z,32.04,EUR,card
TXN00001673,USR003208,2026-05-15T06:26:11Z,35.76,RON,card
TXN00001034,USR001164,2026-05-15T09:43:29Z,37.33,EUR,card
TXN00004076,USR001712,2026-05-15T13:36:56Z,290.64,PLN,crypto
TXN00008128,USR001326,2026-05-15T13:43:26Z,129.20,EUR,card
TXN00007795,USR002864,2026-05-15T15:49:44Z,247.52,EUR,crypto
TXN00005466,USR003111,2026-05-15T18:55:56Z,7.15,GBP,card
TXN00000697,USR003793,2026-05-15T20:48:00Z,35.73,GBP,card
TXN00003763,USR002747,2026-05-15T23:25:45Z,5.36,CHF,card
TXN00008264,USR003403,2026-05-15T23:58:24Z,25.46,GBP,card
TXN00001625,USR002038,2026-05-16T00:04:12Z,79.44,PLN,crypto
TXN00004064,USR001138,2026-05-16T01:43:00Z,517.27,EUR,savings
TXN00006705,USR004843,2026-05-16T01:44:16Z,15.79,EUR,card
TXN00004166,USR003128,2026-05-16T04:51:20Z,117.98,EUR,card
TXN00008795,USR002789,2026-05-16T05:07:21Z,15.27,GBP,card
TXN00006519,USR002784,2026-05-16T06:05:46Z,238.01,EUR,savings
TXN00002135,USR003991,2026-05-16T07:10:15Z,19.94,NOK,card
TXN00000779,USR002046,2026-05-16T08:53:31Z,16.40,GBP,card
TXN00004249,USR000344,2026-05-16T08:54:08Z,137.28,NOK,FX
TXN00005310,USR004100,2026-05-16T08:57:50Z,208.53,GBP,FX
TXN00007301,USR002953,2026-05-16T09:01:36Z,120.29,EUR,card
TXN00002528,USR002405,2026-05-16T14:13:33Z,10.87,EUR,card
TXN00000109,USR001865,2026-05-16T16:46:43Z,64.71,EUR,card
TXN00002487,USR000664,2026-05-16T18:19:02Z,147.70,GBP,savings
TXN00001264,USR000082,2026-05-16T19:04:21Z,334.16,GBP,stocks
TXN00007624,USR004834,2026-05-16T22:44:38Z,182.26,EUR,FX
TXN00004582,USR004319,2026-05-17T01:14:21Z,-3.41,EUR,card
TXN00003657,USR002586,2026-05-17T01:35:34Z,10.91,EUR,card
TXN00004196,USR003851,2026-05-17T04:35:06Z,15.82,EUR,card
TXN00007967,USR004615,2026-05-17T05:48:37Z,149.47,GBP,savings
TXN00004220,USR004163,2026-05-17T12:09:40Z,40.61,EUR,stocks
TXN00004834,USR000102,2026-05-17T14:45:38Z,433.29,GBP,savings
TXN00004511,USR002939,2026-05-17T15:18:24Z,151.09,EUR,card
TXN00006160,USR001492,2026-05-17T15:32:17Z,9.11,PLN,card
TXN00008437,USR002437,2026-05-17T16:26:51Z,100.87,EUR,card
TXN00003597,USR002162,2026-05-17T18:59:12Z,19.76,EUR,card
TXN00002506,USR001616,2026-05-17T19:13:47Z,2076.19,CAD,savings
TXN00003855,USR000270,2026-05-17T20:18:11Z,9.04,EUR,card
TXN00004073,USR001937,2026-05-17T20:35:16Z,248.28,RON,FX
TXN00007873,USR002930,2026-05-17T23:09:27Z,255.66,GBP,stocks
TXN00005684,USR004775,2026-05-18T00:15:17Z,6.46,GBP,card
TXN00005787,USR003847,2026-05-18T00:23:13Z,167.11,EUR,savings
TXN00001900,USR004492,2026-05-18T05:13:04Z,91.35,JPY,crypto
TXN00000295,USR003977,2026-05-18T07:42:26Z,5.39,EUR,card
TXN00002397,USR002748,2026-05-18T07:45:33Z,16.30,RON,card
TXN00002011,USR000711,2026-05-18T11:11:24Z,48.59,PLN,crypto
TXN00008850,USR000196,2026-05-18T12:14:26Z,36.16,PLN,card
TXN00001259,USR000821,2026-05-18T12:38:22Z,76.19,EUR,card
TXN00002798,USR004561,2026-05-18T13:53:22Z,30.32,GBP,card
TXN00008089,USR000828,2026-05-18T14:02:23Z,138.98,CHF,card
TXN00008648,USR002504,2026-05-18T16:41:50Z,9.51,EUR,card
TXN00001330,USR001409,2026-05-18T20:19:40Z,164.67,GBP,stocks
TXN00000040,USR001806,2026-05-18T20:53:36Z,353.58,EUR,stocks
TXN00003100,USR000850,2026-05-18T22:29:06Z,58.71,CHF,card
TXN00005800,USR002202,2026-05-18T22:53:41Z,90.98,PLN,savings
TXN00003574,USR002885,2026-05-19T00:07:52Z,34.20,GBP,card
TXN00006103,USR003001,2026-05-19T00:13:06Z,7.34,PLN,card
TXN00000713,USR002616,2026-05-19T02:20:53Z,247.76,CAD,savings
TXN00001609,USR004226,2026-05-19T04:10:14Z,92.08,EUR,card
TXN00005633,USR004296,2026-05-19T04:49:14Z,296.67,EUR,FX
TXN00000881,USR001091,2026-05-19T05:03:26Z,394.64,CHF,crypto
TXN00001977,USR004150,2026-05-19T05:51:42Z,156.19,RON,stocks
TXN00003026,USR002672,2026-05-19T06:18:53Z,31.90,CHF,crypto
TXN00005865,USR001036,2026-05-19T06:33:36Z,83.74,EUR,crypto
TXN00007906,USR001374,2026-05-19T07:19:39Z,36.79,EUR,card
TXN00005000,USR004513,2026-05-19T09:16:05Z,204.47,EUR,FX
TXN00003839,USR003910,2026-05-19T09:41:23Z,221.87,EUR,FX
TXN00002461,USR004037,2026-05-19T10:13:44Z,370.28,EUR,stocks
TXN00003791,USR002556,2026-05-19T12:25:48Z,12.69,GBP,card
TXN00007275,USR000826,2026-05-19T13:05:13Z,224.99,EUR,crypto
TXN00001676,USR001762,2026-05-19T14:47:19Z,106.03,CAD,savings
TXN00007433,USR004504,2026-05-19T16:19:22Z,28.97,GBP,stocks
TXN00003093,USR000345,2026-05-19T16:58:29Z,138.45,EUR,FX
TXN00008749,USR000212,2026-05-19T17:55:54Z,109.53,CHF,crypto
TXN00003369,USR003277,2026-05-19T17:58:44Z,8.42,EUR,card
TXN00002824,USR004902,2026-05-19T18:22:00Z,51.92,GBP,card
TXN00000032,USR002475,2026-05-19T21:52:29Z,152.26,GBP,crypto
TXN00005021,USR002571,2026-05-20T01:10:16Z,198.77,EUR,FX
TXN00008252,USR003360,2026-05-20T01:34:41Z,26.15,GBP,card
TXN00006794,USR003622,2026-05-20T02:56:50Z,56.71,GBP,crypto
TXN00006912,USR003547,2026-05-20T04:26:24Z,41.88,EUR,card
TXN00000047,USR004357,2026-05-20T05:48:31Z,784.92,PLN,FX
TXN00001802,USR004755,2026-05-20T06:44:35Z,51.47,EUR,card
TXN00008869,USR000433,2026-05-20T06:51:17Z,235.31,GBP,card
TXN00004218,USR002192,2026-05-20T08:24:09Z,15.14,PLN,card
TXN00001401,USR001271,2026-05-20T08:55:58Z,15.67,NOK,card
TXN00001666,USR004730,2026-05-20T12:21:24Z,27.02,JPY,card
TXN00006742,USR000695,2026-05-20T12:23:13Z,491.74,EUR,savings
TXN00003682,USR001132,2026-05-20T14:26:56Z,20.94,EUR,card
TXN00004858,USR003039,2026-05-20T14:38:16Z,52.30,RON,card
TXN00003990,USR001827,2026-05-20T19:42:53Z,103.93,EUR,card
TXN00005612,USR002776,2026-05-20T19:43:26Z,10.46,EUR,card
TXN00003975,USR002101,2026-05-20T20:06:40Z,95.04,EUR,card
TXN00007796,USR003033,2026-05-20T20:18:49Z,7.82,GBP,card
TXN00001995,USR004855,2026-05-20T21:05:55Z,144.27,EUR,card
TXN00002830,USR000884,2026-05-20T21:19:03Z,253.21,GBP,FX
TXN00006314,USR001421,2026-05-20T21:51:02Z,90.91,EUR,stocks
TXN00008330,USR004157,2026-05-21T00:28:18Z,20.17,EUR,card
TXN00007890,USR002840,2026-05-21T01:01:15Z,51.93,GBP,stocks
TXN00002281,USR001441,2026-05-21T01:11:55Z,39.85,EUR,card
TXN00008503,USR000788,2026-05-21T01:14:57Z,20.28,PLN,card
TXN00004419,USR001945,2026-05-21T01:17:29Z,239.61,GBP,stocks
TXN00007599,USR003578,2026-05-21T02:04:10Z,11.61,EUR,card
TXN00002800,USR000150,2026-05-21T02:58:45Z,323.83,GBP,FX
TXN00007566,USR000026,2026-05-21T03:00:30Z,536.74,EUR,crypto
TXN00006408,USR001080,2026-05-21T03:31:54Z,422.85,EUR,savings
TXN00003641,USR003324,2026-05-21T04:52:21Z,230.08,EUR,card
TXN00001534,USR001968,2026-05-21T07:28:13Z,143.48,RON,card
TXN00007576,USR003820,2026-05-21T08:13:48Z,7.14,GBP,card
TXN00004775,USR003694,2026-05-21T08:26:54Z,39.22,GBP,card
TXN00005628,USR003299,2026-05-21T10:07:01Z,34.94,PLN,card
TXN00004152,USR000221,2026-05-21T11:56:08Z,18.95,GBP,card
TXN00000144,USR003693,2026-05-21T11:56:16Z,65.84,GBP,card
TXN00004965,USR000822,2026-05-21T12:11:01Z,25.64,EUR,card
TXN00001207,USR001330,2026-05-21T14:21:44Z,131.66,PLN,FX
TXN00008509,USR004315,2026-05-21T14:42:59Z,-5.97,EUR,card
TXN00000895,USR002337,2026-05-21T15:35:45Z,835.03,EUR,FX
TXN00005566,USR000965,2026-05-21T16:48:48Z,18.68,PLN,card
TXN00007415,USR003699,2026-05-21T17:50:07Z,21.31,EUR,card
TXN00008273,USR004397,2026-05-21T18:45:01Z,19.51,EUR,card
TXN00005155,USR001893,2026-05-21T19:55:14Z,45.06,EUR,card
TXN00000741,USR001959,2026-05-21T20:41:50Z,41.53,EUR,card
TXN00002137,USR002704,2026-05-21T21:28:40Z,298.68,CHF,FX
TXN00007266,USR000993,2026-05-22T00:44:05Z,67.44,EUR,savings
TXN00003938,USR002932,2026-05-22T05:27:18Z,18.04,EUR,card
TXN00000798,USR003565,2026-05-22T05:32:26Z,59.54,CHF,crypto
TXN00004659,USR000796,2026-05-22T06:04:06Z,22.48,PLN,card
TXN00008759,USR004645,2026-05-22T12:48:25Z,1606.08,EUR,savings
TXN00003107,USR001710,2026-05-22T12:51:58Z,121.40,SEK,crypto
TXN00001290,USR001361,2026-05-22T13:21:35Z,57.81,GBP,crypto
TXN00000239,USR000372,2026-05-22T13:52:48Z,119.25,EUR,crypto
TXN00006988,USR002646,2026-05-22T15:31:49Z,323.46,PLN,savings
TXN00003698,USR000223,2026-05-22T16:04:08Z,29.56,GBP,card
TXN00002783,USR003340,2026-05-22T16:23:44Z,246.27,EUR,savings
TXN00005198,USR002632,2026-05-22T16:53:22Z,26.13,EUR,card
TXN00005456,USR002371,2026-05-22T17:10:06Z,13.03,EUR,card
TXN00007650,USR004679,2026-05-22T20:00:05Z,20.93,NOK,card
TXN00000548,USR002643,2026-05-22T20:13:51Z,28.33,EUR,card
TXN00005340,USR004751,2026-05-22T22:45:20Z,124.65,GBP,crypto
TXN00001263,USR002672,2026-05-23T00:17:20Z,45.63,RON,stocks
TXN00007521,USR000671,2026-05-23T01:18:50Z,8.22,EUR,card
TXN00006773,USR000731,2026-05-23T03:14:09Z,55.83,EUR,card
TXN00004450,USR004344,2026-05-23T04:54:04Z,27.54,PLN,card
TXN00008385,USR004973,2026-05-23T06:00:15Z,13.18,EUR,card
TXN00000392,USR000930,2026-05-23T07:05:35Z,6.69,EUR,card
TXN00001668,USR004656,2026-05-23T07:33:14Z,74.86,EUR,card
TXN00004805,USR004803,2026-05-23T07:48:41Z,26.07,EUR,card
TXN00007482,USR004227,2026-05-23T09:33:20Z,90.64,RON,card
TXN00008074,USR003926,2026-05-23T11:00:32Z,68.84,GBP,crypto
TXN00004767,USR001358,2026-05-23T14:37:08Z,89.87,CHF,crypto
TXN00000231,USR004402,2026-05-23T16:18:20Z,195.78,GBP,stocks
TXN00007396,USR002445,2026-05-23T18:48:06Z,368.30,GBP,FX
TXN00000876,USR004993,2026-05-23T23:07:09Z,427.84,EUR,savings
TXN00006563,USR004518,2026-05-24T00:35:45Z,32.71,EUR,card
TXN00004713,USR001196,2026-05-24T05:54:15Z,303.35,GBP,FX
TXN00004121,USR002586,2026-05-24T06:00:37Z,192.56,EUR,crypto
TXN00002748,USR003164,2026-05-24T07:12:01Z,475.52,GBP,stocks
TXN00007425,USR003797,2026-05-24T07:41:16Z,25.89,SEK,card
TXN00001487,USR004650,2026-05-24T11:28:41Z,38.19,EUR,stocks
TXN00006721,USR002203,2026-05-24T11:57:13Z,75.20,SEK,savings
TXN00002057,USR001555,2026-05-24T13:23:22Z,168.99,GBP,savings
TXN00008583,USR000868,2026-05-24T21:58:49Z,8.59,GBP,card
TXN00001541,USR001088,2026-05-25T03:09:53Z,1293.46,GBP,FX
TXN00003802,USR004454,2026-05-25T03:38:15Z,127.05,PLN,crypto
TXN00002386,USR000301,2026-05-25T03:47:37Z,14.85,EUR,card
TXN00004845,USR003360,2026-05-25T05:03:38Z,142.35,GBP,stocks
TXN00003327,USR004723,2026-05-25T05:27:27Z,9.94,GBP,card
TXN00008497,USR001964,2026-05-25T06:08:36Z,35.34,EUR,crypto
TXN00008223,USR003914,2026-05-25T07:19:43Z,674.83,RON,stocks
TXN00002183,USR003097,2026-05-25T08:36:44Z,1454.81,RON,stocks
TXN00008473,USR003216,2026-05-25T09:12:48Z,50.68,SEK,card
TXN00001692,USR002125,2026-05-25T12:22:46Z,317.96,GBP,stocks
TXN00000454,USR002463,2026-05-25T13:18:22Z,45.11,GBP,card
TXN00003579,USR004961,2026-05-25T13:50:52Z,21.85,EUR,card
TXN00007859,USR000546,2026-05-25T15:09:25Z,52.94,GBP,card
TXN00001819,USR001573,2026-05-25T18:09:47Z,-3.10,GBP,card
TXN00006262,USR000089,2026-05-25T18:17:13Z,70.38,EUR,card
TXN00000387,USR000630,2026-05-25T19:43:02Z,34.53,EUR,card
TXN00006484,USR003453,2026-05-25T23:29:03Z,9.22,EUR,card
TXN00003894,USR003269,2026-05-26T00:02:32Z,16.94,EUR,card
TXN00005523,USR003303,2026-05-26T00:15:46Z,58.90,CAD,card
TXN00008338,USR000748,2026-05-26T01:21:58Z,38.54,EUR,card
TXN00001544,USR004064,2026-05-26T02:00:18Z,39.85,GBP,card
TXN00005952,USR003025,2026-05-26T02:10:59Z,31.26,GBP,card
TXN00006036,USR003398,2026-05-26T07:20:52Z,71.38,GBP,card
TXN00006346,USR004247,2026-05-26T07:56:30Z,61.99,JPY,card
TXN00007034,USR001392,2026-05-26T09:25:47Z,121.31,CAD,stocks
TXN00000255,USR001865,2026-05-26T13:42:22Z,79.18,EUR,crypto
TXN00003988,USR004322,2026-05-26T14:19:30Z,51.73,GBP,crypto
TXN00006322,USR004138,2026-05-26T15:59:35Z,412.76,PLN,FX
TXN00003190,USR003951,2026-05-26T17:09:12Z,17.26,EUR,card
TXN00000746,USR004684,2026-05-26T19:39:28Z,476.15,EUR,stocks
TXN00000459,USR003700,2026-05-26T19:55:21Z,16.78,EUR,card
TXN00000532,USR004244,2026-05-26T21:09:03Z,312.49,EUR,stocks
TXN00001508,USR002640,2026-05-26T21:14:54Z,55.54,GBP,card
TXN00006692,USR000054,2026-05-27T00:40:31Z,375.28,GBP,stocks
TXN00003178,USR000117,2026-05-27T01:29:27Z,12.39,EUR,card
TXN00006913,USR001758,2026-05-27T01:43:03Z,115.28,EUR,card
TXN00005575,USR002541,2026-05-27T03:18:21Z,30.16,EUR,card
TXN00004358,USR001002,2026-05-27T07:21:28Z,7.97,EUR,card
TXN00000777,USR003174,2026-05-27T07:38:38Z,170.90,EUR,FX
TXN00008922,USR000905,2026-05-27T15:36:13Z,-43.63,GBP,card
TXN00007891,USR004022,2026-05-27T16:46:58Z,5.11,GBP,card
TXN00003635,USR003973,2026-05-27T17:01:30Z,6.45,EUR,card
TXN00008949,USR000518,2026-05-27T18:55:23Z,7.33,GBP,card
TXN00000349,USR001651,2026-05-27T19:37:15Z,14.69,EUR,card
TXN00003959,USR004914,2026-05-27T19:44:25Z,7.72,EUR,card
TXN00005541,USR004943,2026-05-27T20:25:54Z,1199.41,GBP,FX
TXN00006579,USR001934,2026-05-27T20:29:44Z,11.65,EUR,card
TXN00004353,USR004457,2026-05-27T20:34:44Z,28.39,GBP,card
TXN00008190,USR004218,2026-05-27T22:27:23Z,456.21,EUR,savings
TXN00001077,USR003669,2026-05-28T02:18:19Z,170.81,EUR,stocks
TXN00002518,USR001234,2026-05-28T05:26:09Z,19.48,EUR,card
TXN00002351,USR003848,2026-05-28T05:40:23Z,13.35,EUR,card
TXN00003307,USR004699,2026-05-28T08:32:36Z,20.00,EUR,card
TXN00004028,USR004454,2026-05-28T10:46:16Z,127.74,PLN,savings
TXN00007190,USR000309,2026-05-28T13:12:50Z,132.35,PLN,crypto
TXN00008171,USR001333,2026-05-28T13:55:07Z,29.64,EUR,card
TXN00001284,USR000336,2026-05-28T15:46:07Z,302.45,GBP,FX
TXN00003632,USR002330,2026-05-28T16:58:10Z,78.25,EUR,card
TXN00002607,USR001407,2026-05-28T21:41:11Z,105.19,EUR,FX
TXN00000177,USR004847,2026-05-28T22:55:22Z,22.31,GBP,card
TXN00000315,USR003423,2026-05-28T23:45:28Z,447.30,EUR,FX
TXN00003423,USR000317,2026-05-29T00:30:58Z,818.37,GBP,savings
TXN00005870,USR001349,2026-05-29T01:12:04Z,149.42,GBP,crypto
TXN00000302,USR000759,2026-05-29T02:17:21Z,16.69,PLN,card
TXN00006244,USR000482,2026-05-29T04:06:31Z,26.12,GBP,card
TXN00000861,USR000861,2026-05-29T08:05:30Z,45.80,EUR,card
TXN00004168,USR001810,2026-05-29T11:22:14Z,284.51,GBP,FX
TXN00000803,USR004684,2026-05-29T14:15:11Z,35.61,EUR,card
TXN00001796,USR002672,2026-05-29T15:53:08Z,724.01,RON,savings
TXN00007241,USR001944,2026-05-29T15:54:32Z,290.71,GBP,FX
TXN00004059,USR001890,2026-05-29T16:07:47Z,123.96,EUR,card
TXN00006332,USR001299,2026-05-29T16:21:20Z,65.32,PLN,stocks
TXN00000003,USR001482,2026-05-29T16:26:31Z,24.31,RON,card
TXN00004748,USR002902,2026-05-29T16:40:44Z,53.29,EUR,savings
TXN00007359,USR001634,2026-05-29T17:01:08Z,104.35,GBP,crypto
TXN00005285,USR003501,2026-05-29T17:57:22Z,105.48,EUR,card
TXN00006724,USR004108,2026-05-29T18:22:45Z,-32.27,EUR,card
TXN00005569,USR000772,2026-05-29T18:38:57Z,36.54,PLN,card
TXN00005401,USR000341,2026-05-29T19:03:00Z,8.07,EUR,card
TXN00000602,USR004453,2026-05-29T21:22:06Z,166.95,EUR,crypto
TXN00004989,USR000602,2026-05-30T00:18:19Z,10.69,EUR,card
TXN00000134,USR004597,2026-05-30T01:42:57Z,183.62,EUR,stocks
TXN00002954,USR003074,2026-05-30T02:14:38Z,37.34,GBP,card
TXN00006679,USR001956,2026-05-30T02:41:35Z,166.96,PLN,stocks
TXN00000990,USR001757,2026-05-30T02:54:13Z,82.38,RON,card
TXN00007027,USR002792,2026-05-30T03:18:47Z,16.27,GBP,card
TXN00007181,USR001182,2026-05-30T04:35:41Z,36.08,GBP,card
TXN00004336,USR002602,2026-05-30T04:42:31Z,48.81,NOK,card
TXN00004424,USR002830,2026-05-30T05:35:08Z,59.20,CAD,card
TXN00001954,USR002634,2026-05-30T09:23:40Z,21.18,GBP,card
TXN00007309,USR001887,2026-05-30T10:24:43Z,3.95,GBP,card
TXN00007729,USR004438,2026-05-30T13:23:29Z,216.96,USD,FX
TXN00008699,USR004562,2026-05-30T15:24:41Z,25.51,PLN,card
TXN00002784,USR004093,2026-05-30T15:26:52Z,72.13,JPY,savings
TXN00007534,USR004140,2026-05-30T19:40:49Z,269.88,EUR,card
TXN00007942,USR001088,2026-05-30T20:22:56Z,91.84,GBP,card
TXN00000668,USR002186,2026-05-30T20:29:21Z,123.35,EUR,card
TXN00007390,USR000251,2026-05-30T21:05:58Z,35.13,EUR,FX
TXN00001465,USR004035,2026-05-30T23:36:51Z,535.92,CHF,savings
TXN00004230,USR004129,2026-05-31T00:57:43Z,192.77,EUR,stocks
TXN00008986,USR002182,2026-05-31T02:09:30Z,12.47,EUR,card
TXN00008717,USR004577,2026-05-31T02:36:10Z,4.90,CHF,card
TXN00008093,USR004785,2026-05-31T03:00:54Z,57.33,EUR,stocks
TXN00004976,USR000674,2026-05-31T03:01:19Z,79.23,EUR,card
TXN00002493,USR003515,2026-05-31T04:29:23Z,232.61,EUR,stocks
TXN00007518,USR004496,2026-05-31T09:31:18Z,681.42,GBP,stocks
TXN00003331,USR001338,2026-05-31T10:31:16Z,3.48,CHF,card
TXN00000030,USR001453,2026-05-31T11:54:34Z,35.86,EUR,stocks
TXN00008615,USR003076,2026-05-31T13:45:13Z,320.50,EUR,FX
TXN00002669,USR004368,2026-05-31T16:21:21Z,1153.73,PLN,savings
TXN00001226,USR000344,2026-05-31T16:57:33Z,35.35,NOK,card
TXN00001549,USR001401,2026-05-31T17:09:34Z,161.80,EUR,crypto
TXN00005848,USR004567,2026-05-31T18:07:19Z,36.89,EUR,card
TXN00003200,USR001099,2026-05-31T20:34:36Z,258.36,GBP,savings
TXN00004209,USR004737,2026-05-31T21:49:09Z,4.50,GBP,card
TXN00000702,USR003529,2026-05-31T21:50:40Z,13.85,EUR,card
TXN00001272,USR004580,2026-05-31T22:26:40Z,17.44,CAD,card
TXN00001020,USR000184,2026-05-31T23:02:49Z,830.49,GBP,crypto
TXN00002136,USR000319,2026-05-31T23:03:42Z,9.89,GBP,card
TXN00006738,USR002980,2026-05-31T23:27:57Z,7.29,EUR,card
TXN00007349,USR000296,2026-05-31T23:54:32Z,34.83,PLN,card
TXN00003339,USR002298,2026-06-01T02:27:16Z,35.93,RON,card
TXN00007079,USR003774,2026-06-01T03:21:56Z,7.13,EUR,card
TXN00004499,USR001033,2026-06-01T05:30:00Z,65.57,EUR,card
TXN00004423,USR002837,2026-06-01T05:32:34Z,48.18,EUR,card
TXN00003012,USR002032,2026-06-01T07:08:54Z,618.57,GBP,savings
TXN00006411,USR002537,2026-06-01T08:47:06Z,448.41,EUR,savings
TXN00007038,USR003804,2026-06-01T11:13:19Z,418.26,EUR,FX
TXN00002966,USR001863,2026-06-01T11:43:34Z,21.41,EUR,card
TXN00005128,USR003265,2026-06-01T12:48:50Z,23.18,PLN,card
TXN00008947,USR002665,2026-06-01T13:47:28Z,76.20,GBP,card
TXN00004488,USR003028,2026-06-01T14:52:55Z,1295.75,GBP,crypto
TXN00002776,USR003964,2026-06-01T20:31:13Z,24.09,EUR,card
TXN00003610,USR002213,2026-06-02T00:15:29Z,62.95,PLN,crypto
TXN00000063,USR002253,2026-06-02T01:53:59Z,53.20,EUR,card
TXN00008062,USR004375,2026-06-02T04:45:09Z,21.34,PLN,card
TXN00002134,USR001088,2026-06-02T05:47:06Z,15.90,JPY,card
TXN00004525,USR004980,2026-06-02T06:30:37Z,66.95,SEK,card
TXN00006688,USR001566,2026-06-02T07:51:11Z,231.84,EUR,savings
TXN00006636,USR000142,2026-06-02T08:17:56Z,61.02,EUR,card
TXN00005511,USR004342,2026-06-02T08:24:57Z,97.65,EUR,card
TXN00003144,USR001394,2026-06-02T09:17:12Z,94.91,EUR,card
TXN00005655,USR000344,2026-06-02T10:38:59Z,45.70,NOK,card
TXN00008729,USR004777,2026-06-02T12:25:05Z,18.46,GBP,card
TXN00008073,USR002640,2026-06-02T13:05:18Z,10.06,GBP,card
TXN00000540,USR001887,2026-06-02T13:07:55Z,43.48,GBP,card
TXN00005200,USR000165,2026-06-02T13:41:22Z,11.38,EUR,card
TXN00005971,USR001499,2026-06-02T14:06:20Z,15.78,EUR,card
TXN00002670,USR003360,2026-06-02T15:22:28Z,1001.60,CAD,FX
TXN00002704,USR002156,2026-06-02T16:07:29Z,10.64,CHF,card
TXN00002359,USR001241,2026-06-02T17:22:35Z,95.41,GBP,stocks
TXN00000949,USR000716,2026-06-02T18:07:09Z,11.00,EUR,card
TXN00002789,USR003742,2026-06-02T19:19:56Z,836.85,PLN,stocks
TXN00002533,USR002953,2026-06-02T21:13:19Z,22.14,EUR,card
TXN00004095,USR001392,2026-06-02T22:27:51Z,32.46,GBP,card
TXN00008554,USR003575,2026-06-03T03:01:22Z,20.28,GBP,card
TXN00005504,USR003364,2026-06-03T03:35:40Z,23.92,GBP,card
TXN00008891,USR004691,2026-06-03T06:20:14Z,26.66,PLN,card
TXN00007074,USR002126,2026-06-03T09:37:51Z,124.99,NOK,stocks
TXN00001545,USR002142,2026-06-03T09:49:05Z,10.12,CHF,card
TXN00004461,USR002672,2026-06-03T13:09:30Z,15.71,CHF,card
TXN00003215,USR000009,2026-06-03T13:23:37Z,6.91,EUR,card
TXN00002302,USR004679,2026-06-03T13:34:04Z,53.36,EUR,card
TXN00001320,USR002297,2026-06-03T13:56:51Z,10.16,GBP,card
TXN00005868,USR002192,2026-06-03T14:14:57Z,319.34,PLN,crypto
TXN00008438,USR000941,2026-06-03T15:35:18Z,419.32,RON,savings
TXN00001690,USR000583,2026-06-03T19:22:28Z,-59.55,GBP,card
TXN00006650,USR004589,2026-06-03T21:31:42Z,567.33,EUR,savings
TXN00001265,USR004829,2026-06-03T22:02:44Z,16.35,GBP,card
TXN00005505,USR002357,2026-06-03T23:21:04Z,259.16,GBP,savings
TXN00002437,USR003917,2026-06-04T00:25:14Z,34.21,EUR,card
TXN00001294,USR002962,2026-06-04T00:42:22Z,74.13,EUR,card
TXN00002791,USR002363,2026-06-04T02:30:54Z,175.67,EUR,crypto
TXN00006126,USR000968,2026-06-04T05:39:04Z,25.49,EUR,card
TXN00007982,USR000177,2026-06-04T06:26:57Z,27.58,EUR,card
TXN00007394,USR003021,2026-06-04T06:37:53Z,15.24,SEK,card
TXN00008447,USR002093,2026-06-04T06:47:31Z,78.20,GBP,stocks
TXN00004535,USR001013,2026-06-04T07:15:07Z,191.17,EUR,stocks
TXN00005178,USR003973,2026-06-04T07:42:42Z,31.07,JPY,card
TXN00000414,USR004064,2026-06-04T08:30:13Z,137.94,GBP,FX
TXN00004036,USR002788,2026-06-04T10:26:23Z,24.66,GBP,card
TXN00000187,USR000934,2026-06-04T10:44:44Z,805.46,GBP,stocks
TXN00006762,USR002966,2026-06-04T11:26:20Z,215.57,EUR,stocks
TXN00001974,USR004611,2026-06-04T15:02:05Z,27.48,EUR,card
TXN00007295,USR003892,2026-06-04T15:36:41Z,447.17,GBP,stocks
TXN00001152,USR002781,2026-06-04T16:44:59Z,324.59,RON,savings
TXN00005693,USR002854,2026-06-04T16:54:12Z,176.66,PLN,FX
TXN00002000,USR002851,2026-06-04T17:32:50Z,96.22,RON,card
TXN00001321,USR003627,2026-06-04T17:40:32Z,101.28,EUR,savings
TXN00002712,USR003260,2026-06-04T18:15:56Z,800.98,EUR,FX
TXN00000124,USR004603,2026-06-04T19:46:41Z,6.73,EUR,crypto
TXN00007979,USR002207,2026-06-04T20:15:42Z,122.33,EUR,crypto
TXN00005900,USR001519,2026-06-04T20:59:55Z,29.58,EUR,card
TXN00004248,USR002603,2026-06-05T01:14:41Z,22.64,PLN,card
TXN00001517,USR001873,2026-06-05T02:13:27Z,16.03,EUR,card
TXN00003876,USR004262,2026-06-05T07:13:09Z,392.39,EUR,savings
TXN00005829,USR000168,2026-06-05T07:52:25Z,56.64,RON,stocks
TXN00002803,USR004893,2026-06-05T08:19:00Z,148.89,EUR,card
TXN00004205,USR002616,2026-06-05T08:47:04Z,134.02,GBP,crypto
TXN00008224,USR004223,2026-06-05T09:23:21Z,65.75,EUR,card
TXN00003659,USR000794,2026-06-05T10:48:25Z,594.87,EUR,savings
TXN00005624,USR002155,2026-06-05T12:54:18Z,2.48,GBP,card
TXN00006569,USR004162,2026-06-05T12:55:34Z,290.24,GBP,savings
TXN00005923,USR002892,2026-06-05T14:26:57Z,18.40,EUR,card
TXN00005293,USR002710,2026-06-05T14:52:54Z,20.78,GBP,card
TXN00007840,USR001800,2026-06-05T17:00:35Z,480.92,GBP,crypto
TXN00008229,USR004716,2026-06-05T18:02:48Z,12.26,EUR,card
TXN00000430,USR004738,2026-06-05T18:33:53Z,134.25,GBP,savings
TXN00004025,USR004663,2026-06-05T20:02:12Z,31.13,PLN,card
TXN00006184,USR004432,2026-06-05T22:50:29Z,23.62,SEK,card
TXN00008786,USR001852,2026-06-06T03:54:27Z,70.72,GBP,savings
TXN00008168,USR003588,2026-06-06T06:59:47Z,26.25,GBP,card
TXN00007552,USR000803,2026-06-06T07:26:21Z,23.61,EUR,card
TXN00007343,USR003259,2026-06-06T08:40:38Z,21.43,GBP,card
TXN00005402,USR003851,2026-06-06T10:40:45Z,23.63,EUR,card
TXN00008408,USR001696,2026-06-06T10:42:38Z,76.66,EUR,crypto
TXN00004275,USR002455,2026-06-06T12:32:45Z,14.90,EUR,card
TXN00003344,USR001890,2026-06-06T13:29:55Z,35.49,EUR,card
TXN00005375,USR003753,2026-06-06T14:41:58Z,76.78,EUR,card
TXN00004691,USR004438,2026-06-06T15:13:39Z,287.02,GBP,stocks
TXN00002203,USR000610,2026-06-06T15:24:13Z,341.11,GBP,stocks
TXN00006728,USR002756,2026-06-06T15:24:41Z,244.23,EUR,savings
TXN00008522,USR002859,2026-06-06T18:05:05Z,2.00,EUR,card
TXN00002986,USR001142,2026-06-06T20:55:22Z,3.98,EUR,card
TXN00008087,USR001075,2026-06-06T21:16:53Z,212.66,GBP,savings
TXN00000132,USR002182,2026-06-06T23:04:09Z,15.57,EUR,card
TXN00004148,USR000739,2026-06-06T23:13:00Z,36.30,EUR,card
TXN00003400,USR003511,2026-06-07T01:22:59Z,-42.83,NOK,card
TXN00001531,USR003757,2026-06-07T02:25:49Z,269.25,SEK,stocks
TXN00005211,USR003205,2026-06-07T10:33:00Z,496.62,GBP,FX
TXN00000317,USR001087,2026-06-07T12:50:19Z,8.21,GBP,card
TXN00003441,USR000127,2026-06-07T12:53:40Z,6.22,EUR,card
TXN00004262,USR001887,2026-06-07T13:29:02Z,5.23,USD,card
TXN00004206,USR001181,2026-06-07T13:50:50Z,982.56,PLN,savings
TXN00001150,USR001237,2026-06-07T16:10:31Z,-7.66,PLN,card
TXN00000311,USR003902,2026-06-07T16:42:29Z,16.17,CHF,card
TXN00001657,USR000029,2026-06-07T17:15:33Z,28.83,EUR,crypto
TXN00008942,USR002004,2026-06-07T19:02:55Z,146.29,EUR,card
TXN00006270,USR004836,2026-06-07T22:14:51Z,17.47,SEK,card
TXN00002756,USR001052,2026-06-07T22:46:00Z,624.60,GBP,FX
TXN00004505,USR000266,2026-06-07T23:14:56Z,10.75,EUR,card
TXN00008544,USR004614,2026-06-08T00:50:20Z,26.01,GBP,card
TXN00006646,USR003446,2026-06-08T01:37:59Z,28.41,GBP,card
TXN00006293,USR003542,2026-06-08T02:03:37Z,85.58,EUR,card
TXN00007012,USR004285,2026-06-08T04:30:48Z,130.15,GBP,crypto
TXN00003663,USR000714,2026-06-08T08:00:38Z,90.07,GBP,crypto
TXN00004648,USR004605,2026-06-08T08:03:27Z,15.06,SEK,card
TXN00000323,USR004114,2026-06-08T09:28:30Z,126.93,EUR,stocks
TXN00003209,USR002411,2026-06-08T12:10:50Z,132.02,EUR,savings
TXN00001214,USR000668,2026-06-08T13:26:29Z,8.69,EUR,card
TXN00002815,USR001757,2026-06-08T13:49:28Z,57.17,RON,card
TXN00008939,USR003848,2026-06-08T13:53:52Z,4.71,EUR,card
TXN00003888,USR001536,2026-06-08T14:31:39Z,167.41,GBP,savings
TXN00002564,USR002788,2026-06-08T14:53:18Z,130.18,GBP,card
TXN00000059,USR002446,2026-06-08T19:12:12Z,-38.14,EUR,card
TXN00004065,USR001214,2026-06-08T21:03:40Z,11.36,EUR,card
TXN00001201,USR004190,2026-06-09T00:37:09Z,67.19,EUR,card
TXN00002177,USR000491,2026-06-09T01:38:25Z,49.12,EUR,stocks
TXN00004623,USR002505,2026-06-09T01:40:39Z,265.70,PLN,stocks
TXN00007616,USR002917,2026-06-09T03:47:27Z,10.33,EUR,card
TXN00004560,USR000673,2026-06-09T04:28:32Z,595.33,CHF,savings
TXN00008242,USR003091,2026-06-09T04:50:08Z,6.64,GBP,card
TXN00004114,USR004617,2026-06-09T05:29:46Z,59.26,PLN,card
TXN00007975,USR004581,2026-06-09T06:13:53Z,38.56,GBP,crypto
TXN00003717,USR004374,2026-06-09T06:35:46Z,128.11,GBP,stocks
TXN00004588,USR004509,2026-06-09T09:06:57Z,20.24,JPY,card
TXN00001808,USR003519,2026-06-09T10:55:20Z,60.43,EUR,crypto
TXN00008547,USR003440,2026-06-09T13:37:56Z,581.16,PLN,FX
TXN00004514,USR003828,2026-06-09T13:47:33Z,9.46,EUR,card
TXN00003290,USR003357,2026-06-09T15:23:14Z,97.56,GBP,FX
TXN00003926,USR004164,2026-06-09T15:45:19Z,7.91,EUR,card
TXN00002659,USR003297,2026-06-09T16:07:18Z,100.17,EUR,card
TXN00000087,USR000525,2026-06-09T18:36:30Z,12.32,RON,card
TXN00008660,USR002097,2026-06-09T19:49:22Z,-29.76,EUR,card
TXN00004662,USR000781,2026-06-09T21:34:56Z,349.26,GBP,savings
TXN00000641,USR002430,2026-06-10T00:27:53Z,8.28,GBP,card
TXN00003517,USR003935,2026-06-10T00:54:11Z,26.86,EUR,card
TXN00006937,USR003552,2026-06-10T01:09:17Z,15.63,EUR,card
TXN00003754,USR002831,2026-06-10T01:28:37Z,22.50,EUR,card
TXN00008612,USR002947,2026-06-10T02:03:07Z,472.10,CHF,savings
TXN00006498,USR002851,2026-06-10T03:04:57Z,84.22,RON,stocks
TXN00005642,USR001889,2026-06-10T03:16:47Z,77.49,PLN,card
TXN00003716,USR000489,2026-06-10T04:43:22Z,343.32,NOK,FX
TXN00007327,USR003396,2026-06-10T06:00:10Z,150.84,EUR,card
TXN00005672,USR001386,2026-06-10T06:14:08Z,10.05,EUR,card
TXN00008684,USR003675,2026-06-10T06:38:00Z,2509.21,GBP,savings
TXN00001115,USR003588,2026-06-10T07:48:12Z,13.10,RON,card
TXN00005680,USR002354,2026-06-10T14:57:00Z,571.20,EUR,FX
TXN00001685,USR001419,2026-06-10T17:49:51Z,2.62,EUR,card
TXN00002827,USR002382,2026-06-10T19:43:41Z,26.33,EUR,card
TXN00006691,USR001096,2026-06-10T21:19:37Z,160.55,SEK,savings
TXN00007374,USR001999,2026-06-10T21:34:09Z,8.24,GBP,card
TXN00002332,USR003016,2026-06-11T01:52:55Z,27.03,EUR,card
TXN00003061,USR001509,2026-06-11T02:31:47Z,16.10,EUR,card
TXN00007198,USR004352,2026-06-11T04:34:55Z,1131.42,EUR,savings
TXN00001932,USR003531,2026-06-11T06:59:42Z,46.15,GBP,card
TXN00006102,USR003417,2026-06-11T09:29:47Z,47.53,GBP,card
TXN00002279,USR001279,2026-06-11T10:59:20Z,279.82,GBP,FX
TXN00007466,USR000555,2026-06-11T11:51:03Z,920.43,EUR,savings
TXN00000923,USR003324,2026-06-11T11:59:35Z,6.59,CAD,card
TXN00002551,USR002392,2026-06-11T14:24:18Z,54.32,NOK,card
TXN00000407,USR003260,2026-06-11T14:26:47Z,16.68,GBP,card
TXN00007750,USR001816,2026-06-11T14:36:08Z,-67.52,EUR,card
TXN00003241,USR002337,2026-06-11T17:03:27Z,52.03,SEK,stocks
TXN00000686,USR004499,2026-06-11T18:27:19Z,30.61,GBP,card
TXN00005574,USR002430,2026-06-11T22:08:15Z,21.42,GBP,card
TXN00006535,USR001268,2026-06-11T22:10:42Z,10.91,EUR,card
TXN00003757,USR002813,2026-06-11T22:27:27Z,5.04,NOK,card
TXN00006710,USR003748,2026-06-11T22:56:32Z,45.20,EUR,card
TXN00004376,USR003033,2026-06-12T00:06:36Z,263.15,GBP,FX
TXN00008804,USR003191,2026-06-12T00:51:40Z,32.59,EUR,card
TXN00001731,USR000371,2026-06-12T02:50:46Z,267.08,EUR,FX
TXN00003007,USR000235,2026-06-12T04:15:45Z,97.53,GBP,card
TXN00000546,USR004770,2026-06-12T04:31:36Z,56.67,EUR,FX
TXN00006923,USR004244,2026-06-12T05:40:19Z,63.54,EUR,crypto
TXN00000350,USR004307,2026-06-12T07:17:57Z,18.97,EUR,card
TXN00008943,USR004742,2026-06-12T08:11:34Z,9.64,PLN,card
TXN00007512,USR004084,2026-06-12T08:58:16Z,98.18,EUR,savings
TXN00007357,USR004443,2026-06-12T10:57:16Z,304.64,RON,crypto
TXN00008910,USR004573,2026-06-12T11:54:21Z,174.61,RON,savings
TXN00003212,USR004754,2026-06-12T11:59:25Z,113.78,EUR,savings
TXN00002124,USR002407,2026-06-12T12:29:44Z,251.69,EUR,stocks
TXN00007140,USR003955,2026-06-12T14:07:54Z,22.06,EUR,card
TXN00001701,USR002502,2026-06-12T18:31:57Z,152.50,EUR,crypto
TXN00004555,USR003357,2026-06-12T18:58:17Z,6.42,GBP,card
TXN00002217,USR001638,2026-06-12T19:53:50Z,237.96,EUR,card
TXN00002731,USR001176,2026-06-12T22:00:19Z,43.03,GBP,card
TXN00004586,USR002985,2026-06-12T22:57:13Z,2.74,RON,card
TXN00005991,USR001848,2026-06-12T23:11:36Z,655.94,EUR,savings
TXN00002714,USR004198,2026-06-13T01:13:44Z,16.40,EUR,card
TXN00004035,USR001709,2026-06-13T02:07:14Z,38.92,RON,crypto
TXN00001242,USR002143,2026-06-13T03:28:00Z,11.68,EUR,card
TXN00000290,USR003369,2026-06-13T04:29:25Z,1012.69,RON,savings
TXN00000988,USR003269,2026-06-13T05:01:48Z,10.88,EUR,card
TXN00004905,USR003739,2026-06-13T06:12:27Z,19.49,EUR,card
TXN00002191,USR003299,2026-06-13T06:37:47Z,187.89,PLN,FX
TXN00006453,USR001376,2026-06-13T07:00:04Z,334.87,EUR,FX
TXN00007705,USR002631,2026-06-13T07:18:46Z,23.05,EUR,card
TXN00001114,USR002366,2026-06-13T08:46:00Z,36.44,EUR,card
TXN00001081,USR002691,2026-06-13T10:40:08Z,67.13,SEK,crypto
TXN00003316,USR003234,2026-06-13T12:43:06Z,22.06,EUR,card
TXN00003500,USR003446,2026-06-13T13:18:59Z,7.74,GBP,card
TXN00003885,USR000547,2026-06-13T13:31:34Z,249.59,GBP,crypto
TXN00002376,USR001809,2026-06-13T15:16:20Z,920.14,GBP,savings
TXN00006856,USR001945,2026-06-13T16:35:31Z,72.50,GBP,card
TXN00001425,USR000832,2026-06-13T17:03:31Z,109.38,GBP,stocks
TXN00008014,USR000078,2026-06-13T17:58:28Z,73.66,GBP,card
TXN00002635,USR000788,2026-06-13T18:14:29Z,7.84,SEK,card
TXN00007009,USR003734,2026-06-13T19:00:20Z,32.14,GBP,card
TXN00000780,USR000368,2026-06-13T19:13:11Z,16.88,JPY,card
TXN00007323,USR002054,2026-06-13T20:56:24Z,28.41,EUR,card
TXN00006892,USR001066,2026-06-13T21:01:53Z,72.45,GBP,card
TXN00006312,USR000047,2026-06-13T23:02:18Z,122.17,EUR,crypto
TXN00001705,USR004084,2026-06-14T00:21:13Z,23.28,EUR,stocks
TXN00005546,USR003690,2026-06-14T02:07:22Z,86.12,EUR,savings
TXN00007174,USR000697,2026-06-14T02:10:06Z,152.74,GBP,stocks
TXN00004893,USR002432,2026-06-14T07:58:08Z,1506.93,EUR,savings
TXN00005110,USR001358,2026-06-14T11:15:11Z,382.85,CHF,savings
TXN00000961,USR003249,2026-06-14T12:17:08Z,394.29,GBP,FX
TXN00005924,USR004702,2026-06-14T12:52:33Z,62.84,GBP,card
TXN00003373,USR000649,2026-06-14T14:15:01Z,111.57,EUR,card
TXN00006752,USR003499,2026-06-14T14:43:15Z,8.75,PLN,card
TXN00008367,USR000119,2026-06-14T14:50:12Z,15.28,EUR,card
TXN00005931,USR001914,2026-06-14T19:37:14Z,7.58,CHF,card
TXN00002816,USR003847,2026-06-14T20:37:45Z,208.33,EUR,savings
TXN00002164,USR002670,2026-06-14T21:01:25Z,38.51,EUR,card
TXN00005905,USR002378,2026-06-15T02:18:21Z,12.48,GBP,card
TXN00003059,USR002535,2026-06-15T04:54:33Z,8.45,EUR,card
TXN00005415,USR004884,2026-06-15T05:12:04Z,24.26,PLN,card
TXN00008633,USR000125,2026-06-15T06:03:20Z,23.75,SEK,card
TXN00000179,USR001215,2026-06-15T06:17:05Z,18.23,RON,card
TXN00006853,USR000662,2026-06-15T07:03:08Z,210.16,EUR,stocks
TXN00000879,USR001356,2026-06-15T07:12:37Z,44.25,SEK,card
TXN00005960,USR004475,2026-06-15T07:14:05Z,26.04,EUR,card
TXN00003320,USR002073,2026-06-15T07:41:17Z,72.93,GBP,card
TXN00000335,USR002274,2026-06-15T07:53:33Z,331.34,NOK,savings
TXN00004596,USR001324,2026-06-15T08:02:20Z,15.33,EUR,card
TXN00004314,USR004645,2026-06-15T09:14:56Z,241.21,EUR,FX
TXN00004233,USR001299,2026-06-15T09:44:42Z,36.84,GBP,card
TXN00000850,USR004797,2026-06-15T09:50:45Z,109.18,GBP,stocks
TXN00006338,USR004889,2026-06-15T10:15:16Z,5.71,EUR,card
TXN00004972,USR000602,2026-06-15T11:11:20Z,-37.10,EUR,card
TXN00001319,USR001212,2026-06-15T13:59:15Z,146.29,GBP,crypto
TXN00001084,USR001559,2026-06-15T14:49:29Z,-9.34,GBP,card
TXN00000773,USR000971,2026-06-15T15:35:03Z,298.92,GBP,savings
TXN00004475,USR003297,2026-06-15T16:33:30Z,168.69,EUR,savings
TXN00005181,USR003249,2026-06-15T16:56:51Z,71.68,CAD,FX
TXN00001772,USR003585,2026-06-15T17:11:43Z,48.53,SEK,card
TXN00002588,USR004372,2026-06-15T17:38:35Z,56.45,CHF,stocks
TXN00002918,USR000583,2026-06-15T18:50:27Z,81.47,SEK,card
TXN00002293,USR002753,2026-06-15T19:57:33Z,49.64,EUR,FX
TXN00007944,USR003724,2026-06-15T21:00:46Z,21.98,SEK,card
TXN00007368,USR001326,2026-06-15T22:45:18Z,96.35,EUR,stocks
TXN00000899,USR003243,2026-06-15T23:10:48Z,401.80,EUR,crypto
TXN00000883,USR004202,2026-06-16T00:32:08Z,21.72,EUR,card
TXN00000646,USR000448,2026-06-16T00:41:23Z,15.92,EUR,card
TXN00008263,USR000253,2026-06-16T00:43:01Z,1744.87,GBP,savings
TXN00004818,USR004509,2026-06-16T01:17:16Z,38.73,PLN,FX
TXN00008346,USR001716,2026-06-16T01:47:49Z,23.90,USD,card
TXN00004867,USR000204,2026-06-16T02:35:15Z,1315.64,GBP,FX
TXN00001793,USR004117,2026-06-16T03:11:14Z,58.00,EUR,card
TXN00006320,USR000126,2026-06-16T04:23:33Z,10.98,EUR,card
TXN00007067,USR000199,2026-06-16T05:44:36Z,15.76,CHF,card
TXN00008047,USR000429,2026-06-16T06:29:42Z,194.86,EUR,savings
TXN00008765,USR003958,2026-06-16T06:48:02Z,225.95,EUR,FX
TXN00007514,USR002052,2026-06-16T07:41:31Z,1006.48,RON,savings
TXN00005675,USR002856,2026-06-16T09:08:04Z,21.64,GBP,card
TXN00006546,USR002320,2026-06-16T09:25:27Z,236.12,EUR,savings
TXN00004411,USR003822,2026-06-16T12:09:48Z,188.29,RON,savings
TXN00003129,USR003994,2026-06-16T13:13:53Z,49.78,CHF,FX
TXN00002273,USR000217,2026-06-16T13:17:20Z,92.74,PLN,crypto
TXN00008805,USR001253,2026-06-16T14:16:24Z,33.79,CHF,card
TXN00008311,USR004217,2026-06-16T15:58:06Z,80.22,EUR,card
TXN00008111,USR002712,2026-06-16T19:29:12Z,11.12,EUR,card
TXN00006940,USR000819,2026-06-16T19:33:45Z,62.61,EUR,stocks
TXN00002767,USR000781,2026-06-16T19:45:05Z,6.64,NOK,card
TXN00001121,USR004595,2026-06-16T19:53:24Z,32.90,EUR,card
TXN00007485,USR001262,2026-06-16T20:33:12Z,12.63,EUR,card
TXN00004051,USR001876,2026-06-17T03:49:11Z,13.98,EUR,card
TXN00004777,USR000907,2026-06-17T04:05:38Z,11.35,EUR,card
TXN00003686,USR002601,2026-06-17T05:17:11Z,13.13,EUR,card
TXN00003542,USR004770,2026-06-17T05:35:19Z,37.31,EUR,card
TXN00007915,USR003771,2026-06-17T08:33:12Z,23.14,PLN,card
TXN00000048,USR003081,2026-06-17T11:27:14Z,46.81,CHF,card
TXN00006613,USR002149,2026-06-17T13:44:34Z,41.48,GBP,card
TXN00005124,USR000320,2026-06-17T15:05:05Z,29.42,GBP,card
TXN00002892,USR001582,2026-06-17T15:21:02Z,45.86,EUR,card
TXN00008133,USR000274,2026-06-17T15:22:45Z,270.87,EUR,savings
TXN00004117,USR004293,2026-06-17T18:24:53Z,238.61,EUR,stocks
TXN00001392,USR004323,2026-06-18T00:32:17Z,38.93,EUR,card
TXN00002742,USR001086,2026-06-18T01:15:45Z,383.77,NOK,FX
TXN00008588,USR002673,2026-06-18T01:23:11Z,62.01,GBP,card
TXN00005276,USR004827,2026-06-18T02:00:01Z,33.25,EUR,card
TXN00005520,USR000064,2026-06-18T02:26:47Z,19.59,EUR,card
TXN00003296,USR000082,2026-06-18T03:18:34Z,9.01,GBP,card
TXN00005697,USR003666,2026-06-18T04:27:37Z,16.34,GBP,card
TXN00008491,USR001995,2026-06-18T04:33:15Z,-20.16,EUR,card
TXN00006695,USR002865,2026-06-18T04:45:52Z,-78.58,EUR,card
TXN00007542,USR002263,2026-06-18T06:10:37Z,115.33,SEK,savings
TXN00003906,USR004577,2026-06-18T06:18:34Z,45.90,EUR,stocks
TXN00007071,USR003696,2026-06-18T06:30:58Z,462.63,EUR,FX
TXN00000951,USR004281,2026-06-18T10:24:58Z,7.73,EUR,card
TXN00004498,USR000745,2026-06-18T10:47:25Z,38.19,GBP,card
TXN00002196,USR001893,2026-06-18T12:05:48Z,8.17,EUR,card
TXN00003155,USR000954,2026-06-18T13:04:26Z,214.91,EUR,FX
TXN00003286,USR003402,2026-06-18T14:21:16Z,21.16,EUR,card
TXN00008587,USR003907,2026-06-18T14:57:32Z,46.89,PLN,card
TXN00008695,USR002317,2026-06-18T15:04:03Z,116.76,EUR,card
TXN00000280,USR003013,2026-06-18T15:31:54Z,31.19,PLN,card
TXN00004943,USR004163,2026-06-18T15:38:53Z,-28.82,EUR,card
TXN00004317,USR002988,2026-06-18T16:05:31Z,796.12,EUR,savings
TXN00001747,USR001325,2026-06-18T16:06:55Z,490.62,EUR,crypto
TXN00001787,USR002944,2026-06-18T16:27:24Z,55.01,GBP,crypto
TXN00006932,USR001525,2026-06-18T17:14:29Z,236.77,EUR,stocks
TXN00002216,USR002599,2026-06-18T18:55:38Z,306.40,EUR,FX
TXN00005884,USR003268,2026-06-18T19:16:43Z,296.69,GBP,savings
TXN00002251,USR003200,2026-06-18T21:12:00Z,583.07,EUR,FX
TXN00003132,USR002407,2026-06-18T21:16:10Z,572.47,EUR,FX
TXN00000761,USR000241,2026-06-19T00:21:39Z,39.50,EUR,card
TXN00003171,USR001103,2026-06-19T01:47:37Z,1824.52,EUR,stocks
TXN00006253,USR002090,2026-06-19T01:50:46Z,33.45,EUR,card
TXN00004160,USR001906,2026-06-19T02:10:21Z,16.22,GBP,card
TXN00000920,USR000535,2026-06-19T02:37:33Z,158.67,USD,crypto
TXN00004072,USR001443,2026-06-19T02:49:15Z,35.50,CHF,card
TXN00006247,USR001443,2026-06-19T03:36:40Z,42.02,GBP,card
TXN00006456,USR001361,2026-06-19T04:35:48Z,129.04,GBP,stocks
TXN00007370,USR002689,2026-06-19T05:52:54Z,23.31,PLN,card
TXN00002646,USR000239,2026-06-19T08:18:36Z,5.68,EUR,card
TXN00004090,USR003902,2026-06-19T08:47:39Z,3.37,EUR,card
TXN00002452,USR002445,2026-06-19T09:05:37Z,84.28,GBP,crypto
TXN00000452,USR001117,2026-06-19T09:19:11Z,216.29,EUR,savings
TXN00008193,USR003989,2026-06-19T10:08:04Z,-8.93,GBP,card
TXN00003223,USR002446,2026-06-19T11:49:25Z,336.00,EUR,savings
TXN00008423,USR004939,2026-06-19T13:29:48Z,106.42,EUR,FX
TXN00003578,USR004511,2026-06-19T13:41:04Z,309.49,EUR,FX
TXN00003366,USR004420,2026-06-19T13:41:43Z,404.88,GBP,savings
TXN00001552,USR004760,2026-06-19T15:59:24Z,23.14,EUR,card
TXN00001955,USR001441,2026-06-19T16:09:44Z,935.55,EUR,FX
TXN00002671,USR002245,2026-06-19T19:14:13Z,156.77,GBP,crypto
TXN00006141,USR004754,2026-06-19T19:42:56Z,510.21,EUR,savings
TXN00008780,USR000516,2026-06-19T19:48:15Z,19.24,PLN,card
TXN00002972,USR000791,2026-06-19T21:38:24Z,276.85,EUR,FX
TXN00006362,USR002835,2026-06-20T01:46:18Z,50.54,PLN,card
TXN00007941,USR003821,2026-06-20T02:39:50Z,76.55,EUR,stocks
TXN00003150,USR000171,2026-06-20T02:49:23Z,101.96,PLN,stocks
TXN00007423,USR002945,2026-06-20T03:19:53Z,22.72,GBP,card
TXN00007652,USR001454,2026-06-20T03:37:00Z,776.71,GBP,FX
TXN00001699,USR002755,2026-06-20T03:37:36Z,24.91,EUR,crypto
TXN00001937,USR001671,2026-06-20T04:34:10Z,773.01,EUR,stocks
TXN00008966,USR001974,2026-06-20T07:23:53Z,258.49,GBP,savings
TXN00004227,USR002685,2026-06-20T07:32:56Z,545.18,EUR,crypto
TXN00000908,USR002380,2026-06-20T08:00:06Z,123.18,EUR,card
TXN00000216,USR000674,2026-06-20T08:26:30Z,19.00,CAD,card
TXN00007857,USR002392,2026-06-20T08:56:13Z,26.54,GBP,card
TXN00002232,USR002411,2026-06-20T11:01:31Z,505.16,EUR,savings
TXN00004973,USR003191,2026-06-20T12:36:56Z,-14.58,EUR,card
TXN00002652,USR000587,2026-06-20T13:56:38Z,28.29,GBP,card
TXN00006072,USR002043,2026-06-20T14:13:59Z,17.72,PLN,card
TXN00005833,USR000289,2026-06-20T17:16:46Z,528.86,NOK,FX
TXN00000373,USR002621,2026-06-20T19:02:44Z,20.62,PLN,card
TXN00005644,USR002004,2026-06-20T20:49:54Z,27.45,EUR,card
TXN00007998,USR004094,2026-06-20T21:41:57Z,89.33,EUR,card
TXN00007220,USR003669,2026-06-20T21:46:53Z,46.32,EUR,card
TXN00008621,USR001075,2026-06-20T22:08:20Z,18.07,GBP,card
TXN00005956,USR000974,2026-06-20T23:30:49Z,33.50,EUR,card
TXN00000413,USR002899,2026-06-21T00:34:13Z,19.17,GBP,card
TXN00008348,USR002321,2026-06-21T00:59:02Z,565.71,GBP,FX
TXN00003644,USR004230,2026-06-21T01:59:34Z,24.13,EUR,card
TXN00000607,USR002616,2026-06-21T04:51:40Z,87.40,NOK,crypto
TXN00007739,USR000426,2026-06-21T05:05:23Z,178.55,GBP,savings
TXN00002130,USR000739,2026-06-21T07:21:52Z,39.63,EUR,card
TXN00005973,USR003312,2026-06-21T08:26:49Z,23.93,PLN,card
TXN00001765,USR004751,2026-06-21T09:48:07Z,70.78,GBP,card
TXN00000446,USR002347,2026-06-21T10:20:31Z,25.10,EUR,card
TXN00007158,USR003644,2026-06-21T11:00:17Z,33.79,GBP,card
TXN00000283,USR002113,2026-06-21T11:09:24Z,47.39,EUR,card
TXN00005999,USR002446,2026-06-21T11:12:37Z,17.27,EUR,card
TXN00007109,USR004555,2026-06-21T13:45:13Z,662.92,EUR,crypto
TXN00008324,USR004114,2026-06-21T14:32:19Z,85.96,EUR,crypto
TXN00006258,USR003326,2026-06-21T15:07:37Z,9.53,EUR,card
TXN00005506,USR002162,2026-06-21T15:16:07Z,37.51,EUR,card
TXN00008982,USR002522,2026-06-21T17:13:26Z,90.41,RON,card
TXN00004466,USR000915,2026-06-21T20:11:29Z,245.12,GBP,crypto
TXN00002971,USR002147,2026-06-21T21:14:27Z,24.01,EUR,card
TXN00003033,USR004333,2026-06-21T21:31:43Z,393.45,EUR,crypto
TXN00003585,USR003214,2026-06-21T22:00:29Z,25.86,EUR,card
TXN00007621,USR000361,2026-06-21T22:02:46Z,10.16,EUR,card
TXN00005719,USR003704,2026-06-21T22:56:12Z,24.15,GBP,card
TXN00004278,USR003016,2026-06-21T23:13:01Z,84.44,EUR,FX
TXN00005587,USR001289,2026-06-21T23:25:04Z,10.88,EUR,card
TXN00001558,USR000350,2026-06-22T00:30:06Z,41.90,GBP,card
TXN00000623,USR003081,2026-06-22T01:41:31Z,116.67,GBP,FX
TXN00002755,USR003910,2026-06-22T04:22:08Z,258.58,GBP,stocks
TXN00005669,USR004617,2026-06-22T05:03:43Z,242.50,PLN,crypto
TXN00003922,USR002700,2026-06-22T06:24:24Z,6.47,JPY,card
TXN00000475,USR004114,2026-06-22T06:49:43Z,59.26,EUR,card
TXN00000429,USR003305,2026-06-22T10:16:08Z,17.86,GBP,card
TXN00001052,USR003774,2026-06-22T10:23:57Z,34.33,EUR,card
TXN00007195,USR001344,2026-06-22T10:43:21Z,34.91,PLN,card
TXN00005028,USR000119,2026-06-22T11:42:10Z,660.72,EUR,FX
TXN00000892,USR002418,2026-06-22T11:46:21Z,131.25,SEK,FX
TXN00008752,USR000185,2026-06-22T12:36:30Z,107.40,EUR,stocks
TXN00008925,USR002679,2026-06-22T18:13:56Z,81.60,JPY,savings
TXN00005897,USR001775,2026-06-22T18:36:51Z,26.46,GBP,card
TXN00003860,USR000424,2026-06-22T20:09:13Z,63.97,EUR,crypto
TXN00007834,USR003074,2026-06-22T21:28:55Z,394.64,CAD,FX
TXN00007653,USR003800,2026-06-22T21:50:14Z,839.55,EUR,FX
TXN00005137,USR000916,2026-06-22T22:08:51Z,17.88,GBP,card
TXN00000884,USR002435,2026-06-22T22:58:22Z,33.75,EUR,card
TXN00001398,USR000516,2026-06-23T00:02:33Z,35.86,CAD,card
TXN00001763,USR000769,2026-06-23T01:41:38Z,131.96,PLN,stocks
TXN00007255,USR002685,2026-06-23T03:31:45Z,244.96,EUR,crypto
TXN00003987,USR002371,2026-06-23T03:42:48Z,8.88,EUR,card
TXN00002969,USR002727,2026-06-23T05:14:09Z,15.22,GBP,card
TXN00006946,USR002196,2026-06-23T05:36:44Z,21.46,GBP,card
TXN00004439,USR001426,2026-06-23T06:34:24Z,233.75,EUR,crypto
TXN00006673,USR002190,2026-06-23T09:43:00Z,85.23,JPY,crypto
TXN00001648,USR001468,2026-06-23T09:43:32Z,2104.14,EUR,savings
TXN00002996,USR001874,2026-06-23T10:25:20Z,33.74,CAD,card
TXN00008861,USR004967,2026-06-23T11:50:28Z,33.23,GBP,card
TXN00005095,USR000649,2026-06-23T12:30:13Z,19.94,EUR,card
TXN00003564,USR003373,2026-06-23T12:34:22Z,197.06,PLN,savings
TXN00004549,USR004015,2026-06-23T15:58:19Z,63.12,USD,FX
TXN00005482,USR001383,2026-06-23T19:41:41Z,6.25,GBP,card
TXN00000213,USR004246,2026-06-23T21:04:57Z,293.92,GBP,FX
TXN00002915,USR001226,2026-06-23T21:48:01Z,17.50,GBP,card
TXN00000491,USR000613,2026-06-23T22:36:49Z,198.87,EUR,stocks
TXN00006645,USR004087,2026-06-23T23:32:54Z,32.74,GBP,card
TXN00001278,USR004286,2026-06-24T01:08:48Z,14.72,GBP,card
TXN00003647,USR004885,2026-06-24T03:16:32Z,383.11,GBP,stocks
TXN00001515,USR002517,2026-06-24T03:49:20Z,17.49,SEK,card
TXN00004506,USR000620,2026-06-24T04:13:04Z,20.04,RON,card
TXN00003257,USR002852,2026-06-24T04:46:00Z,57.31,EUR,card
TXN00005322,USR004354,2026-06-24T05:00:08Z,73.73,EUR,card
TXN00005400,USR000007,2026-06-24T06:23:30Z,192.07,CHF,stocks
TXN00002115,USR003495,2026-06-24T06:36:38Z,9.71,GBP,card
TXN00008976,USR002535,2026-06-24T08:07:15Z,56.10,EUR,card
TXN00008328,USR003704,2026-06-24T08:51:12Z,136.06,GBP,savings
TXN00002414,USR003864,2026-06-24T09:21:56Z,34.23,GBP,card
TXN00002991,USR001719,2026-06-24T10:34:34Z,76.02,GBP,card
TXN00000875,USR002974,2026-06-24T11:15:23Z,281.08,EUR,savings
TXN00004970,USR001104,2026-06-24T11:55:50Z,45.60,GBP,card
TXN00002150,USR001049,2026-06-24T12:54:15Z,31.55,GBP,card
TXN00004487,USR000824,2026-06-24T12:56:33Z,3.29,RON,card
TXN00002304,USR001212,2026-06-24T15:16:32Z,9.75,GBP,card
TXN00001907,USR004631,2026-06-24T16:00:53Z,6.82,SEK,card
TXN00002002,USR001810,2026-06-24T16:55:44Z,261.19,GBP,crypto
TXN00007363,USR002766,2026-06-24T21:12:46Z,77.13,GBP,FX
TXN00008296,USR000820,2026-06-24T22:12:45Z,34.02,EUR,card
TXN00006198,USR003785,2026-06-25T00:16:37Z,113.93,GBP,crypto
TXN00007807,USR002254,2026-06-25T02:10:23Z,47.63,EUR,card
TXN00003103,USR004617,2026-06-25T03:25:27Z,81.98,PLN,stocks
TXN00003803,USR002084,2026-06-25T07:38:45Z,34.60,EUR,card
TXN00002531,USR001307,2026-06-25T08:13:15Z,608.54,CHF,savings
TXN00007600,USR000705,2026-06-25T11:46:51Z,88.43,EUR,FX
TXN00005809,USR001654,2026-06-25T12:43:55Z,160.21,EUR,savings
TXN00006245,USR000566,2026-06-25T12:54:58Z,349.91,EUR,crypto
TXN00005812,USR003989,2026-06-25T12:56:26Z,29.77,GBP,card
TXN00002723,USR003746,2026-06-25T13:09:14Z,-6.75,PLN,card
TXN00003208,USR002892,2026-06-25T17:32:11Z,253.05,EUR,stocks
TXN00000219,USR003624,2026-06-25T18:01:02Z,577.34,GBP,FX
TXN00007430,USR001690,2026-06-25T19:34:07Z,9.00,USD,card
TXN00003872,USR002646,2026-06-25T20:59:05Z,19.60,PLN,card
TXN00007156,USR003307,2026-06-25T21:15:09Z,292.65,EUR,stocks
TXN00005123,USR003389,2026-06-25T22:06:08Z,31.40,EUR,card
TXN00008794,USR003073,2026-06-25T22:50:21Z,63.12,RON,card
TXN00005489,USR001674,2026-06-25T23:51:34Z,1771.82,GBP,savings
TXN00007088,USR001269,2026-06-26T00:25:04Z,56.17,GBP,card
TXN00002602,USR002366,2026-06-26T00:52:53Z,65.32,EUR,card
TXN00001347,USR004337,2026-06-26T01:50:38Z,357.34,EUR,FX
TXN00003634,USR001890,2026-06-26T02:09:23Z,373.53,EUR,savings
TXN00000267,USR001096,2026-06-26T04:46:30Z,21.42,SEK,card
TXN00000220,USR002772,2026-06-26T06:20:06Z,34.86,GBP,stocks
TXN00008065,USR003369,2026-06-26T06:40:05Z,5.59,GBP,card
TXN00000224,USR003176,2026-06-26T08:02:12Z,176.65,GBP,crypto
TXN00000316,USR004240,2026-06-26T09:05:46Z,45.57,EUR,card
TXN00008933,USR003929,2026-06-26T09:09:30Z,33.47,GBP,card
TXN00005444,USR003660,2026-06-26T09:49:30Z,10.09,EUR,card
TXN00003560,USR004674,2026-06-26T12:58:11Z,14.08,RON,card
TXN00005218,USR000190,2026-06-26T13:11:34Z,8.61,GBP,card
TXN00006494,USR003918,2026-06-26T13:30:20Z,471.20,EUR,FX
TXN00005006,USR003380,2026-06-26T14:34:14Z,143.00,EUR,card
TXN00001972,USR004429,2026-06-26T17:50:31Z,42.66,PLN,crypto
TXN00000261,USR003989,2026-06-26T18:00:03Z,16.83,CAD,card
TXN00001608,USR003581,2026-06-26T19:27:31Z,11.99,EUR,card
TXN00006165,USR003185,2026-06-26T21:34:28Z,1708.58,EUR,savings
TXN00004755,USR002507,2026-06-26T21:53:41Z,112.05,EUR,savings
TXN00004801,USR001692,2026-06-26T22:06:46Z,393.85,EUR,FX
TXN00001842,USR003124,2026-06-27T01:34:47Z,12.98,NOK,card
TXN00001959,USR002992,2026-06-27T02:25:16Z,964.83,CAD,savings
TXN00005576,USR001158,2026-06-27T03:15:38Z,700.57,RON,FX
TXN00004904,USR000062,2026-06-27T04:51:42Z,18.32,EUR,card
TXN00007919,USR002879,2026-06-27T06:57:59Z,10.55,EUR,card
TXN00004253,USR003959,2026-06-27T07:48:09Z,17.23,GBP,card
TXN00000353,USR000741,2026-06-27T07:59:12Z,81.22,PLN,card
TXN00000065,USR000247,2026-06-27T08:01:23Z,410.62,EUR,FX
TXN00008791,USR002430,2026-06-27T09:21:56Z,1911.11,GBP,FX
TXN00007712,USR002586,2026-06-27T09:38:21Z,246.98,EUR,stocks
TXN00008566,USR004761,2026-06-27T10:24:00Z,22.09,EUR,card
TXN00001642,USR002980,2026-06-27T11:29:23Z,24.28,EUR,card
TXN00007587,USR004558,2026-06-27T12:42:37Z,16.92,GBP,card
TXN00002758,USR003274,2026-06-27T13:37:35Z,29.19,GBP,card
TXN00000804,USR000241,2026-06-27T16:36:55Z,112.79,CHF,FX
TXN00001308,USR000225,2026-06-27T18:43:10Z,559.83,RON,savings
TXN00005815,USR002824,2026-06-27T19:16:38Z,145.91,CAD,crypto
TXN00000890,USR003350,2026-06-27T20:43:08Z,55.18,PLN,card
TXN00000626,USR003132,2026-06-27T21:23:00Z,-13.36,EUR,card
TXN00006193,USR000655,2026-06-27T22:57:58Z,17.73,EUR,card
TXN00004547,USR003826,2026-06-27T23:37:42Z,160.01,EUR,card
TXN00006890,USR002543,2026-06-28T00:30:20Z,1067.58,USD,stocks
TXN00005567,USR002253,2026-06-28T01:31:19Z,30.33,EUR,card
TXN00005433,USR003540,2026-06-28T01:41:11Z,7.85,SEK,card
TXN00007310,USR004017,2026-06-28T03:23:23Z,22.27,PLN,card
TXN00004348,USR002945,2026-06-28T06:05:14Z,309.40,GBP,FX
TXN00000215,USR001887,2026-06-28T08:52:21Z,2.04,GBP,card
TXN00005717,USR004924,2026-06-28T09:55:21Z,438.26,EUR,FX
TXN00006360,USR003370,2026-06-28T12:20:02Z,52.21,CHF,card
TXN00001368,USR001674,2026-06-28T12:28:01Z,145.02,GBP,card
TXN00004412,USR001601,2026-06-28T12:40:13Z,39.43,EUR,card
TXN00002556,USR004741,2026-06-28T13:00:51Z,142.31,EUR,savings
TXN00001499,USR003290,2026-06-28T13:25:52Z,416.85,EUR,FX
TXN00004651,USR003290,2026-06-28T14:44:22Z,31.22,EUR,card
TXN00008159,USR000684,2026-06-28T15:28:35Z,416.37,EUR,savings
TXN00002608,USR004017,2026-06-28T16:41:05Z,902.71,PLN,FX
TXN00007271,USR003286,2026-06-28T16:47:50Z,10.29,EUR,card
TXN00005144,USR003118,2026-06-28T17:18:49Z,19.37,EUR,card
TXN00004817,USR000662,2026-06-28T20:58:45Z,73.20,EUR,FX
TXN00008392,USR001271,2026-06-28T21:30:22Z,21.30,CAD,card
TXN00007767,USR003352,2026-06-28T22:10:00Z,1208.02,NOK,savings
TXN00007128,USR003016,2026-06-29T01:18:05Z,116.77,EUR,savings
TXN00006927,USR001119,2026-06-29T01:18:16Z,134.42,EUR,FX
TXN00004388,USR002508,2026-06-29T02:24:29Z,48.31,PLN,FX
TXN00008120,USR001292,2026-06-29T03:44:51Z,74.08,GBP,stocks
TXN00006901,USR001650,2026-06-29T07:02:16Z,14.98,GBP,card
TXN00002724,USR004561,2026-06-29T07:17:44Z,1335.87,GBP,savings
TXN00004480,USR002746,2026-06-29T07:24:00Z,64.52,EUR,crypto
TXN00006599,USR003145,2026-06-29T09:32:59Z,14.07,GBP,card
TXN00008434,USR002548,2026-06-29T11:12:08Z,119.54,EUR,crypto
TXN00007127,USR004886,2026-06-29T14:23:16Z,68.92,EUR,stocks
TXN00003974,USR003460,2026-06-29T15:42:40Z,157.29,GBP,crypto
TXN00008094,USR003833,2026-06-29T17:06:17Z,450.54,EUR,savings
TXN00004380,USR004824,2026-06-29T19:57:04Z,20.21,USD,card
TXN00004877,USR001021,2026-06-29T22:04:06Z,19.42,EUR,card
TXN00001535,USR004573,2026-06-29T22:31:36Z,101.41,RON,FX
TXN00005537,USR004074,2026-06-29T22:36:02Z,17.41,GBP,card
TXN00006248,USR002155,2026-06-29T23:49:58Z,65.03,GBP,card
TXN00003031,USR001051,2026-06-30T01:18:12Z,17.85,NOK,card
TXN00006702,USR004964,2026-06-30T01:47:28Z,34.96,EUR,card
TXN00001022,USR003408,2026-06-30T02:37:40Z,1514.73,EUR,FX
TXN00008359,USR002253,2026-06-30T05:06:41Z,242.82,EUR,FX
TXN00005367,USR000400,2026-06-30T07:01:18Z,1.36,EUR,card
TXN00007887,USR001401,2026-06-30T09:44:20Z,1173.72,JPY,savings
TXN00001433,USR003248,2026-06-30T11:09:16Z,56.81,PLN,card
TXN00002501,USR000736,2026-06-30T11:14:36Z,24.34,EUR,card
TXN00004349,USR001437,2026-06-30T11:25:04Z,32.14,GBP,card
TXN00002257,USR004334,2026-06-30T12:03:05Z,80.41,CAD,stocks
TXN00004719,USR002392,2026-06-30T12:17:55Z,1827.77,GBP,savings
TXN00000397,USR004301,2026-06-30T12:58:22Z,115.80,RON,card
TXN00003702,USR001454,2026-06-30T13:29:14Z,283.77,GBP,stocks
TXN00000716,USR000880,2026-06-30T15:30:37Z,12.44,USD,card
TXN00006556,USR004033,2026-06-30T16:14:49Z,167.16,EUR,savings
TXN00006310,USR000804,2026-06-30T19:44:09Z,26.16,EUR,card
TXN00006471,USR002640,2026-06-30T20:27:05Z,14.55,SEK,card
TXN00008818,USR002297,2026-06-30T21:12:48Z,24.12,GBP,card
TXN00004163,USR002371,2026-06-30T23:25:02Z,32.28,EUR,stocks
TXN00007194,USR002615,2026-07-01T02:24:48Z,37.87,GBP,card
TXN00000677,USR001860,2026-07-01T02:27:10Z,117.32,EUR,crypto
TXN00007811,USR002504,2026-07-01T04:30:17Z,75.63,EUR,crypto
TXN00001065,USR003305,2026-07-01T07:55:38Z,536.20,GBP,stocks
TXN00004718,USR001309,2026-07-01T09:37:01Z,13.39,PLN,card
TXN00003003,USR004163,2026-07-01T09:51:14Z,17.24,EUR,card
TXN00004066,USR002839,2026-07-01T09:57:09Z,42.94,GBP,stocks
TXN00002658,USR004071,2026-07-01T11:35:08Z,17.99,EUR,card
TXN00006002,USR000602,2026-07-01T14:03:27Z,16.99,EUR,card
TXN00007497,USR002108,2026-07-01T15:05:11Z,5.11,GBP,card
TXN00003808,USR002467,2026-07-01T15:07:25Z,87.56,PLN,savings
TXN00003335,USR003718,2026-07-01T15:39:00Z,69.29,GBP,FX
TXN00008600,USR002365,2026-07-01T16:23:51Z,87.91,EUR,savings
TXN00004237,USR002709,2026-07-01T20:25:03Z,47.06,PLN,card
TXN00008009,USR003662,2026-07-01T20:34:09Z,284.99,EUR,savings
TXN00005479,USR003494,2026-07-01T20:44:44Z,89.08,PLN,crypto
TXN00008832,USR000062,2026-07-01T21:46:55Z,43.54,EUR,card
TXN00006770,USR001145,2026-07-01T21:48:04Z,239.95,EUR,savings
TXN00001491,USR003131,2026-07-01T22:30:01Z,215.47,GBP,savings
TXN00000748,USR000489,2026-07-01T22:46:49Z,83.81,NOK,card
TXN00006101,USR000723,2026-07-02T01:17:26Z,9.29,NOK,card
TXN00007376,USR004338,2026-07-02T03:08:32Z,5.15,EUR,card
TXN00002690,USR002487,2026-07-02T04:35:34Z,8.49,EUR,card
TXN00008115,USR002084,2026-07-02T05:12:49Z,1091.26,NOK,savings
TXN00007455,USR003284,2026-07-02T09:15:46Z,19.24,EUR,card
TXN00003762,USR004537,2026-07-02T11:13:11Z,1453.73,EUR,stocks
TXN00008052,USR002586,2026-07-02T12:10:06Z,17.39,EUR,card
TXN00002923,USR002925,2026-07-02T12:34:00Z,37.09,GBP,card
TXN00001740,USR002430,2026-07-02T19:08:49Z,8.66,GBP,card
TXN00003056,USR004454,2026-07-02T19:51:03Z,11.48,PLN,card
TXN00006428,USR001535,2026-07-02T21:29:56Z,405.17,EUR,savings
TXN00007609,USR004099,2026-07-02T22:28:03Z,186.36,EUR,FX
TXN00000843,USR004710,2026-07-02T23:14:53Z,161.74,GBP,stocks
TXN00000281,USR001995,2026-07-02T23:34:57Z,222.06,PLN,crypto
TXN00007543,USR001219,2026-07-02T23:51:58Z,26.81,CHF,crypto
TXN00000752,USR001376,2026-07-02T23:53:07Z,-5.91,GBP,card
TXN00004170,USR000700,2026-07-03T00:26:10Z,10.16,EUR,card
TXN00001466,USR000582,2026-07-03T01:05:16Z,62.03,PLN,stocks
TXN00003688,USR003034,2026-07-03T01:12:06Z,1868.58,GBP,savings
TXN00007029,USR003892,2026-07-03T01:48:03Z,19.09,GBP,card
TXN00000837,USR001343,2026-07-03T04:54:04Z,144.78,GBP,savings
TXN00007454,USR001696,2026-07-03T05:23:07Z,25.41,EUR,card
TXN00005807,USR004351,2026-07-03T06:46:39Z,19.85,GBP,card
TXN00005105,USR003054,2026-07-03T08:22:14Z,15.04,NOK,crypto
TXN00002871,USR001080,2026-07-03T08:29:23Z,489.63,EUR,crypto
TXN00002525,USR004558,2026-07-03T09:51:33Z,811.84,GBP,savings
TXN00002947,USR000798,2026-07-03T10:49:11Z,52.07,EUR,card
TXN00008776,USR003537,2026-07-03T11:31:19Z,25.48,SEK,card
TXN00004171,USR002789,2026-07-03T11:59:09Z,39.98,GBP,card
TXN00005622,USR002513,2026-07-03T12:57:51Z,438.44,EUR,crypto
TXN00003260,USR002967,2026-07-03T16:15:30Z,455.94,GBP,savings
TXN00004150,USR002350,2026-07-03T17:31:42Z,29.24,EUR,card
TXN00005606,USR004703,2026-07-03T19:43:14Z,545.08,GBP,FX
TXN00003279,USR002958,2026-07-03T21:50:59Z,63.33,EUR,card
TXN00007904,USR000828,2026-07-04T00:33:39Z,56.76,CHF,card
TXN00008475,USR002910,2026-07-04T01:43:20Z,51.23,GBP,card
TXN00007435,USR003894,2026-07-04T02:29:47Z,39.99,EUR,card
TXN00002260,USR004484,2026-07-04T03:09:18Z,25.00,CHF,card
TXN00005593,USR002967,2026-07-04T03:47:07Z,42.87,GBP,card
TXN00007606,USR003786,2026-07-04T04:36:08Z,64.99,GBP,card
TXN00007995,USR004656,2026-07-04T04:46:12Z,42.73,EUR,card
TXN00005407,USR003625,2026-07-04T06:41:42Z,11.86,EUR,card
TXN00004135,USR003098,2026-07-04T06:42:58Z,347.20,EUR,FX
TXN00000110,USR004344,2026-07-04T08:45:47Z,82.26,PLN,card
TXN00004404,USR000994,2026-07-04T08:54:08Z,4.93,PLN,card
TXN00001798,USR004774,2026-07-04T10:23:58Z,28.67,PLN,card
TXN00002666,USR003028,2026-07-04T11:46:39Z,266.38,GBP,stocks
TXN00004889,USR004325,2026-07-04T12:40:17Z,424.84,USD,FX
TXN00007921,USR003265,2026-07-04T13:37:42Z,9.93,PLN,card
TXN00002810,USR003209,2026-07-04T13:44:39Z,16.38,GBP,card
TXN00008784,USR004897,2026-07-04T14:22:46Z,387.20,EUR,savings
TXN00007663,USR000745,2026-07-04T15:39:55Z,12.78,GBP,card
TXN00003540,USR003974,2026-07-04T16:11:35Z,105.68,EUR,stocks
TXN00006127,USR001673,2026-07-04T16:57:54Z,7.77,EUR,card
TXN00000470,USR004426,2026-07-04T18:55:49Z,575.91,GBP,FX
TXN00004354,USR000953,2026-07-04T19:53:43Z,130.58,PLN,savings
TXN00004504,USR001258,2026-07-04T19:54:23Z,785.42,GBP,savings
TXN00004813,USR001641,2026-07-05T00:01:04Z,3.34,NOK,card
TXN00000977,USR001657,2026-07-05T03:23:28Z,10.80,RON,card
TXN00004042,USR003239,2026-07-05T03:47:43Z,34.18,EUR,card
TXN00005220,USR000376,2026-07-05T04:12:10Z,56.99,EUR,crypto
TXN00006819,USR001378,2026-07-05T04:19:47Z,183.32,EUR,savings
TXN00006436,USR004834,2026-07-05T05:45:17Z,121.03,SEK,card
TXN00008351,USR000923,2026-07-05T05:51:29Z,27.18,EUR,card
TXN00002264,USR002297,2026-07-05T07:56:56Z,54.96,GBP,crypto
TXN00000189,USR002497,2026-07-05T09:03:05Z,18.56,NOK,card
TXN00000056,USR002830,2026-07-05T09:30:40Z,99.37,EUR,stocks
TXN00008864,USR001998,2026-07-05T10:16:11Z,27.28,SEK,card
TXN00001171,USR004390,2026-07-05T10:16:35Z,31.81,EUR,card
TXN00005552,USR000758,2026-07-05T11:08:12Z,47.91,PLN,card
TXN00002976,USR001134,2026-07-05T11:31:31Z,474.27,CHF,FX
TXN00005706,USR001789,2026-07-05T11:54:50Z,27.80,RON,card
TXN00004454,USR001361,2026-07-05T12:14:10Z,19.38,GBP,card
TXN00000154,USR001792,2026-07-05T13:13:02Z,732.61,SEK,savings
TXN00006021,USR000109,2026-07-05T14:01:40Z,52.68,EUR,card
TXN00006474,USR004374,2026-07-05T14:59:14Z,294.42,GBP,crypto
TXN00004622,USR004991,2026-07-05T15:31:07Z,559.79,GBP,savings
TXN00008001,USR001226,2026-07-05T16:07:35Z,10.52,PLN,card
TXN00004080,USR004647,2026-07-05T16:13:58Z,20.14,PLN,card
TXN00005742,USR002439,2026-07-05T16:25:55Z,116.05,SEK,savings
TXN00007166,USR004382,2026-07-05T18:12:02Z,10.75,EUR,card
TXN00008719,USR001711,2026-07-05T20:18:06Z,28.61,GBP,card
TXN00001655,USR001782,2026-07-05T20:55:54Z,40.76,CHF,card
TXN00001761,USR002829,2026-07-05T21:01:08Z,31.06,CAD,FX
TXN00006917,USR001890,2026-07-05T22:18:46Z,581.36,EUR,FX
TXN00002638,USR000892,2026-07-06T00:21:35Z,355.82,SEK,savings
TXN00003390,USR004903,2026-07-06T01:08:18Z,888.59,GBP,savings
TXN00002734,USR004470,2026-07-06T01:21:23Z,162.31,PLN,FX
TXN00001813,USR003317,2026-07-06T03:16:07Z,33.87,EUR,card
TXN00008361,USR000236,2026-07-06T04:38:58Z,347.86,EUR,savings
TXN00005621,USR000340,2026-07-06T05:54:54Z,21.05,GBP,card
TXN00006634,USR000120,2026-07-06T06:26:34Z,853.38,GBP,savings
TXN00005244,USR003249,2026-07-06T06:42:54Z,-20.79,GBP,card
TXN00005277,USR000742,2026-07-06T08:39:39Z,21.79,EUR,card
TXN00002490,USR002301,2026-07-06T09:10:10Z,206.99,EUR,savings
TXN00006203,USR000373,2026-07-06T10:25:47Z,17.17,EUR,card
TXN00000732,USR004357,2026-07-06T11:24:58Z,95.24,PLN,card
TXN00003189,USR003847,2026-07-06T11:28:00Z,19.87,EUR,card
TXN00007744,USR000266,2026-07-06T14:02:04Z,7.88,EUR,card
TXN00008515,USR001321,2026-07-06T16:20:21Z,19.13,GBP,card
TXN00004435,USR004544,2026-07-06T16:50:08Z,33.53,PLN,card
TXN00002937,USR002791,2026-07-06T17:18:23Z,34.05,PLN,card
TXN00002448,USR003631,2026-07-06T17:40:09Z,60.12,EUR,card
TXN00004778,USR003567,2026-07-06T17:44:27Z,199.38,JPY,FX
TXN00003328,USR000266,2026-07-06T19:19:25Z,353.86,EUR,FX
TXN00005750,USR003140,2026-07-06T21:02:03Z,5.58,GBP,card
TXN00001468,USR004524,2026-07-07T00:45:02Z,10.98,EUR,card
TXN00006051,USR001475,2026-07-07T06:07:04Z,129.75,USD,card
TXN00001010,USR003618,2026-07-07T07:03:20Z,38.49,EUR,card
TXN00007936,USR001445,2026-07-07T07:05:57Z,53.57,EUR,card
TXN00008518,USR002041,2026-07-07T11:42:53Z,30.90,EUR,crypto
TXN00000776,USR000922,2026-07-07T12:07:43Z,15.58,GBP,card
TXN00003169,USR000018,2026-07-07T13:03:15Z,10.21,EUR,card
TXN00006718,USR001168,2026-07-07T13:36:20Z,18.16,CHF,card
TXN00007318,USR000668,2026-07-07T13:39:17Z,28.27,NOK,card
TXN00006667,USR002324,2026-07-07T15:21:15Z,49.87,EUR,card
TXN00004969,USR004309,2026-07-07T16:55:18Z,133.87,GBP,savings
TXN00002974,USR000683,2026-07-07T17:12:57Z,404.41,EUR,savings
TXN00001963,USR002007,2026-07-07T19:14:14Z,326.77,GBP,card
TXN00000352,USR000985,2026-07-07T21:01:41Z,39.96,SEK,card
TXN00003218,USR002893,2026-07-07T23:13:26Z,5.04,EUR,card
TXN00006043,USR003670,2026-07-08T01:15:13Z,162.40,NOK,stocks
TXN00007784,USR003306,2026-07-08T01:41:19Z,1408.07,EUR,savings
TXN00004641,USR004719,2026-07-08T03:49:40Z,51.14,EUR,stocks
TXN00004770,USR001555,2026-07-08T03:57:10Z,52.34,GBP,card
TXN00000075,USR001386,2026-07-08T04:58:15Z,12.21,EUR,card
TXN00005003,USR004915,2026-07-08T05:57:24Z,8.44,CHF,card
TXN00008256,USR003796,2026-07-08T06:29:50Z,436.47,EUR,stocks
TXN00007782,USR003216,2026-07-08T07:04:42Z,912.78,PLN,savings
TXN00000061,USR001021,2026-07-08T07:53:41Z,134.62,PLN,crypto
TXN00003845,USR004741,2026-07-08T09:27:21Z,125.35,PLN,card
TXN00006716,USR004322,2026-07-08T11:45:36Z,51.90,GBP,card
TXN00003231,USR001210,2026-07-08T12:02:52Z,11.95,EUR,card
TXN00004731,USR000467,2026-07-08T13:41:48Z,32.62,GBP,card
TXN00005272,USR003034,2026-07-08T14:57:27Z,35.54,GBP,card
TXN00000042,USR001262,2026-07-08T15:43:57Z,68.74,NOK,stocks
TXN00004835,USR001861,2026-07-08T18:50:41Z,58.34,EUR,card
TXN00005054,USR003108,2026-07-08T20:04:55Z,539.27,SEK,FX
TXN00008416,USR004429,2026-07-08T20:49:56Z,395.09,PLN,stocks
TXN00004091,USR000352,2026-07-08T20:50:03Z,13.23,EUR,card
TXN00002473,USR003049,2026-07-08T21:43:28Z,65.17,NOK,stocks
TXN00006272,USR002793,2026-07-08T22:52:57Z,185.80,GBP,FX
TXN00004791,USR000395,2026-07-09T05:05:53Z,549.02,RON,FX
TXN00002488,USR001457,2026-07-09T06:06:06Z,77.93,EUR,card
TXN00001304,USR002212,2026-07-09T08:44:20Z,4.22,GBP,card
TXN00006378,USR003493,2026-07-09T12:38:08Z,2.68,EUR,card
TXN00005040,USR003953,2026-07-09T13:36:10Z,269.88,SEK,savings
TXN00001024,USR001219,2026-07-09T13:38:48Z,215.30,CHF,savings
TXN00008697,USR001874,2026-07-09T14:37:02Z,39.05,EUR,card
TXN00007499,USR004162,2026-07-09T14:40:28Z,455.66,USD,savings
TXN00001192,USR001233,2026-07-09T14:43:00Z,862.49,EUR,savings
TXN00000655,USR000342,2026-07-09T15:21:03Z,40.61,EUR,card
TXN00004043,USR004267,2026-07-09T16:13:28Z,66.73,EUR,card
TXN00006574,USR002023,2026-07-09T16:31:59Z,31.68,EUR,card
TXN00006811,USR000400,2026-07-09T20:17:24Z,473.60,EUR,FX
TXN00006590,USR000317,2026-07-09T20:27:10Z,32.51,GBP,card
TXN00005173,USR002413,2026-07-09T20:59:35Z,61.59,GBP,card
TXN00000498,USR003618,2026-07-09T21:05:21Z,23.45,EUR,card
TXN00000781,USR003903,2026-07-09T23:17:54Z,8.53,EUR,card
TXN00005483,USR000931,2026-07-09T23:23:54Z,460.44,EUR,FX
TXN00004724,USR000696,2026-07-10T00:54:35Z,71.23,EUR,stocks
TXN00006992,USR003590,2026-07-10T04:05:28Z,792.71,PLN,FX
TXN00003411,USR003592,2026-07-10T04:10:21Z,6.52,EUR,card
TXN00008520,USR001583,2026-07-10T04:11:08Z,608.31,EUR,stocks
TXN00008119,USR003794,2026-07-10T04:13:47Z,2397.68,NOK,savings
TXN00002603,USR003699,2026-07-10T04:16:10Z,14.16,EUR,card
TXN00004578,USR002334,2026-07-10T05:02:16Z,15.63,EUR,card
TXN00001516,USR000931,2026-07-10T05:17:08Z,1.71,EUR,card
TXN00002866,USR000297,2026-07-10T08:39:46Z,88.01,EUR,stocks
TXN00003593,USR004093,2026-07-10T09:24:11Z,85.79,CHF,crypto
TXN00002318,USR001368,2026-07-10T09:48:34Z,25.57,EUR,card
TXN00005814,USR002822,2026-07-10T09:53:48Z,103.62,PLN,crypto
TXN00004686,USR004105,2026-07-10T10:05:37Z,99.33,RON,card
TXN00005796,USR001543,2026-07-10T13:33:19Z,434.31,GBP,stocks
TXN00002478,USR002617,2026-07-10T13:50:02Z,5.01,EUR,card
TXN00001829,USR000291,2026-07-10T13:58:33Z,12.15,EUR,card
TXN00001890,USR000972,2026-07-10T14:55:09Z,152.36,EUR,stocks
TXN00007756,USR001441,2026-07-10T15:58:11Z,23.33,EUR,card
TXN00003723,USR000899,2026-07-10T17:23:09Z,45.92,EUR,crypto
TXN00006573,USR002998,2026-07-10T17:44:02Z,16.59,GBP,card
TXN00005887,USR001104,2026-07-10T18:37:37Z,115.73,GBP,stocks
TXN00004240,USR002482,2026-07-10T23:48:37Z,234.20,EUR,savings
TXN00001162,USR004676,2026-07-11T00:16:22Z,870.70,CHF,savings
TXN00005179,USR002872,2026-07-11T01:16:28Z,199.41,EUR,stocks
TXN00000400,USR004702,2026-07-11T02:04:29Z,11.87,GBP,card
TXN00008562,USR001789,2026-07-11T02:34:11Z,9.81,RON,card
TXN00007724,USR002680,2026-07-11T03:23:20Z,42.31,EUR,card
TXN00003142,USR001789,2026-07-11T04:21:56Z,55.89,GBP,card
TXN00000503,USR002803,2026-07-11T05:03:06Z,34.34,EUR,savings
TXN00003197,USR004897,2026-07-11T05:18:56Z,24.22,EUR,card
TXN00003037,USR004337,2026-07-11T06:03:47Z,795.40,EUR,savings
TXN00004122,USR000981,2026-07-11T07:21:52Z,349.70,RON,savings
TXN00001123,USR002317,2026-07-11T07:36:11Z,19.85,PLN,card
TXN00008492,USR004274,2026-07-11T07:38:30Z,8.64,EUR,card
TXN00001645,USR003823,2026-07-11T09:52:42Z,33.09,GBP,card
TXN00000590,USR003015,2026-07-11T10:46:02Z,29.86,EUR,card
TXN00003062,USR003464,2026-07-11T11:17:07Z,10.59,EUR,card
TXN00000909,USR001859,2026-07-11T11:19:59Z,42.64,EUR,card
TXN00008664,USR003764,2026-07-11T11:29:51Z,579.03,EUR,FX
TXN00000554,USR004630,2026-07-11T12:10:22Z,22.22,EUR,card
TXN00000076,USR001917,2026-07-11T14:43:58Z,-69.04,PLN,card
TXN00007862,USR000168,2026-07-11T14:45:57Z,98.94,GBP,savings
TXN00001008,USR004178,2026-07-11T15:35:31Z,52.47,GBP,stocks
TXN00007353,USR000549,2026-07-11T16:41:04Z,295.21,EUR,stocks
TXN00008841,USR000317,2026-07-11T19:22:51Z,14.12,GBP,card
TXN00005099,USR001547,2026-07-11T19:24:22Z,19.76,RON,card
TXN00007108,USR001368,2026-07-11T20:15:55Z,19.87,EUR,card
TXN00006586,USR002328,2026-07-11T20:18:54Z,10.10,CAD,card
TXN00003966,USR001363,2026-07-11T20:22:48Z,14.37,EUR,card
TXN00004747,USR001196,2026-07-11T20:38:17Z,26.86,GBP,card
TXN00002674,USR004243,2026-07-11T22:13:18Z,61.97,CAD,crypto
TXN00007574,USR003511,2026-07-11T22:22:55Z,42.33,EUR,card
TXN00005055,USR003172,2026-07-11T23:58:03Z,657.52,EUR,FX
TXN00006862,USR003228,2026-07-12T01:44:57Z,712.07,GBP,savings
TXN00006185,USR003344,2026-07-12T02:44:27Z,243.84,GBP,savings
TXN00006197,USR000040,2026-07-12T02:57:59Z,5.12,EUR,card
TXN00002450,USR002375,2026-07-12T03:50:48Z,11.79,CHF,card
TXN00005157,USR001093,2026-07-12T03:56:38Z,117.54,PLN,stocks
TXN00005831,USR003695,2026-07-12T04:31:51Z,34.22,RON,card
TXN00001877,USR004208,2026-07-12T04:49:45Z,2800.00,EUR,savings
TXN00004039,USR000376,2026-07-12T04:57:28Z,39.21,USD,card
TXN00006826,USR004662,2026-07-12T08:07:37Z,10.20,GBP,crypto
TXN00008059,USR004573,2026-07-12T08:11:33Z,13.66,RON,card
TXN00007879,USR000692,2026-07-12T08:47:29Z,461.78,EUR,crypto
TXN00001858,USR001076,2026-07-12T09:46:39Z,110.54,GBP,stocks
TXN00003464,USR002158,2026-07-12T10:24:42Z,59.37,EUR,FX
TXN00005251,USR001641,2026-07-12T12:04:03Z,441.52,GBP,stocks
TXN00008253,USR004739,2026-07-12T13:29:22Z,53.12,GBP,card
TXN00008410,USR002945,2026-07-12T14:30:10Z,16.46,GBP,card
TXN00006167,USR004514,2026-07-12T15:51:33Z,35.78,EUR,card
TXN00006488,USR001569,2026-07-12T18:13:54Z,281.47,GBP,crypto
TXN00002197,USR002959,2026-07-12T18:23:21Z,42.73,EUR,card
TXN00005872,USR002947,2026-07-12T18:38:33Z,136.86,CHF,FX
TXN00001419,USR000731,2026-07-12T19:06:12Z,43.72,EUR,card
TXN00006404,USR002954,2026-07-12T20:33:12Z,31.97,EUR,card
TXN00007395,USR001784,2026-07-12T21:09:51Z,250.69,CAD,stocks
TXN00000106,USR003008,2026-07-12T22:23:34Z,8.92,GBP,card
TXN00003351,USR000408,2026-07-12T22:52:46Z,37.05,EUR,card
TXN00005689,USR001674,2026-07-12T22:55:07Z,28.87,GBP,stocks
TXN00004063,USR001599,2026-07-13T02:02:44Z,201.66,EUR,crypto
TXN00001861,USR004710,2026-07-13T02:39:08Z,29.21,GBP,card
TXN00004118,USR003893,2026-07-13T03:50:58Z,36.84,PLN,crypto
TXN00006614,USR002329,2026-07-13T04:42:36Z,537.52,GBP,savings
TXN00006833,USR002507,2026-07-13T05:09:11Z,52.86,EUR,card
TXN00002852,USR002366,2026-07-13T05:25:04Z,19.04,EUR,card
TXN00005414,USR003160,2026-07-13T08:34:13Z,25.43,EUR,card
TXN00008459,USR003370,2026-07-13T09:06:52Z,1444.89,CHF,savings
TXN00008777,USR001117,2026-07-13T09:38:51Z,37.61,EUR,card
TXN00004926,USR002138,2026-07-13T10:48:36Z,-25.86,CHF,card
TXN00007955,USR001957,2026-07-13T10:56:37Z,13.12,NOK,card
TXN00007774,USR002088,2026-07-13T11:22:49Z,54.20,EUR,card
TXN00002424,USR002077,2026-07-13T12:04:31Z,29.32,GBP,card
TXN00008180,USR004564,2026-07-13T13:36:29Z,134.82,CHF,stocks
TXN00006435,USR001417,2026-07-13T13:50:15Z,11.85,NOK,card
TXN00007790,USR004525,2026-07-13T13:59:49Z,222.37,EUR,savings
TXN00002220,USR004158,2026-07-13T14:18:40Z,101.36,EUR,savings
TXN00006668,USR002700,2026-07-13T14:48:16Z,296.35,GBP,savings
TXN00000207,USR004781,2026-07-13T14:51:07Z,19.42,RON,card
TXN00008881,USR000157,2026-07-13T18:10:57Z,345.52,GBP,crypto
TXN00002367,USR000994,2026-07-13T21:23:19Z,136.90,PLN,crypto
TXN00003428,USR001462,2026-07-13T23:12:44Z,130.00,GBP,crypto
TXN00004126,USR000089,2026-07-13T23:22:30Z,69.21,EUR,card
TXN00002718,USR002379,2026-07-13T23:35:51Z,56.23,EUR,crypto
TXN00005966,USR000817,2026-07-14T01:01:56Z,27.93,GBP,card
TXN00002903,USR001081,2026-07-14T01:11:11Z,58.56,GBP,card
TXN00003656,USR000953,2026-07-14T03:19:51Z,14.34,PLN,card
TXN00005150,USR003045,2026-07-14T06:41:52Z,55.37,CHF,FX
TXN00006385,USR003824,2026-07-14T06:56:37Z,7.25,EUR,card
TXN00005188,USR003184,2026-07-14T07:01:15Z,102.14,EUR,savings
TXN00005510,USR004192,2026-07-14T12:19:08Z,10.57,GBP,card
TXN00005710,USR002507,2026-07-14T15:49:44Z,766.51,EUR,savings
TXN00006676,USR001934,2026-07-14T18:03:55Z,19.01,EUR,card
TXN00006176,USR002735,2026-07-14T18:05:27Z,42.83,EUR,card
TXN00001804,USR003955,2026-07-14T18:17:31Z,7.01,EUR,card
TXN00003821,USR002691,2026-07-14T18:32:46Z,90.57,USD,savings
TXN00004647,USR004521,2026-07-14T18:43:45Z,173.82,GBP,stocks
TXN00007900,USR004454,2026-07-14T18:54:43Z,6.95,CAD,card
TXN00000869,USR001404,2026-07-14T19:27:20Z,5.35,EUR,card
TXN00008611,USR003920,2026-07-14T19:47:19Z,16.38,PLN,card
TXN00007963,USR003290,2026-07-14T20:56:12Z,14.04,EUR,card
TXN00004495,USR002356,2026-07-14T23:38:59Z,144.42,EUR,FX
TXN00001550,USR003001,2026-07-14T23:56:39Z,98.00,PLN,stocks
TXN00008174,USR003720,2026-07-15T00:17:21Z,568.73,GBP,crypto
TXN00000186,USR000870,2026-07-15T01:07:15Z,24.68,GBP,card
TXN00004956,USR000449,2026-07-15T03:26:31Z,1515.18,RON,FX
TXN00004338,USR000732,2026-07-15T03:36:16Z,21.87,GBP,card
TXN00005286,USR001195,2026-07-15T04:10:59Z,27.63,EUR,card
TXN00007384,USR000378,2026-07-15T05:29:32Z,43.50,GBP,card
TXN00008552,USR004146,2026-07-15T08:31:13Z,170.37,GBP,FX
TXN00000386,USR004314,2026-07-15T10:03:04Z,294.50,GBP,card
TXN00005618,USR002575,2026-07-15T10:52:08Z,67.77,PLN,savings
TXN00008685,USR002948,2026-07-15T11:08:25Z,21.76,EUR,card
TXN00003258,USR002763,2026-07-15T11:45:03Z,16.21,EUR,card
TXN00007024,USR000818,2026-07-15T12:28:06Z,42.31,GBP,card
TXN00002241,USR004647,2026-07-15T12:34:24Z,629.56,PLN,stocks
TXN00003907,USR001145,2026-07-15T13:37:22Z,425.37,EUR,savings
TXN00007362,USR003029,2026-07-15T13:54:15Z,22.97,EUR,card
TXN00004984,USR003296,2026-07-15T13:54:29Z,97.59,GBP,stocks
TXN00005604,USR002225,2026-07-15T14:29:47Z,226.41,EUR,savings
TXN00006703,USR000970,2026-07-15T15:24:24Z,21.56,EUR,crypto
TXN00002277,USR004993,2026-07-15T15:29:38Z,13.70,EUR,card
TXN00006686,USR001182,2026-07-15T20:09:58Z,24.19,NOK,card
TXN00004371,USR000803,2026-07-15T23:24:33Z,7.42,EUR,card
TXN00008594,USR003591,2026-07-15T23:49:10Z,10.42,PLN,card
TXN00005024,USR003471,2026-07-16T01:01:35Z,86.19,EUR,crypto
TXN00007715,USR004573,2026-07-16T01:24:51Z,15.84,RON,card
TXN00002371,USR001159,2026-07-16T02:34:31Z,208.86,RON,stocks
TXN00007821,USR004699,2026-07-16T03:13:06Z,20.98,EUR,card
TXN00001962,USR000011,2026-07-16T03:47:04Z,6.04,EUR,card
TXN00007216,USR004551,2026-07-16T03:49:02Z,67.52,GBP,card
TXN00006788,USR001670,2026-07-16T04:29:44Z,145.85,EUR,savings
TXN00006353,USR002281,2026-07-16T05:38:30Z,5.84,EUR,card
TXN00004093,USR000972,2026-07-16T09:40:12Z,23.81,EUR,card
TXN00008136,USR004042,2026-07-16T09:52:51Z,92.41,PLN,savings
TXN00002594,USR001324,2026-07-16T10:32:30Z,288.21,EUR,stocks
TXN00006572,USR004438,2026-07-16T11:25:36Z,58.59,GBP,card
TXN00000582,USR002961,2026-07-16T11:51:24Z,23.27,GBP,card
TXN00005997,USR004852,2026-07-16T12:04:17Z,438.26,RON,stocks
TXN00000027,USR003164,2026-07-16T13:31:56Z,80.10,GBP,stocks
TXN00003782,USR002407,2026-07-16T14:00:12Z,284.50,EUR,savings
TXN00008637,USR002111,2026-07-16T14:05:17Z,289.67,EUR,stocks
TXN00000558,USR002173,2026-07-16T14:46:47Z,403.71,GBP,FX
TXN00003775,USR003489,2026-07-16T16:00:19Z,67.19,EUR,card
TXN00008673,USR000828,2026-07-16T16:14:21Z,19.93,CHF,card
TXN00002599,USR003007,2026-07-16T17:17:18Z,593.87,EUR,savings
TXN00006547,USR003627,2026-07-16T17:29:42Z,80.21,EUR,card
TXN00005312,USR004419,2026-07-16T18:35:40Z,758.09,EUR,savings
TXN00003242,USR004951,2026-07-16T19:11:43Z,86.46,GBP,savings
TXN00005478,USR000659,2026-07-16T20:19:55Z,113.80,USD,crypto
TXN00003627,USR002055,2026-07-16T21:21:43Z,113.82,EUR,card
TXN00000086,USR004132,2026-07-16T21:41:42Z,15.53,GBP,card
TXN00002576,USR000277,2026-07-16T23:07:44Z,375.86,CAD,FX
TXN00007803,USR001345,2026-07-16T23:49:25Z,88.41,PLN,card
TXN00000358,USR000235,2026-07-17T00:04:26Z,55.11,GBP,savings
TXN00000365,USR004796,2026-07-17T02:34:06Z,26.69,PLN,card
TXN00007289,USR001353,2026-07-17T03:56:10Z,186.40,GBP,crypto
TXN00007089,USR003968,2026-07-17T04:47:48Z,98.86,EUR,card
TXN00004593,USR004948,2026-07-17T05:19:14Z,12.43,PLN,card
TXN00001153,USR000610,2026-07-17T06:17:08Z,30.74,GBP,card
TXN00006213,USR001419,2026-07-17T07:09:25Z,244.22,EUR,savings
TXN00004642,USR003456,2026-07-17T07:17:52Z,18.22,EUR,card
TXN00000388,USR001661,2026-07-17T07:56:38Z,372.90,GBP,savings
TXN00005056,USR002063,2026-07-17T08:18:50Z,10.20,EUR,card
TXN00005774,USR004038,2026-07-17T12:17:52Z,637.43,EUR,stocks
TXN00005354,USR004530,2026-07-17T13:51:47Z,96.15,PLN,stocks
TXN00007397,USR000870,2026-07-17T13:57:09Z,1034.35,PLN,savings
TXN00007813,USR003305,2026-07-17T15:03:04Z,20.56,GBP,card
TXN00000998,USR003591,2026-07-17T16:43:01Z,937.49,PLN,savings
TXN00006801,USR004689,2026-07-17T17:08:23Z,43.04,EUR,FX
TXN00004223,USR003300,2026-07-17T18:15:04Z,209.43,NOK,savings
TXN00001873,USR000297,2026-07-17T18:58:42Z,29.62,EUR,card
TXN00003020,USR000326,2026-07-17T19:20:05Z,662.27,GBP,savings
TXN00001822,USR001153,2026-07-17T20:07:11Z,153.04,EUR,crypto
TXN00006381,USR003236,2026-07-17T21:49:14Z,8.07,CAD,card
TXN00007787,USR003565,2026-07-17T22:19:33Z,152.47,CHF,card
TXN00007232,USR002957,2026-07-17T22:37:44Z,316.04,GBP,savings
TXN00003532,USR003729,2026-07-17T23:16:56Z,9.26,EUR,card
TXN00006401,USR002803,2026-07-18T00:07:35Z,21.42,EUR,card
TXN00006057,USR003091,2026-07-18T00:38:22Z,7.84,GBP,card
TXN00008620,USR004337,2026-07-18T01:36:30Z,18.34,EUR,card
TXN00004329,USR003826,2026-07-18T06:04:57Z,32.86,PLN,card
TXN00003174,USR002945,2026-07-18T07:30:19Z,16.69,GBP,card
TXN00000072,USR004404,2026-07-18T07:33:15Z,10.75,EUR,card
TXN00000357,USR002637,2026-07-18T08:02:11Z,257.66,EUR,card
TXN00003087,USR003268,2026-07-18T11:25:01Z,63.45,GBP,card
TXN00000347,USR004832,2026-07-18T12:50:59Z,91.95,EUR,card
TXN00008281,USR002263,2026-07-18T13:53:49Z,245.75,CHF,stocks
TXN00008564,USR002535,2026-07-18T15:00:33Z,299.27,RON,card
TXN00002007,USR003806,2026-07-18T18:26:46Z,216.14,NOK,savings
TXN00004453,USR003350,2026-07-18T19:00:12Z,161.86,EUR,FX
TXN00007110,USR000031,2026-07-18T19:35:25Z,25.22,GBP,savings
TXN00006789,USR002967,2026-07-18T21:45:12Z,8.79,GBP,card
TXN00004908,USR002437,2026-07-18T22:32:53Z,621.54,EUR,stocks
TXN00003336,USR001195,2026-07-18T22:53:03Z,43.29,EUR,crypto
TXN00003828,USR000406,2026-07-19T04:18:32Z,8.60,CHF,card
TXN00001744,USR001368,2026-07-19T04:20:18Z,72.64,EUR,card
TXN00007026,USR003724,2026-07-19T08:11:54Z,162.68,GBP,card
TXN00003954,USR002297,2026-07-19T09:22:22Z,388.02,GBP,stocks
TXN00003110,USR004737,2026-07-19T09:57:21Z,87.86,GBP,card
TXN00005583,USR003910,2026-07-19T10:03:33Z,860.55,EUR,savings
TXN00004826,USR002288,2026-07-19T10:04:39Z,8.02,GBP,card
TXN00000516,USR000583,2026-07-19T10:09:09Z,89.03,GBP,card
TXN00007052,USR003544,2026-07-19T10:14:18Z,103.94,EUR,FX
TXN00008610,USR003097,2026-07-19T12:16:20Z,136.06,PLN,crypto
TXN00003049,USR002024,2026-07-19T13:30:02Z,6.62,EUR,card
TXN00005769,USR002862,2026-07-19T15:28:43Z,7.99,GBP,card
TXN00003759,USR003423,2026-07-19T16:31:43Z,38.65,EUR,card
TXN00005280,USR004171,2026-07-19T17:00:37Z,6.65,GBP,card
TXN00005781,USR002162,2026-07-19T17:04:32Z,290.78,EUR,FX
TXN00001834,USR002299,2026-07-19T17:20:52Z,13.67,CHF,card
TXN00007876,USR004408,2026-07-19T20:40:49Z,43.15,GBP,card
TXN00001158,USR002407,2026-07-19T22:49:09Z,253.48,EUR,crypto
TXN00003617,USR000268,2026-07-19T23:02:33Z,245.54,GBP,crypto
TXN00005993,USR001378,2026-07-19T23:48:33Z,76.34,EUR,stocks
TXN00008705,USR002886,2026-07-19T23:51:06Z,105.00,CHF,card
TXN00006030,USR003915,2026-07-19T23:58:45Z,29.99,EUR,crypto
TXN00002507,USR000090,2026-07-20T00:40:00Z,12.43,GBP,card
TXN00007269,USR000190,2026-07-20T01:21:36Z,60.77,GBP,card
TXN00005578,USR002164,2026-07-20T01:32:15Z,23.33,PLN,card
TXN00002069,USR002050,2026-07-20T03:58:12Z,60.23,EUR,crypto
TXN00004472,USR003705,2026-07-20T04:44:32Z,212.45,GBP,crypto
TXN00007654,USR002294,2026-07-20T05:01:39Z,250.11,EUR,FX
TXN00006441,USR000800,2026-07-20T06:02:22Z,52.02,GBP,card
TXN00003131,USR000481,2026-07-20T06:23:38Z,175.67,EUR,FX
TXN00007018,USR001378,2026-07-20T08:26:51Z,5.81,CAD,card
TXN00004846,USR003405,2026-07-20T09:01:43Z,9.03,GBP,card
TXN00000980,USR000299,2026-07-20T09:46:17Z,26.29,EUR,card
TXN00003544,USR001676,2026-07-20T11:52:06Z,8.71,PLN,card
TXN00003259,USR001739,2026-07-20T12:42:22Z,42.78,GBP,card
TXN00006621,USR003207,2026-07-20T12:59:05Z,85.13,GBP,stocks
TXN00001730,USR003631,2026-07-20T14:15:49Z,56.22,EUR,card
TXN00008905,USR003946,2026-07-20T16:02:55Z,664.75,RON,savings
TXN00001386,USR002571,2026-07-20T16:28:45Z,32.64,EUR,card
TXN00008703,USR002451,2026-07-20T17:45:45Z,499.48,GBP,crypto
TXN00002902,USR002870,2026-07-20T20:23:30Z,27.79,GBP,card
TXN00000802,USR001072,2026-07-20T21:25:16Z,235.94,GBP,savings
TXN00003015,USR000171,2026-07-20T22:03:35Z,18.42,NOK,crypto
TXN00007030,USR001887,2026-07-20T22:17:20Z,27.80,GBP,card
TXN00006764,USR003618,2026-07-21T00:30:41Z,66.31,EUR,crypto
TXN00000840,USR002037,2026-07-21T05:03:36Z,37.21,NOK,card
TXN00001408,USR004480,2026-07-21T05:35:19Z,19.12,EUR,card
TXN00008364,USR000801,2026-07-21T05:45:12Z,400.01,EUR,savings
TXN00000355,USR000668,2026-07-21T06:48:46Z,17.58,EUR,card
TXN00007057,USR001921,2026-07-21T07:13:58Z,135.55,EUR,crypto
TXN00001019,USR003569,2026-07-21T07:31:42Z,18.47,GBP,card
TXN00007930,USR003002,2026-07-21T08:25:36Z,35.12,GBP,card
TXN00004620,USR003241,2026-07-21T09:10:25Z,502.36,PLN,savings
TXN00003935,USR003382,2026-07-21T09:13:34Z,64.07,GBP,crypto
TXN00008597,USR002957,2026-07-21T09:52:25Z,9.62,GBP,card
TXN00000576,USR001586,2026-07-21T11:38:06Z,308.51,EUR,savings
TXN00002874,USR000887,2026-07-21T11:59:02Z,447.87,GBP,FX
TXN00002967,USR000830,2026-07-21T14:46:26Z,59.23,GBP,card
TXN00002663,USR001245,2026-07-21T15:02:01Z,254.07,EUR,FX
TXN00003202,USR000372,2026-07-21T15:31:48Z,123.70,EUR,savings
TXN00006211,USR003976,2026-07-21T15:32:21Z,52.72,GBP,card
TXN00005525,USR000955,2026-07-21T16:22:28Z,25.66,PLN,card
TXN00008138,USR004033,2026-07-21T16:23:03Z,21.69,EUR,card
TXN00006775,USR004064,2026-07-21T17:41:44Z,21.89,GBP,card
TXN00005202,USR002747,2026-07-21T18:29:37Z,34.86,CHF,card
TXN00002036,USR001459,2026-07-21T19:05:02Z,39.58,PLN,card
TXN00004666,USR001637,2026-07-21T19:51:22Z,39.39,JPY,card
TXN00008980,USR000212,2026-07-21T22:16:20Z,8.34,SEK,card
TXN00001947,USR004789,2026-07-21T23:46:24Z,15.12,GBP,card
TXN00000044,USR001406,2026-07-21T23:50:28Z,2132.53,RON,savings
TXN00004128,USR003317,2026-07-22T03:20:04Z,125.90,EUR,card
TXN00007200,USR001838,2026-07-22T03:26:38Z,254.26,EUR,FX
TXN00002018,USR003097,2026-07-22T05:17:35Z,929.62,NOK,savings
TXN00001728,USR002559,2026-07-22T06:21:55Z,18.62,EUR,card
TXN00003099,USR002974,2026-07-22T10:30:15Z,175.51,EUR,crypto
TXN00003554,USR004346,2026-07-22T13:36:21Z,97.95,GBP,stocks
TXN00003878,USR001135,2026-07-22T13:36:44Z,11.62,PLN,card
TXN00005850,USR000791,2026-07-22T14:39:58Z,9.52,EUR,card
TXN00007884,USR000915,2026-07-22T14:46:20Z,7.76,SEK,card
TXN00000931,USR001742,2026-07-22T15:21:06Z,23.70,GBP,card
TXN00007167,USR003631,2026-07-22T16:48:54Z,5.16,EUR,card
TXN00007477,USR000672,2026-07-22T18:18:48Z,12.10,RON,card
TXN00001339,USR003024,2026-07-22T21:33:55Z,15.00,GBP,card
TXN00005795,USR003110,2026-07-22T22:12:11Z,8.94,EUR,card
TXN00001603,USR002765,2026-07-22T22:12:21Z,507.04,GBP,savings
TXN00000747,USR004170,2026-07-23T00:54:14Z,280.93,EUR,card
TXN00004409,USR001995,2026-07-23T01:47:01Z,47.13,CHF,card
TXN00007736,USR002550,2026-07-23T02:56:33Z,288.98,EUR,stocks
TXN00005449,USR001207,2026-07-23T03:12:21Z,8.71,EUR,card
TXN00004372,USR002649,2026-07-23T03:38:02Z,492.94,PLN,FX
TXN00000007,USR004688,2026-07-23T05:49:46Z,26.49,GBP,card
TXN00001378,USR004829,2026-07-23T06:59:50Z,65.07,GBP,crypto
TXN00002872,USR003266,2026-07-23T09:51:55Z,40.75,GBP,card
TXN00003691,USR002022,2026-07-23T12:00:56Z,91.66,EUR,crypto
TXN00005043,USR003026,2026-07-23T12:05:16Z,-18.63,JPY,card
TXN00003774,USR003708,2026-07-23T15:15:41Z,87.46,EUR,card
TXN00006242,USR004099,2026-07-23T15:41:38Z,40.26,EUR,card
TXN00005304,USR001934,2026-07-23T15:51:37Z,16.21,EUR,card
TXN00007864,USR003591,2026-07-23T16:18:06Z,457.48,PLN,stocks
TXN00008548,USR004940,2026-07-23T18:35:55Z,22.26,GBP,card
TXN00000689,USR001520,2026-07-23T18:36:55Z,465.94,EUR,FX
TXN00005145,USR000402,2026-07-23T20:28:56Z,35.52,EUR,card
TXN00005889,USR002208,2026-07-23T21:04:02Z,28.54,GBP,card
TXN00006405,USR003810,2026-07-23T22:55:19Z,133.99,PLN,crypto
TXN00008802,USR002612,2026-07-23T22:57:23Z,54.29,GBP,crypto
TXN00007054,USR003413,2026-07-23T23:05:19Z,36.30,RON,card
TXN00007312,USR003228,2026-07-23T23:26:08Z,197.31,EUR,crypto
TXN00008420,USR004206,2026-07-24T00:54:56Z,5.76,CHF,card
TXN00007564,USR001197,2026-07-24T05:37:37Z,19.38,RON,card
TXN00004457,USR001782,2026-07-24T06:27:25Z,12.97,EUR,card
TXN00001428,USR000271,2026-07-24T07:18:05Z,81.88,EUR,FX
TXN00002786,USR003413,2026-07-24T07:20:54Z,87.37,RON,FX
TXN00007613,USR002316,2026-07-24T08:23:12Z,31.37,EUR,card
TXN00002059,USR000331,2026-07-24T09:39:33Z,22.00,GBP,card
TXN00000962,USR004370,2026-07-24T09:43:39Z,10.74,RON,card
TXN00003510,USR000160,2026-07-24T11:32:55Z,35.57,EUR,card
TXN00004531,USR003198,2026-07-24T12:35:18Z,119.46,EUR,FX
TXN00004401,USR001819,2026-07-24T12:36:26Z,46.35,GBP,card
TXN00005052,USR003016,2026-07-24T14:33:08Z,40.20,EUR,card
TXN00003363,USR004561,2026-07-24T15:19:42Z,227.23,PLN,savings
TXN00006641,USR000788,2026-07-24T18:01:21Z,29.59,PLN,card
TXN00002427,USR002095,2026-07-24T20:37:59Z,24.63,GBP,FX
TXN00003001,USR002370,2026-07-24T21:41:47Z,46.93,EUR,crypto
TXN00002753,USR003135,2026-07-24T22:16:29Z,61.20,EUR,stocks
TXN00001998,USR003772,2026-07-24T22:36:59Z,-14.40,EUR,card
TXN00008211,USR002392,2026-07-24T23:15:10Z,7.59,EUR,card
TXN00000356,USR002267,2026-07-24T23:44:33Z,101.36,EUR,card
TXN00006589,USR001025,2026-07-25T01:47:14Z,16.47,GBP,card
TXN00002004,USR000878,2026-07-25T02:20:40Z,214.63,SEK,stocks
TXN00004517,USR004007,2026-07-25T06:50:41Z,63.47,EUR,crypto
TXN00007923,USR000717,2026-07-25T07:26:57Z,51.79,EUR,card
TXN00001529,USR002262,2026-07-25T07:33:18Z,13.10,GBP,card
TXN00003971,USR003457,2026-07-25T08:30:53Z,14.93,EUR,card
TXN00008246,USR004200,2026-07-25T10:21:24Z,48.86,GBP,card
TXN00001334,USR000557,2026-07-25T12:05:18Z,401.98,EUR,savings
TXN00000308,USR000514,2026-07-25T12:16:58Z,13.11,CAD,card
TXN00003625,USR002606,2026-07-25T13:00:59Z,25.93,EUR,card
TXN00004360,USR000404,2026-07-25T14:19:21Z,28.04,EUR,card
TXN00008068,USR002779,2026-07-25T14:54:05Z,110.06,EUR,savings
TXN00000519,USR004588,2026-07-25T15:26:07Z,237.62,EUR,savings
TXN00007304,USR003601,2026-07-25T16:29:03Z,13.68,EUR,card
TXN00004632,USR003075,2026-07-25T16:53:29Z,29.78,GBP,card
TXN00003771,USR003018,2026-07-25T19:11:08Z,147.96,EUR,stocks
TXN00003300,USR003015,2026-07-25T19:30:54Z,77.07,EUR,crypto
TXN00004897,USR001769,2026-07-25T19:32:03Z,655.32,GBP,savings
TXN00002770,USR004789,2026-07-25T19:36:05Z,62.73,GBP,card
TXN00008928,USR003588,2026-07-25T20:54:26Z,7.66,GBP,card
TXN00007223,USR002509,2026-07-25T21:06:17Z,104.27,GBP,FX
TXN00003350,USR000201,2026-07-25T21:13:42Z,202.66,EUR,FX
TXN00003620,USR002762,2026-07-25T21:33:34Z,5.26,EUR,card
TXN00007199,USR002892,2026-07-25T22:42:15Z,17.26,EUR,card
TXN00000301,USR000091,2026-07-25T22:55:11Z,11.15,EUR,card
TXN00001889,USR001692,2026-07-25T23:59:11Z,13.51,EUR,card
TXN00006237,USR002010,2026-07-26T00:57:38Z,40.76,RON,card
TXN00000391,USR003095,2026-07-26T01:08:39Z,17.67,CHF,card
TXN00008775,USR004102,2026-07-26T01:44:15Z,94.11,EUR,crypto
TXN00001627,USR003591,2026-07-26T01:48:58Z,-52.93,USD,card
TXN00006624,USR002460,2026-07-26T02:25:26Z,25.57,GBP,card
TXN00008000,USR002003,2026-07-26T02:30:40Z,14.28,USD,card
TXN00003616,USR002514,2026-07-26T04:35:32Z,31.44,GBP,card
TXN00007707,USR001522,2026-07-26T04:48:40Z,11.54,NOK,card
TXN00001675,USR004012,2026-07-26T07:27:07Z,62.97,PLN,card
TXN00000228,USR002262,2026-07-26T09:51:33Z,834.08,GBP,FX
TXN00004110,USR000936,2026-07-26T11:47:19Z,90.67,EUR,savings
TXN00000463,USR001182,2026-07-26T12:11:50Z,295.50,EUR,card
TXN00003556,USR003334,2026-07-26T12:38:47Z,86.64,GBP,card
TXN00007636,USR001616,2026-07-26T12:56:56Z,162.88,GBP,stocks
TXN00005103,USR003435,2026-07-26T12:58:09Z,6.95,GBP,card
TXN00007305,USR002329,2026-07-26T13:06:25Z,787.18,GBP,savings
TXN00008778,USR001991,2026-07-26T14:28:26Z,53.86,CAD,stocks
TXN00005404,USR003729,2026-07-26T16:33:57Z,32.86,EUR,card
TXN00003777,USR003595,2026-07-26T19:54:05Z,21.44,EUR,card
TXN00003889,USR002175,2026-07-26T20:49:26Z,602.99,CAD,FX
TXN00001124,USR001177,2026-07-26T21:58:24Z,96.13,GBP,crypto
TXN00003626,USR004117,2026-07-26T22:38:29Z,580.38,EUR,savings
TXN00003586,USR000434,2026-07-26T23:39:46Z,47.06,GBP,card
TXN00007338,USR001245,2026-07-27T00:04:53Z,207.80,EUR,FX
TXN00004009,USR000042,2026-07-27T01:01:50Z,19.47,GBP,card
TXN00006300,USR003305,2026-07-27T01:22:04Z,19.09,GBP,card
TXN00003234,USR004656,2026-07-27T01:33:54Z,23.31,EUR,card
TXN00007471,USR003827,2026-07-27T02:46:11Z,25.38,PLN,card
TXN00000237,USR001890,2026-07-27T03:08:13Z,19.10,EUR,card
TXN00007701,USR002224,2026-07-27T03:09:47Z,174.86,GBP,FX
TXN00003526,USR000252,2026-07-27T03:10:23Z,443.19,PLN,stocks
TXN00002897,USR002387,2026-07-27T03:51:28Z,8.98,CAD,card
TXN00003829,USR004146,2026-07-27T04:15:21Z,17.85,SEK,card
TXN00005808,USR000548,2026-07-27T04:45:17Z,543.28,EUR,FX
TXN00007549,USR002643,2026-07-27T06:19:35Z,73.01,SEK,card
TXN00003561,USR000764,2026-07-27T06:47:39Z,1222.61,GBP,savings
TXN00003916,USR000749,2026-07-27T10:31:45Z,26.45,PLN,card
TXN00004768,USR004602,2026-07-27T10:38:51Z,91.88,GBP,FX
TXN00006220,USR000142,2026-07-27T10:59:21Z,214.23,EUR,stocks
TXN00007084,USR002081,2026-07-27T11:29:39Z,16.36,JPY,card
TXN00005252,USR002392,2026-07-27T15:59:38Z,16.50,GBP,card
TXN00006896,USR000404,2026-07-27T16:34:03Z,122.06,EUR,stocks
TXN00002370,USR002702,2026-07-27T18:18:59Z,361.74,GBP,stocks
TXN00001119,USR001233,2026-07-27T18:56:36Z,20.57,EUR,card
TXN00005516,USR004413,2026-07-27T20:04:56Z,11.42,EUR,card
TXN00008362,USR001970,2026-07-27T20:08:22Z,561.92,EUR,savings
TXN00000198,USR001746,2026-07-27T22:01:36Z,19.03,EUR,card
TXN00008952,USR003611,2026-07-28T02:03:29Z,68.40,EUR,savings
TXN00003057,USR004200,2026-07-28T02:03:47Z,6.96,GBP,card
TXN00004654,USR001172,2026-07-28T02:43:58Z,5.14,EUR,card
TXN00006416,USR004147,2026-07-28T02:44:35Z,167.12,GBP,savings
TXN00003877,USR002365,2026-07-28T03:22:25Z,9.03,EUR,card
TXN00001680,USR001238,2026-07-28T04:58:42Z,598.66,SEK,FX
TXN00002806,USR001386,2026-07-28T05:06:49Z,61.16,EUR,card
TXN00008576,USR002627,2026-07-28T05:49:20Z,316.48,EUR,crypto
TXN00001393,USR003254,2026-07-28T08:40:35Z,180.29,EUR,stocks
TXN00005899,USR003729,2026-07-28T10:12:56Z,245.91,EUR,savings
TXN00008226,USR004162,2026-07-28T12:34:39Z,9.97,GBP,card
TXN00004580,USR003505,2026-07-28T13:51:57Z,12.24,EUR,card
TXN00006257,USR002370,2026-07-28T14:43:00Z,5.99,EUR,card
TXN00000396,USR000715,2026-07-28T15:37:42Z,69.38,GBP,savings
TXN00007620,USR001321,2026-07-28T16:16:46Z,15.00,GBP,card
TXN00002801,USR001809,2026-07-28T17:20:23Z,10.22,GBP,card
TXN00003553,USR000165,2026-07-28T18:36:57Z,41.80,RON,card
TXN00002287,USR001744,2026-07-28T18:51:36Z,180.38,RON,stocks
TXN00004198,USR002561,2026-07-28T20:51:10Z,8.21,EUR,card
TXN00005885,USR002824,2026-07-28T22:25:23Z,-31.61,GBP,card
TXN00003705,USR001282,2026-07-29T01:33:27Z,35.42,EUR,card
TXN00004255,USR000426,2026-07-29T01:45:19Z,15.76,GBP,card
TXN00006306,USR004991,2026-07-29T01:54:04Z,21.04,GBP,card
TXN00003235,USR000004,2026-07-29T03:06:16Z,44.21,USD,FX
TXN00000494,USR002239,2026-07-29T05:17:17Z,28.79,EUR,card
TXN00005892,USR000027,2026-07-29T06:16:46Z,17.18,EUR,card
TXN00003726,USR003968,2026-07-29T06:18:22Z,9.78,EUR,card
TXN00007246,USR001427,2026-07-29T07:16:39Z,12.41,EUR,card
TXN00000381,USR003197,2026-07-29T09:10:20Z,48.25,GBP,card
TXN00007893,USR002197,2026-07-29T09:18:48Z,19.72,EUR,card
TXN00005391,USR001152,2026-07-29T10:02:02Z,40.19,GBP,card
TXN00008192,USR004189,2026-07-29T10:37:43Z,9.38,GBP,card
TXN00006907,USR001717,2026-07-29T10:41:36Z,349.78,GBP,FX
TXN00004301,USR004870,2026-07-29T10:57:16Z,107.49,EUR,stocks
TXN00007468,USR000241,2026-07-29T11:58:37Z,37.91,EUR,card
TXN00002425,USR002137,2026-07-29T12:49:38Z,36.26,EUR,card
TXN00005139,USR004630,2026-07-29T16:42:57Z,10.68,EUR,card
TXN00004656,USR002173,2026-07-29T17:15:31Z,9.40,GBP,card
TXN00007929,USR002001,2026-07-29T19:06:09Z,12.84,EUR,card
TXN00004551,USR002712,2026-07-29T19:31:31Z,38.60,SEK,card
TXN00003604,USR000691,2026-07-29T19:35:27Z,13.83,EUR,card
TXN00006144,USR001175,2026-07-29T20:52:07Z,12.77,GBP,card
TXN00003958,USR001624,2026-07-29T21:27:44Z,31.88,EUR,card
TXN00002837,USR002202,2026-07-29T21:45:09Z,7.99,EUR,card
TXN00000906,USR003398,2026-07-29T22:53:50Z,12.60,GBP,card
TXN00005343,USR001031,2026-07-30T02:40:02Z,1215.46,PLN,savings
TXN00008025,USR004088,2026-07-30T04:45:42Z,35.08,EUR,card
TXN00001076,USR003149,2026-07-30T05:33:45Z,24.42,EUR,card
TXN00007660,USR003817,2026-07-30T05:42:18Z,52.62,EUR,card
TXN00003737,USR001661,2026-07-30T06:26:09Z,553.33,GBP,savings
TXN00008270,USR004241,2026-07-30T06:34:54Z,2522.10,GBP,savings
TXN00008872,USR002606,2026-07-30T08:01:37Z,24.11,EUR,card
TXN00007005,USR004607,2026-07-30T08:28:45Z,718.55,EUR,stocks
TXN00001750,USR003729,2026-07-30T08:55:49Z,56.12,EUR,card
TXN00002793,USR002080,2026-07-30T10:10:58Z,30.56,EUR,crypto
TXN00006148,USR004282,2026-07-30T11:51:42Z,27.02,GBP,card
TXN00006603,USR001860,2026-07-30T13:10:10Z,30.56,EUR,card
TXN00003770,USR004304,2026-07-30T14:41:02Z,249.96,EUR,FX
TXN00008558,USR002872,2026-07-30T19:49:54Z,27.28,EUR,card
TXN00008422,USR000715,2026-07-30T19:58:35Z,586.38,GBP,crypto
TXN00005223,USR003249,2026-07-30T21:08:05Z,203.47,GBP,stocks
TXN00003590,USR000610,2026-07-30T21:34:45Z,23.06,GBP,card
TXN00001769,USR001669,2026-07-30T22:14:15Z,12.05,EUR,card
TXN00002782,USR000933,2026-07-30T23:30:48Z,28.22,EUR,card
TXN00003909,USR000746,2026-07-30T23:42:05Z,18.59,EUR,card
TXN00000834,USR003982,2026-07-31T01:32:10Z,39.77,GBP,card
TXN00008204,USR001372,2026-07-31T01:36:45Z,36.33,GBP,card
TXN00002694,USR002515,2026-07-31T02:03:18Z,115.93,GBP,crypto
TXN00003036,USR001702,2026-07-31T02:25:33Z,62.32,EUR,crypto
TXN00007601,USR004711,2026-07-31T02:49:53Z,21.94,EUR,card
TXN00004614,USR004824,2026-07-31T02:50:42Z,758.58,PLN,savings
TXN00003618,USR003276,2026-07-31T04:59:28Z,344.99,CHF,savings
TXN00004546,USR000610,2026-07-31T06:04:57Z,611.71,GBP,savings
TXN00008649,USR003826,2026-07-31T06:20:32Z,48.37,EUR,FX
TXN00008196,USR000992,2026-07-31T06:36:29Z,291.49,PLN,savings
TXN00007861,USR001020,2026-07-31T07:36:00Z,356.94,GBP,FX
TXN00002441,USR002840,2026-07-31T09:59:09Z,85.12,GBP,crypto
TXN00008163,USR002277,2026-07-31T11:46:30Z,36.36,EUR,crypto
TXN00000886,USR004863,2026-07-31T12:00:41Z,12.93,EUR,card
TXN00002527,USR002079,2026-07-31T12:27:19Z,17.50,CAD,card
TXN00006094,USR000754,2026-07-31T13:36:58Z,7.17,EUR,card
TXN00002912,USR003670,2026-07-31T13:41:42Z,314.04,EUR,savings
TXN00005701,USR001716,2026-07-31T14:16:51Z,54.65,EUR,card
TXN00006056,USR000993,2026-07-31T15:37:34Z,512.24,GBP,savings
TXN00006779,USR002228,2026-07-31T17:12:31Z,107.63,GBP,FX
TXN00004414,USR002563,2026-07-31T18:12:06Z,11.10,EUR,card
TXN00002088,USR002753,2026-07-31T19:35:10Z,60.41,SEK,card
TXN00003201,USR001893,2026-07-31T19:58:53Z,56.56,EUR,crypto
TXN00005097,USR003985,2026-07-31T23:09:04Z,12.79,EUR,card
TXN00001372,USR002953,2026-08-01T00:52:02Z,17.21,EUR,card
TXN00008237,USR000255,2026-08-01T01:03:52Z,365.66,EUR,FX
TXN00004782,USR002023,2026-08-01T01:11:14Z,67.65,EUR,card
TXN00008279,USR002428,2026-08-01T01:32:51Z,57.09,EUR,card
TXN00004745,USR003764,2026-08-01T03:24:53Z,17.89,EUR,card
TXN00003624,USR003082,2026-08-01T03:27:23Z,1267.28,PLN,stocks
TXN00006215,USR002984,2026-08-01T04:47:56Z,129.33,GBP,stocks
TXN00007634,USR004242,2026-08-01T05:31:39Z,223.46,EUR,stocks
TXN00006331,USR001386,2026-08-01T06:26:35Z,116.47,EUR,savings
TXN00006560,USR002825,2026-08-01T07:47:35Z,11.69,EUR,card
TXN00006434,USR003397,2026-08-01T10:35:48Z,63.93,EUR,card
TXN00003734,USR000063,2026-08-01T12:20:17Z,24.10,PLN,card
TXN00001229,USR002852,2026-08-01T12:44:09Z,29.13,EUR,FX
TXN00003326,USR000320,2026-08-01T13:56:41Z,22.75,GBP,card
TXN00002105,USR004387,2026-08-01T15:01:10Z,6.66,GBP,card
TXN00003161,USR002957,2026-08-01T15:55:25Z,756.13,GBP,stocks
TXN00003249,USR003526,2026-08-01T16:04:25Z,440.19,PLN,savings
TXN00006809,USR001757,2026-08-01T16:27:22Z,66.25,RON,card
TXN00007008,USR002181,2026-08-01T16:50:46Z,559.88,EUR,savings
TXN00000854,USR003595,2026-08-01T19:53:33Z,8.48,EUR,card
TXN00004219,USR001569,2026-08-01T22:10:25Z,25.09,GBP,card
TXN00008653,USR001868,2026-08-01T23:25:10Z,11.97,EUR,card
TXN00003689,USR000260,2026-08-01T23:31:25Z,22.02,EUR,card
TXN00006582,USR003260,2026-08-02T00:21:00Z,65.33,NOK,stocks
TXN00000487,USR005000,2026-08-02T00:35:58Z,28.41,NOK,card
TXN00002442,USR002945,2026-08-02T00:44:36Z,97.34,GBP,stocks
TXN00006644,USR000696,2026-08-02T01:00:30Z,196.67,EUR,crypto
TXN00001094,USR003352,2026-08-02T01:16:13Z,59.87,USD,card
TXN00005937,USR001782,2026-08-02T02:09:26Z,35.61,NOK,crypto
TXN00000462,USR001746,2026-08-02T03:58:57Z,8.96,EUR,card
TXN00003870,USR002510,2026-08-02T04:16:50Z,399.70,EUR,FX
TXN00001438,USR001344,2026-08-02T05:32:59Z,18.95,PLN,card
TXN00008003,USR000062,2026-08-02T05:50:42Z,312.43,EUR,savings
TXN00002899,USR000343,2026-08-02T11:08:28Z,584.01,GBP,FX
TXN00000694,USR001631,2026-08-02T13:16:35Z,25.89,USD,card
TXN00001952,USR001394,2026-08-02T13:54:25Z,5.32,SEK,card
TXN00007336,USR004651,2026-08-02T15:01:38Z,31.88,GBP,card
TXN00005731,USR002817,2026-08-02T15:34:34Z,75.37,EUR,card
TXN00005735,USR001935,2026-08-02T16:27:35Z,23.69,RON,card
TXN00000180,USR000783,2026-08-02T16:28:40Z,626.99,EUR,FX
TXN00002865,USR003413,2026-08-02T18:48:22Z,50.53,RON,card
TXN00006607,USR000437,2026-08-02T19:35:58Z,84.41,EUR,card
TXN00006822,USR002662,2026-08-02T19:43:28Z,1245.69,GBP,savings
TXN00005480,USR003389,2026-08-02T20:00:23Z,2535.32,EUR,savings
TXN00007250,USR004540,2026-08-02T20:35:37Z,112.55,EUR,card
TXN00008962,USR001883,2026-08-02T22:04:03Z,68.34,EUR,FX
TXN00003701,USR000015,2026-08-02T22:18:32Z,62.72,EUR,card
TXN00002382,USR002550,2026-08-02T22:52:47Z,1.57,EUR,card
TXN00006109,USR003731,2026-08-03T00:59:38Z,293.39,PLN,savings
TXN00002187,USR001560,2026-08-03T01:03:17Z,285.10,SEK,FX
TXN00001706,USR003069,2026-08-03T01:20:27Z,102.74,SEK,card
TXN00000051,USR000258,2026-08-03T02:54:49Z,36.78,GBP,crypto
TXN00004772,USR000020,2026-08-03T03:24:03Z,15.32,EUR,card
TXN00001100,USR001078,2026-08-03T03:28:59Z,22.40,EUR,card
TXN00004106,USR000558,2026-08-03T04:10:25Z,21.54,EUR,card
TXN00006902,USR001473,2026-08-03T05:37:14Z,16.23,EUR,card
TXN00003048,USR003482,2026-08-03T06:51:45Z,128.23,GBP,savings
TXN00005094,USR004294,2026-08-03T08:12:52Z,409.10,EUR,stocks
TXN00000976,USR002657,2026-08-03T11:17:55Z,167.77,PLN,card
TXN00005879,USR003655,2026-08-03T13:30:22Z,39.19,GBP,card
TXN00004823,USR004114,2026-08-03T13:41:05Z,27.38,EUR,card
TXN00004192,USR001848,2026-08-03T14:02:14Z,342.67,EUR,FX
TXN00001167,USR003205,2026-08-03T14:14:05Z,272.42,GBP,crypto
TXN00005051,USR004273,2026-08-03T14:21:29Z,16.80,GBP,card
TXN00002171,USR004170,2026-08-03T14:52:15Z,566.59,EUR,savings
TXN00006444,USR004195,2026-08-03T14:58:02Z,18.94,GBP,card
TXN00000318,USR002571,2026-08-03T15:19:19Z,23.67,EUR,card
TXN00003030,USR002934,2026-08-03T15:19:46Z,18.66,EUR,card
TXN00003083,USR004479,2026-08-03T15:53:03Z,161.37,RON,stocks
TXN00005226,USR004727,2026-08-03T16:51:21Z,36.32,EUR,card
TXN00008625,USR001021,2026-08-03T17:45:05Z,231.29,EUR,stocks
TXN00000853,USR004101,2026-08-03T18:05:39Z,413.88,CHF,FX
TXN00006087,USR001664,2026-08-03T18:26:31Z,78.32,GBP,card
TXN00002896,USR000136,2026-08-03T19:58:18Z,61.90,EUR,card
TXN00005358,USR002353,2026-08-03T20:05:26Z,23.42,PLN,card
TXN00004894,USR004746,2026-08-03T20:49:51Z,22.27,EUR,card
TXN00005732,USR004699,2026-08-03T20:59:16Z,29.93,EUR,card
TXN00005598,USR000632,2026-08-03T21:36:08Z,28.01,RON,card
TXN00007702,USR003916,2026-08-03T22:35:23Z,312.71,GBP,FX
TXN00008187,USR003007,2026-08-03T22:53:45Z,924.99,EUR,FX
TXN00000806,USR000110,2026-08-03T23:53:04Z,28.40,RON,card
TXN00002760,USR003114,2026-08-04T02:09:22Z,63.47,GBP,card
TXN00005647,USR002149,2026-08-04T02:40:21Z,214.32,GBP,stocks
TXN00008403,USR003639,2026-08-04T03:48:50Z,93.56,GBP,FX
TXN00008134,USR002910,2026-08-04T04:56:08Z,159.85,GBP,FX
TXN00001596,USR004438,2026-08-04T05:10:06Z,20.18,GBP,card
TXN00002919,USR001042,2026-08-04T05:51:45Z,41.87,RON,card
TXN00000119,USR002464,2026-08-04T07:28:51Z,88.41,CAD,FX
TXN00007035,USR004808,2026-08-04T08:00:53Z,139.47,EUR,stocks
TXN00004217,USR003828,2026-08-04T09:28:06Z,126.52,EUR,card
TXN00003789,USR001065,2026-08-04T10:56:35Z,39.00,EUR,card
TXN00004137,USR003871,2026-08-04T13:20:21Z,33.75,GBP,card
TXN00006737,USR000920,2026-08-04T14:49:02Z,46.66,EUR,card
TXN00004477,USR001035,2026-08-04T16:15:25Z,1326.41,GBP,savings
TXN00007674,USR000801,2026-08-04T16:23:25Z,-44.49,JPY,card
TXN00004277,USR003431,2026-08-04T18:39:06Z,11.60,EUR,card
TXN00008056,USR002025,2026-08-04T19:48:22Z,13.08,GBP,card
TXN00008454,USR004605,2026-08-04T20:50:46Z,1236.08,SEK,FX
TXN00008636,USR004700,2026-08-04T21:16:57Z,26.31,EUR,card
TXN00005830,USR003770,2026-08-04T22:23:32Z,17.43,GBP,card
TXN00003864,USR004624,2026-08-04T23:02:58Z,1493.13,EUR,savings
TXN00003040,USR000726,2026-08-05T02:41:20Z,10.93,EUR,card
TXN00000599,USR002786,2026-08-05T05:12:19Z,3.26,GBP,card
TXN00007239,USR002312,2026-08-05T05:22:35Z,20.53,GBP,card
TXN00006068,USR002175,2026-08-05T06:47:52Z,18.32,EUR,card
TXN00002311,USR004540,2026-08-05T06:52:29Z,109.64,EUR,crypto
TXN00005513,USR000687,2026-08-05T10:30:28Z,63.02,RON,savings
TXN00003519,USR002199,2026-08-05T10:49:27Z,-23.60,EUR,card
TXN00003094,USR001544,2026-08-05T11:08:41Z,78.75,EUR,savings
TXN00001855,USR004068,2026-08-05T11:10:37Z,21.98,EUR,card
TXN00006889,USR002877,2026-08-05T11:19:55Z,33.54,GBP,card
TXN00007943,USR002789,2026-08-05T12:18:52Z,127.80,GBP,FX
TXN00003497,USR000383,2026-08-05T12:54:33Z,13.65,EUR,card
TXN00007484,USR002415,2026-08-05T13:26:21Z,-61.96,PLN,card
TXN00007177,USR001917,2026-08-05T14:09:29Z,361.70,PLN,savings
TXN00000559,USR000985,2026-08-05T15:44:51Z,17.83,SEK,card
TXN00002289,USR004108,2026-08-05T16:02:18Z,48.88,EUR,card
TXN00006899,USR004362,2026-08-05T16:47:02Z,20.37,EUR,card
TXN00007069,USR000905,2026-08-05T18:00:53Z,76.61,JPY,card
TXN00006081,USR001086,2026-08-05T18:01:31Z,9.67,PLN,card
TXN00000545,USR004627,2026-08-05T18:10:47Z,15.70,EUR,card
TXN00008298,USR001345,2026-08-05T19:00:25Z,23.18,RON,crypto
TXN00002530,USR001692,2026-08-05T19:47:40Z,41.47,EUR,crypto
TXN00000394,USR003409,2026-08-05T20:37:21Z,15.34,JPY,card
TXN00008714,USR001014,2026-08-05T20:48:33Z,27.15,EUR,card
TXN00007848,USR003398,2026-08-05T21:36:58Z,148.79,GBP,FX
TXN00003722,USR001135,2026-08-05T21:41:26Z,9.56,PLN,card
TXN00007635,USR001692,2026-08-05T22:25:57Z,11.80,EUR,card
TXN00003066,USR001988,2026-08-05T22:29:09Z,7.13,EUR,card
TXN00007841,USR001181,2026-08-05T22:34:58Z,67.27,PLN,crypto
TXN00008121,USR004704,2026-08-05T23:05:25Z,22.73,GBP,card
TXN00000212,USR001175,2026-08-06T00:12:26Z,39.52,GBP,card
TXN00003473,USR003482,2026-08-06T00:18:49Z,-26.33,GBP,card
TXN00002394,USR001419,2026-08-06T00:27:26Z,110.40,EUR,crypto
TXN00002380,USR003454,2026-08-06T00:35:29Z,10.92,GBP,card
TXN00001527,USR001322,2026-08-06T00:50:20Z,402.12,EUR,savings
TXN00005752,USR002823,2026-08-06T02:06:49Z,285.84,GBP,savings
TXN00003287,USR003536,2026-08-06T02:43:40Z,19.19,EUR,card
TXN00005820,USR003236,2026-08-06T02:44:12Z,13.91,EUR,card
TXN00000483,USR002640,2026-08-06T03:11:35Z,15.77,GBP,card
TXN00007578,USR001505,2026-08-06T03:32:21Z,224.99,GBP,stocks
TXN00001803,USR004552,2026-08-06T05:19:35Z,11.22,EUR,card
TXN00004528,USR003102,2026-08-06T06:57:04Z,299.03,NOK,crypto
TXN00006315,USR004041,2026-08-06T07:26:45Z,-35.12,EUR,card
TXN00006201,USR004710,2026-08-06T07:35:06Z,9.90,RON,card
TXN00001946,USR002519,2026-08-06T09:32:56Z,4.76,EUR,card
TXN00003699,USR003005,2026-08-06T09:41:41Z,206.35,EUR,savings
TXN00005245,USR004215,2026-08-06T10:02:54Z,11.02,EUR,card
TXN00001540,USR004754,2026-08-06T11:09:50Z,104.67,EUR,stocks
TXN00003097,USR000880,2026-08-06T11:25:06Z,137.27,GBP,stocks
TXN00008212,USR000974,2026-08-06T12:15:00Z,3.37,EUR,card
TXN00006875,USR000803,2026-08-06T12:53:36Z,-12.15,EUR,card
TXN00000509,USR001729,2026-08-06T13:49:48Z,54.34,EUR,card
TXN00008567,USR000608,2026-08-06T16:32:16Z,79.61,PLN,card
TXN00005741,USR002317,2026-08-06T16:34:22Z,77.79,EUR,card
TXN00004785,USR002993,2026-08-06T16:36:17Z,346.29,RON,stocks
TXN00008421,USR000529,2026-08-06T16:38:56Z,135.80,EUR,savings
TXN00004669,USR003701,2026-08-06T18:16:20Z,9.48,NOK,card
TXN00001193,USR003027,2026-08-06T19:29:12Z,80.06,GBP,crypto
TXN00000362,USR002180,2026-08-06T20:03:47Z,88.13,EUR,FX
TXN00001616,USR001121,2026-08-06T20:23:20Z,9.51,PLN,card
TXN00005910,USR000547,2026-08-06T21:59:29Z,18.82,GBP,card
TXN00008817,USR002262,2026-08-06T22:06:30Z,13.21,GBP,card
TXN00004147,USR000483,2026-08-07T00:30:49Z,205.81,EUR,crypto
TXN00004842,USR002836,2026-08-07T00:57:35Z,28.59,EUR,card
TXN00004202,USR003806,2026-08-07T01:53:43Z,64.19,NOK,card
TXN00004295,USR003914,2026-08-07T02:45:05Z,373.58,EUR,crypto
TXN00001106,USR000645,2026-08-07T03:16:00Z,109.33,EUR,card
TXN00003690,USR003524,2026-08-07T05:24:44Z,54.83,CHF,stocks
TXN00008657,USR004453,2026-08-07T05:46:00Z,13.33,CHF,card
TXN00000114,USR004609,2026-08-07T06:14:36Z,8.11,EUR,card
TXN00000474,USR002588,2026-08-07T06:19:38Z,352.82,GBP,stocks
TXN00002112,USR000810,2026-08-07T06:56:16Z,218.31,EUR,savings
TXN00006252,USR004102,2026-08-07T06:58:18Z,26.58,EUR,card
TXN00007270,USR004789,2026-08-07T10:18:28Z,64.41,RON,card
TXN00008626,USR000595,2026-08-07T10:23:26Z,9.03,SEK,card
TXN00007025,USR003249,2026-08-07T11:53:46Z,16.73,GBP,card
TXN00004422,USR000591,2026-08-07T13:54:08Z,22.15,PLN,card
TXN00002500,USR004244,2026-08-07T14:04:38Z,52.29,PLN,crypto
TXN00000265,USR001831,2026-08-07T18:09:17Z,31.36,EUR,card
TXN00002499,USR000044,2026-08-07T18:35:51Z,23.87,GBP,card
TXN00006232,USR003730,2026-08-07T19:21:28Z,4.30,EUR,card
TXN00008249,USR002165,2026-08-07T20:56:52Z,489.90,EUR,stocks
TXN00008680,USR003178,2026-08-07T21:11:36Z,156.05,RON,savings
TXN00005988,USR004602,2026-08-07T21:49:49Z,21.58,GBP,card
TXN00000946,USR003655,2026-08-07T23:10:26Z,7.55,GBP,card
TXN00005133,USR003114,2026-08-07T23:57:25Z,44.63,GBP,card
TXN00006712,USR003033,2026-08-08T00:24:15Z,41.58,GBP,card
TXN00005798,USR004673,2026-08-08T00:53:57Z,54.87,EUR,card
TXN00007806,USR003669,2026-08-08T01:29:59Z,417.48,SEK,FX
TXN00006959,USR002001,2026-08-08T01:54:06Z,383.77,EUR,FX
TXN00007242,USR000622,2026-08-08T02:49:44Z,137.22,EUR,savings
TXN00007516,USR000544,2026-08-08T03:18:02Z,13.72,EUR,card
TXN00002072,USR001299,2026-08-08T04:33:29Z,-39.33,RON,card
TXN00000266,USR003456,2026-08-08T04:35:15Z,47.36,EUR,card
TXN00005290,USR003212,2026-08-08T04:48:48Z,37.68,GBP,crypto
TXN00001653,USR004244,2026-08-08T05:32:02Z,71.52,EUR,stocks
TXN00006626,USR002281,2026-08-08T05:39:53Z,231.30,EUR,FX
TXN00007843,USR001688,2026-08-08T06:59:49Z,24.70,PLN,card
TXN00006163,USR002094,2026-08-08T07:04:45Z,128.67,EUR,savings
TXN00000940,USR004408,2026-08-08T07:24:34Z,37.51,GBP,card
TXN00008835,USR004486,2026-08-08T07:29:05Z,136.57,GBP,FX
TXN00000589,USR004839,2026-08-08T07:33:23Z,168.25,SEK,stocks
TXN00000398,USR003536,2026-08-08T08:38:08Z,136.09,EUR,card
TXN00007280,USR001427,2026-08-08T11:46:58Z,205.64,EUR,savings
TXN00003004,USR004745,2026-08-08T12:02:27Z,8.93,GBP,card
TXN00006086,USR004065,2026-08-08T12:20:03Z,101.47,GBP,card
TXN00006273,USR004657,2026-08-08T12:36:59Z,220.14,EUR,crypto
TXN00000622,USR004357,2026-08-08T15:16:54Z,46.13,NOK,card
TXN00001458,USR004863,2026-08-08T16:52:16Z,8.98,EUR,card
TXN00008026,USR002049,2026-08-08T17:03:50Z,20.60,EUR,card
TXN00002044,USR000881,2026-08-08T18:18:00Z,45.47,EUR,card
TXN00007978,USR003976,2026-08-08T18:44:41Z,66.07,NOK,card
TXN00008555,USR000933,2026-08-08T19:21:28Z,202.80,EUR,savings
TXN00006001,USR003938,2026-08-08T21:24:56Z,124.44,GBP,stocks
TXN00008055,USR002447,2026-08-08T22:05:56Z,979.62,GBP,savings
TXN00003609,USR004154,2026-08-08T23:52:13Z,17.27,JPY,card
TXN00002993,USR002811,2026-08-09T00:04:37Z,12.94,GBP,card
TXN00000160,USR001925,2026-08-09T01:14:36Z,168.74,EUR,card
TXN00004628,USR000178,2026-08-09T03:09:47Z,335.93,NOK,stocks
TXN00005998,USR002699,2026-08-09T05:08:12Z,115.75,EUR,card
TXN00004436,USR003706,2026-08-09T06:28:06Z,17.26,RON,card
TXN00004330,USR002173,2026-08-09T11:03:23Z,32.37,GBP,card
TXN00000733,USR001488,2026-08-09T11:03:51Z,36.44,EUR,savings
TXN00006121,USR004054,2026-08-09T11:38:17Z,14.52,USD,card
TXN00006156,USR000603,2026-08-09T12:33:52Z,17.15,GBP,card
TXN00002631,USR003125,2026-08-09T12:52:02Z,1349.02,EUR,savings
TXN00000293,USR002757,2026-08-09T13:23:29Z,9.91,PLN,card
TXN00001920,USR004089,2026-08-09T14:54:15Z,85.43,PLN,stocks
TXN00003934,USR000662,2026-08-09T18:06:07Z,43.10,EUR,card
TXN00004458,USR004800,2026-08-09T18:24:11Z,271.04,RON,stocks
TXN00001235,USR002638,2026-08-09T19:10:43Z,1383.30,EUR,savings
TXN00003054,USR000583,2026-08-09T20:46:47Z,165.19,GBP,savings
TXN00001307,USR000293,2026-08-09T21:47:58Z,1081.40,EUR,savings
TXN00003956,USR002634,2026-08-09T22:47:58Z,29.19,GBP,card
TXN00000698,USR004459,2026-08-09T22:50:13Z,226.91,EUR,savings
TXN00001186,USR004200,2026-08-09T23:33:23Z,45.87,GBP,card
TXN00008248,USR000990,2026-08-09T23:48:47Z,18.44,EUR,card
TXN00008320,USR000009,2026-08-09T23:55:36Z,17.48,EUR,card
TXN00008556,USR001827,2026-08-10T01:46:10Z,90.92,EUR,crypto
TXN00002697,USR002958,2026-08-10T01:52:41Z,136.26,USD,savings
TXN00005059,USR004699,2026-08-10T04:35:14Z,9.19,EUR,card
TXN00006010,USR003758,2026-08-10T05:15:19Z,19.19,PLN,card
TXN00003402,USR000916,2026-08-10T06:07:56Z,3.97,GBP,card
TXN00003278,USR001744,2026-08-10T06:30:06Z,28.82,RON,card
TXN00003221,USR001859,2026-08-10T06:35:57Z,21.25,EUR,card
TXN00008985,USR000856,2026-08-10T06:41:25Z,48.18,EUR,card
TXN00008996,USR003690,2026-08-10T06:50:38Z,97.47,EUR,crypto
TXN00002178,USR000494,2026-08-10T07:21:21Z,23.91,EUR,card
TXN00006195,USR002179,2026-08-10T07:26:50Z,46.55,EUR,card
TXN00000473,USR000332,2026-08-10T08:05:07Z,138.18,NOK,stocks
TXN00003813,USR004980,2026-08-10T08:09:41Z,244.07,GBP,FX
TXN00007529,USR001240,2026-08-10T08:31:00Z,24.55,GBP,card
TXN00003475,USR003764,2026-08-10T09:03:49Z,23.25,EUR,card
TXN00000393,USR002099,2026-08-10T09:59:55Z,20.22,EUR,card
TXN00006706,USR001939,2026-08-10T10:32:29Z,62.56,EUR,card
TXN00004737,USR002957,2026-08-10T13:36:01Z,23.32,GBP,card
TXN00006222,USR001924,2026-08-10T15:27:25Z,15.08,EUR,card
TXN00007764,USR000974,2026-08-10T16:09:33Z,23.07,EUR,card
TXN00006423,USR002601,2026-08-10T16:39:15Z,21.12,USD,card
TXN00003292,USR002754,2026-08-10T18:48:03Z,181.16,PLN,savings
TXN00001739,USR002229,2026-08-10T20:25:33Z,104.66,SEK,card
TXN00007869,USR001841,2026-08-10T21:01:00Z,369.10,SEK,savings
TXN00003858,USR004261,2026-08-11T01:10:50Z,75.61,PLN,crypto
TXN00001026,USR003277,2026-08-11T01:44:18Z,42.59,EUR,card
TXN00002077,USR002330,2026-08-11T02:04:56Z,4.97,EUR,card
TXN00006040,USR002099,2026-08-11T02:39:02Z,45.83,EUR,card
TXN00004111,USR004754,2026-08-11T02:54:27Z,24.52,EUR,FX
TXN00007488,USR004009,2026-08-11T03:48:20Z,4.25,GBP,card
TXN00000382,USR002273,2026-08-11T05:45:01Z,146.04,EUR,savings
TXN00003843,USR001170,2026-08-11T09:57:33Z,8.56,GBP,card
TXN00004562,USR001494,2026-08-11T10:35:28Z,8.62,RON,card
TXN00000140,USR004652,2026-08-11T11:09:42Z,30.74,EUR,card
TXN00003480,USR000040,2026-08-11T11:30:08Z,11.76,EUR,card
TXN00004279,USR003248,2026-08-11T13:07:31Z,17.00,PLN,card
TXN00004373,USR001321,2026-08-11T13:38:48Z,31.09,CHF,card
TXN00000731,USR001858,2026-08-11T14:00:15Z,8.06,RON,card
TXN00002255,USR000185,2026-08-11T14:00:45Z,193.83,EUR,FX
TXN00008536,USR002559,2026-08-11T14:09:14Z,25.72,EUR,card
TXN00005152,USR002353,2026-08-11T15:48:00Z,16.84,PLN,stocks
TXN00004145,USR001980,2026-08-11T17:31:30Z,614.78,RON,savings
TXN00008247,USR004522,2026-08-11T17:47:28Z,188.81,EUR,FX
TXN00005985,USR003304,2026-08-11T18:07:10Z,83.51,RON,stocks
TXN00007179,USR002477,2026-08-11T18:10:31Z,40.19,GBP,card
TXN00008432,USR003322,2026-08-11T18:14:09Z,408.48,EUR,FX
TXN00006795,USR000585,2026-08-11T18:32:13Z,25.35,PLN,card
TXN00000097,USR001311,2026-08-11T19:37:11Z,3.72,GBP,card
TXN00001079,USR000899,2026-08-11T20:27:41Z,53.08,NOK,crypto
TXN00002185,USR000854,2026-08-11T21:00:26Z,132.95,GBP,FX
TXN00003418,USR001743,2026-08-11T21:26:37Z,28.22,EUR,card
TXN00005792,USR004881,2026-08-11T21:37:46Z,39.54,RON,card
TXN00006597,USR002874,2026-08-11T22:33:52Z,10.23,EUR,card
TXN00001017,USR000016,2026-08-11T22:34:12Z,46.57,RON,FX
TXN00007247,USR001635,2026-08-11T22:56:17Z,15.22,EUR,card
TXN00003684,USR003665,2026-08-11T23:51:15Z,28.17,EUR,card
TXN00002606,USR003746,2026-08-11T23:58:53Z,186.98,PLN,FX
TXN00000543,USR004630,2026-08-12T00:07:00Z,75.66,CHF,crypto
TXN00001848,USR002191,2026-08-12T02:02:18Z,65.44,EUR,card
TXN00004062,USR000653,2026-08-12T02:41:02Z,69.30,GBP,crypto
TXN00007694,USR000784,2026-08-12T03:10:45Z,99.87,EUR,crypto
TXN00003506,USR001417,2026-08-12T03:17:37Z,823.29,EUR,savings
TXN00005331,USR003455,2026-08-12T03:39:00Z,9.27,RON,card
TXN00006119,USR003675,2026-08-12T04:39:53Z,41.10,GBP,card
TXN00003708,USR000972,2026-08-12T05:38:42Z,21.38,EUR,card
TXN00005368,USR001486,2026-08-12T06:39:20Z,191.40,GBP,card
TXN00007685,USR002019,2026-08-12T08:34:24Z,23.12,EUR,card
TXN00005974,USR000763,2026-08-12T08:47:48Z,40.86,RON,card
TXN00002268,USR000240,2026-08-12T09:17:48Z,42.87,GBP,card
TXN00005197,USR002433,2026-08-12T09:23:29Z,-101.39,GBP,card
TXN00007332,USR000089,2026-08-12T09:55:27Z,457.23,EUR,FX
TXN00004140,USR000856,2026-08-12T10:58:29Z,12.05,EUR,card
TXN00000575,USR000009,2026-08-12T12:15:32Z,234.48,NOK,stocks
TXN00007441,USR004119,2026-08-12T12:55:12Z,178.92,GBP,crypto
TXN00000894,USR003297,2026-08-12T16:29:32Z,42.51,PLN,card
TXN00008825,USR001170,2026-08-12T17:18:53Z,201.51,GBP,card
TXN00008051,USR004828,2026-08-12T20:54:54Z,14.44,EUR,card
TXN00001807,USR001664,2026-08-12T21:33:58Z,18.86,GBP,card
TXN00005500,USR002550,2026-08-12T22:39:48Z,50.08,EUR,card
TXN00006757,USR004050,2026-08-12T22:49:26Z,30.92,GBP,crypto
TXN00005928,USR002023,2026-08-12T23:08:49Z,185.98,EUR,savings
TXN00005437,USR004770,2026-08-12T23:12:58Z,296.58,USD,card
TXN00004990,USR002680,2026-08-12T23:41:04Z,22.78,EUR,card
TXN00000243,USR003746,2026-08-12T23:41:50Z,123.73,PLN,card
TXN00005442,USR002163,2026-08-13T02:48:36Z,29.51,GBP,crypto
TXN00005294,USR004906,2026-08-13T03:08:43Z,24.03,EUR,card
TXN00003673,USR002496,2026-08-13T05:24:38Z,-32.17,PLN,card
TXN00005554,USR003368,2026-08-13T05:25:06Z,50.35,SEK,FX
TXN00000091,USR000901,2026-08-13T05:34:35Z,22.95,EUR,card
TXN00005130,USR000730,2026-08-13T06:18:35Z,283.56,GBP,FX
TXN00001382,USR004676,2026-08-13T06:39:12Z,50.34,GBP,card
TXN00006943,USR000649,2026-08-13T08:14:52Z,17.60,SEK,card
TXN00005357,USR001163,2026-08-13T08:55:19Z,181.53,EUR,stocks
TXN00005271,USR001514,2026-08-13T09:07:34Z,168.00,GBP,crypto
TXN00002175,USR001131,2026-08-13T09:59:14Z,103.22,CHF,crypto
TXN00006090,USR000172,2026-08-13T10:15:42Z,87.10,GBP,crypto
TXN00006499,USR003944,2026-08-13T10:55:02Z,17.55,EUR,stocks
TXN00007494,USR002628,2026-08-13T11:14:49Z,20.32,EUR,card
TXN00005696,USR004120,2026-08-13T12:26:26Z,17.27,PLN,card
TXN00000696,USR001252,2026-08-13T12:48:04Z,711.35,PLN,savings
TXN00007547,USR000019,2026-08-13T14:32:02Z,11.24,CHF,card
TXN00002236,USR001965,2026-08-13T14:40:01Z,372.46,GBP,savings
TXN00002749,USR000297,2026-08-13T14:58:41Z,194.74,EUR,savings
TXN00006402,USR004286,2026-08-13T15:33:35Z,44.67,GBP,card
TXN00005822,USR003430,2026-08-13T20:43:59Z,14.97,EUR,card
TXN00005092,USR000755,2026-08-13T20:46:58Z,59.62,EUR,card
TXN00003391,USR001514,2026-08-13T21:50:30Z,218.51,GBP,stocks
TXN00002123,USR001563,2026-08-13T22:20:52Z,42.47,GBP,card
TXN00006096,USR001579,2026-08-13T23:15:58Z,396.95,GBP,stocks
TXN00000991,USR000746,2026-08-14T00:09:19Z,37.30,GBP,card
TXN00002213,USR000016,2026-08-14T01:00:17Z,220.61,RON,FX
TXN00002711,USR004570,2026-08-14T01:07:52Z,49.33,EUR,FX
TXN00007870,USR000095,2026-08-14T01:33:27Z,111.55,EUR,card
TXN00005009,USR003456,2026-08-14T02:12:52Z,998.89,EUR,FX
TXN00004726,USR003172,2026-08-14T02:31:17Z,77.30,EUR,crypto
TXN00008372,USR000544,2026-08-14T04:06:02Z,7.77,EUR,card
TXN00007874,USR003276,2026-08-14T04:18:39Z,9.54,GBP,card
TXN00008997,USR002507,2026-08-14T04:46:04Z,126.77,NOK,FX
TXN00001175,USR002793,2026-08-14T05:02:42Z,7.26,GBP,card
TXN00000330,USR002426,2026-08-14T05:30:13Z,39.21,EUR,crypto
TXN00008450,USR004453,2026-08-14T06:03:37Z,11.56,EUR,card
TXN00006653,USR001227,2026-08-14T06:19:32Z,6.40,EUR,card
TXN00004838,USR001398,2026-08-14T08:16:13Z,86.70,EUR,card
TXN00007165,USR002877,2026-08-14T08:43:28Z,338.37,GBP,crypto
TXN00008538,USR002466,2026-08-14T08:57:39Z,122.34,EUR,card
TXN00001979,USR002957,2026-08-14T10:26:12Z,219.85,GBP,FX
TXN00001355,USR001068,2026-08-14T10:28:24Z,246.27,EUR,savings
TXN00003581,USR000595,2026-08-14T10:45:47Z,-24.73,SEK,card
TXN00006317,USR001148,2026-08-14T10:55:24Z,41.03,EUR,card
TXN00005093,USR003031,2026-08-14T11:01:57Z,50.14,GBP,FX
TXN00008819,USR001959,2026-08-14T12:04:47Z,666.53,EUR,FX
TXN00000008,USR004200,2026-08-14T13:18:53Z,16.06,SEK,card
TXN00001588,USR003169,2026-08-14T14:00:49Z,286.96,EUR,savings
TXN00001461,USR002408,2026-08-14T15:19:13Z,12.58,EUR,card
TXN00005687,USR004088,2026-08-14T16:58:44Z,13.34,EUR,card
TXN00008888,USR001789,2026-08-14T17:25:53Z,23.58,RON,crypto
TXN00008428,USR001471,2026-08-14T18:00:32Z,107.51,PLN,savings
TXN00008122,USR004651,2026-08-14T19:32:14Z,16.59,GBP,card
TXN00004154,USR000618,2026-08-14T20:08:13Z,100.77,EUR,FX
TXN00007629,USR002586,2026-08-14T20:51:48Z,2.02,EUR,card
TXN00003252,USR002062,2026-08-14T21:28:58Z,154.66,NOK,card
TXN00001482,USR002052,2026-08-14T21:29:41Z,70.44,EUR,card
TXN00003671,USR000015,2026-08-14T22:23:58Z,340.84,EUR,FX
TXN00006171,USR001987,2026-08-14T23:06:05Z,79.83,EUR,crypto
TXN00008129,USR001514,2026-08-15T00:52:22Z,235.27,GBP,crypto
TXN00007667,USR002105,2026-08-15T02:17:41Z,5.84,EUR,card
TXN00008064,USR002947,2026-08-15T02:29:01Z,105.87,USD,crypto
TXN00002677,USR000510,2026-08-15T02:40:17Z,5.81,GBP,card
TXN00001525,USR004654,2026-08-15T03:02:44Z,16.89,EUR,card
TXN00002577,USR004208,2026-08-15T03:20:58Z,280.69,EUR,savings
TXN00006531,USR003305,2026-08-15T04:31:33Z,15.64,GBP,card
TXN00008308,USR000124,2026-08-15T05:00:28Z,54.55,GBP,card
TXN00008067,USR004675,2026-08-15T06:40:26Z,674.11,PLN,FX
TXN00006324,USR004768,2026-08-15T06:52:55Z,11.41,EUR,card
TXN00002754,USR000901,2026-08-15T07:30:02Z,248.08,EUR,savings
TXN00007831,USR001730,2026-08-15T08:07:15Z,109.53,RON,stocks
TXN00000346,USR000810,2026-08-15T08:22:48Z,78.49,GBP,savings
TXN00004634,USR000388,2026-08-15T10:00:15Z,21.87,GBP,card
TXN00005210,USR003660,2026-08-15T10:11:22Z,-57.78,EUR,card
TXN00002076,USR002447,2026-08-15T11:21:10Z,8.04,GBP,card
TXN00002498,USR004189,2026-08-15T11:42:30Z,3.44,GBP,card
TXN00003263,USR003501,2026-08-15T12:25:39Z,214.24,EUR,savings
TXN00002173,USR001035,2026-08-15T12:56:35Z,19.77,GBP,card
TXN00003408,USR003420,2026-08-15T13:44:32Z,188.96,USD,card
TXN00008101,USR002961,2026-08-15T15:47:28Z,12.17,GBP,card
TXN00008465,USR000951,2026-08-15T15:49:32Z,140.67,RON,stocks
TXN00006080,USR003806,2026-08-15T16:35:34Z,65.66,CAD,card
TXN00008151,USR000375,2026-08-15T17:13:27Z,112.64,JPY,stocks
TXN00004481,USR004121,2026-08-15T18:22:56Z,11.33,EUR,card
TXN00006995,USR001354,2026-08-15T18:47:19Z,26.72,GBP,card
TXN00000209,USR000990,2026-08-15T20:39:20Z,11.08,EUR,card
TXN00005989,USR001825,2026-08-15T21:18:08Z,210.78,CHF,stocks
TXN00008275,USR000231,2026-08-15T21:54:36Z,34.31,GBP,card
TXN00001037,USR001777,2026-08-15T22:04:07Z,192.21,CHF,crypto
TXN00001876,USR003592,2026-08-15T22:28:08Z,23.96,USD,card
TXN00007489,USR004237,2026-08-16T00:52:08Z,52.05,EUR,card
TXN00001910,USR000529,2026-08-16T01:28:31Z,343.08,EUR,stocks
TXN00001721,USR002394,2026-08-16T02:02:25Z,110.02,GBP,stocks
TXN00005921,USR004489,2026-08-16T02:47:52Z,196.06,EUR,stocks
TXN00007162,USR001514,2026-08-16T03:34:22Z,21.65,GBP,card
TXN00005832,USR002621,2026-08-16T03:36:11Z,69.29,EUR,card
TXN00007544,USR001174,2026-08-16T05:23:15Z,49.01,EUR,card
TXN00007273,USR004675,2026-08-16T06:46:32Z,414.00,RON,savings
TXN00008216,USR000146,2026-08-16T07:35:33Z,23.12,EUR,card
TXN00005167,USR001378,2026-08-16T07:46:18Z,544.08,GBP,stocks
TXN00002451,USR001120,2026-08-16T07:47:45Z,69.95,PLN,card
TXN00008341,USR002186,2026-08-16T08:38:18Z,82.09,EUR,crypto
TXN00007118,USR001535,2026-08-16T09:33:11Z,19.38,EUR,crypto
TXN00006414,USR004620,2026-08-16T09:59:34Z,48.58,EUR,card
TXN00006841,USR004624,2026-08-16T11:19:09Z,16.49,EUR,card
TXN00001882,USR003446,2026-08-16T12:08:17Z,266.35,GBP,savings
TXN00000966,USR001248,2026-08-16T12:23:55Z,68.81,GBP,savings
TXN00008077,USR004345,2026-08-16T12:53:21Z,21.54,EUR,card
TXN00004482,USR003526,2026-08-16T13:01:51Z,44.05,CAD,crypto
TXN00002708,USR003782,2026-08-16T13:41:53Z,3.59,PLN,card
TXN00003045,USR001988,2026-08-16T13:49:53Z,41.29,USD,card
TXN00003394,USR004120,2026-08-16T13:55:46Z,35.16,PLN,card
TXN00005779,USR000432,2026-08-16T15:26:29Z,46.72,EUR,card
TXN00008908,USR004384,2026-08-16T15:35:57Z,52.95,EUR,card
TXN00001523,USR002273,2026-08-16T16:11:41Z,34.37,EUR,crypto
TXN00004664,USR000045,2026-08-16T17:09:20Z,87.60,RON,card
TXN00000369,USR004548,2026-08-16T17:21:12Z,121.73,USD,card
TXN00001713,USR002303,2026-08-16T17:44:04Z,12.80,EUR,card
TXN00003217,USR001006,2026-08-16T18:41:49Z,295.44,EUR,crypto
TXN00004181,USR001873,2026-08-16T19:33:45Z,24.16,PLN,card
TXN00007954,USR003729,2026-08-16T19:43:35Z,173.56,EUR,stocks
TXN00005545,USR002281,2026-08-16T20:34:27Z,41.88,EUR,card
TXN00006371,USR000234,2026-08-16T21:31:07Z,25.98,GBP,card
TXN00001246,USR004694,2026-08-16T23:22:17Z,280.54,EUR,crypto
TXN00000721,USR000491,2026-08-16T23:37:37Z,146.65,EUR,savings
TXN00006999,USR002749,2026-08-16T23:42:45Z,22.53,EUR,card
TXN00004945,USR003006,2026-08-17T00:36:54Z,262.12,EUR,FX
TXN00000838,USR000901,2026-08-17T02:37:16Z,36.31,GBP,card
TXN00005477,USR002914,2026-08-17T03:14:09Z,112.10,RON,card
TXN00003283,USR000389,2026-08-17T05:54:47Z,262.78,GBP,FX
TXN00008390,USR003184,2026-08-17T06:16:53Z,6.11,CHF,card
TXN00001914,USR004980,2026-08-17T06:33:01Z,9.61,GBP,card
TXN00003240,USR000340,2026-08-17T06:56:44Z,72.92,GBP,card
TXN00008672,USR003729,2026-08-17T07:41:21Z,14.16,EUR,card
TXN00002170,USR000159,2026-08-17T08:36:06Z,50.04,PLN,card
TXN00001865,USR001429,2026-08-17T09:59:53Z,61.24,GBP,card
TXN00003167,USR000617,2026-08-17T11:21:24Z,4.97,EUR,card
TXN00003914,USR004751,2026-08-17T11:35:54Z,5.32,GBP,card
TXN00007553,USR000270,2026-08-17T11:50:22Z,26.35,EUR,stocks
TXN00005564,USR003811,2026-08-17T12:08:00Z,6.26,EUR,card
TXN00003121,USR004475,2026-08-17T14:04:48Z,1612.20,EUR,stocks
TXN00006868,USR004564,2026-08-17T15:37:45Z,8.47,CHF,card
TXN00003356,USR001811,2026-08-17T17:00:56Z,64.71,EUR,card
TXN00006023,USR000283,2026-08-17T17:51:13Z,97.60,PLN,card
TXN00007527,USR000522,2026-08-17T22:02:01Z,55.21,SEK,card
TXN00008257,USR000841,2026-08-17T22:53:01Z,19.17,EUR,card
TXN00004251,USR003343,2026-08-17T23:15:16Z,25.28,GBP,stocks
TXN00003272,USR002507,2026-08-18T00:05:15Z,13.01,EUR,card
TXN00005759,USR000841,2026-08-18T02:17:29Z,40.93,EUR,card
TXN00005230,USR001135,2026-08-18T02:22:49Z,10.88,PLN,card
TXN00006863,USR003394,2026-08-18T05:27:11Z,15.92,CHF,card
TXN00002730,USR002901,2026-08-18T05:58:16Z,105.95,EUR,crypto
TXN00006123,USR000729,2026-08-18T06:10:33Z,16.73,USD,card
TXN00005027,USR000519,2026-08-18T08:11:25Z,26.52,GBP,card
TXN00006440,USR004313,2026-08-18T08:55:23Z,38.42,EUR,card
TXN00001495,USR004219,2026-08-18T09:23:50Z,60.82,CHF,crypto
TXN00006522,USR004255,2026-08-18T10:01:39Z,44.20,CHF,card
TXN00001356,USR001131,2026-08-18T10:13:28Z,36.74,PLN,card
TXN00000972,USR002928,2026-08-18T13:01:25Z,12.83,EUR,card
TXN00001252,USR002880,2026-08-18T13:08:14Z,230.38,EUR,savings
TXN00007965,USR003345,2026-08-18T13:32:24Z,376.79,NOK,FX
TXN00006785,USR000791,2026-08-18T14:38:38Z,39.49,EUR,card
TXN00007146,USR001680,2026-08-18T14:44:19Z,175.86,EUR,savings
TXN00000344,USR002769,2026-08-18T14:58:28Z,17.39,GBP,card
TXN00008969,USR004793,2026-08-18T15:00:14Z,21.62,GBP,card
TXN00008979,USR004227,2026-08-18T15:26:02Z,2838.48,GBP,savings
TXN00003595,USR002238,2026-08-18T16:33:01Z,54.56,EUR,card
TXN00000184,USR000678,2026-08-18T18:11:46Z,44.47,EUR,card
TXN00002839,USR004627,2026-08-18T19:41:58Z,23.89,EUR,card
TXN00000510,USR000253,2026-08-18T19:54:55Z,122.88,GBP,card
TXN00001988,USR001643,2026-08-18T20:28:22Z,42.80,CHF,FX
TXN00001951,USR001232,2026-08-18T21:03:59Z,146.30,EUR,savings
TXN00007583,USR002125,2026-08-18T22:49:54Z,22.13,GBP,card
TXN00005033,USR000412,2026-08-18T22:56:29Z,160.01,EUR,crypto
TXN00000955,USR000579,2026-08-19T00:23:59Z,44.50,GBP,card
TXN00000517,USR002090,2026-08-19T02:14:47Z,45.80,EUR,card
TXN00001422,USR004567,2026-08-19T02:40:22Z,20.20,RON,card
TXN00002328,USR002023,2026-08-19T02:44:45Z,79.09,EUR,savings
TXN00002403,USR001250,2026-08-19T06:24:04Z,472.26,SEK,crypto
TXN00002276,USR000878,2026-08-19T08:09:22Z,35.01,EUR,card
TXN00006239,USR002439,2026-08-19T09:41:17Z,10.79,SEK,card
TXN00007519,USR003586,2026-08-19T11:11:41Z,78.99,CHF,crypto
TXN00007208,USR004273,2026-08-19T11:27:42Z,79.70,EUR,card
TXN00007411,USR002540,2026-08-19T12:23:10Z,71.61,GBP,stocks
TXN00001068,USR004024,2026-08-19T14:07:01Z,44.63,EUR,card
TXN00005542,USR002353,2026-08-19T15:31:06Z,340.92,PLN,stocks
TXN00005030,USR004646,2026-08-19T16:48:02Z,46.09,EUR,crypto
TXN00004773,USR004064,2026-08-19T17:27:02Z,74.11,GBP,card
TXN00001817,USR000705,2026-08-19T18:11:37Z,-13.86,CAD,card
TXN00006838,USR000274,2026-08-19T18:46:36Z,14.19,EUR,card
TXN00005981,USR004120,2026-08-19T18:58:50Z,9.80,USD,card
TXN00006347,USR001035,2026-08-19T20:05:05Z,90.51,GBP,savings
TXN00008232,USR003455,2026-08-19T20:17:23Z,5.00,GBP,card
TXN00007480,USR000966,2026-08-19T20:27:59Z,46.76,PLN,card
TXN00007604,USR002134,2026-08-19T20:45:54Z,8.28,GBP,card
TXN00008579,USR000075,2026-08-19T20:48:06Z,36.99,EUR,card
TXN00002151,USR002656,2026-08-19T20:53:16Z,51.96,EUR,card
TXN00000808,USR003384,2026-08-19T22:18:55Z,39.68,GBP,card
TXN00002436,USR002425,2026-08-19T22:19:04Z,28.94,EUR,card
TXN00004962,USR000185,2026-08-19T22:57:48Z,117.77,EUR,card
TXN00005333,USR001955,2026-08-20T00:24:02Z,41.55,PLN,card
TXN00002931,USR001895,2026-08-20T01:19:02Z,52.18,EUR,card
TXN00006319,USR003115,2026-08-20T01:35:40Z,32.04,EUR,card
TXN00002417,USR002471,2026-08-20T02:06:35Z,14.90,PLN,card
TXN00003170,USR004921,2026-08-20T03:50:09Z,15.60,GBP,card
TXN00004306,USR000457,2026-08-20T04:52:58Z,28.07,PLN,card
TXN00000707,USR003258,2026-08-20T05:55:46Z,40.28,EUR,card
TXN00005917,USR001020,2026-08-20T06:14:50Z,563.58,GBP,savings
TXN00007340,USR003964,2026-08-20T07:12:56Z,373.58,EUR,savings
TXN00008198,USR004327,2026-08-20T09:23:52Z,124.73,PLN,crypto
TXN00000719,USR000736,2026-08-20T10:33:59Z,36.74,EUR,card
TXN00004382,USR004647,2026-08-20T13:02:24Z,259.71,PLN,stocks
TXN00005015,USR003351,2026-08-20T16:55:56Z,298.60,GBP,savings
TXN00002449,USR003639,2026-08-20T22:36:18Z,475.91,USD,FX
TXN00004119,USR001215,2026-08-20T23:27:48Z,156.68,RON,crypto
TXN00000839,USR001928,2026-08-20T23:44:25Z,428.02,EUR,savings
TXN00000291,USR001901,2026-08-21T00:12:49Z,30.22,GBP,card
TXN00008404,USR003740,2026-08-21T01:08:43Z,61.85,PLN,crypto
TXN00003945,USR002810,2026-08-21T02:06:51Z,837.85,EUR,savings
TXN00001923,USR002357,2026-08-21T02:18:36Z,41.97,GBP,card
TXN00003543,USR003746,2026-08-21T02:32:24Z,114.89,PLN,FX
TXN00005214,USR002518,2026-08-21T04:33:17Z,69.64,GBP,card
TXN00007410,USR003316,2026-08-21T04:40:59Z,30.35,EUR,card
TXN00007669,USR002810,2026-08-21T04:51:55Z,45.32,EUR,card
TXN00002667,USR003888,2026-08-21T06:17:01Z,97.97,EUR,FX
TXN00008239,USR004180,2026-08-21T06:26:47Z,80.66,EUR,stocks
TXN00004159,USR001401,2026-08-21T07:13:39Z,342.35,EUR,crypto
TXN00003308,USR000426,2026-08-21T07:56:41Z,18.92,GBP,card
TXN00003992,USR000579,2026-08-21T08:40:04Z,409.15,GBP,FX
TXN00005920,USR000753,2026-08-21T10:18:43Z,132.46,EUR,stocks
TXN00004033,USR004654,2026-08-21T11:01:24Z,10.33,EUR,card
TXN00003096,USR004796,2026-08-21T11:19:54Z,273.33,CHF,stocks
TXN00008862,USR000620,2026-08-21T12:16:58Z,5.61,RON,card
TXN00007478,USR004700,2026-08-21T12:28:30Z,525.57,EUR,savings
TXN00003450,USR002392,2026-08-21T12:55:37Z,255.68,GBP,savings
TXN00005096,USR002242,2026-08-21T13:52:53Z,24.89,EUR,crypto
TXN00006302,USR004673,2026-08-21T13:56:56Z,241.84,EUR,card
TXN00000660,USR000325,2026-08-21T14:32:06Z,498.28,GBP,stocks
TXN00008650,USR002714,2026-08-21T15:55:01Z,6.85,EUR,card
TXN00000527,USR001671,2026-08-21T15:55:31Z,29.79,EUR,card
TXN00001689,USR001663,2026-08-21T16:11:05Z,289.06,EUR,savings
TXN00000700,USR001083,2026-08-21T16:15:02Z,114.16,EUR,stocks
TXN00007586,USR004120,2026-08-21T17:20:39Z,19.85,PLN,card
TXN00002785,USR004447,2026-08-21T18:13:28Z,748.91,EUR,savings
TXN00003545,USR001404,2026-08-21T18:26:26Z,170.44,EUR,savings
TXN00002890,USR004652,2026-08-21T20:52:44Z,243.21,CHF,FX
TXN00006966,USR004556,2026-08-21T21:04:23Z,46.84,EUR,card
TXN00003640,USR000108,2026-08-21T22:25:09Z,20.63,EUR,card
TXN00008666,USR003235,2026-08-22T00:52:03Z,49.75,EUR,card
TXN00002445,USR004034,2026-08-22T00:52:57Z,571.41,EUR,savings
TXN00000681,USR003009,2026-08-22T00:52:59Z,12.56,EUR,card
TXN00003810,USR000159,2026-08-22T02:57:14Z,48.59,PLN,card
TXN00005914,USR002816,2026-08-22T04:44:51Z,5.09,SEK,card
TXN00008022,USR000096,2026-08-22T04:53:24Z,117.67,GBP,savings
TXN00006772,USR004313,2026-08-22T04:56:38Z,839.54,EUR,savings
TXN00004843,USR000775,2026-08-22T06:20:13Z,19.14,EUR,card
TXN00000971,USR001795,2026-08-22T07:47:07Z,222.97,JPY,crypto
TXN00006410,USR000602,2026-08-22T07:57:13Z,18.10,NOK,card
TXN00001066,USR001803,2026-08-22T08:22:09Z,249.67,EUR,crypto
TXN00004369,USR001195,2026-08-22T08:35:40Z,70.40,EUR,card
TXN00004658,USR001863,2026-08-22T09:37:11Z,19.82,EUR,card
TXN00001569,USR002449,2026-08-22T09:37:34Z,12.74,EUR,card
TXN00005987,USR003027,2026-08-22T10:30:52Z,76.16,GBP,card
TXN00005138,USR000015,2026-08-22T13:32:52Z,7.32,EUR,card
TXN00008722,USR002550,2026-08-22T13:38:07Z,85.22,EUR,savings
TXN00006174,USR000125,2026-08-22T13:54:23Z,2542.67,SEK,savings
TXN00005295,USR002517,2026-08-22T14:33:00Z,8.14,SEK,card
TXN00008233,USR005000,2026-08-22T15:02:07Z,103.70,PLN,savings
TXN00001384,USR000727,2026-08-22T17:18:59Z,44.11,EUR,FX
TXN00006675,USR000601,2026-08-22T17:22:24Z,41.63,EUR,card
TXN00001662,USR002067,2026-08-22T17:59:05Z,37.14,SEK,card
TXN00001202,USR001862,2026-08-22T20:33:09Z,25.48,EUR,card
TXN00000851,USR004780,2026-08-22T21:40:47Z,773.06,EUR,FX
TXN00004379,USR004586,2026-08-22T22:54:41Z,16.40,EUR,card
TXN00003294,USR003323,2026-08-22T23:44:04Z,5.99,GBP,card
TXN00004315,USR004543,2026-08-23T01:47:33Z,10.17,RON,card
TXN00004627,USR001096,2026-08-23T01:54:04Z,17.70,SEK,card
TXN00005172,USR004349,2026-08-23T02:12:08Z,20.14,GBP,card
TXN00003611,USR003455,2026-08-23T02:40:28Z,94.19,GBP,card
TXN00005359,USR003692,2026-08-23T05:00:37Z,43.62,RON,crypto
TXN00007427,USR002556,2026-08-23T05:03:09Z,459.84,GBP,savings
TXN00002846,USR001145,2026-08-23T06:22:52Z,123.11,EUR,savings
TXN00004670,USR002160,2026-08-23T06:50:57Z,-24.26,EUR,card
TXN00001892,USR002710,2026-08-23T07:10:51Z,15.59,GBP,card
TXN00002655,USR000901,2026-08-23T08:33:37Z,153.47,EUR,FX
TXN00008293,USR002983,2026-08-23T09:03:00Z,12.56,PLN,card
TXN00008875,USR002513,2026-08-23T11:18:43Z,273.27,CAD,FX
TXN00004490,USR001822,2026-08-23T11:27:10Z,38.35,GBP,card
TXN00002454,USR002721,2026-08-23T13:14:28Z,14.90,PLN,card
TXN00003940,USR004675,2026-08-23T13:23:15Z,17.38,PLN,card
TXN00007379,USR002934,2026-08-23T14:56:37Z,9.28,EUR,card
TXN00005440,USR001501,2026-08-23T15:30:16Z,186.42,GBP,stocks
TXN00007505,USR002238,2026-08-23T15:39:23Z,128.99,RON,card
TXN00005503,USR002095,2026-08-23T17:31:35Z,133.42,GBP,FX
TXN00001434,USR004384,2026-08-23T19:04:42Z,16.85,EUR,card
TXN00006382,USR000945,2026-08-23T19:35:21Z,25.42,EUR,card
TXN00005084,USR001350,2026-08-23T19:45:05Z,33.22,CHF,card
TXN00003268,USR002696,2026-08-23T20:11:14Z,20.89,EUR,card
TXN00002617,USR003917,2026-08-23T20:37:56Z,18.63,EUR,card
TXN00005146,USR003331,2026-08-23T20:38:52Z,142.59,GBP,savings
TXN00007051,USR001114,2026-08-23T20:46:19Z,332.12,EUR,FX
TXN00000225,USR003351,2026-08-23T21:09:06Z,49.30,EUR,card
TXN00000279,USR002496,2026-08-23T21:31:44Z,247.46,GBP,FX
TXN00002958,USR000872,2026-08-23T22:43:55Z,948.53,EUR,savings
TXN00002354,USR002159,2026-08-24T00:06:12Z,7.83,SEK,card
TXN00002504,USR001398,2026-08-24T00:57:46Z,336.05,EUR,savings
TXN00005263,USR000268,2026-08-24T01:44:20Z,6.04,USD,card
TXN00006206,USR002535,2026-08-24T02:04:59Z,25.74,EUR,card
TXN00005216,USR004046,2026-08-24T04:24:30Z,413.30,GBP,FX
TXN00002401,USR003747,2026-08-24T05:24:38Z,15.23,GBP,card
TXN00002626,USR003955,2026-08-24T05:45:32Z,1088.28,EUR,savings
TXN00006389,USR001067,2026-08-24T06:27:11Z,134.83,EUR,savings
TXN00008711,USR001644,2026-08-24T07:09:39Z,39.61,EUR,FX
TXN00004228,USR000951,2026-08-24T07:22:01Z,6.50,RON,card
TXN00001218,USR004200,2026-08-24T08:06:37Z,20.73,GBP,card
TXN00006970,USR000643,2026-08-24T08:09:33Z,310.05,GBP,savings
TXN00002017,USR001146,2026-08-24T08:12:05Z,228.00,GBP,stocks
TXN00006426,USR004889,2026-08-24T08:37:38Z,30.28,EUR,card
TXN00004764,USR003381,2026-08-24T09:19:34Z,453.27,EUR,FX
TXN00005455,USR003235,2026-08-24T09:49:12Z,7.05,EUR,card
TXN00001432,USR002995,2026-08-24T10:11:04Z,1166.50,GBP,savings
TXN00000729,USR000341,2026-08-24T10:35:22Z,19.31,JPY,card
TXN00002299,USR003297,2026-08-24T12:08:05Z,495.19,EUR,savings
TXN00008710,USR002439,2026-08-24T12:22:57Z,14.37,SEK,card
TXN00008569,USR001069,2026-08-24T14:09:24Z,157.84,GBP,crypto
TXN00002738,USR004794,2026-08-24T15:53:52Z,12.56,GBP,crypto
TXN00006082,USR001890,2026-08-24T16:52:57Z,13.40,EUR,card
TXN00006503,USR004912,2026-08-24T17:23:23Z,44.81,EUR,crypto
TXN00005242,USR003724,2026-08-24T17:29:23Z,269.18,EUR,stocks
TXN00004603,USR002445,2026-08-24T17:37:23Z,10.93,GBP,card
TXN00003447,USR003692,2026-08-24T17:44:47Z,46.87,RON,card
TXN00000855,USR001561,2026-08-24T18:00:01Z,454.28,EUR,FX
TXN00007917,USR001560,2026-08-24T20:22:04Z,424.57,EUR,stocks
TXN00002727,USR003592,2026-08-24T20:56:06Z,25.85,EUR,card
TXN00005161,USR003688,2026-08-24T21:36:07Z,248.16,GBP,card
TXN00006543,USR002754,2026-08-24T22:18:37Z,30.60,PLN,card
TXN00003643,USR004602,2026-08-24T23:08:27Z,406.18,GBP,stocks
TXN00002315,USR000380,2026-08-24T23:26:43Z,271.32,GBP,crypto
TXN00008623,USR003501,2026-08-24T23:49:45Z,171.65,EUR,FX
TXN00006926,USR002488,2026-08-25T00:00:56Z,50.36,NOK,card
TXN00007043,USR001497,2026-08-25T00:07:13Z,60.77,NOK,card
TXN00001055,USR000190,2026-08-25T00:14:18Z,33.18,GBP,card
TXN00008096,USR003875,2026-08-25T00:24:25Z,17.47,EUR,card
TXN00000304,USR003830,2026-08-25T01:53:36Z,143.73,NOK,savings
TXN00000064,USR000467,2026-08-25T03:16:06Z,98.56,GBP,card
TXN00004370,USR001021,2026-08-25T04:23:27Z,2.04,EUR,card
TXN00007380,USR000312,2026-08-25T04:35:54Z,38.86,EUR,card
TXN00008732,USR001350,2026-08-25T04:38:52Z,5.66,EUR,card
TXN00002240,USR000646,2026-08-25T05:03:39Z,407.86,USD,crypto
TXN00005386,USR002036,2026-08-25T05:40:07Z,17.36,EUR,card
TXN00005016,USR000994,2026-08-25T05:44:38Z,11.78,PLN,card
TXN00003357,USR004099,2026-08-25T05:57:53Z,40.74,GBP,savings
TXN00005529,USR004090,2026-08-25T06:06:57Z,168.89,SEK,crypto
TXN00006013,USR002092,2026-08-25T06:26:46Z,26.30,GBP,card
TXN00003073,USR000951,2026-08-25T07:00:28Z,5.80,RON,card
TXN00007238,USR001834,2026-08-25T07:11:29Z,127.36,GBP,stocks
TXN00007183,USR000067,2026-08-25T07:45:14Z,14.61,NOK,card
TXN00003615,USR004767,2026-08-25T07:48:54Z,419.84,EUR,savings
TXN00002323,USR001459,2026-08-25T08:22:06Z,40.78,PLN,FX
TXN00003503,USR004058,2026-08-25T09:13:58Z,19.16,NOK,card
TXN00003868,USR003352,2026-08-25T09:22:34Z,43.58,GBP,card
TXN00008413,USR004600,2026-08-25T10:09:04Z,407.91,RON,savings
TXN00007303,USR000566,2026-08-25T10:22:05Z,84.30,EUR,savings
TXN00006182,USR001398,2026-08-25T10:31:03Z,16.79,EUR,card
TXN00003226,USR000120,2026-08-25T11:25:25Z,41.44,GBP,FX
TXN00000157,USR000945,2026-08-25T12:33:59Z,563.91,EUR,stocks
TXN00001824,USR003304,2026-08-25T12:45:47Z,1302.95,RON,FX
TXN00006282,USR002678,2026-08-25T13:04:29Z,50.46,EUR,stocks
TXN00001283,USR002573,2026-08-25T14:01:38Z,34.57,JPY,card
TXN00003141,USR003091,2026-08-25T14:07:40Z,165.31,GBP,FX
TXN00005866,USR002171,2026-08-25T15:52:04Z,39.25,JPY,card
TXN00001135,USR003279,2026-08-25T16:49:58Z,8.43,EUR,card
TXN00007735,USR004377,2026-08-25T18:04:40Z,9.18,RON,card
TXN00005332,USR001803,2026-08-25T19:25:57Z,160.14,EUR,card
TXN00001568,USR003084,2026-08-25T19:49:51Z,24.09,RON,card
TXN00008322,USR004133,2026-08-25T19:50:09Z,60.55,PLN,card
TXN00001351,USR001634,2026-08-25T19:54:54Z,85.01,RON,savings
TXN00001483,USR000558,2026-08-25T21:24:02Z,9.27,JPY,card
TXN00005849,USR000439,2026-08-25T21:35:08Z,19.99,GBP,card
TXN00000410,USR000931,2026-08-25T22:07:16Z,26.07,EUR,card
TXN00001966,USR004889,2026-08-25T22:54:33Z,10.16,EUR,card
TXN00000137,USR004938,2026-08-25T23:47:10Z,16.42,GBP,card
TXN00001125,USR001733,2026-08-25T23:55:04Z,71.18,EUR,card
TXN00005757,USR000439,2026-08-26T00:30:08Z,66.58,GBP,card
TXN00001703,USR000866,2026-08-26T03:24:19Z,22.64,GBP,card
TXN00007968,USR003249,2026-08-26T03:29:40Z,23.03,EUR,card
TXN00008470,USR000467,2026-08-26T03:39:26Z,5.16,GBP,card
TXN00005514,USR002608,2026-08-26T04:23:33Z,692.68,USD,FX
TXN00004675,USR003332,2026-08-26T06:19:43Z,145.01,PLN,savings
TXN00001071,USR004754,2026-08-26T07:44:14Z,139.59,EUR,card
TXN00001365,USR001993,2026-08-26T08:14:43Z,43.57,RON,card
TXN00007818,USR004420,2026-08-26T10:29:30Z,16.56,GBP,card
TXN00002149,USR003806,2026-08-26T10:39:38Z,294.68,NOK,savings
TXN00001605,USR001321,2026-08-26T13:27:40Z,3080.99,GBP,savings
TXN00003932,USR001473,2026-08-26T13:27:54Z,62.51,EUR,card
TXN00000378,USR002735,2026-08-26T14:37:01Z,293.37,GBP,savings
TXN00005716,USR000825,2026-08-26T15:24:00Z,228.08,GBP,crypto
TXN00003118,USR000121,2026-08-26T16:10:03Z,285.77,NOK,savings
TXN00005360,USR003154,2026-08-26T17:30:06Z,358.48,EUR,FX
TXN00007910,USR003337,2026-08-26T19:40:46Z,144.47,EUR,card
TXN00001560,USR004863,2026-08-26T19:41:33Z,157.56,CHF,stocks
TXN00005582,USR003381,2026-08-26T19:57:48Z,411.82,EUR,stocks
TXN00001788,USR002501,2026-08-26T21:04:08Z,361.23,EUR,savings
TXN00003338,USR002963,2026-08-26T21:05:24Z,14.34,EUR,card
TXN00000712,USR000847,2026-08-26T21:47:01Z,220.77,EUR,FX
TXN00005916,USR004225,2026-08-26T22:09:44Z,9.90,EUR,card
TXN00001443,USR004876,2026-08-26T22:14:42Z,838.76,EUR,savings
TXN00001678,USR004285,2026-08-26T22:41:18Z,103.44,GBP,card
TXN00005388,USR001822,2026-08-26T22:42:11Z,11.82,GBP,card
TXN00003376,USR001389,2026-08-27T01:04:10Z,86.57,CAD,crypto
TXN00007308,USR004438,2026-08-27T02:46:11Z,6.13,GBP,card
TXN00003997,USR003183,2026-08-27T03:25:11Z,44.03,GBP,card
TXN00000079,USR000312,2026-08-27T03:33:34Z,9.53,EUR,card
TXN00007896,USR000858,2026-08-27T04:39:52Z,20.93,GBP,crypto
TXN00007551,USR002190,2026-08-27T05:59:44Z,10.60,EUR,card
TXN00006873,USR000048,2026-08-27T07:20:03Z,318.56,NOK,savings
TXN00003474,USR002369,2026-08-27T08:21:42Z,23.42,PLN,card
TXN00000444,USR000922,2026-08-27T09:54:49Z,72.31,GBP,crypto
TXN00006483,USR000939,2026-08-27T11:16:43Z,10.63,EUR,card
TXN00001457,USR000555,2026-08-27T11:28:01Z,109.75,EUR,card
TXN00006052,USR000567,2026-08-27T12:18:14Z,42.60,EUR,card
TXN00006383,USR004234,2026-08-27T12:33:27Z,605.67,GBP,savings
TXN00002661,USR003692,2026-08-27T12:34:44Z,221.81,RON,crypto
TXN00002212,USR003201,2026-08-27T13:55:00Z,14.99,EUR,card
TXN00001548,USR001102,2026-08-27T14:11:49Z,14.43,CHF,card
TXN00002034,USR002476,2026-08-27T15:38:49Z,15.17,EUR,card
TXN00005184,USR000347,2026-08-27T16:01:07Z,14.34,EUR,card
TXN00002411,USR000526,2026-08-27T16:05:29Z,84.50,GBP,card
TXN00002794,USR000401,2026-08-27T16:06:35Z,76.10,RON,crypto
TXN00006711,USR002262,2026-08-27T17:05:02Z,83.67,GBP,card
TXN00007605,USR002115,2026-08-27T17:07:41Z,52.36,EUR,card
TXN00000631,USR003349,2026-08-27T20:10:13Z,59.87,EUR,FX
TXN00007342,USR001337,2026-08-27T20:25:01Z,775.44,EUR,savings
TXN00002141,USR003309,2026-08-27T22:38:01Z,9.54,SEK,card
TXN00006296,USR001318,2026-08-28T02:45:13Z,68.15,EUR,card
TXN00001546,USR004654,2026-08-28T04:17:05Z,162.46,EUR,stocks
TXN00005540,USR002621,2026-08-28T04:22:17Z,340.14,PLN,savings
TXN00005232,USR002363,2026-08-28T05:38:10Z,999.67,EUR,savings
TXN00008570,USR003178,2026-08-28T06:09:03Z,636.44,EUR,crypto
TXN00003546,USR001446,2026-08-28T06:14:06Z,7.96,EUR,card
TXN00003112,USR004622,2026-08-28T06:39:07Z,6.55,EUR,card
TXN00001573,USR002597,2026-08-28T07:01:53Z,16.57,EUR,card
TXN00005911,USR001163,2026-08-28T07:10:05Z,34.65,EUR,card
TXN00002419,USR002870,2026-08-28T07:20:36Z,315.50,GBP,savings
TXN00004362,USR000228,2026-08-28T07:33:26Z,10.72,EUR,card
TXN00003440,USR003025,2026-08-28T07:41:20Z,45.03,GBP,card
TXN00001220,USR002518,2026-08-28T07:53:49Z,60.06,GBP,card
TXN00002374,USR001922,2026-08-28T09:03:59Z,37.21,GBP,card
TXN00007846,USR001822,2026-08-28T10:22:40Z,15.26,GBP,card
TXN00001288,USR002925,2026-08-28T11:36:01Z,21.22,GBP,card
TXN00001096,USR001348,2026-08-28T11:36:10Z,43.94,PLN,crypto
TXN00008177,USR003392,2026-08-28T11:38:15Z,155.48,EUR,crypto
TXN00003623,USR002411,2026-08-28T12:02:03Z,160.12,EUR,FX
TXN00008259,USR004374,2026-08-28T12:35:58Z,130.51,GBP,stocks
TXN00005083,USR001924,2026-08-28T13:45:06Z,41.10,EUR,card
TXN00005678,USR003258,2026-08-28T14:24:38Z,308.56,EUR,FX
TXN00000919,USR000256,2026-08-28T15:29:41Z,184.56,PLN,stocks
TXN00000560,USR004349,2026-08-28T16:01:40Z,80.39,GBP,crypto
TXN00002233,USR004505,2026-08-28T16:27:26Z,316.34,EUR,savings
TXN00005190,USR001693,2026-08-28T16:47:46Z,5.61,GBP,card
TXN00007315,USR003054,2026-08-28T17:56:29Z,116.34,NOK,FX
TXN00006214,USR000299,2026-08-28T19:17:05Z,55.12,EUR,card
TXN00007833,USR002518,2026-08-28T21:21:06Z,28.60,GBP,card
TXN00007245,USR003522,2026-08-28T21:39:25Z,14.71,EUR,card
TXN00004406,USR004016,2026-08-28T22:16:49Z,20.24,EUR,card
TXN00003541,USR002540,2026-08-28T22:19:45Z,265.86,PLN,stocks
TXN00001089,USR001647,2026-08-28T22:31:40Z,67.93,EUR,card
TXN00007211,USR004311,2026-08-28T23:46:46Z,141.08,GBP,savings
TXN00003105,USR004820,2026-08-29T00:19:11Z,46.10,EUR,card
TXN00000533,USR002210,2026-08-29T00:49:21Z,1098.36,EUR,stocks
TXN00007225,USR003980,2026-08-29T01:57:17Z,39.94,EUR,card
TXN00000871,USR000254,2026-08-29T02:23:24Z,22.31,EUR,card
TXN00005686,USR002594,2026-08-29T03:32:08Z,137.08,CHF,card
TXN00006224,USR004127,2026-08-29T03:39:31Z,187.56,GBP,card
TXN00008701,USR000957,2026-08-29T04:04:46Z,112.04,RON,card
TXN00006736,USR004839,2026-08-29T04:38:31Z,118.52,EUR,card
TXN00005819,USR001577,2026-08-29T05:11:05Z,131.52,GBP,savings
TXN00005082,USR002656,2026-08-29T05:30:37Z,884.43,EUR,savings
TXN00001987,USR002540,2026-08-29T06:47:20Z,10.22,GBP,card
TXN00008386,USR002421,2026-08-29T06:48:13Z,29.75,GBP,card
TXN00006707,USR002783,2026-08-29T08:01:14Z,109.94,GBP,savings
TXN00007307,USR004613,2026-08-29T08:45:37Z,162.75,EUR,savings
TXN00006903,USR003124,2026-08-29T12:02:17Z,222.40,EUR,savings
TXN00002764,USR000567,2026-08-29T12:41:35Z,12.61,EUR,card
TXN00006287,USR004652,2026-08-29T13:24:57Z,620.52,EUR,stocks
TXN00004508,USR000853,2026-08-29T14:33:27Z,50.84,GBP,card
TXN00005250,USR004484,2026-08-29T14:50:34Z,94.55,SEK,FX
TXN00008197,USR003020,2026-08-29T17:20:26Z,278.69,PLN,crypto
TXN00007010,USR004710,2026-08-29T18:20:38Z,-24.67,GBP,card
TXN00008272,USR001245,2026-08-29T23:41:13Z,14.95,GBP,card
TXN00007541,USR000544,2026-08-29T23:50:44Z,27.12,EUR,card
TXN00003315,USR004799,2026-08-30T00:13:40Z,120.39,EUR,stocks
TXN00003743,USR000763,2026-08-30T00:18:02Z,511.23,RON,savings
TXN00002612,USR002460,2026-08-30T00:20:11Z,51.50,CAD,card
TXN00006285,USR001310,2026-08-30T00:39:02Z,91.22,JPY,card
TXN00002854,USR002916,2026-08-30T02:43:48Z,157.79,RON,stocks
TXN00002761,USR000480,2026-08-30T03:41:19Z,580.07,SEK,FX
TXN00004169,USR000249,2026-08-30T04:23:47Z,18.21,GBP,card
TXN00000580,USR000171,2026-08-30T04:48:01Z,411.14,EUR,savings
TXN00008896,USR001799,2026-08-30T04:50:52Z,13.05,GBP,card
TXN00005941,USR000936,2026-08-30T05:10:38Z,141.26,EUR,FX
TXN00003288,USR000247,2026-08-30T06:39:21Z,57.11,EUR,card
TXN00004084,USR001352,2026-08-30T07:14:42Z,126.68,USD,crypto
TXN00006003,USR003890,2026-08-30T07:14:51Z,97.05,GBP,card
TXN00006459,USR004447,2026-08-30T07:29:00Z,15.90,EUR,card
TXN00001879,USR001960,2026-08-30T07:38:15Z,33.71,EUR,card
TXN00002520,USR003044,2026-08-30T07:44:57Z,112.68,EUR,FX
TXN00000650,USR001500,2026-08-30T08:08:11Z,20.14,EUR,card
TXN00002157,USR004101,2026-08-30T08:11:32Z,40.33,CHF,card
TXN00006860,USR004182,2026-08-30T08:25:45Z,37.83,EUR,savings
TXN00003756,USR004162,2026-08-30T08:29:51Z,8.82,PLN,card
TXN00007405,USR000668,2026-08-30T08:45:59Z,88.74,EUR,savings
TXN00003479,USR003216,2026-08-30T10:06:33Z,82.31,PLN,card
TXN00004000,USR001369,2026-08-30T10:17:20Z,57.37,EUR,crypto
TXN00005484,USR004372,2026-08-30T10:50:07Z,12.04,RON,card
TXN00005328,USR003074,2026-08-30T10:54:25Z,-13.57,GBP,card
TXN00006497,USR003654,2026-08-30T11:30:20Z,97.25,EUR,card
TXN00003815,USR000252,2026-08-30T12:06:34Z,34.45,PLN,card
TXN00008885,USR004445,2026-08-30T12:22:52Z,29.26,EUR,card
TXN00008614,USR004174,2026-08-30T12:51:05Z,12.49,EUR,card
TXN00002275,USR000099,2026-08-30T13:39:16Z,141.62,GBP,crypto
TXN00007460,USR004215,2026-08-30T13:47:27Z,27.17,RON,card
TXN00002375,USR000714,2026-08-30T14:12:44Z,404.86,GBP,FX
TXN00003666,USR004613,2026-08-30T14:37:25Z,137.05,EUR,savings
TXN00001570,USR002535,2026-08-30T16:13:22Z,117.93,EUR,card
TXN00003925,USR002480,2026-08-30T19:08:03Z,348.65,EUR,crypto
TXN00008499,USR004453,2026-08-30T19:16:19Z,209.79,EUR,savings
TXN00006550,USR002721,2026-08-30T20:17:40Z,87.27,PLN,stocks
TXN00004226,USR000444,2026-08-30T20:43:34Z,50.65,EUR,stocks
TXN00006578,USR002974,2026-08-30T21:03:43Z,146.51,EUR,savings
TXN00003446,USR003036,2026-08-30T22:08:32Z,12.35,EUR,card
TXN00001818,USR002934,2026-08-30T22:44:09Z,726.60,EUR,savings
TXN00002085,USR001822,2026-08-30T23:06:31Z,5.79,GBP,card
TXN00000360,USR001076,2026-08-31T00:08:27Z,19.34,GBP,card
TXN00008463,USR003729,2026-08-31T00:38:23Z,63.69,EUR,card
TXN00007351,USR004581,2026-08-31T00:41:43Z,33.59,GBP,card
TXN00005685,USR001582,2026-08-31T00:44:36Z,49.29,EUR,card
TXN00003303,USR002694,2026-08-31T01:42:13Z,26.95,GBP,card
TXN00000673,USR001439,2026-08-31T02:05:23Z,9.99,GBP,card
TXN00005468,USR000847,2026-08-31T02:27:51Z,18.44,EUR,card
TXN00003042,USR002854,2026-08-31T03:01:05Z,43.11,PLN,card
TXN00008227,USR003290,2026-08-31T04:17:02Z,171.95,EUR,savings
TXN00001505,USR000723,2026-08-31T04:29:28Z,914.87,NOK,FX
TXN00006308,USR001839,2026-08-31T06:46:09Z,3.50,PLN,card
TXN00001751,USR002793,2026-08-31T07:05:58Z,97.35,GBP,card
TXN00003653,USR003592,2026-08-31T07:20:37Z,22.14,EUR,card
TXN00000964,USR003333,2026-08-31T07:28:03Z,52.94,RON,card
TXN00004473,USR001938,2026-08-31T07:32:16Z,42.99,EUR,card
TXN00003978,USR004036,2026-08-31T07:46:15Z,187.92,SEK,savings
TXN00003928,USR004265,2026-08-31T08:07:05Z,103.60,RON,FX
TXN00004855,USR004881,2026-08-31T08:08:10Z,12.41,RON,card
TXN00002426,USR001579,2026-08-31T08:19:44Z,544.31,GBP,savings
TXN00001613,USR002522,2026-08-31T09:37:09Z,38.56,RON,card
TXN00008041,USR000172,2026-08-31T12:15:01Z,776.29,GBP,crypto
TXN00007507,USR002928,2026-08-31T12:16:16Z,12.32,EUR,card
TXN00002908,USR002776,2026-08-31T12:26:58Z,44.89,EUR,card
TXN00005165,USR002084,2026-08-31T12:49:38Z,16.83,EUR,card
TXN00000162,USR002210,2026-08-31T13:33:00Z,349.60,EUR,stocks
TXN00000465,USR000439,2026-08-31T13:47:28Z,340.32,PLN,stocks
TXN00003591,USR002789,2026-08-31T14:27:04Z,229.53,GBP,FX
TXN00002623,USR002467,2026-08-31T14:36:43Z,19.81,PLN,card
TXN00006751,USR002560,2026-08-31T14:44:16Z,238.17,PLN,savings
TXN00006254,USR003430,2026-08-31T15:04:15Z,12.36,GBP,card
TXN00003805,USR002992,2026-08-31T15:23:40Z,425.29,GBP,savings
TXN00000028,USR002931,2026-08-31T15:24:38Z,25.82,EUR,card
TXN00000477,USR004243,2026-08-31T16:04:07Z,32.15,GBP,card
TXN00003456,USR001245,2026-08-31T16:14:05Z,152.66,EUR,savings
TXN00003897,USR001441,2026-08-31T16:36:23Z,349.35,EUR,FX
TXN00002878,USR000676,2026-08-31T17:03:49Z,20.38,NOK,crypto
TXN00007533,USR004264,2026-08-31T17:30:52Z,105.68,EUR,stocks
TXN00006977,USR003652,2026-08-31T18:36:07Z,295.87,GBP,stocks
TXN00008424,USR001827,2026-08-31T19:01:59Z,59.75,EUR,card
TXN00005042,USR002036,2026-08-31T20:36:47Z,53.91,EUR,FX
TXN00003443,USR003285,2026-08-31T21:41:32Z,237.68,CHF,stocks
TXN00007016,USR000847,2026-08-31T23:04:26Z,95.86,EUR,card
TXN00001177,USR000473,2026-08-31T23:44:37Z,351.50,GBP,stocks
TXN00008113,USR002267,2026-09-01T00:09:53Z,32.05,EUR,FX
TXN00004756,USR000419,2026-09-01T01:24:51Z,35.55,EUR,card
TXN00000505,USR001964,2026-09-01T02:02:42Z,19.11,GBP,card
TXN00000645,USR002717,2026-09-01T03:49:49Z,915.45,GBP,savings
TXN00003557,USR000059,2026-09-01T04:37:11Z,33.54,EUR,card
TXN00004807,USR001822,2026-09-01T05:17:00Z,336.69,USD,FX
TXN00007227,USR000951,2026-09-01T05:23:32Z,942.48,RON,FX
TXN00005041,USR003399,2026-09-01T08:02:24Z,111.99,EUR,card
TXN00001886,USR004108,2026-09-01T08:30:20Z,47.23,EUR,card
TXN00005067,USR000519,2026-09-01T08:47:42Z,25.26,GBP,card
TXN00006048,USR002960,2026-09-01T10:18:58Z,187.64,EUR,FX
TXN00004058,USR004875,2026-09-01T11:12:34Z,33.78,EUR,card
TXN00001575,USR000818,2026-09-01T12:37:34Z,352.19,NOK,FX
TXN00000965,USR002143,2026-09-01T12:45:02Z,114.37,EUR,card
TXN00000866,USR001779,2026-09-01T12:58:43Z,10.26,EUR,card
TXN00004923,USR000931,2026-09-01T14:03:56Z,21.42,EUR,card
TXN00006292,USR000492,2026-09-01T14:04:53Z,37.82,EUR,card
TXN00004765,USR002370,2026-09-01T14:33:22Z,17.14,EUR,card
TXN00001027,USR003218,2026-09-01T14:58:13Z,98.46,NOK,crypto
TXN00006066,USR002036,2026-09-01T15:08:41Z,203.24,EUR,stocks
TXN00002320,USR001933,2026-09-01T15:24:23Z,11.43,GBP,card
TXN00004299,USR002727,2026-09-01T15:46:37Z,10.56,GBP,card
TXN00007276,USR004187,2026-09-01T15:55:45Z,66.88,EUR,card
TXN00006490,USR002793,2026-09-01T16:24:47Z,18.84,GBP,card
TXN00002303,USR001577,2026-09-01T17:40:23Z,27.60,JPY,card
TXN00002109,USR002165,2026-09-01T18:17:16Z,91.78,EUR,card
TXN00007649,USR000556,2026-09-01T20:16:56Z,16.93,GBP,card
TXN00001127,USR000365,2026-09-01T20:54:31Z,39.29,GBP,card
TXN00006761,USR000663,2026-09-01T21:03:20Z,27.80,GBP,card
TXN00004744,USR003928,2026-09-01T22:22:54Z,35.59,EUR,card
TXN00006008,USR000717,2026-09-01T22:53:59Z,363.34,GBP,savings
TXN00001554,USR001641,2026-09-01T23:02:00Z,231.95,GBP,FX
TXN00000515,USR004434,2026-09-02T00:02:38Z,133.71,EUR,stocks
TXN00003425,USR002785,2026-09-02T00:03:31Z,36.71,GBP,card
TXN00008878,USR001096,2026-09-02T00:23:15Z,115.24,SEK,card
TXN00007502,USR002608,2026-09-02T00:34:18Z,38.29,EUR,card
TXN00004645,USR004200,2026-09-02T02:14:01Z,70.15,GBP,card
TXN00006570,USR001986,2026-09-02T03:23:30Z,23.03,CHF,card
TXN00007330,USR004242,2026-09-02T05:17:41Z,11.25,EUR,card
TXN00007614,USR002594,2026-09-02T07:40:00Z,51.39,GBP,card
TXN00001328,USR000504,2026-09-02T08:57:59Z,4.18,GBP,card
TXN00008634,USR003007,2026-09-02T10:15:56Z,59.16,EUR,stocks
TXN00003816,USR004613,2026-09-02T10:49:39Z,46.64,CAD,card
TXN00002444,USR000470,2026-09-02T10:50:06Z,1996.19,EUR,savings
TXN00007049,USR001803,2026-09-02T10:53:44Z,25.92,EUR,card
TXN00002412,USR001354,2026-09-02T11:46:20Z,47.09,GBP,card
TXN00006900,USR000723,2026-09-02T11:48:03Z,49.36,NOK,card
TXN00008184,USR001620,2026-09-02T12:34:18Z,19.89,GBP,crypto
TXN00000479,USR004556,2026-09-02T13:18:50Z,73.71,EUR,stocks
TXN00008222,USR001782,2026-09-02T13:21:03Z,23.59,EUR,card
TXN00003478,USR002321,2026-09-02T13:31:50Z,19.81,GBP,card
TXN00004696,USR001912,2026-09-02T13:49:41Z,320.91,EUR,FX
TXN00006629,USR004541,2026-09-02T14:43:49Z,45.75,EUR,card
TXN00000495,USR003616,2026-09-02T16:06:36Z,201.10,EUR,FX
TXN00003420,USR001803,2026-09-02T16:34:39Z,46.35,EUR,card
TXN00007661,USR002666,2026-09-02T18:45:10Z,54.94,EUR,card
TXN00004449,USR000879,2026-09-02T19:04:36Z,20.21,GBP,card
TXN00003247,USR000987,2026-09-02T19:20:44Z,41.33,EUR,card
TXN00002664,USR004702,2026-09-02T19:31:34Z,4.90,GBP,card
TXN00005634,USR000810,2026-09-02T19:34:19Z,740.97,EUR,FX
TXN00007456,USR001507,2026-09-02T21:25:12Z,7.57,GBP,card
TXN00008631,USR001577,2026-09-02T22:51:46Z,35.58,GBP,crypto
TXN00005968,USR000475,2026-09-02T23:00:21Z,17.76,EUR,card
TXN00005823,USR001663,2026-09-03T00:07:12Z,849.55,EUR,savings
TXN00002726,USR000251,2026-09-03T02:44:35Z,177.45,EUR,savings
TXN00005412,USR001154,2026-09-03T03:13:58Z,17.61,EUR,card
TXN00001122,USR003184,2026-09-03T03:37:35Z,24.54,EUR,card
TXN00006452,USR000439,2026-09-03T05:40:28Z,10.73,GBP,card
TXN00007440,USR001928,2026-09-03T07:24:59Z,7.59,EUR,card
TXN00000657,USR003171,2026-09-03T07:52:49Z,10.32,EUR,card
TXN00000298,USR003006,2026-09-03T08:22:18Z,296.60,EUR,savings
TXN00001005,USR002496,2026-09-03T08:55:47Z,876.09,GBP,FX
TXN00003068,USR000966,2026-09-03T09:22:00Z,95.34,PLN,savings
TXN00004405,USR001693,2026-09-03T09:45:03Z,43.87,CHF,card
TXN00002585,USR002735,2026-09-03T10:42:41Z,223.75,EUR,FX
TXN00008016,USR000312,2026-09-03T11:30:46Z,23.96,EUR,card
TXN00007204,USR002181,2026-09-03T11:45:01Z,160.08,EUR,FX
TXN00001348,USR002463,2026-09-03T11:59:01Z,11.75,JPY,card
TXN00002385,USR004652,2026-09-03T12:18:10Z,14.78,EUR,card
TXN00004590,USR002035,2026-09-03T12:43:39Z,24.06,EUR,card
TXN00002235,USR002336,2026-09-03T14:26:03Z,61.44,GBP,card
TXN00000658,USR003255,2026-09-03T14:30:25Z,10.65,NOK,card
TXN00002433,USR001154,2026-09-03T14:53:04Z,8.95,EUR,card
TXN00005806,USR000398,2026-09-03T17:27:19Z,346.27,RON,stocks
TXN00007311,USR002510,2026-09-03T17:41:34Z,111.72,EUR,FX
TXN00002805,USR002666,2026-09-03T17:49:56Z,384.57,EUR,stocks
TXN00005419,USR000760,2026-09-03T18:52:26Z,18.67,EUR,card
TXN00006665,USR002336,2026-09-03T19:35:12Z,18.54,GBP,card
TXN00007479,USR004921,2026-09-03T20:50:35Z,75.95,GBP,savings
TXN00002980,USR001398,2026-09-03T21:06:26Z,95.41,EUR,FX
TXN00000842,USR001091,2026-09-03T21:15:51Z,23.31,GBP,card
TXN00005191,USR003480,2026-09-03T21:37:51Z,6.10,EUR,card
TXN00000544,USR004654,2026-09-03T22:18:54Z,49.61,EUR,card
TXN00005855,USR001657,2026-09-03T22:55:48Z,29.64,RON,card
TXN00001975,USR003607,2026-09-03T23:57:00Z,115.55,CHF,crypto
TXN00007448,USR001399,2026-09-04T01:22:40Z,37.59,USD,crypto
TXN00007728,USR003749,2026-09-04T01:49:52Z,-13.32,EUR,card
TXN00001442,USR003504,2026-09-04T02:30:45Z,135.14,GBP,card
TXN00000104,USR004002,2026-09-04T02:38:08Z,90.50,EUR,FX
TXN00001340,USR002854,2026-09-04T04:39:42Z,463.27,PLN,savings
TXN00006699,USR001181,2026-09-04T04:59:04Z,23.28,PLN,card
TXN00003397,USR004709,2026-09-04T06:01:53Z,7.63,EUR,card
TXN00004909,USR003751,2026-09-04T06:19:45Z,38.54,GBP,card
TXN00007229,USR000372,2026-09-04T07:08:08Z,212.39,EUR,card
TXN00001867,USR001098,2026-09-04T07:25:37Z,42.15,EUR,card
TXN00002174,USR003183,2026-09-04T07:46:13Z,428.45,GBP,FX
TXN00001257,USR003753,2026-09-04T08:46:05Z,5.37,EUR,card
TXN00004672,USR004045,2026-09-04T08:56:56Z,15.16,GBP,card
TXN00007875,USR001280,2026-09-04T11:59:59Z,9.82,PLN,card
TXN00006606,USR003729,2026-09-04T12:43:28Z,5.10,EUR,card
TXN00002847,USR000448,2026-09-04T13:01:12Z,103.37,EUR,crypto
TXN00007681,USR000870,2026-09-04T13:59:33Z,291.89,GBP,savings
TXN00003733,USR002041,2026-09-04T14:35:15Z,23.05,EUR,crypto
TXN00007935,USR002752,2026-09-04T15:39:42Z,24.67,EUR,card
TXN00002184,USR000567,2026-09-04T15:59:25Z,45.67,EUR,FX
TXN00002358,USR003701,2026-09-04T16:23:39Z,9.78,USD,card
TXN00008734,USR004105,2026-09-04T16:46:44Z,136.27,EUR,card
TXN00002560,USR000964,2026-09-04T16:56:35Z,4.00,EUR,card
TXN00007771,USR001938,2026-09-04T17:06:36Z,206.89,EUR,savings
TXN00005859,USR004474,2026-09-04T19:00:13Z,34.96,GBP,card
TXN00000299,USR004293,2026-09-04T20:15:03Z,231.75,EUR,savings
TXN00006888,USR003110,2026-09-04T22:00:57Z,186.44,EUR,savings
TXN00006364,USR000847,2026-09-04T22:13:20Z,295.46,EUR,crypto
TXN00000530,USR000240,2026-09-04T22:26:47Z,34.08,GBP,card
TXN00002888,USR001643,2026-09-04T23:15:25Z,129.47,EUR,crypto
TXN00007860,USR004007,2026-09-05T00:32:13Z,92.27,EUR,card
TXN00006526,USR000801,2026-09-05T00:58:28Z,13.66,EUR,card
TXN00006146,USR004210,2026-09-05T02:05:15Z,31.05,EUR,card
TXN00008903,USR000434,2026-09-05T02:35:59Z,31.32,GBP,card
TXN00008143,USR001633,2026-09-05T05:14:54Z,19.42,GBP,card
TXN00003041,USR000304,2026-09-05T05:22:28Z,539.54,EUR,savings
TXN00002144,USR001935,2026-09-05T05:59:01Z,75.48,RON,card
TXN00003862,USR003900,2026-09-05T08:33:45Z,12.42,EUR,card
TXN00003089,USR003954,2026-09-05T08:40:50Z,35.13,GBP,card
TXN00003638,USR002058,2026-09-05T09:31:29Z,206.52,EUR,savings
TXN00001239,USR000930,2026-09-05T09:56:19Z,49.51,EUR,card
TXN00006861,USR000380,2026-09-05T12:16:01Z,17.73,GBP,card
TXN00008476,USR001822,2026-09-05T13:05:56Z,42.69,SEK,card
TXN00004068,USR003994,2026-09-05T14:02:43Z,452.06,EUR,FX
TXN00007274,USR000540,2026-09-05T14:54:20Z,78.80,EUR,FX
TXN00006339,USR000567,2026-09-05T18:26:21Z,388.50,EUR,savings
TXN00002537,USR001512,2026-09-05T18:52:00Z,230.63,GBP,crypto
TXN00002010,USR000421,2026-09-05T19:05:07Z,27.17,PLN,card
TXN00004310,USR002174,2026-09-05T20:12:57Z,63.05,EUR,stocks
TXN00006976,USR004549,2026-09-05T20:43:08Z,146.75,PLN,card
TXN00001289,USR003547,2026-09-05T20:54:53Z,35.47,EUR,card
TXN00004429,USR002420,2026-09-05T21:00:42Z,41.11,GBP,FX
TXN00002790,USR001284,2026-09-05T21:25:41Z,19.65,EUR,card
TXN00005909,USR003142,2026-09-05T22:02:40Z,101.60,EUR,card
TXN00008411,USR003639,2026-09-05T22:54:37Z,13.16,GBP,card
TXN00003680,USR002140,2026-09-05T23:45:19Z,218.21,EUR,stocks
TXN00004282,USR000862,2026-09-06T00:01:43Z,166.92,SEK,stocks
TXN00000404,USR000380,2026-09-06T04:32:15Z,475.76,USD,FX
TXN00001494,USR003806,2026-09-06T06:05:52Z,114.70,NOK,savings
TXN00004917,USR002588,2026-09-06T06:06:32Z,23.34,GBP,card
TXN00004771,USR003392,2026-09-06T06:26:46Z,10.90,EUR,card
TXN00005039,USR004579,2026-09-06T06:37:36Z,411.42,GBP,savings
TXN00001599,USR002446,2026-09-06T07:26:07Z,14.76,EUR,card
TXN00007153,USR003197,2026-09-06T08:23:21Z,82.04,GBP,crypto
TXN00000010,USR001514,2026-09-06T08:37:30Z,48.04,GBP,card
TXN00003892,USR002602,2026-09-06T09:11:11Z,9.85,NOK,card
TXN00006178,USR004349,2026-09-06T09:48:44Z,579.86,GBP,FX
TXN00008559,USR002877,2026-09-06T11:00:28Z,20.05,GBP,card
TXN00000642,USR004186,2026-09-06T11:33:40Z,22.03,GBP,card
TXN00002523,USR004541,2026-09-06T11:49:28Z,3.70,EUR,card
TXN00002705,USR000575,2026-09-06T12:15:02Z,41.23,RON,card
TXN00005775,USR004243,2026-09-06T12:36:27Z,74.28,GBP,card
TXN00005034,USR000741,2026-09-06T13:31:23Z,33.99,GBP,card
TXN00000274,USR003301,2026-09-06T14:24:05Z,176.05,CHF,FX
TXN00002294,USR003655,2026-09-06T14:25:07Z,25.40,GBP,card
TXN00004998,USR003611,2026-09-06T14:49:12Z,73.78,EUR,card
TXN00006845,USR003699,2026-09-06T14:56:17Z,32.29,PLN,card
TXN00002597,USR001256,2026-09-06T16:05:22Z,603.44,GBP,crypto
TXN00000566,USR003701,2026-09-06T16:27:43Z,70.65,NOK,card
TXN00001110,USR002252,2026-09-06T17:08:29Z,271.45,GBP,FX
TXN00003086,USR003830,2026-09-06T18:06:52Z,910.67,CHF,FX
TXN00001329,USR001505,2026-09-06T19:32:42Z,19.21,GBP,card
TXN00007675,USR001230,2026-09-06T19:41:31Z,18.20,GBP,card
TXN00005307,USR000676,2026-09-06T20:49:58Z,60.50,NOK,card
TXN00000105,USR000887,2026-09-06T21:50:03Z,120.77,GBP,card
TXN00006204,USR002213,2026-09-06T22:44:25Z,12.64,PLN,card
TXN00005107,USR002221,2026-09-06T23:29:03Z,31.03,RON,card
TXN00004418,USR004775,2026-09-07T01:32:10Z,332.47,GBP,stocks
TXN00008202,USR000012,2026-09-07T01:53:11Z,333.53,GBP,crypto
TXN00002634,USR000401,2026-09-07T02:08:52Z,53.74,RON,card
TXN00003377,USR002859,2026-09-07T02:45:49Z,809.16,EUR,savings
TXN00002467,USR002117,2026-09-07T03:01:57Z,20.15,RON,card
TXN00000693,USR002963,2026-09-07T04:55:53Z,3.97,EUR,card
TXN00002206,USR000253,2026-09-07T05:42:22Z,22.67,GBP,card
TXN00001624,USR000475,2026-09-07T05:50:10Z,16.63,EUR,card
TXN00008627,USR004027,2026-09-07T06:26:27Z,20.60,CHF,card
TXN00006288,USR002036,2026-09-07T07:44:18Z,16.83,EUR,card
TXN00004420,USR004255,2026-09-07T08:09:08Z,392.55,CHF,FX
TXN00007350,USR004262,2026-09-07T08:41:07Z,12.21,EUR,card
TXN00002092,USR002139,2026-09-07T09:41:49Z,172.62,EUR,savings
TXN00006149,USR003082,2026-09-07T14:04:22Z,164.73,PLN,savings
TXN00007500,USR003133,2026-09-07T15:19:06Z,207.85,EUR,FX
TXN00006777,USR002594,2026-09-07T15:55:32Z,22.17,GBP,card
TXN00004513,USR003439,2026-09-07T16:16:05Z,31.15,EUR,crypto
TXN00008301,USR001121,2026-09-07T16:37:54Z,21.92,PLN,card
TXN00002404,USR000847,2026-09-07T17:08:27Z,21.45,EUR,card
TXN00005410,USR002963,2026-09-07T17:08:40Z,-21.22,EUR,card
TXN00001418,USR000704,2026-09-07T17:26:26Z,64.74,EUR,stocks
TXN00001536,USR003248,2026-09-07T17:37:09Z,16.63,PLN,card
TXN00006529,USR002696,2026-09-07T18:21:08Z,4.31,EUR,card
TXN00005335,USR001996,2026-09-07T18:24:44Z,85.50,USD,crypto
TXN00001651,USR002788,2026-09-07T18:37:04Z,10.78,GBP,card
TXN00008813,USR003010,2026-09-07T18:52:26Z,500.67,GBP,savings
TXN00004030,USR001174,2026-09-07T20:39:59Z,372.62,EUR,FX
TXN00004705,USR004267,2026-09-07T21:26:17Z,42.48,EUR,card
TXN00006186,USR003697,2026-09-07T21:49:51Z,100.58,EUR,card
TXN00006074,USR003322,2026-09-07T22:10:55Z,11.30,NOK,card
TXN00000905,USR003964,2026-09-07T22:32:39Z,749.92,EUR,FX
TXN00006256,USR002868,2026-09-08T01:31:59Z,136.83,CAD,savings
TXN00000907,USR002910,2026-09-08T01:51:13Z,72.03,GBP,card
TXN00005086,USR004374,2026-09-08T03:05:25Z,28.54,GBP,card
TXN00001277,USR003284,2026-09-08T03:43:23Z,212.78,EUR,stocks
TXN00006280,USR001350,2026-09-08T05:06:40Z,32.35,CAD,card
TXN00008746,USR000277,2026-09-08T05:11:33Z,9.78,RON,card
TXN00003562,USR002322,2026-09-08T05:21:16Z,27.71,EUR,card
TXN00006722,USR004449,2026-09-08T05:28:28Z,73.86,EUR,card
TXN00006161,USR001577,2026-09-08T06:26:46Z,93.53,RON,card
TXN00002763,USR000154,2026-09-08T06:32:28Z,46.03,EUR,stocks
TXN00006050,USR004007,2026-09-08T07:15:28Z,1950.47,EUR,savings
TXN00005344,USR000063,2026-09-08T08:44:36Z,24.95,SEK,card
TXN00006489,USR002487,2026-09-08T09:57:28Z,98.05,EUR,card
TXN00008456,USR002191,2026-09-08T12:41:58Z,4.76,EUR,card
TXN00004722,USR001760,2026-09-08T12:42:39Z,159.36,EUR,FX
TXN00008540,USR000354,2026-09-08T13:35:12Z,86.34,CHF,stocks
TXN00002747,USR001436,2026-09-08T13:38:11Z,22.50,EUR,card
TXN00001270,USR000190,2026-09-08T15:26:03Z,-13.79,GBP,card
TXN00008847,USR004624,2026-09-08T15:34:45Z,21.19,EUR,card
TXN00006758,USR001804,2026-09-08T17:26:49Z,30.17,EUR,card
TXN00004542,USR002942,2026-09-08T17:59:41Z,295.38,PLN,savings
TXN00002925,USR003654,2026-09-08T18:10:15Z,26.29,EUR,card
TXN00007836,USR002336,2026-09-08T19:09:13Z,12.41,GBP,card
TXN00003939,USR004200,2026-09-08T19:25:01Z,4.65,GBP,card
TXN00006748,USR000410,2026-09-08T19:25:37Z,17.27,GBP,card
TXN00001149,USR004613,2026-09-08T20:31:22Z,141.49,EUR,FX
TXN00001023,USR002005,2026-09-08T20:38:02Z,29.39,EUR,FX
TXN00006555,USR002180,2026-09-08T21:45:22Z,601.81,EUR,savings
TXN00006776,USR000449,2026-09-08T21:48:32Z,17.75,RON,crypto
TXN00008369,USR000273,2026-09-08T22:50:27Z,35.49,GBP,card
TXN00002116,USR000172,2026-09-08T23:11:32Z,154.93,GBP,stocks
TXN00000409,USR002947,2026-09-08T23:38:37Z,335.77,CHF,FX
