user_id,signup_date,country,plan
USR000001,2023-07-05,GB,Premium
USR000002,2026-01-16,GB,Standard
USR000003,2023-01-06,GB,Metal
USR000004,2026-04-23,DE,Standard
USR000005,2024-02-05,GB,Standard
USR000006,2025-06-09,GB,Standard
USR000007,2025-06-23,DE,Standard
USR000008,2024-05-12,DE,Metal
USR000009,2026-01-04,DE,Premium
USR000010,2024-05-08,GB,Metal
USR000011,2025-07-20,IE,Plus
USR000012,2025-09-17,PL,Premium
USR000013,2023-03-24,PL,Standard
USR000014,2023-07-11,PL,Standard
USR000015,2025-10-21,DE,Standard
USR000016,2026-01-07,RO,Plus
USR000017,2025-10-16,GB,Standard
USR000018,2024-07-30,IT,Standard
USR000019,2024-11-28,GB,Standard
USR000020,2025-11-12,DE,Metal
USR000021,2024-09-13,GB,Standard
USR000022,2024-06-26,SE,Plus
USR000023,2025-01-26,GB,Standard
USR000024,2023-09-20,DE,Standard
USR000025,2025-10-11,GB,Metal
USR000026,2024-11-04,PT,Metal
USR000027,2025-03-06,FR,Plus
USR000028,2025-11-25,DE,Standard
USR000029,2025-06-28,DE,Standard
USR000030,2026-07-18,GB,Standard
USR000031,2026-02-25,GB,Metal
USR000032,2024-01-29,DE,Premium
USR000033,2025-10-12,GB,Standard
USR000034,2025-09-08,PL,Standard
USR000035,2024-09-27,FR,Standard
USR000036,2023-10-25,PL,Standard
USR000037,2024-07-25,ES,Premium
USR000038,2023-06-18,GB,Standard
USR000039,2024-06-26,PL,Standard
USR000040,2026-05-28,ES,Premium
USR000041,2024-09-13,FR,Plus
USR000042,2023-03-11,GB,Standard
USR000043,2025-05-20,PT,Standard
USR000044,2024-12-08,GB,Standard
USR000045,2025-10-02,RO,Standard
USR000046,2023-03-08,GB,Plus
USR000047,2023-01-28,NL,Standard
USR000048,2024-09-03,DE,Ultra
USR000049,2025-01-21,DE,Premium
USR000050,2025-02-08,CH,Metal
USR000051,2024-11-04,GB,Standard
USR000052,2025-08-19,GB,Premium
USR000053,2025-09-27,FR,Standard
USR000054,2023-02-24,GB,Metal
USR000055,2025-05-04,NL,Plus
USR000056,2025-11-14,GB,Standard
USR000057,2026-03-11,FR,Plus
USR000058,2023-06-13,RO,Metal
USR000059,2024-12-08,DE,Standard
USR000060,2023-10-01,PL,Standard
USR000061,2024-02-25,GB,Plus
USR000062,2026-06-12,FR,Metal
USR000063,2026-07-27,PL,Metal
USR000064,2024-08-09,PT,Standard
USR000065,2024-11-15,GB,Plus
USR000066,2024-08-20,GB,Standard
USR000067,2024-09-29,GB,Plus
USR000068,2026-02-13,NL,Premium
USR000069,2024-02-16,DE,Standard
USR000070,2024-01-31,GB,Plus
USR000071,2025-12-10,FR,Premium
USR000072,2023-01-22,PT,Standard
USR000073,2024-01-11,ES,Standard
USR000074,2026-03-10,CH,Standard
USR000075,2026-08-10,IT,Standard
USR000076,2025-11-14,PL,Standard
USR000077,2023-10-09,ES,Metal
USR000078,2026-05-29,GB,Standard
USR000079,2024-11-09,ES,Premium
USR000080,2023-10-24,FR,Standard
USR000081,2026-04-11,SE,Standard
USR000082,2025-12-07,GB,Metal
USR000083,2026-06-07,DE,Standard
USR000084,2024-09-30,ES,Standard
USR000085,2023-10-15,FR,Standard
USR000086,2023-07-09,GB,Plus
USR000087,2026-01-12,GB,Standard
USR000088,2026-01-30,GB,Standard
USR000089,2026-04-07,IE,Standard
USR000090,2023-07-02,GB,Standard
USR000091,2026-03-21,DE,Standard
USR000092,2023-01-06,IT,Standard
USR000093,2023-07-31,FR,Ultra
USR000094,2025-01-09,NL,Standard
USR000095,2023-02-08,NL,Standard
USR000096,2025-12-19,GB,Metal
USR000097,2025-08-17,PT,Metal
USR000098,2025-08-02,PL,Standard
USR000099,2026-08-28,GB,Standard
USR000100,2024-06-21,GB,Plus
USR000101,2024-11-21,ES,Premium
USR000102,2024-06-21,GB,Plus
USR000103,2023-08-04,RO,Standard
USR000104,2025-06-06,GB,Ultra
USR000105,2025-09-20,GB,Standard
USR000106,2023-07-06,GB,Premium
USR000107,2024-11-23,IT,Standard
USR000108,2026-06-02,FR,Premium
USR000109,2026-01-24,FR,Premium
USR000110,2026-02-10,NL,Standard
USR000111,2023-12-12,FR,Standard
USR000112,2025-08-21,GB,Premium
USR000113,2026-06-16,NL,Plus
USR000114,2025-07-20,RO,Standard
USR000115,2023-12-07,DE,Metal
USR000116,2023-04-22,PL,Standard
USR000117,2026-02-03,NL,Premium
USR000118,2024-02-25,DE,Standard
USR000119,2026-03-15,IE,Premium
USR000120,2024-10-31,GB,Standard
USR000121,2025-10-12,DE,Standard
USR000122,2026-01-06,DE,Plus
USR000123,2025-05-28,SE,Premium
USR000124,2026-03-07,GB,Premium
USR000125,2026-01-07,SE,Standard
USR000126,2024-02-02,PT,Metal
USR000127,2023-09-03,IE,Premium
USR000128,2025-03-09,GB,Standard
USR000129,2025-07-14,ES,Standard
USR000130,2025-09-10,GB,Standard
USR000131,2023-06-23,PL,Standard
USR000132,2023-07-25,IT,Metal
USR000133,2024-10-04,FR,Standard
USR000134,2024-10-11,GB,Metal
USR000135,2023-04-20,PT,Standard
USR000136,2024-04-21,DE,Standard
USR000137,2023-04-12,ES,Premium
USR000138,2024-08-26,IT,Metal
USR000139,2024-06-26,IT,Plus
USR000140,2023-02-25,FR,Standard
USR000141,2023-05-05,GB,Metal
USR000142,2026-01-12,FR,Standard
USR000143,2026-03-09,PL,Standard
USR000144,2025-03-16,GB,Standard
USR000145,2026-02-20,PL,Standard
USR000146,2025-11-04,FR,Premium
USR000147,2024-06-15,FR,Premium
USR000148,2023-10-12,IT,Ultra
USR000149,2023-09-16,FR,Standard
USR000150,2025-10-20,GB,Standard
USR000151,2025-06-08,IT,Premium
USR000152,2025-09-16,FR,Metal
USR000153,2025-02-16,GB,Standard
USR000154,2025-08-07,FR,Standard
USR000155,2024-05-28,GB,Ultra
USR000156,2025-06-20,SE,Standard
USR000157,2023-08-10,ES,Standard
USR000158,2025-10-19,IT,Standard
USR000159,2026-07-31,PL,Standard
USR000160,2025-08-20,DE,Ultra
USR000161,2024-02-17,FR,Premium
USR000162,2023-08-19,GB,Metal
USR000163,2023-12-06,GB,Standard
USR000164,2024-07-06,GB,Standard
USR000165,2025-03-26,PT,Plus
USR000166,2024-01-13,IT,Standard
USR000167,2026-01-22,IT,Standard
USR000168,2025-07-17,GB,Standard
USR000169,2025-04-14,DE,Metal
USR000170,2024-02-04,PL,Standard
USR000171,2025-04-25,FR,Premium
USR000172,2026-05-01,GB,Premium
USR000173,2023-06-14,GB,Standard
USR000174,2025-11-20,DE,Plus
USR000175,2025-10-07,ES,Standard
USR000176,2024-07-16,IT,Standard
USR000177,2026-05-21,FR,Metal
USR000178,2026-06-18,GB,Standard
USR000179,2024-08-14,FR,Standard
USR000180,2024-11-12,GB,Standard
USR000181,2026-02-08,DE,Standard
USR000182,2023-06-25,PT,Standard
USR000183,2023-06-19,DE,Standard
USR000184,2023-12-04,GB,Standard
USR000185,2026-05-25,DE,Standard
USR000186,2025-06-25,GB,Premium
USR000187,2023-10-11,PT,Premium
USR000188,2025-02-14,IT,Standard
USR000189,2025-08-06,PT,Premium
USR000190,2026-05-28,GB,Standard
USR000191,2024-12-23,IT,Premium
USR000192,2024-04-25,PL,Standard
USR000193,2024-01-25,GB,Metal
USR000194,2023-01-17,GB,Plus
USR000195,2023-11-12,PL,Standard
USR000196,2024-04-05,FR,Plus
USR000197,2024-11-18,RO,Standard
USR000198,2024-03-11,SE,Plus
USR000199,2024-08-26,RO,Premium
USR000200,2024-12-22,NL,Standard
USR000201,2025-10-04,ES,Premium
USR000202,2023-07-18,GB,Standard
USR000203,2024-04-20,PT,Standard
USR000204,2026-02-21,DE,Standard
USR000205,2025-03-02,DE,Premium
USR000206,2024-01-03,NO,Ultra
USR000207,2024-03-29,IE,Metal
USR000208,2025-09-01,GB,Ultra
USR000209,2025-01-20,IT,Standard
USR000210,2024-12-06,PT,Premium
USR000211,2025-03-15,PL,Standard
USR000212,2025-05-18,CH,Standard
USR000213,2025-04-13,GB,Premium
USR000214,2023-07-31,NL,Standard
USR000215,2023-12-08,FR,Ultra
USR000216,2024-09-25,GB,Ultra
USR000217,2023-07-01,PL,Standard
USR000218,2026-03-13,DE,Plus
USR000219,2024-02-19,PT,Standard
USR000220,2024-09-09,FR,Standard
USR000221,2025-05-25,GB,Plus
USR000222,2023-04-17,DE,Standard
USR000223,2026-01-18,GB,Standard
USR000224,2023-11-10,RO,Premium
USR000225,2025-05-01,FR,Standard
USR000226,2023-11-16,GB,Standard
USR000227,2024-08-30,CH,Metal
USR000228,2024-04-17,IT,Standard
USR000229,2024-10-12,GB,Standard
USR000230,2026-01-03,FR,Standard
USR000231,2026-08-11,GB,Standard
USR000232,2023-04-26,GB,Standard
USR000233,2024-02-26,GB,Metal
USR000234,2023-06-24,GB,Standard
USR000235,2026-01-07,GB,Metal
USR000236,2024-08-08,NL,Standard
USR000237,2025-02-15,PL,Standard
USR000238,2026-01-14,NL,Premium
USR000239,2026-04-25,IT,Standard
USR000240,2026-05-28,GB,Standard
USR000241,2026-03-02,DE,Premium
USR000242,2024-06-03,IE,Plus
USR000243,2023-08-20,DE,Ultra
USR000244,2023-07-16,GB,Standard
USR000245,2026-01-22,NL,Standard
USR000246,2023-10-25,DE,Premium
USR000247,2025-07-13,IE,Metal
USR000248,2023-01-02,GB,Plus
USR000249,2026-08-04,GB,Standard
USR000250,2023-04-01,GB,Premium
USR000251,2024-01-06,DE,Premium
USR000252,2026-04-21,PL,Metal
USR000253,2026-03-26,GB,Metal
USR000254,2026-02-10,FR,Standard
USR000255,2025-12-21,PT,Plus
USR000256,2025-06-13,PL,Premium
USR000257,2026-08-01,DE,Standard
USR000258,2025-07-10,GB,Premium
USR000259,2023-02-02,GB,Standard
USR000260,2025-12-24,FR,Premium
USR000261,2023-05-15,DE,Plus
USR000262,2023-03-23,IE,Premium
USR000263,2023-06-06,DE,Standard
USR000264,2024-08-14,FR,Standard
USR000265,2025-06-24,CH,Ultra
USR000266,2026-04-30,NL,Metal
USR000267,2024-11-18,GB,Ultra
USR000268,2026-01-26,GB,Standard
USR000269,2023-03-13,IE,Premium
USR000270,2025-09-24,ES,Premium
USR000271,2025-06-13,DE,Standard
USR000272,2026-01-15,GB,Metal
USR000273,2026-08-12,GB,Plus
USR000274,2025-12-08,FR,Standard
USR000275,2023-04-22,PL,Standard
USR000276,2023-09-08,RO,Standard
USR000277,2026-05-14,RO,Ultra
USR000278,2024-08-18,PL,Metal
USR000279,2026-04-07,PL,Standard
USR000280,2024-09-28,GB,Standard
USR000281,2025-05-11,GB,Standard
USR000282,2024-01-11,DE,Premium
USR000283,2025-01-24,PL,Standard
USR000284,2025-03-01,NL,Standard
USR000285,2023-06-20,GB,Standard
USR000286,2024-08-01,PT,Premium
USR000287,2023-08-14,GB,Plus
USR000288,2023-05-05,DE,Plus
USR000289,2023-04-01,DE,Plus
USR000290,2025-01-05,DE,Standard
USR000291,2025-11-11,IT,Standard
USR000292,2024-08-17,FR,Standard
USR000293,2025-02-21,FR,Plus
USR000294,2023-05-07,DE,Plus
USR000295,2024-03-23,DE,Standard
USR000296,2025-12-17,PL,Standard
USR000297,2026-07-05,PT,Standard
USR000298,2023-12-21,GB,Metal
USR000299,2026-06-22,ES,Metal
USR000300,2024-06-02,GB,Metal
USR000301,2026-04-09,FR,Premium
USR000302,2025-07-01,GB,Standard
USR000303,2025-11-03,GB,Standard
USR000304,2024-03-21,ES,Standard
USR000305,2024-07-02,IT,Standard
USR000306,2025-09-17,DE,Standard
USR000307,2023-08-19,PT,Standard
USR000308,2025-02-23,FR,Plus
USR000309,2025-12-10,PL,Metal
USR000310,2023-09-25,GB,Metal
USR000311,2023-10-11,PT,Standard
USR000312,2026-07-29,FR,Premium
USR000313,2025-01-30,GB,Premium
USR000314,2023-08-13,FR,Premium
USR000315,2025-09-02,DE,Metal
USR000316,2025-03-28,RO,Ultra
USR000317,2026-02-03,GB,Plus
USR000318,2023-05-10,GB,Plus
USR000319,2025-03-10,GB,Metal
USR000320,2025-12-06,GB,Standard
USR000321,2024-12-18,GB,Standard
USR000322,2024-11-15,GB,Standard
USR000323,2023-01-23,DE,Standard
USR000324,2026-04-07,NL,Standard
USR000325,2025-05-04,GB,Standard
USR000326,2025-03-22,GB,Premium
USR000327,2024-06-10,NO,Ultra
USR000328,2025-04-13,ES,Standard
USR000329,2023-06-06,GB,Standard
USR000330,2023-05-17,CH,Standard
USR000331,2023-06-20,GB,Standard
USR000332,2025-01-15,NO,Standard
USR000333,2024-01-06,DE,Standard
USR000334,2024-09-10,PL,Standard
USR000335,2025-09-03,DE,Premium
USR000336,2025-08-15,GB,Premium
USR000337,2023-02-08,GB,Premium
USR000338,2023-02-09,GB,Standard
USR000339,2024-02-05,RO,Plus
USR000340,2026-01-28,GB,Premium
USR000341,2025-11-28,ES,Standard
USR000342,2024-03-18,IE,Standard
USR000343,2026-06-11,GB,Standard
USR000344,2026-03-03,NO,Premium
USR000345,2026-01-23,DE,Standard
USR000346,2026-01-26,IT,Standard
USR000347,2025-01-30,PT,Standard
USR000348,2024-10-27,GB,Standard
USR000349,2023-06-15,GB,Metal
USR000350,2024-06-04,GB,Premium
USR000351,2023-04-04,PL,Premium
USR000352,2026-05-01,PT,Premium
USR000353,2024-02-03,RO,Standard
USR000354,2026-08-18,CH,Standard
USR000355,2024-03-06,GB,Metal
USR000356,2023-01-22,PL,Ultra
USR000357,2024-11-18,GB,Standard
USR000358,2023-10-26,FR,Plus
USR000359,2024-10-09,NO,Standard
USR000360,2024-12-29,GB,Standard
USR000361,2025-05-31,IT,Standard
USR000362,2025-08-02,IT,Plus
USR000363,2025-12-06,GB,Standard
USR000364,2025-08-01,DE,Plus
USR000365,2025-09-27,GB,Premium
USR000366,2025-01-06,CH,Standard
USR000367,2025-04-01,GB,Standard
USR000368,2025-06-28,FR,Metal
USR000369,2023-01-05,NL,Standard
USR000370,2024-11-03,CH,Standard
USR000371,2025-11-29,ES,Standard
USR000372,2026-03-17,NL,Premium
USR000373,2025-09-16,FR,Premium
USR000374,2023-11-21,PT,Premium
USR000375,2025-07-07,NL,Standard
USR000376,2026-06-23,IE,Standard
USR000377,2024-06-10,GB,Standard
USR000378,2025-01-28,GB,Ultra
USR000379,2023-08-27,FR,Premium
USR000380,2026-08-12,GB,Standard
USR000381,2024-04-08,NO,Metal
USR000382,2024-05-21,RO,Premium
USR000383,2025-12-17,NL,Metal
USR000384,2024-02-21,NL,Standard
USR000385,2023-07-27,ES,Premium
USR000386,2023-09-11,GB,Metal
USR000387,2024-12-02,RO,Standard
USR000388,2024-05-06,GB,Standard
USR000389,2026-07-09,GB,Plus
USR000390,2023-02-05,PL,Premium
USR000391,2023-10-06,GB,Plus
USR000392,2024-02-28,ES,Plus
USR000393,2023-05-25,GB,Standard
USR000394,2023-02-11,NO,Standard
USR000395,2025-08-22,RO,Plus
USR000396,2023-03-06,PT,Standard
USR000397,2023-04-11,PL,Plus
USR000398,2025-11-25,RO,Metal
USR000399,2024-04-07,IE,Standard
USR000400,2025-03-04,IT,Premium
USR000401,2026-08-16,RO,Plus
USR000402,2024-05-03,NL,Premium
USR000403,2026-04-10,RO,Standard
USR000404,2023-06-09,DE,Premium
USR000405,2024-01-05,SE,Premium
USR000406,2025-12-01,NL,Metal
USR000407,2023-05-22,GB,Standard
USR000408,2023-04-28,IT,Metal
USR000409,2024-04-01,FR,Metal
USR000410,2026-07-05,PL,Premium
USR000411,2023-09-05,NL,Standard
USR000412,2026-08-14,NL,Plus
USR000413,2023-03-23,IT,Standard
USR000414,2024-07-03,CH,Standard
USR000415,2024-03-31,NL,Plus
USR000416,2023-04-19,ES,Metal
USR000417,2026-05-24,NO,Standard
USR000418,2024-05-24,ES,Standard
USR000419,2025-02-13,DE,Standard
USR000420,2023-02-01,IT,Metal
USR000421,2025-11-11,PL,Standard
USR000422,2023-10-20,IE,Standard
USR000423,2026-01-19,PT,Plus
USR000424,2024-05-08,FR,Standard
USR000425,2025-10-27,GB,Plus
USR000426,2025-08-13,GB,Standard
USR000427,2023-03-15,ES,Plus
USR000428,2024-11-21,FR,Ultra
USR000429,2026-01-04,IT,Standard
USR000430,2024-02-05,RO,Premium
USR000431,2025-05-23,SE,Standard
USR000432,2026-04-20,NL,Standard
USR000433,2023-10-26,GB,Premium
USR000434,2026-07-25,GB,Standard
USR000435,2023-09-26,PT,Standard
USR000436,2023-06-02,RO,Metal
USR000437,2025-11-14,DE,Plus
USR000438,2023-06-01,GB,Premium
USR000439,2026-08-23,GB,Metal
USR000440,2023-05-26,PL,Plus
USR000441,2023-10-12,GB,Plus
USR000442,2024-07-29,FR,Plus
USR000443,2024-09-19,ES,Plus
USR000444,2024-08-10,FR,Plus
USR000445,2024-06-23,GB,Ultra
USR000446,2026-07-03,CH,Metal
USR000447,2024-06-25,GB,Standard
USR000448,2026-04-26,DE,Ultra
USR000449,2024-12-10,RO,Standard
USR000450,2026-05-28,GB,Standard
USR000451,2024-05-10,PT,Standard
USR000452,2025-09-26,FR,Standard
USR000453,2026-04-05,DE,Plus
USR000454,2024-05-18,DE,Premium
USR000455,2023-06-20,IE,Standard
USR000456,2024-05-26,IT,Standard
USR000457,2023-08-13,PL,Plus
USR000458,2023-10-26,FR,Standard
USR000459,2023-07-20,PL,Standard
USR000460,2023-11-14,PL,Standard
USR000461,2024-04-19,CH,Premium
USR000462,2023-11-05,ES,Standard
USR000463,2025-04-23,GB,Standard
USR000464,2023-06-01,GB,Premium
USR000465,2023-06-16,FR,Premium
USR000466,2025-01-22,PL,Standard
USR000467,2026-04-03,GB,Metal
USR000468,2024-06-25,GB,Standard
USR000469,2023-01-15,IT,Standard
USR000470,2026-08-29,FR,Standard
USR000471,2023-11-04,DE,Standard
USR000472,2023-07-18,FR,Standard
USR000473,2026-08-26,GB,Premium
USR000474,2024-01-02,RO,Standard
USR000475,2026-08-30,DE,Ultra
USR000476,2023-09-30,PL,Premium
USR000477,2024-08-14,FR,Standard
USR000478,2024-06-24,FR,Standard
USR000479,2023-10-02,IT,Plus
USR000480,2026-08-19,GB,Metal
USR000481,2025-03-22,DE,Plus
USR000482,2024-08-16,GB,Premium
USR000483,2025-06-25,DE,Standard
USR000484,2023-12-04,GB,Standard
USR000485,2024-08-18,FR,Premium
USR000486,2023-12-08,PT,Metal
USR000487,2024-04-13,GB,Standard
USR000488,2026-03-17,ES,Standard
USR000489,2026-03-11,NO,Standard
USR000490,2023-07-19,FR,Metal
USR000491,2026-03-07,IT,Metal
USR000492,2026-03-29,IE,Plus
USR000493,2024-08-12,DE,Premium
USR000494,2025-06-01,IE,Standard
USR000495,2025-02-19,IT,Standard
USR000496,2023-04-23,IE,Plus
USR000497,2023-11-10,NL,Premium
USR000498,2024-12-21,IE,Standard
USR000499,2023-07-14,GB,Standard
USR000500,2025-04-12,DE,Ultra
USR000501,2023-01-10,GB,Standard
USR000502,2025-01-19,PT,Premium
USR000503,2023-09-06,FR,Standard
USR000504,2025-09-21,GB,Standard
USR000505,2026-06-12,RO,Plus
USR000506,2024-09-21,DE,Premium
USR000507,2024-09-04,PT,Plus
USR000508,2023-05-15,ES,Standard
USR000509,2023-11-05,PL,Standard
USR000510,2025-08-05,GB,Premium
USR000511,2023-01-01,IE,Premium
USR000512,2025-03-30,GB,Plus
USR000513,2023-07-19,ES,Standard
USR000514,2024-07-07,GB,Metal
USR000515,2024-10-19,NL,Standard
USR000516,2023-03-30,PL,Standard
USR000517,2025-04-20,GB,Standard
USR000518,2025-10-10,GB,Premium
USR000519,2026-07-28,GB,Ultra
USR000520,2024-09-03,GB,Standard
USR000521,2024-08-22,IT,Standard
USR000522,2024-02-04,GB,Standard
USR000523,2025-06-23,PL,Ultra
USR000524,2023-11-16,GB,Plus
USR000525,2023-11-23,RO,Standard
USR000526,2024-08-19,GB,Metal
USR000527,2023-02-01,IT,Standard
USR000528,2025-12-04,PL,Plus
USR000529,2025-12-24,NL,Ultra
USR000530,2025-01-30,GB,Standard
USR000531,2023-11-21,ES,Standard
USR000532,2025-08-15,GB,Premium
USR000533,2023-03-18,GB,Plus
USR000534,2023-10-05,IT,Standard
USR000535,2025-01-24,CH,Metal
USR000536,2024-12-03,FR,Standard
USR000537,2024-05-04,GB,Premium
USR000538,2023-10-10,PT,Plus
USR000539,2024-05-14,ES,Standard
USR000540,2025-10-17,DE,Metal
USR000541,2026-05-14,IE,Standard
USR000542,2026-05-07,IT,Standard
USR000543,2023-09-17,GB,Standard
USR000544,2026-07-20,IE,Standard
USR000545,2023-12-22,NL,Standard
USR000546,2025-09-20,GB,Standard
USR000547,2026-06-09,GB,Standard
USR000548,2024-09-13,NL,Standard
USR000549,2025-01-27,NL,Standard
USR000550,2024-12-20,ES,Standard
USR000551,2024-02-16,GB,Plus
USR000552,2024-03-16,GB,Standard
USR000553,2024-03-17,FR,Standard
USR000554,2024-05-07,CH,Standard
USR000555,2025-07-26,PT,Standard
USR000556,2026-08-21,GB,Standard
USR000557,2024-12-05,NL,Premium
USR000558,2026-04-01,ES,Premium
USR000559,2024-08-17,FR,Standard
USR000560,2023-11-23,GB,Standard
USR000561,2024-06-18,DE,Standard
USR000562,2025-06-05,ES,Standard
USR000563,2024-10-18,IT,Standard
USR000564,2025-05-01,FR,Standard
USR000565,2025-10-14,DE,Premium
USR000566,2024-03-10,NL,Plus
USR000567,2026-08-27,IE,Metal
USR000568,2023-04-26,ES,Premium
USR000569,2023-06-13,ES,Standard
USR000570,2026-06-23,IE,Standard
USR000571,2023-10-22,GB,Standard
USR000572,2023-08-14,FR,Metal
USR000573,2023-01-31,GB,Standard
USR000574,2023-08-09,NO,Standard
USR000575,2023-02-28,RO,Premium
USR000576,2025-09-12,PL,Standard
USR000577,2023-05-21,PL,Standard
USR000578,2026-04-21,GB,Standard
USR000579,2026-08-13,GB,Plus
USR000580,2023-08-28,GB,Premium
USR000581,2024-04-14,IE,Standard
USR000582,2025-11-25,PL,Standard
USR000583,2026-02-28,GB,Plus
USR000584,2024-10-01,NL,Standard
USR000585,2026-01-10,PL,Standard
USR000586,2025-02-28,PL,Premium
USR000587,2025-08-17,GB,Ultra
USR000588,2025-10-23,DE,Standard
USR000589,2023-07-30,IT,Premium
USR000590,2024-06-08,ES,Ultra
USR000591,2023-11-24,PL,Premium
USR000592,2026-01-17,PL,Standard
USR000593,2024-01-09,ES,Standard
USR000594,2023-05-10,ES,Premium
USR000595,2026-07-31,SE,Metal
USR000596,2023-02-23,PL,Metal
USR000597,2023-07-19,ES,Premium
USR000598,2024-05-30,GB,Metal
USR000599,2023-04-11,IT,Standard
USR000600,2025-01-04,IT,Standard
USR000601,2025-05-23,FR,Metal
USR000602,2026-04-05,FR,Premium
USR000603,2026-08-06,GB,Standard
USR000604,2025-12-10,GB,Ultra
USR000605,2025-06-29,DE,Standard
USR000606,2024-04-04,GB,Plus
USR000607,2024-06-08,GB,Plus
USR000608,2026-02-21,PL,Premium
USR000609,2023-02-06,GB,Standard
USR000610,2026-06-06,GB,Standard
USR000611,2025-04-20,IE,Standard
USR000612,2023-08-21,GB,Standard
USR000613,2023-07-31,IE,Premium
USR000614,2024-02-15,GB,Plus
USR000615,2024-01-24,GB,Premium
USR000616,2023-06-07,DE,Standard
USR000617,2025-06-13,DE,Metal
USR000618,2026-07-18,DE,Standard
USR000619,2024-09-27,FR,Standard
USR000620,2026-04-04,RO,Standard
USR000621,2025-07-09,RO,Metal
USR000622,2023-02-04,DE,Standard
USR000623,2025-07-16,GB,Standard
USR000624,2025-03-13,IT,Standard
USR000625,2023-12-13,IT,Standard
USR000626,2023-10-21,IT,Standard
USR000627,2025-01-29,GB,Standard
USR000628,2023-09-18,DE,Standard
USR000629,2024-11-30,IE,Standard
USR000630,2025-07-02,ES,Standard
USR000631,2023-12-23,FR,Standard
USR000632,2023-10-08,RO,Premium
USR000633,2023-12-02,PL,Standard
USR000634,2025-02-13,GB,Metal
USR000635,2023-04-08,IT,Metal
USR000636,2025-03-03,RO,Standard
USR000637,2025-04-28,FR,Premium
USR000638,2025-11-24,CH,Standard
USR000639,2023-01-25,FR,Ultra
USR000640,2025-03-03,DE,Standard
USR000641,2023-10-01,NL,Standard
USR000642,2023-08-22,GB,Metal
USR000643,2025-09-20,GB,Standard
USR000644,2023-12-24,PT,Standard
USR000645,2025-02-28,DE,Plus
USR000646,2025-07-13,GB,Premium
USR000647,2024-01-30,PT,Standard
USR000648,2023-02-17,ES,Standard
USR000649,2026-02-23,DE,Ultra
USR000650,2023-08-06,IE,Standard
USR000651,2025-02-14,GB,Premium
USR000652,2025-03-25,IT,Standard
USR000653,2024-10-19,GB,Premium
USR000654,2025-04-24,PL,Plus
USR000655,2026-04-29,NL,Standard
USR000656,2024-06-04,DE,Standard
USR000657,2023-03-03,GB,Standard
USR000658,2024-04-09,NL,Standard
USR000659,2025-04-12,GB,Standard
USR000660,2024-11-03,FR,Standard
USR000661,2024-06-11,PL,Standard
USR000662,2025-11-22,DE,Premium
USR000663,2026-06-01,GB,Standard
USR000664,2026-04-21,GB,Plus
USR000665,2025-03-12,CH,Standard
USR000666,2023-03-22,RO,Standard
USR000667,2023-03-19,GB,Premium
USR000668,2025-10-27,NL,Ultra
USR000669,2025-11-03,IE,Premium
USR000670,2023-11-14,FR,Standard
USR000671,2026-04-21,DE,Standard
USR000672,2025-05-28,ES,Premium
USR000673,2026-06-03,SE,Standard
USR000674,2025-11-21,DE,Standard
USR000675,2024-02-20,PT,Premium
USR000676,2026-04-08,NO,Standard
USR000677,2023-04-09,SE,Plus
USR000678,2025-12-10,DE,Standard
USR000679,2023-08-22,SE,Standard
USR000680,2024-06-17,DE,Standard
USR000681,2023-12-04,GB,Standard
USR000682,2023-10-22,NL,Standard
USR000683,2024-09-28,DE,Standard
USR000684,2026-06-04,NL,Plus
USR000685,2024-01-27,GB,Standard
USR000686,2024-09-19,PT,Standard
USR000687,2025-03-17,RO,Standard
USR000688,2024-05-31,GB,Standard
USR000689,2024-12-28,GB,Standard
USR000690,2024-05-22,NL,Ultra
USR000691,2026-05-13,NL,Standard
USR000692,2023-11-29,ES,Standard
USR000693,2023-01-01,PL,Plus
USR000694,2025-01-08,DE,Plus
USR000695,2026-02-02,RO,Standard
USR000696,2026-06-07,FR,Standard
USR000697,2025-10-27,GB,Metal
USR000698,2025-05-16,DE,Standard
USR000699,2024-02-24,PL,Standard
USR000700,2026-06-25,ES,Ultra
USR000701,2024-03-18,PL,Standard
USR000702,2024-05-15,DE,Premium
USR000703,2024-02-15,GB,Standard
USR000704,2026-08-27,DE,Standard
USR000705,2026-01-19,NL,Standard
USR000706,2024-03-06,IT,Premium
USR000707,2025-10-28,DE,Standard
USR000708,2024-02-10,NL,Plus
USR000709,2023-06-28,RO,Standard
USR000710,2026-04-02,DE,Standard
USR000711,2024-02-22,PL,Standard
USR000712,2025-12-03,DE,Standard
USR000713,2024-08-05,SE,Standard
USR000714,2025-08-23,GB,Premium
USR000715,2026-07-21,GB,Standard
USR000716,2023-01-02,PT,Metal
USR000717,2026-06-30,GB,Standard
USR000718,2023-04-14,DE,Plus
USR000719,2024-06-09,IT,Standard
USR000720,2023-02-09,PL,Plus
USR000721,2025-04-29,IE,Ultra
USR000722,2023-11-15,PL,Standard
USR000723,2026-05-07,NO,Standard
USR000724,2024-08-08,IE,Plus
USR000725,2023-07-19,GB,Premium
USR000726,2024-12-01,DE,Metal
USR000727,2024-08-03,PL,Ultra
USR000728,2023-10-24,RO,Premium
USR000729,2025-06-02,GB,Standard
USR000730,2023-12-14,GB,Ultra
USR000731,2024-02-17,FR,Premium
USR000732,2026-02-20,GB,Plus
USR000733,2025-06-04,IT,Standard
USR000734,2023-12-07,IT,Standard
USR000735,2025-06-13,GB,Standard
USR000736,2026-05-31,FR,Standard
USR000737,2024-12-19,GB,Metal
USR000738,2025-08-09,ES,Premium
USR000739,2026-02-23,IT,Standard
USR000740,2024-01-02,PL,Premium
USR000741,2026-05-21,GB,Standard
USR000742,2025-03-06,ES,Standard
USR000743,2024-05-02,IT,Premium
USR000744,2023-08-17,IE,Premium
USR000745,2026-02-05,GB,Standard
USR000746,2026-07-20,GB,Premium
USR000747,2024-08-03,RO,Ultra
USR000748,2024-02-15,FR,Metal
USR000749,2026-03-06,PL,Metal
USR000750,2023-12-07,RO,Standard
USR000751,2023-06-29,ES,Plus
USR000752,2024-12-14,GB,Premium
USR000753,2023-09-29,FR,Standard
USR000754,2024-10-27,DE,Standard
USR000755,2025-07-07,DE,Standard
USR000756,2025-04-10,NL,Plus
USR000757,2025-05-24,DE,Standard
USR000758,2023-02-09,GB,Plus
USR000759,2025-10-05,PL,Standard
USR000760,2024-04-26,ES,Standard
USR000761,2025-11-14,IE,Standard
USR000762,2024-11-14,IT,Standard
USR000763,2024-01-06,RO,Standard
USR000764,2023-03-23,GB,Standard
USR000765,2023-02-27,FR,Standard
USR000766,2025-09-19,ES,Premium
USR000767,2025-09-08,GB,Standard
USR000768,2023-12-25,DE,Ultra
USR000769,2025-10-10,PL,Metal
USR000770,2025-09-23,ES,Standard
USR000771,2024-06-24,FR,Standard
USR000772,2025-11-15,PL,Standard
USR000773,2023-08-07,ES,Standard
USR000774,2024-01-21,FR,Standard
USR000775,2025-12-06,DE,Standard
USR000776,2023-02-04,GB,Standard
USR000777,2025-02-25,DE,Standard
USR000778,2023-12-13,ES,Metal
USR000779,2024-09-16,GB,Standard
USR000780,2024-01-14,GB,Metal
USR000781,2025-09-28,GB,Metal
USR000782,2025-05-15,GB,Premium
USR000783,2025-07-05,NL,Metal
USR000784,2024-04-30,FR,Standard
USR000785,2023-01-29,GB,Standard
USR000786,2024-06-12,FR,Standard
USR000787,2024-10-25,GB,Standard
USR000788,2026-04-19,PL,Metal
USR000789,2023-09-16,SE,Standard
USR000790,2023-07-01,PL,Metal
USR000791,2026-04-29,IT,Standard
USR000792,2024-08-31,FR,Metal
USR000793,2023-09-14,NL,Plus
USR000794,2024-04-24,SE,Metal
USR000795,2023-05-29,DE,Standard
USR000796,2025-04-07,PL,Standard
USR000797,2025-08-23,ES,Metal
USR000798,2024-06-12,NL,Standard
USR000799,2025-11-15,IE,Standard
USR000800,2024-11-24,IE,Metal
USR000801,2026-07-08,ES,Plus
USR000802,2024-06-23,DE,Standard
USR000803,2026-04-27,IE,Metal
USR000804,2024-12-15,DE,Metal
USR000805,2023-01-03,DE,Premium
USR000806,2023-05-06,IE,Standard
USR000807,2025-12-28,DE,Metal
USR000808,2023-06-21,PL,Standard
USR000809,2025-06-11,ES,Standard
USR000810,2026-08-03,ES,Standard
USR000811,2026-07-04,RO,Premium
USR000812,2023-02-22,IE,Standard
USR000813,2023-01-30,GB,Ultra
USR000814,2026-02-03,FR,Standard
USR000815,2023-07-04,DE,Standard
USR000816,2024-12-18,GB,Plus
USR000817,2024-03-12,GB,Metal
USR000818,2025-12-16,GB,Metal
USR000819,2026-05-21,PT,Standard
USR000820,2026-06-21,NL,Metal
USR000821,2024-08-21,DE,Standard
USR000822,2026-01-16,IE,Standard
USR000823,2024-03-06,GB,Plus
USR000824,2024-06-18,RO,Standard
USR000825,2026-08-10,GB,Standard
USR000826,2026-03-08,ES,Standard
USR000827,2023-02-09,GB,Standard
USR000828,2025-11-08,CH,Metal
USR000829,2023-12-17,GB,Premium
USR000830,2025-10-01,GB,Premium
USR000831,2025-06-05,PL,Premium
USR000832,2026-03-20,GB,Premium
USR000833,2023-11-03,GB,Premium
USR000834,2023-08-28,ES,Standard
USR000835,2023-04-26,GB,Plus
USR000836,2023-01-26,GB,Plus
USR000837,2024-08-07,GB,Metal
USR000838,2023-03-28,DE,Standard
USR000839,2023-08-31,IT,Standard
USR000840,2024-04-10,ES,Premium
USR000841,2025-08-02,FR,Standard
USR000842,2024-12-23,ES,Standard
USR000843,2023-11-27,ES,Standard
USR000844,2023-01-15,PL,Plus
USR000845,2025-07-11,GB,Standard
USR000846,2024-11-13,DE,Standard
USR000847,2026-08-26,ES,Metal
USR000848,2025-04-05,ES,Plus
USR000849,2023-04-06,IE,Premium
USR000850,2025-02-06,PL,Metal
USR000851,2023-02-26,GB,Standard
USR000852,2025-06-20,IT,Standard
USR000853,2023-09-10,GB,Ultra
USR000854,2024-11-29,CH,Plus
USR000855,2023-03-21,FR,Standard
USR000856,2026-08-03,FR,Plus
USR000857,2023-04-26,GB,Plus
USR000858,2025-08-20,GB,Standard
USR000859,2026-02-15,IE,Metal
USR000860,2024-03-09,GB,Standard
USR000861,2025-12-02,IT,Standard
USR000862,2024-12-26,IT,Standard
USR000863,2024-09-03,DE,Premium
USR000864,2025-03-15,RO,Metal
USR000865,2023-10-28,DE,Standard
USR000866,2024-01-15,GB,Standard
USR000867,2023-07-23,DE,Premium
USR000868,2025-01-09,GB,Metal
USR000869,2025-12-14,IT,Standard
USR000870,2025-08-16,GB,Premium
USR000871,2023-04-19,GB,Plus
USR000872,2026-07-26,DE,Standard
USR000873,2025-11-02,FR,Plus
USR000874,2023-06-06,DE,Ultra
USR000875,2023-03-20,GB,Standard
USR000876,2023-10-29,DE,Standard
USR000877,2025-02-09,GB,Standard
USR000878,2025-08-15,IT,Standard
USR000879,2025-04-16,GB,Standard
USR000880,2026-01-15,GB,Premium
USR000881,2026-02-24,PT,Standard
USR000882,2024-03-20,CH,Standard
USR000883,2025-02-23,GB,Standard
USR000884,2024-12-12,GB,Premium
USR000885,2026-05-03,DE,Standard
USR000886,2024-11-02,GB,Metal
USR000887,2026-07-15,GB,Standard
USR000888,2025-10-20,FR,Standard
USR000889,2024-08-11,GB,Metal
USR000890,2024-03-01,DE,Standard
USR000891,2025-04-12,GB,Ultra
USR000892,2023-07-13,SE,Plus
USR000893,2023-08-23,GB,Standard
USR000894,2024-06-22,GB,Metal
USR000895,2023-05-14,NL,Standard
USR000896,2024-03-18,ES,Standard
USR000897,2024-12-14,GB,Standard
USR000898,2023-11-30,ES,Premium
USR000899,2025-07-04,NL,Standard
USR000900,2023-07-02,DE,Standard
USR000901,2026-07-26,FR,Standard
USR000902,2023-06-04,IT,Premium
USR000903,2024-11-14,IE,Premium
USR000904,2024-04-07,GB,Metal
USR000905,2025-09-15,GB,Metal
USR000906,2026-02-19,DE,Premium
USR000907,2026-06-11,ES,Standard
USR000908,2024-04-10,DE,Standard
USR000909,2025-09-26,FR,Premium
USR000910,2025-06-02,PT,Standard
USR000911,2024-10-18,DE,Standard
USR000912,2024-09-11,GB,Plus
USR000913,2025-05-26,DE,Plus
USR000914,2023-12-11,GB,Metal
USR000915,2024-10-21,GB,Standard
USR000916,2026-01-05,GB,Ultra
USR000917,2023-12-27,NL,Plus
USR000918,2025-10-12,IE,Standard
USR000919,2024-03-06,DE,Standard
USR000920,2026-04-11,NL,Standard
USR000921,2023-11-04,FR,Premium
USR000922,2026-05-25,GB,Standard
USR000923,2025-09-10,IT,Standard
USR000924,2025-11-04,DE,Standard
USR000925,2025-07-17,IE,Premium
USR000926,2025-10-08,DE,Standard
USR000927,2025-01-31,ES,Standard
USR000928,2024-07-05,GB,Standard
USR000929,2026-03-15,IE,Metal
USR000930,2025-07-26,ES,Standard
USR000931,2026-06-19,DE,Standard
USR000932,2024-03-18,GB,Standard
USR000933,2025-10-26,IE,Standard
USR000934,2025-08-14,GB,Standard
USR000935,2024-08-01,GB,Standard
USR000936,2025-08-20,NL,Metal
USR000937,2024-08-07,FR,Standard
USR000938,2025-09-22,NL,Standard
USR000939,2024-09-22,IT,Standard
USR000940,2023-03-02,DE,Premium
USR000941,2025-12-18,RO,Standard
USR000942,2025-08-02,NL,Plus
USR000943,2025-07-20,IT,Standard
USR000944,2024-03-14,DE,Standard
USR000945,2026-06-08,DE,Standard
USR000946,2024-03-29,ES,Premium
USR000947,2023-11-21,GB,Standard
USR000948,2023-09-01,NL,Standard
USR000949,2024-12-28,GB,Standard
USR000950,2024-02-13,GB,Standard
USR000951,2026-08-15,RO,Premium
USR000952,2023-06-11,DE,Metal
USR000953,2026-01-23,PL,Standard
USR000954,2023-01-29,NL,Standard
USR000955,2026-05-07,PL,Ultra
USR000956,2024-02-16,DE,Standard
USR000957,2025-08-29,PL,Standard
USR000958,2024-03-06,PT,Ultra
USR000959,2024-12-19,GB,Plus
USR000960,2024-10-08,PL,Premium
USR000961,2023-09-20,GB,Plus
USR000962,2026-01-24,IT,Plus
USR000963,2025-05-14,IE,Standard
USR000964,2025-12-14,DE,Plus
USR000965,2024-05-22,IT,Premium
USR000966,2026-07-23,PL,Standard
USR000967,2024-08-29,GB,Standard
USR000968,2025-11-14,FR,Standard
USR000969,2023-08-29,GB,Premium
USR000970,2025-07-15,DE,Premium
USR000971,2025-05-16,IT,Standard
USR000972,2026-06-24,FR,Ultra
USR000973,2024-11-02,GB,Standard
USR000974,2026-05-23,IT,Premium
USR000975,2024-06-23,FR,Metal
USR000976,2023-02-14,NO,Plus
USR000977,2026-08-29,NL,Standard
USR000978,2024-03-30,GB,Metal
USR000979,2023-12-09,GB,Premium
USR000980,2024-04-18,RO,Standard
USR000981,2025-12-10,RO,Standard
USR000982,2025-10-04,PL,Standard
USR000983,2024-12-06,GB,Metal
USR000984,2026-02-17,ES,Standard
USR000985,2026-05-08,SE,Metal
USR000986,2024-12-22,GB,Standard
USR000987,2023-12-14,ES,Ultra
USR000988,2024-10-02,GB,Premium
USR000989,2024-03-30,PT,Standard
USR000990,2023-09-30,DE,Premium
USR000991,2023-01-03,GB,Ultra
USR000992,2023-05-01,PL,Plus
USR000993,2026-05-08,GB,Standard
USR000994,2024-06-26,PL,Standard
USR000995,2023-04-29,GB,Standard
USR000996,2023-10-21,GB,Standard
USR000997,2025-03-18,GB,Plus
USR000998,2024-12-28,GB,Standard
USR000999,2026-02-21,GB,Premium
USR001000,2023-04-01,GB,Standard
USR001001,2024-11-04,FR,Plus
USR001002,2024-04-18,IT,Ultra
USR001003,2024-01-08,NL,Standard
USR001004,2023-08-24,GB,Premium
USR001005,2025-03-26,RO,Standard
USR001006,2025-12-09,DE,Premium
USR001007,2023-10-28,FR,Standard
USR001008,2024-01-02,PL,Ultra
USR001009,2023-05-27,DE,Standard
USR001010,2024-11-30,DE,Plus
USR001011,2025-03-02,GB,Standard
USR001012,2024-09-30,IT,Premium
USR001013,2024-05-13,FR,Standard
USR001014,2024-06-27,IT,Metal
USR001015,2025-11-15,GB,Standard
USR001016,2024-02-27,PL,Standard
USR001017,2025-10-08,GB,Standard
USR001018,2023-06-28,SE,Standard
USR001019,2024-10-06,DE,Premium
USR001020,2025-12-24,GB,Metal
USR001021,2026-04-24,ES,Metal
USR001022,2023-08-30,GB,Standard
USR001023,2023-08-14,CH,Standard
USR001024,2023-06-09,RO,Standard
USR001025,2024-11-01,GB,Standard
USR001026,2023-03-29,NL,Premium
USR001027,2024-06-06,DE,Standard
USR001028,2024-11-18,FR,Standard
USR001029,2023-09-23,CH,Standard
USR001030,2023-11-19,PT,Premium
USR001031,2025-05-15,PL,Metal
USR001032,2023-04-20,GB,Premium
USR001033,2023-05-06,FR,Premium
USR001034,2023-10-14,ES,Standard
USR001035,2026-07-31,GB,Standard
USR001036,2024-12-04,ES,Ultra
USR001037,2025-01-01,GB,Standard
USR001038,2024-12-04,FR,Standard
USR001039,2023-09-30,IT,Premium
USR001040,2026-02-02,PL,Standard
USR001041,2024-04-27,GB,Standard
USR001042,2026-02-08,RO,Standard
USR001043,2023-04-15,GB,Plus
USR001044,2024-02-24,DE,Standard
USR001045,2024-11-05,GB,Standard
USR001046,2024-02-02,GB,Premium
USR001047,2023-10-05,DE,Standard
USR001048,2025-03-07,IT,Standard
USR001049,2026-02-17,GB,Metal
USR001050,2024-10-14,GB,Standard
USR001051,2025-10-03,SE,Standard
USR001052,2025-12-03,GB,Ultra
USR001053,2026-08-23,GB,Premium
USR001054,2024-08-13,RO,Standard
USR001055,2023-12-15,GB,Standard
USR001056,2024-11-05,NL,Standard
USR001057,2023-11-08,DE,Premium
USR001058,2024-03-23,GB,Standard
USR001059,2023-04-25,DE,Standard
USR001060,2023-02-27,GB,Standard
USR001061,2023-02-20,SE,Standard
USR001062,2024-10-02,GB,Plus
USR001063,2024-01-25,GB,Premium
USR001064,2024-06-16,ES,Plus
USR001065,2026-02-13,IT,Standard
USR001066,2025-02-15,GB,Plus
USR001067,2025-07-25,PT,Standard
USR001068,2024-09-14,DE,Metal
USR001069,2026-02-22,GB,Premium
USR001070,2024-02-26,PL,Standard
USR001071,2024-10-23,NL,Standard
USR001072,2024-10-07,GB,Ultra
USR001073,2023-02-02,ES,Standard
USR001074,2023-11-02,DE,Standard
USR001075,2026-03-15,GB,Plus
USR001076,2025-10-24,GB,Metal
USR001077,2023-03-28,DE,Ultra
USR001078,2026-07-05,FR,Plus
USR001079,2025-08-17,PL,Standard
USR001080,2024-11-02,ES,Metal
USR001081,2024-09-19,GB,Plus
USR001082,2024-02-22,GB,Standard
USR001083,2026-03-21,ES,Metal
USR001084,2024-02-17,IE,Standard
USR001085,2025-06-03,GB,Standard
USR001086,2026-02-15,NO,Metal
USR001087,2025-11-02,GB,Standard
USR001088,2026-05-01,GB,Plus
USR001089,2024-04-26,NO,Premium
USR001090,2025-10-04,PL,Standard
USR001091,2025-01-28,GB,Plus
USR001092,2024-11-01,PL,Standard
USR001093,2023-09-05,PL,Premium
USR001094,2023-04-12,GB,Ultra
USR001095,2024-08-27,GB,Standard
USR001096,2026-04-22,SE,Metal
USR001097,2023-03-07,GB,Standard
USR001098,2026-07-11,PT,Standard
USR001099,2023-07-13,GB,Premium
USR001100,2025-07-24,PL,Standard
USR001101,2024-07-14,PT,Plus
USR001102,2025-06-28,CH,Metal
USR001103,2024-11-16,DE,Premium
USR001104,2023-08-07,GB,Premium
USR001105,2023-05-22,GB,Standard
USR001106,2023-05-23,GB,Premium
USR001107,2026-02-06,IT,Standard
USR001108,2023-11-30,IE,Standard
USR001109,2026-04-13,NL,Standard
USR001110,2024-01-16,FR,Plus
USR001111,2023-01-16,IT,Standard
USR001112,2024-12-17,ES,Standard
USR001113,2023-12-01,GB,Plus
USR001114,2024-08-13,IT,Standard
USR001115,2023-09-09,IT,Premium
USR001116,2024-05-17,ES,Standard
USR001117,2026-04-24,IT,Premium
USR001118,2025-10-31,GB,Standard
USR001119,2024-12-12,PT,Metal
USR001120,2025-10-04,PL,Ultra
USR001121,2025-08-23,PL,Standard
USR001122,2023-04-01,GB,Premium
USR001123,2023-08-13,FR,Metal
USR001124,2023-06-10,GB,Plus
USR001125,2024-04-18,DE,Standard
USR001126,2024-06-01,GB,Metal
USR001127,2023-03-15,FR,Standard
USR001128,2023-07-28,GB,Standard
USR001129,2025-01-17,IE,Standard
USR001130,2023-08-22,DE,Standard
USR001131,2026-03-28,PL,Plus
USR001132,2026-01-11,NL,Standard
USR001133,2024-05-15,DE,Premium
USR001134,2024-03-24,DE,Standard
USR001135,2026-04-25,PL,Metal
USR001136,2025-07-25,GB,Standard
USR001137,2023-08-06,RO,Premium
USR001138,2024-05-01,FR,Standard
USR001139,2023-08-12,GB,Standard
USR001140,2023-07-12,CH,Standard
USR001141,2023-11-06,DE,Plus
USR001142,2023-01-26,DE,Standard
USR001143,2023-07-29,PL,Standard
USR001144,2024-11-14,IT,Standard
USR001145,2026-05-29,FR,Premium
USR001146,2025-06-22,GB,Metal
USR001147,2024-07-22,FR,Plus
USR001148,2024-06-08,ES,Premium
USR001149,2023-10-04,GB,Standard
USR001150,2023-11-30,IT,Plus
USR001151,2024-04-03,NL,Standard
USR001152,2025-06-06,GB,Plus
USR001153,2026-03-14,FR,Ultra
USR001154,2026-08-15,IE,Standard
USR001155,2024-09-29,SE,Standard
USR001156,2023-11-24,GB,Ultra
USR001157,2024-08-14,GB,Standard
USR001158,2024-11-25,RO,Standard
USR001159,2025-08-14,RO,Metal
USR001160,2023-11-30,GB,Standard
USR001161,2025-09-14,FR,Standard
USR001162,2024-09-10,GB,Plus
USR001163,2025-06-08,ES,Metal
USR001164,2025-07-25,PT,Ultra
USR001165,2025-08-03,ES,Plus
USR001166,2023-07-29,GB,Standard
USR001167,2023-05-28,RO,Standard
USR001168,2026-06-07,CH,Plus
USR001169,2024-03-15,IE,Standard
USR001170,2026-07-25,GB,Metal
USR001171,2023-05-23,GB,Premium
USR001172,2026-01-29,IT,Standard
USR001173,2023-04-29,NL,Standard
USR001174,2026-06-21,DE,Premium
USR001175,2026-06-14,GB,Standard
USR001176,2025-01-11,GB,Metal
USR001177,2025-06-24,GB,Plus
USR001178,2025-01-21,NO,Standard
USR001179,2023-03-23,GB,Standard
USR001180,2026-08-25,IE,Standard
USR001181,2026-05-11,PL,Premium
USR001182,2026-03-16,DE,Standard
USR001183,2024-08-08,GB,Standard
USR001184,2023-07-28,PT,Metal
USR001185,2025-11-25,NL,Standard
USR001186,2026-01-12,IE,Standard
USR001187,2024-04-20,NL,Standard
USR001188,2024-08-05,IT,Standard
USR001189,2024-01-26,GB,Plus
USR001190,2025-04-11,GB,Standard
USR001191,2024-05-21,CH,Premium
USR001192,2025-11-27,GB,Standard
USR001193,2025-11-20,GB,Plus
USR001194,2024-04-13,NL,Standard
USR001195,2026-02-06,NL,Plus
USR001196,2025-04-10,GB,Premium
USR001197,2025-12-29,FR,Premium
USR001198,2023-08-13,DE,Plus
USR001199,2026-01-14,ES,Standard
USR001200,2024-05-07,DE,Plus
USR001201,2026-05-10,GB,Standard
USR001202,2025-01-10,GB,Standard
USR001203,2024-12-03,GB,Standard
USR001204,2023-03-26,RO,Standard
USR001205,2024-02-23,GB,Standard
USR001206,2023-07-21,GB,Standard
USR001207,2025-05-06,DE,Standard
USR001208,2024-04-21,GB,Premium
USR001209,2026-03-04,IT,Plus
USR001210,2023-11-06,DE,Standard
USR001211,2024-06-16,RO,Premium
USR001212,2026-03-11,GB,Standard
USR001213,2024-09-24,GB,Plus
USR001214,2025-06-21,PT,Metal
USR001215,2026-06-06,RO,Plus
USR001216,2024-07-30,GB,Standard
USR001217,2023-10-05,PT,Plus
USR001218,2024-02-11,IT,Standard
USR001219,2026-06-25,CH,Premium
USR001220,2024-10-19,NL,Plus
USR001221,2025-02-18,DE,Plus
USR001222,2024-10-02,IT,Standard
USR001223,2024-02-12,GB,Standard
USR001224,2025-06-19,DE,Premium
USR001225,2025-06-25,GB,Standard
USR001226,2026-05-27,PL,Metal
USR001227,2025-08-06,FR,Standard
USR001228,2023-11-28,IT,Standard
USR001229,2024-02-17,FR,Standard
USR001230,2026-01-02,GB,Plus
USR001231,2023-10-14,IT,Standard
USR001232,2024-06-02,ES,Standard
USR001233,2025-11-07,DE,Standard
USR001234,2025-12-27,NL,Standard
USR001235,2024-08-20,PL,Plus
USR001236,2024-10-30,FR,Standard
USR001237,2025-05-14,PL,Plus
USR001238,2026-06-13,SE,Plus
USR001239,2025-05-26,GB,Metal
USR001240,2026-06-24,GB,Metal
USR001241,2025-11-28,GB,Premium
USR001242,2024-09-16,ES,Standard
USR001243,2024-07-10,PL,Premium
USR001244,2025-08-14,NL,Standard
USR001245,2026-07-21,DE,Premium
USR001246,2026-01-10,FR,Premium
USR001247,2025-12-08,ES,Standard
USR001248,2026-08-06,GB,Premium
USR001249,2024-01-09,IT,Metal
USR001250,2025-03-12,SE,Standard
USR001251,2025-02-21,GB,Plus
USR001252,2025-12-16,GB,Standard
USR001253,2025-04-30,CH,Standard
USR001254,2024-04-23,IE,Standard
USR001255,2026-01-14,GB,Plus
USR001256,2025-11-06,GB,Plus
USR001257,2024-07-29,GB,Standard
USR001258,2023-09-20,GB,Standard
USR001259,2024-06-14,DE,Standard
USR001260,2024-03-23,NL,Metal
USR001261,2023-08-03,FR,Standard
USR001262,2026-01-31,DE,Standard
USR001263,2023-09-30,FR,Standard
USR001264,2026-02-18,GB,Plus
USR001265,2025-02-09,PT,Standard
USR001266,2024-02-23,DE,Premium
USR001267,2024-10-19,FR,Standard
USR001268,2025-11-20,DE,Premium
USR001269,2024-10-13,GB,Premium
USR001270,2024-06-05,DE,Plus
USR001271,2025-08-09,DE,Plus
USR001272,2025-10-18,IT,Standard
USR001273,2025-01-25,GB,Plus
USR001274,2023-08-16,IT,Ultra
USR001275,2025-02-07,CH,Plus
USR001276,2024-06-23,SE,Standard
USR001277,2024-05-22,FR,Standard
USR001278,2025-01-03,FR,Standard
USR001279,2025-09-26,GB,Plus
USR001280,2024-08-22,PL,Metal
USR001281,2024-04-03,SE,Plus
USR001282,2024-12-24,IE,Standard
USR001283,2023-05-11,PT,Premium
USR001284,2026-04-12,DE,Standard
USR001285,2024-01-19,IE,Standard
USR001286,2025-03-14,FR,Premium
USR001287,2024-05-20,FR,Ultra
USR001288,2024-10-01,DE,Standard
USR001289,2023-03-01,ES,Standard
USR001290,2024-03-01,GB,Premium
USR001291,2024-05-29,FR,Metal
USR001292,2024-10-12,GB,Standard
USR001293,2025-09-09,GB,Standard
USR001294,2025-01-25,GB,Premium
USR001295,2025-04-22,NL,Standard
USR001296,2023-05-13,IE,Plus
USR001297,2023-06-15,GB,Metal
USR001298,2023-06-20,RO,Standard
USR001299,2026-03-18,GB,Ultra
USR001300,2023-02-05,ES,Standard
USR001301,2023-10-26,ES,Standard
USR001302,2025-04-06,GB,Standard
USR001303,2024-08-06,IE,Metal
USR001304,2023-04-16,FR,Standard
USR001305,2023-03-24,ES,Premium
USR001306,2025-04-10,GB,Plus
USR001307,2026-01-24,CH,Ultra
USR001308,2024-07-24,FR,Plus
USR001309,2025-12-06,PL,Plus
USR001310,2025-08-20,PT,Standard
USR001311,2026-06-17,GB,Plus
USR001312,2023-04-19,FR,Standard
USR001313,2025-02-09,SE,Standard
USR001314,2023-05-15,FR,Standard
USR001315,2026-05-11,CH,Standard
USR001316,2023-04-17,GB,Standard
USR001317,2025-01-15,GB,Standard
USR001318,2026-03-27,IT,Metal
USR001319,2025-09-25,PT,Plus
USR001320,2024-01-26,FR,Premium
USR001321,2025-04-27,GB,Ultra
USR001322,2024-04-04,IE,Standard
USR001323,2025-11-14,FR,Ultra
USR001324,2025-10-31,FR,Premium
USR001325,2025-10-06,PT,Metal
USR001326,2025-02-09,ES,Standard
USR001327,2023-07-26,IE,Premium
USR001328,2024-01-04,FR,Plus
USR001329,2023-10-23,PL,Premium
USR001330,2024-09-06,PL,Standard
USR001331,2024-02-22,FR,Standard
USR001332,2023-11-06,DE,Standard
USR001333,2026-02-08,FR,Standard
USR001334,2024-04-30,DE,Standard
USR001335,2024-12-03,IE,Standard
USR001336,2024-10-25,PL,Standard
USR001337,2024-04-21,NL,Premium
USR001338,2026-04-01,PT,Standard
USR001339,2025-11-08,DE,Metal
USR001340,2026-03-07,SE,Standard
USR001341,2023-11-07,PT,Standard
USR001342,2025-07-14,IT,Standard
USR001343,2024-11-14,GB,Standard
USR001344,2025-03-09,PL,Standard
USR001345,2026-05-05,PL,Standard
USR001346,2024-08-19,ES,Standard
USR001347,2023-03-20,PL,Plus
USR001348,2024-12-28,PL,Metal
USR001349,2023-10-29,GB,Standard
USR001350,2026-08-12,PT,Standard
USR001351,2025-03-08,IT,Standard
USR001352,2026-04-23,CH,Standard
USR001353,2024-10-05,GB,Standard
USR001354,2025-11-30,GB,Plus
USR001355,2026-07-20,GB,Plus
USR001356,2025-11-07,IE,Metal
USR001357,2024-03-18,DE,Standard
USR001358,2025-05-06,CH,Plus
USR001359,2023-01-16,IT,Standard
USR001360,2025-03-11,FR,Premium
USR001361,2026-04-12,GB,Standard
USR001362,2026-08-05,DE,Standard
USR001363,2023-09-25,DE,Standard
USR001364,2023-08-19,DE,Metal
USR001365,2024-04-30,SE,Premium
USR001366,2023-01-21,FR,Metal
USR001367,2025-04-30,GB,Plus
USR001368,2023-11-13,NL,Metal
USR001369,2025-01-09,FR,Metal
USR001370,2025-08-27,FR,Metal
USR001371,2025-08-26,GB,Standard
USR001372,2025-05-23,GB,Premium
USR001373,2024-11-17,IT,Standard
USR001374,2026-01-11,FR,Standard
USR001375,2023-04-20,PL,Premium
USR001376,2025-08-01,NL,Plus
USR001377,2026-04-16,GB,Premium
USR001378,2026-04-27,ES,Premium
USR001379,2024-04-27,NL,Standard
USR001380,2024-03-11,PT,Standard
USR001381,2023-08-17,PL,Metal
USR001382,2023-07-30,GB,Standard
USR001383,2025-09-17,GB,Metal
USR001384,2024-08-20,DE,Standard
USR001385,2023-08-17,DE,Standard
USR001386,2026-06-05,IE,Metal
USR001387,2024-04-18,PT,Standard
USR001388,2023-03-17,GB,Standard
USR001389,2023-04-15,GB,Standard
USR001390,2024-11-04,IT,Plus
USR001391,2023-11-17,PT,Standard
USR001392,2026-01-08,GB,Ultra
USR001393,2023-12-29,PL,Premium
USR001394,2025-11-24,IE,Ultra
USR001395,2024-03-12,GB,Standard
USR001396,2024-11-12,DE,Premium
USR001397,2025-12-28,PT,Premium
USR001398,2026-08-13,FR,Standard
USR001399,2025-07-10,RO,Metal
USR001400,2025-07-29,GB,Standard
USR001401,2025-03-16,PT,Standard
USR001402,2025-01-03,PT,Premium
USR001403,2024-03-22,PL,Standard
USR001404,2026-06-25,DE,Standard
USR001405,2023-11-09,FR,Premium
USR001406,2025-02-02,NL,Standard
USR001407,2026-02-17,DE,Premium
USR001408,2023-07-24,PL,Metal
USR001409,2025-01-03,GB,Standard
USR001410,2024-06-30,NL,Standard
USR001411,2024-10-04,GB,Standard
USR001412,2026-02-02,GB,Standard
USR001413,2023-03-12,SE,Premium
USR001414,2024-06-27,DE,Standard
USR001415,2025-12-21,DE,Standard
USR001416,2023-01-10,PL,Standard
USR001417,2026-05-07,FR,Premium
USR001418,2023-03-21,ES,Metal
USR001419,2026-04-19,DE,Standard
USR001420,2024-07-08,GB,Standard
USR001421,2025-07-07,DE,Metal
USR001422,2023-02-02,DE,Standard
USR001423,2024-12-09,GB,Premium
USR001424,2025-09-24,GB,Standard
USR001425,2024-12-17,GB,Standard
USR001426,2023-11-13,FR,Standard
USR001427,2026-07-15,IE,Metal
USR001428,2023-02-27,PL,Standard
USR001429,2026-06-24,GB,Standard
USR001430,2025-07-19,GB,Metal
USR001431,2024-02-13,GB,Plus
USR001432,2024-11-13,PT,Standard
USR001433,2024-05-07,FR,Standard
USR001434,2024-06-04,GB,Premium
USR001435,2025-02-13,NL,Plus
USR001436,2025-12-25,ES,Standard
USR001437,2024-07-14,GB,Ultra
USR001438,2024-08-29,SE,Standard
USR001439,2023-11-08,GB,Standard
USR001440,2023-01-01,GB,Ultra
USR001441,2026-05-13,NL,Premium
USR001442,2023-03-25,RO,Premium
USR001443,2025-10-16,GB,Premium
USR001444,2026-05-11,DE,Standard
USR001445,2024-05-06,ES,Standard
USR001446,2026-05-03,IT,Standard
USR001447,2023-08-08,GB,Standard
USR001448,2024-02-03,FR,Metal
USR001449,2025-06-03,GB,Premium
USR001450,2024-03-30,SE,Metal
USR001451,2023-02-15,GB,Standard
USR001452,2024-06-06,IT,Standard
USR001453,2023-07-09,IT,Standard
USR001454,2026-01-31,GB,Standard
USR001455,2024-01-27,GB,Standard
USR001456,2023-02-06,FR,Standard
USR001457,2026-01-06,DE,Standard
USR001458,2024-01-26,ES,Standard
USR001459,2023-09-20,PL,Premium
USR001460,2026-08-15,PL,Standard
USR001461,2024-05-28,PL,Standard
USR001462,2024-06-01,GB,Standard
USR001463,2025-09-05,DE,Metal
USR001464,2024-03-15,GB,Standard
USR001465,2025-09-03,DE,Plus
USR001466,2026-03-28,GB,Standard
USR001467,2024-04-16,PL,Plus
USR001468,2024-02-09,DE,Standard
USR001469,2023-06-23,GB,Premium
USR001470,2025-03-24,DE,Standard
USR001471,2025-03-22,PL,Standard
USR001472,2025-11-19,GB,Standard
USR001473,2026-07-14,IE,Standard
USR001474,2025-10-26,GB,Standard
USR001475,2024-10-03,FR,Standard
USR001476,2023-09-11,GB,Standard
USR001477,2025-06-06,NL,Standard
USR001478,2025-09-10,IT,Standard
USR001479,2024-12-11,DE,Premium
USR001480,2024-02-29,DE,Standard
USR001481,2024-04-02,ES,Standard
USR001482,2023-11-10,GB,Premium
USR001483,2025-10-25,DE,Plus
USR001484,2025-03-06,GB,Standard
USR001485,2024-09-20,ES,Metal
USR001486,2023-10-09,GB,Premium
USR001487,2024-08-18,NL,Standard
USR001488,2026-01-18,FR,Standard
USR001489,2025-04-25,ES,Standard
USR001490,2023-10-09,CH,Standard
USR001491,2024-05-24,RO,Standard
USR001492,2026-05-13,PL,Standard
USR001493,2024-06-05,GB,Standard
USR001494,2023-11-30,RO,Plus
USR001495,2025-07-16,IT,Premium
USR001496,2023-01-25,FR,Plus
USR001497,2024-08-08,FR,Standard
USR001498,2023-05-31,GB,Standard
USR001499,2025-05-31,NL,Standard
USR001500,2024-09-28,ES,Standard
USR001501,2023-02-10,GB,Standard
USR001502,2023-04-04,DE,Standard
USR001503,2025-10-24,IE,Standard
USR001504,2023-06-25,NO,Premium
USR001505,2026-04-20,GB,Standard
USR001506,2023-02-05,FR,Premium
USR001507,2026-08-15,GB,Metal
USR001508,2024-07-01,GB,Standard
USR001509,2026-04-04,FR,Standard
USR001510,2024-03-18,GB,Standard
USR001511,2023-05-21,GB,Standard
USR001512,2026-08-21,GB,Standard
USR001513,2025-01-27,DE,Premium
USR001514,2026-08-07,GB,Ultra
USR001515,2024-08-13,PL,Premium
USR001516,2024-01-07,GB,Standard
USR001517,2024-05-23,GB,Metal
USR001518,2024-06-01,FR,Standard
USR001519,2023-09-21,ES,Premium
USR001520,2025-05-03,PT,Plus
USR001521,2024-09-10,NL,Standard
USR001522,2023-01-10,IT,Metal
USR001523,2024-03-16,PL,Standard
USR001524,2024-12-17,GB,Standard
USR001525,2025-04-01,DE,Premium
USR001526,2023-10-24,ES,Standard
USR001527,2025-07-06,SE,Plus
USR001528,2024-03-18,GB,Metal
USR001529,2025-11-25,SE,Metal
USR001530,2025-10-23,GB,Standard
USR001531,2023-10-02,GB,Standard
USR001532,2025-06-21,GB,Standard
USR001533,2024-03-16,NL,Plus
USR001534,2025-11-15,NO,Premium
USR001535,2026-01-11,PT,Plus
USR001536,2026-06-03,GB,Premium
USR001537,2023-03-01,PT,Standard
USR001538,2025-08-13,RO,Standard
USR001539,2024-04-24,NL,Ultra
USR001540,2023-12-31,IT,Plus
USR001541,2026-03-23,PL,Standard
USR001542,2025-06-08,GB,Standard
USR001543,2025-03-19,GB,Standard
USR001544,2025-04-30,RO,Standard
USR001545,2025-10-11,FR,Plus
USR001546,2024-06-07,DE,Plus
USR001547,2024-05-07,RO,Premium
USR001548,2025-07-26,GB,Metal
USR001549,2023-04-03,ES,Metal
USR001550,2023-10-08,GB,Standard
USR001551,2024-10-01,DE,Plus
USR001552,2025-12-13,DE,Plus
USR001553,2026-03-20,PL,Plus
USR001554,2026-03-07,DE,Standard
USR001555,2026-03-20,GB,Premium
USR001556,2023-07-08,IE,Standard
USR001557,2025-12-22,GB,Standard
USR001558,2024-02-07,DE,Standard
USR001559,2025-05-20,GB,Metal
USR001560,2025-12-08,IE,Standard
USR001561,2026-06-04,DE,Premium
USR001562,2025-02-26,PL,Standard
USR001563,2025-11-26,GB,Standard
USR001564,2024-10-27,IE,Standard
USR001565,2023-09-07,FR,Metal
USR001566,2025-09-23,PT,Standard
USR001567,2024-04-10,IE,Standard
USR001568,2023-11-23,DE,Metal
USR001569,2023-07-04,GB,Metal
USR001570,2023-12-26,IT,Premium
USR001571,2025-09-24,PL,Standard
USR001572,2025-01-21,DE,Premium
USR001573,2026-04-30,GB,Standard
USR001574,2025-12-09,IE,Plus
USR001575,2023-03-09,FR,Standard
USR001576,2024-11-17,IE,Plus
USR001577,2026-08-26,GB,Standard
USR001578,2024-09-05,PL,Standard
USR001579,2026-05-28,GB,Standard
USR001580,2024-10-26,FR,Standard
USR001581,2024-07-19,FR,Metal
USR001582,2026-04-03,DE,Metal
USR001583,2024-09-01,DE,Plus
USR001584,2024-07-31,GB,Standard
USR001585,2023-04-27,IT,Standard
USR001586,2025-06-29,FR,Premium
USR001587,2026-06-21,FR,Standard
USR001588,2023-11-21,PL,Premium
USR001589,2024-04-28,DE,Standard
USR001590,2026-03-05,GB,Metal
USR001591,2023-02-11,GB,Standard
USR001592,2025-10-28,GB,Standard
USR001593,2023-07-06,GB,Metal
USR001594,2025-04-11,ES,Standard
USR001595,2026-03-08,FR,Metal
USR001596,2024-03-10,GB,Standard
USR001597,2025-03-06,DE,Plus
USR001598,2025-11-18,IT,Plus
USR001599,2025-09-10,FR,Premium
USR001600,2023-05-16,ES,Plus
USR001601,2025-11-10,NL,Ultra
USR001602,2024-12-02,GB,Standard
USR001603,2023-07-11,NO,Standard
USR001604,2024-01-08,PT,Premium
USR001605,2023-08-12,DE,Standard
USR001606,2023-06-13,PL,Standard
USR001607,2023-07-25,RO,Metal
USR001608,2023-01-13,IE,Standard
USR001609,2023-08-18,IT,Premium
USR001610,2023-11-18,ES,Standard
USR001611,2025-02-04,FR,Metal
USR001612,2024-11-09,SE,Ultra
USR001613,2023-12-30,PL,Standard
USR001614,2024-03-29,ES,Standard
USR001615,2024-01-14,IE,Standard
USR001616,2026-03-28,GB,Standard
USR001617,2025-05-05,IT,Metal
USR001618,2024-11-24,ES,Standard
USR001619,2026-05-31,IE,Standard
USR001620,2025-04-26,GB,Standard
USR001621,2024-08-30,ES,Standard
USR001622,2025-11-29,PL,Standard
USR001623,2025-11-13,GB,Standard
USR001624,2025-06-05,FR,Standard
USR001625,2024-06-29,RO,Premium
USR001626,2023-12-23,GB,Standard
USR001627,2023-08-24,ES,Premium
USR001628,2026-02-21,IT,Standard
USR001629,2024-07-10,GB,Standard
USR001630,2023-03-09,CH,Standard
USR001631,2026-07-08,IE,Standard
USR001632,2023-10-08,GB,Standard
USR001633,2025-09-02,PT,Standard
USR001634,2025-06-27,GB,Metal
USR001635,2026-07-23,IT,Standard
USR001636,2025-11-13,IE,Standard
USR001637,2023-01-06,FR,Ultra
USR001638,2025-10-26,DE,Standard
USR001639,2023-03-09,GB,Standard
USR001640,2025-07-25,SE,Standard
USR001641,2026-05-30,GB,Premium
USR001642,2025-08-28,IT,Metal
USR001643,2026-03-27,IE,Standard
USR001644,2025-06-12,DE,Premium
USR001645,2024-06-17,FR,Premium
USR001646,2023-09-07,PL,Standard
USR001647,2025-09-12,ES,Standard
USR001648,2023-02-09,PL,Standard
USR001649,2024-09-29,DE,Metal
USR001650,2023-09-25,GB,Premium
USR001651,2025-08-01,IT,Plus
USR001652,2025-11-12,ES,Plus
USR001653,2024-06-29,CH,Standard
USR001654,2026-06-03,ES,Ultra
USR001655,2024-01-05,NO,Standard
USR001656,2024-12-20,GB,Plus
USR001657,2025-12-23,RO,Standard
USR001658,2023-11-20,GB,Standard
USR001659,2025-01-23,DE,Standard
USR001660,2026-01-10,PL,Premium
USR001661,2024-11-18,GB,Ultra
USR001662,2025-07-16,FR,Plus
USR001663,2026-08-10,FR,Metal
USR001664,2025-10-08,GB,Standard
USR001665,2024-05-05,GB,Standard
USR001666,2023-01-06,PT,Standard
USR001667,2024-04-11,FR,Ultra
USR001668,2024-04-02,IE,Plus
USR001669,2024-04-02,IE,Metal
USR001670,2026-02-15,IE,Standard
USR001671,2025-09-04,NL,Premium
USR001672,2024-03-12,IE,Metal
USR001673,2023-02-15,IE,Standard
USR001674,2026-03-29,GB,Metal
USR001675,2025-12-30,NO,Standard
USR001676,2025-01-03,PL,Standard
USR001677,2023-04-29,NL,Standard
USR001678,2024-03-21,GB,Standard
USR001679,2025-01-07,IE,Premium
USR001680,2026-04-19,DE,Standard
USR001681,2025-07-22,PT,Standard
USR001682,2024-08-19,CH,Standard
USR001683,2025-05-06,GB,Standard
USR001684,2023-08-16,GB,Standard
USR001685,2026-02-16,NL,Premium
USR001686,2024-12-23,GB,Standard
USR001687,2023-07-06,GB,Standard
USR001688,2025-04-20,PL,Standard
USR001689,2026-01-31,PL,Standard
USR001690,2025-10-11,DE,Standard
USR001691,2024-05-29,NO,Standard
USR001692,2026-02-11,PT,Premium
USR001693,2026-03-13,GB,Metal
USR001694,2023-02-02,GB,Premium
USR001695,2025-10-07,NL,Premium
USR001696,2026-05-27,DE,Plus
USR001697,2023-06-14,DE,Metal
USR001698,2025-09-04,IT,Standard
USR001699,2024-07-24,RO,Standard
USR001700,2023-01-11,ES,Plus
USR001701,2024-06-01,FR,Metal
USR001702,2026-07-09,NL,Premium
USR001703,2026-03-13,DE,Metal
USR001704,2023-04-12,RO,Premium
USR001705,2024-04-09,GB,Standard
USR001706,2024-09-07,PL,Standard
USR001707,2025-01-12,ES,Standard
USR001708,2024-09-24,GB,Standard
USR001709,2025-08-03,RO,Standard
USR001710,2025-06-07,IE,Standard
USR001711,2026-02-06,GB,Premium
USR001712,2025-09-21,GB,Metal
USR001713,2025-09-11,GB,Standard
USR001714,2024-09-13,PL,Plus
USR001715,2023-05-22,IE,Metal
USR001716,2026-06-12,IT,Premium
USR001717,2025-09-30,GB,Standard
USR001718,2023-03-04,IT,Metal
USR001719,2026-05-26,GB,Premium
USR001720,2023-01-15,IE,Standard
USR001721,2023-07-11,DE,Standard
USR001722,2024-09-17,IT,Standard
USR001723,2024-03-25,GB,Metal
USR001724,2024-03-26,GB,Plus
USR001725,2023-08-31,ES,Standard
USR001726,2023-04-07,NL,Premium
USR001727,2024-03-21,GB,Premium
USR001728,2024-12-18,DE,Plus
USR001729,2024-06-16,NL,Plus
USR001730,2026-01-12,RO,Plus
USR001731,2023-06-16,DE,Standard
USR001732,2024-11-15,NL,Standard
USR001733,2026-01-10,ES,Standard
USR001734,2024-04-22,GB,Standard
USR001735,2023-05-26,ES,Standard
USR001736,2024-04-24,DE,Premium
USR001737,2024-03-11,IE,Standard
USR001738,2024-08-29,PL,Metal
USR001739,2025-07-19,GB,Standard
USR001740,2023-12-25,GB,Metal
USR001741,2025-12-19,FR,Standard
USR001742,2025-08-02,GB,Metal
USR001743,2024-07-23,FR,Standard
USR001744,2026-04-22,RO,Metal
USR001745,2025-11-26,GB,Standard
USR001746,2024-11-22,IT,Standard
USR001747,2024-03-07,FR,Premium
USR001748,2023-02-15,GB,Plus
USR001749,2023-12-03,NO,Premium
USR001750,2023-03-12,FR,Standard
USR001751,2023-09-13,GB,Standard
USR001752,2023-02-23,IE,Standard
USR001753,2024-07-29,RO,Standard
USR001754,2025-04-03,IE,Standard
USR001755,2024-09-07,GB,Standard
USR001756,2024-06-06,GB,Standard
USR001757,2023-10-05,RO,Metal
USR001758,2023-05-13,DE,Standard
USR001759,2023-04-20,GB,Premium
USR001760,2026-08-14,PT,Plus
USR001761,2023-05-13,PT,Standard
USR001762,2024-01-25,FR,Standard
USR001763,2023-02-03,IT,Plus
USR001764,2023-03-27,GB,Metal
USR001765,2024-02-18,SE,Standard
USR001766,2023-01-05,FR,Standard
USR001767,2024-11-05,PL,Premium
USR001768,2025-04-23,FR,Plus
USR001769,2024-11-05,GB,Standard
USR001770,2023-02-26,SE,Metal
USR001771,2025-03-16,GB,Premium
USR001772,2024-11-08,GB,Premium
USR001773,2025-09-02,IT,Standard
USR001774,2025-12-16,GB,Standard
USR001775,2025-04-01,GB,Ultra
USR001776,2025-07-13,PL,Standard
USR001777,2024-07-05,GB,Metal
USR001778,2023-01-30,DE,Standard
USR001779,2025-07-21,DE,Plus
USR001780,2024-02-07,IE,Premium
USR001781,2023-01-01,GB,Plus
USR001782,2026-05-14,IT,Standard
USR001783,2025-07-27,GB,Standard
USR001784,2026-03-20,NL,Plus
USR001785,2023-07-30,PL,Standard
USR001786,2023-01-02,NL,Metal
USR001787,2023-04-20,GB,Standard
USR001788,2023-08-21,RO,Standard
USR001789,2026-05-02,RO,Metal
USR001790,2023-07-19,FR,Metal
USR001791,2026-01-28,IE,Premium
USR001792,2026-03-23,SE,Plus
USR001793,2024-04-06,PT,Standard
USR001794,2023-08-04,PT,Premium
USR001795,2025-07-29,FR,Plus
USR001796,2025-01-19,FR,Plus
USR001797,2024-11-18,GB,Plus
USR001798,2023-10-19,GB,Metal
USR001799,2026-08-30,GB,Standard
USR001800,2025-02-09,GB,Standard
USR001801,2023-01-06,RO,Metal
USR001802,2024-09-16,SE,Standard
USR001803,2026-08-21,IE,Standard
USR001804,2023-04-21,DE,Standard
USR001805,2026-02-13,ES,Ultra
USR001806,2026-01-31,FR,Premium
USR001807,2025-01-27,GB,Plus
USR001808,2023-03-21,ES,Plus
USR001809,2025-11-24,GB,Standard
USR001810,2025-06-26,GB,Ultra
USR001811,2025-12-19,DE,Metal
USR001812,2023-07-11,CH,Plus
USR001813,2023-12-10,GB,Standard
USR001814,2025-12-30,PT,Standard
USR001815,2023-09-13,NL,Standard
USR001816,2025-01-01,IE,Premium
USR001817,2024-08-05,GB,Standard
USR001818,2023-06-20,FR,Standard
USR001819,2025-04-14,GB,Premium
USR001820,2026-01-08,ES,Metal
USR001821,2024-10-11,GB,Plus
USR001822,2026-08-16,GB,Standard
USR001823,2025-11-21,FR,Standard
USR001824,2025-04-28,DE,Standard
USR001825,2025-10-07,CH,Standard
USR001826,2024-07-07,NL,Premium
USR001827,2026-01-23,FR,Standard
USR001828,2023-03-13,ES,Standard
USR001829,2024-09-23,FR,Premium
USR001830,2025-02-26,ES,Standard
USR001831,2025-11-04,FR,Metal
USR001832,2025-02-10,DE,Standard
USR001833,2024-07-20,ES,Standard
USR001834,2026-08-23,GB,Metal
USR001835,2024-06-08,IT,Metal
USR001836,2024-06-09,PT,Premium
USR001837,2026-01-30,FR,Metal
USR001838,2023-08-10,DE,Standard
USR001839,2026-02-24,NL,Metal
USR001840,2024-07-31,PT,Standard
USR001841,2025-12-18,RO,Standard
USR001842,2023-02-10,IE,Standard
USR001843,2023-06-25,NL,Standard
USR001844,2026-02-09,GB,Premium
USR001845,2023-10-09,PL,Premium
USR001846,2023-08-03,GB,Standard
USR001847,2024-10-23,IE,Standard
USR001848,2024-01-18,IT,Premium
USR001849,2023-03-20,IE,Standard
USR001850,2025-03-09,PL,Standard
USR001851,2026-06-19,PL,Standard
USR001852,2026-03-14,GB,Premium
USR001853,2023-05-15,IE,Metal
USR001854,2024-07-22,GB,Standard
USR001855,2024-06-27,PT,Standard
USR001856,2025-05-18,FR,Standard
USR001857,2025-07-12,GB,Standard
USR001858,2024-12-11,RO,Metal
USR001859,2026-05-29,FR,Metal
USR001860,2026-02-01,IE,Standard
USR001861,2023-10-02,ES,Standard
USR001862,2023-10-12,FR,Standard
USR001863,2024-11-24,IT,Premium
USR001864,2024-09-14,DE,Premium
USR001865,2025-04-05,IT,Plus
USR001866,2023-05-11,PT,Standard
USR001867,2023-01-20,PL,Standard
USR001868,2025-11-05,NL,Standard
USR001869,2023-12-31,PL,Plus
USR001870,2026-01-26,IE,Standard
USR001871,2023-11-30,FR,Plus
USR001872,2023-11-07,CH,Standard
USR001873,2026-05-25,IE,Premium
USR001874,2026-04-09,DE,Standard
USR001875,2023-03-19,DE,Standard
USR001876,2026-04-19,DE,Plus
USR001877,2025-04-19,NL,Plus
USR001878,2024-11-11,DE,Metal
USR001879,2024-08-29,GB,Plus
USR001880,2025-02-09,GB,Metal
USR001881,2024-04-07,CH,Premium
USR001882,2025-05-03,GB,Plus
USR001883,2026-01-31,IE,Standard
USR001884,2025-04-06,GB,Standard
USR001885,2023-08-11,GB,Standard
USR001886,2025-04-20,FR,Plus
USR001887,2026-05-09,GB,Standard
USR001888,2023-04-13,IT,Standard
USR001889,2024-09-07,PL,Standard
USR001890,2026-05-08,IE,Metal
USR001891,2024-07-14,GB,Standard
USR001892,2025-01-15,FR,Premium
USR001893,2024-10-12,ES,Metal
USR001894,2026-02-07,IT,Standard
USR001895,2024-09-11,DE,Standard
USR001896,2026-03-20,GB,Standard
USR001897,2025-05-19,DE,Standard
USR001898,2024-03-31,DE,Standard
USR001899,2024-12-04,DE,Standard
USR001900,2025-08-27,PL,Standard
USR001901,2026-07-12,RO,Metal
USR001902,2025-04-04,IE,Standard
USR001903,2024-05-22,ES,Plus
USR001904,2024-11-07,IT,Standard
USR001905,2023-05-10,ES,Premium
USR001906,2025-07-08,GB,Premium
USR001907,2024-07-08,PL,Plus
USR001908,2024-01-20,CH,Standard
USR001909,2023-04-30,GB,Metal
USR001910,2025-04-09,PL,Standard
USR001911,2025-03-28,DE,Standard
USR001912,2024-10-20,NL,Standard
USR001913,2025-07-14,PL,Standard
USR001914,2023-09-12,CH,Standard
USR001915,2023-08-26,FR,Metal
USR001916,2023-08-30,DE,Standard
USR001917,2026-03-25,PL,Standard
USR001918,2023-09-12,DE,Metal
USR001919,2024-09-28,SE,Metal
USR001920,2023-03-07,GB,Premium
USR001921,2025-02-24,FR,Standard
USR001922,2025-09-28,GB,Standard
USR001923,2023-10-20,GB,Premium
USR001924,2026-07-06,PT,Standard
USR001925,2025-09-26,DE,Standard
USR001926,2025-05-10,FR,Metal
USR001927,2025-06-05,RO,Premium
USR001928,2026-08-15,IT,Metal
USR001929,2023-10-24,FR,Metal
USR001930,2023-12-22,DE,Metal
USR001931,2025-10-29,GB,Standard
USR001932,2024-06-24,SE,Metal
USR001933,2026-02-01,GB,Standard
USR001934,2026-05-22,FR,Standard
USR001935,2025-05-16,RO,Premium
USR001936,2025-11-02,DE,Plus
USR001937,2024-12-26,RO,Standard
USR001938,2026-07-26,FR,Standard
USR001939,2024-08-13,FR,Premium
USR001940,2026-02-18,IT,Standard
USR001941,2024-05-01,GB,Ultra
USR001942,2024-08-13,IT,Standard
USR001943,2024-03-27,CH,Standard
USR001944,2026-05-15,GB,Standard
USR001945,2026-05-05,GB,Ultra
USR001946,2026-04-03,GB,Metal
USR001947,2024-05-12,IE,Standard
USR001948,2023-04-25,DE,Standard
USR001949,2023-10-20,FR,Standard
USR001950,2023-01-10,IT,Standard
USR001951,2024-07-13,PL,Standard
USR001952,2023-03-12,PL,Metal
USR001953,2026-03-07,PL,Metal
USR001954,2023-01-29,NL,Plus
USR001955,2025-10-11,PL,Premium
USR001956,2023-06-18,PL,Premium
USR001957,2024-05-11,GB,Plus
USR001958,2024-09-28,IE,Standard
USR001959,2025-06-24,IE,Metal
USR001960,2024-11-17,IT,Premium
USR001961,2025-12-16,RO,Standard
USR001962,2024-01-15,GB,Standard
USR001963,2023-04-06,ES,Plus
USR001964,2023-10-26,DE,Metal
USR001965,2026-02-09,GB,Plus
USR001966,2023-04-03,NL,Standard
USR001967,2024-12-01,PL,Plus
USR001968,2024-09-14,RO,Standard
USR001969,2023-05-17,GB,Standard
USR001970,2024-10-17,PT,Plus
USR001971,2025-05-06,FR,Standard
USR001972,2024-07-03,FR,Metal
USR001973,2023-02-13,RO,Standard
USR001974,2026-01-15,GB,Ultra
USR001975,2023-03-05,RO,Standard
USR001976,2024-05-13,FR,Metal
USR001977,2026-05-02,GB,Standard
USR001978,2023-01-23,FR,Standard
USR001979,2023-11-10,GB,Standard
USR001980,2025-10-18,GB,Standard
USR001981,2023-01-15,GB,Standard
USR001982,2024-07-15,FR,Standard
USR001983,2023-05-02,GB,Standard
USR001984,2023-04-07,FR,Standard
USR001985,2024-12-24,GB,Standard
USR001986,2025-05-02,DE,Ultra
USR001987,2023-12-19,DE,Premium
USR001988,2026-03-03,NL,Premium
USR001989,2025-08-29,DE,Plus
USR001990,2025-05-20,GB,Standard
USR001991,2023-01-19,GB,Standard
USR001992,2025-09-13,GB,Premium
USR001993,2023-03-14,RO,Premium
USR001994,2024-12-20,ES,Standard
USR001995,2026-05-17,IT,Plus
USR001996,2026-07-23,IE,Standard
USR001997,2025-05-26,DE,Standard
USR001998,2023-01-08,GB,Standard
USR001999,2023-03-19,GB,Premium
USR002000,2025-05-06,NO,Standard
USR002001,2026-07-16,IT,Premium
USR002002,2025-09-21,IT,Metal
USR002003,2025-09-16,DE,Standard
USR002004,2026-05-08,DE,Standard
USR002005,2026-03-30,IT,Standard
USR002006,2024-02-04,ES,Ultra
USR002007,2026-03-30,GB,Standard
USR002008,2026-06-18,DE,Plus
USR002009,2025-05-22,RO,Standard
USR002010,2023-02-02,RO,Standard
USR002011,2024-01-10,GB,Premium
USR002012,2024-05-15,GB,Plus
USR002013,2026-04-02,PL,Standard
USR002014,2024-11-30,RO,Standard
USR002015,2023-07-20,GB,Standard
USR002016,2025-06-22,FR,Plus
USR002017,2023-04-29,GB,Standard
USR002018,2025-05-23,FR,Standard
USR002019,2024-07-23,DE,Standard
USR002020,2025-10-16,NL,Standard
USR002021,2024-11-03,DE,Standard
USR002022,2026-07-04,ES,Ultra
USR002023,2026-07-07,FR,Standard
USR002024,2026-07-01,IT,Plus
USR002025,2024-07-19,GB,Ultra
USR002026,2025-01-25,ES,Plus
USR002027,2023-12-02,IT,Standard
USR002028,2025-05-22,IE,Standard
USR002029,2023-01-29,GB,Standard
USR002030,2023-10-07,PL,Premium
USR002031,2024-09-08,GB,Metal
USR002032,2025-07-21,GB,Standard
USR002033,2024-06-12,NL,Metal
USR002034,2025-02-02,PL,Plus
USR002035,2026-03-09,IT,Plus
USR002036,2026-08-25,NL,Standard
USR002037,2026-04-03,PT,Premium
USR002038,2025-10-17,ES,Standard
USR002039,2025-06-04,FR,Premium
USR002040,2024-02-18,PL,Premium
USR002041,2025-06-17,IT,Standard
USR002042,2024-01-02,PT,Standard
USR002043,2024-12-20,PL,Plus
USR002044,2024-07-06,SE,Standard
USR002045,2023-02-12,GB,Premium
USR002046,2023-12-23,GB,Metal
USR002047,2024-02-22,GB,Premium
USR002048,2025-02-09,DE,Plus
USR002049,2023-08-25,PT,Standard
USR002050,2024-01-15,NL,Standard
USR002051,2024-08-09,FR,Standard
USR002052,2024-12-26,IT,Standard
USR002053,2024-10-30,PT,Premium
USR002054,2026-01-28,IT,Metal
USR002055,2025-07-01,NL,Standard
USR002056,2023-06-09,NL,Premium
USR002057,2024-12-22,GB,Plus
USR002058,2023-08-28,IE,Standard
USR002059,2023-03-13,FR,Plus
USR002060,2023-09-01,FR,Standard
USR002061,2025-06-25,DE,Standard
USR002062,2025-06-09,GB,Standard
USR002063,2023-08-05,DE,Premium
USR002064,2023-01-20,GB,Ultra
USR002065,2025-10-03,GB,Plus
USR002066,2025-06-04,IT,Standard
USR002067,2023-09-13,DE,Standard
USR002068,2024-04-13,IT,Standard
USR002069,2025-07-10,GB,Standard
USR002070,2024-09-07,IE,Standard
USR002071,2025-06-29,DE,Standard
USR002072,2023-01-20,GB,Standard
USR002073,2023-11-12,GB,Standard
USR002074,2023-09-24,GB,Standard
USR002075,2026-07-24,ES,Standard
USR002076,2023-10-28,FR,Standard
USR002077,2024-06-23,GB,Standard
USR002078,2024-12-31,GB,Plus
USR002079,2026-07-31,DE,Premium
USR002080,2025-10-23,PT,Standard
USR002081,2025-12-25,ES,Ultra
USR002082,2023-04-05,NL,Metal
USR002083,2023-10-28,DE,Standard
USR002084,2026-06-03,IT,Premium
USR002085,2025-09-21,GB,Standard
USR002086,2024-07-14,IE,Plus
USR002087,2025-12-01,ES,Premium
USR002088,2023-10-29,PL,Plus
USR002089,2023-02-24,GB,Metal
USR002090,2025-11-27,NL,Standard
USR002091,2026-02-04,FR,Standard
USR002092,2026-02-07,GB,Standard
USR002093,2025-03-20,GB,Standard
USR002094,2024-08-26,FR,Premium
USR002095,2026-07-06,GB,Premium
USR002096,2024-09-24,PT,Standard
USR002097,2025-11-25,FR,Standard
USR002098,2025-08-20,FR,Standard
USR002099,2026-07-25,DE,Standard
USR002100,2023-02-04,IE,Standard
USR002101,2026-01-05,ES,Standard
USR002102,2025-08-03,ES,Standard
USR002103,2024-11-14,PL,Standard
USR002104,2025-02-11,SE,Premium
USR002105,2026-02-06,NL,Plus
USR002106,2024-04-23,FR,Premium
USR002107,2025-07-27,DE,Standard
USR002108,2025-09-18,FR,Ultra
USR002109,2023-05-10,FR,Standard
USR002110,2024-12-29,IE,Standard
USR002111,2025-06-09,DE,Plus
USR002112,2023-07-08,PT,Standard
USR002113,2025-03-10,FR,Standard
USR002114,2024-12-20,RO,Standard
USR002115,2023-10-04,NL,Standard
USR002116,2023-10-02,GB,Standard
USR002117,2026-06-21,RO,Standard
USR002118,2025-12-23,FR,Standard
USR002119,2024-10-11,DE,Standard
USR002120,2023-10-13,IT,Premium
USR002121,2024-03-15,NL,Standard
USR002122,2024-04-28,NL,Standard
USR002123,2025-08-28,IT,Standard
USR002124,2025-12-18,PL,Standard
USR002125,2025-06-20,GB,Standard
USR002126,2026-02-22,NO,Plus
USR002127,2024-03-11,IT,Metal
USR002128,2026-01-08,GB,Metal
USR002129,2023-05-21,NL,Standard
USR002130,2025-02-02,IT,Plus
USR002131,2024-12-27,NO,Ultra
USR002132,2025-08-16,NL,Metal
USR002133,2024-03-17,GB,Standard
USR002134,2025-01-03,GB,Standard
USR002135,2024-07-06,PT,Plus
USR002136,2026-01-05,IT,Metal
USR002137,2026-01-07,NL,Standard
USR002138,2026-07-10,CH,Plus
USR002139,2024-04-08,DE,Premium
USR002140,2023-01-12,DE,Standard
USR002141,2026-07-03,NL,Plus
USR002142,2023-05-26,DE,Standard
USR002143,2024-08-23,IT,Standard
USR002144,2023-10-28,GB,Standard
USR002145,2024-12-12,GB,Ultra
USR002146,2024-04-24,CH,Standard
USR002147,2024-05-28,FR,Metal
USR002148,2023-11-09,PT,Premium
USR002149,2026-03-09,GB,Plus
USR002150,2024-08-26,GB,Ultra
USR002151,2024-06-25,CH,Plus
USR002152,2023-08-02,IT,Premium
USR002153,2024-03-05,IE,Standard
USR002154,2024-06-02,DE,Standard
USR002155,2025-12-29,GB,Premium
USR002156,2025-03-20,CH,Premium
USR002157,2023-10-13,FR,Standard
USR002158,2024-07-05,NL,Premium
USR002159,2024-02-25,FR,Premium
USR002160,2025-08-20,IT,Standard
USR002161,2026-06-09,DE,Premium
USR002162,2025-06-08,NL,Metal
USR002163,2025-08-31,GB,Standard
USR002164,2023-04-28,PL,Standard
USR002165,2026-08-04,IE,Standard
USR002166,2024-03-07,GB,Standard
USR002167,2023-05-22,GB,Standard
USR002168,2024-04-05,IT,Premium
USR002169,2023-05-30,IT,Ultra
USR002170,2024-07-26,GB,Standard
USR002171,2025-04-01,IT,Standard
USR002172,2024-06-16,NL,Standard
USR002173,2026-06-06,GB,Standard
USR002174,2024-08-29,IT,Ultra
USR002175,2026-06-17,IE,Standard
USR002176,2023-07-10,ES,Standard
USR002177,2025-12-19,GB,Standard
USR002178,2025-07-19,ES,Premium
USR002179,2024-06-10,ES,Metal
USR002180,2026-07-31,IE,Metal
USR002181,2026-07-18,FR,Metal
USR002182,2026-03-29,FR,Standard
USR002183,2025-09-07,GB,Metal
USR002184,2024-02-26,ES,Standard
USR002185,2023-08-26,DE,Standard
USR002186,2026-03-26,NL,Standard
USR002187,2025-02-14,GB,Standard
USR002188,2023-05-16,GB,Standard
USR002189,2024-07-28,GB,Standard
USR002190,2026-02-20,IT,Premium
USR002191,2026-08-01,FR,Premium
USR002192,2023-06-25,PL,Standard
USR002193,2024-09-02,GB,Standard
USR002194,2023-04-19,GB,Premium
USR002195,2024-04-28,GB,Plus
USR002196,2025-09-04,GB,Standard
USR002197,2023-10-02,NL,Plus
USR002198,2023-07-24,GB,Standard
USR002199,2026-07-30,ES,Standard
USR002200,2025-09-21,GB,Plus
USR002201,2025-06-02,GB,Standard
USR002202,2024-07-27,NL,Metal
USR002203,2024-11-23,ES,Standard
USR002204,2024-05-05,IE,Metal
USR002205,2025-09-02,ES,Plus
USR002206,2025-07-18,FR,Standard
USR002207,2024-07-26,NL,Standard
USR002208,2023-12-09,GB,Plus
USR002209,2024-03-31,GB,Standard
USR002210,2026-08-08,IE,Premium
USR002211,2023-05-20,GB,Metal
USR002212,2024-08-07,GB,Metal
USR002213,2024-11-01,PL,Standard
USR002214,2024-09-04,IE,Standard
USR002215,2025-04-06,DE,Plus
USR002216,2025-06-23,NL,Plus
USR002217,2023-06-18,PL,Standard
USR002218,2023-04-13,IE,Metal
USR002219,2024-08-15,FR,Premium
USR002220,2023-10-02,IE,Standard
USR002221,2026-08-22,RO,Plus
USR002222,2023-07-26,FR,Standard
USR002223,2024-04-20,NL,Premium
USR002224,2026-07-15,SE,Metal
USR002225,2026-01-02,ES,Standard
USR002226,2024-01-27,GB,Standard
USR002227,2023-05-05,PT,Standard
USR002228,2025-12-31,GB,Metal
USR002229,2025-05-12,SE,Ultra
USR002230,2023-10-26,IT,Metal
USR002231,2024-10-05,FR,Standard
USR002232,2023-05-16,DE,Plus
USR002233,2024-02-13,GB,Metal
USR002234,2023-07-08,GB,Standard
USR002235,2024-07-16,PL,Plus
USR002236,2024-12-07,IT,Plus
USR002237,2023-07-23,ES,Standard
USR002238,2026-08-06,RO,Standard
USR002239,2024-05-03,FR,Metal
USR002240,2023-08-09,ES,Standard
USR002241,2023-08-26,GB,Standard
USR002242,2024-02-13,ES,Standard
USR002243,2023-04-30,DE,Metal
USR002244,2025-11-07,FR,Standard
USR002245,2023-06-16,GB,Standard
USR002246,2025-11-10,DE,Standard
USR002247,2024-04-10,IE,Metal
USR002248,2025-05-15,PT,Standard
USR002249,2026-07-22,GB,Standard
USR002250,2023-05-26,ES,Standard
USR002251,2025-01-24,GB,Standard
USR002252,2025-01-09,GB,Plus
USR002253,2026-05-17,FR,Premium
USR002254,2026-02-10,FR,Standard
USR002255,2023-05-04,IT,Plus
USR002256,2023-05-17,GB,Metal
USR002257,2025-09-17,GB,Standard
USR002258,2025-12-10,IT,Standard
USR002259,2025-03-10,GB,Metal
USR002260,2026-01-19,GB,Standard
USR002261,2024-11-11,IE,Standard
USR002262,2026-07-18,GB,Standard
USR002263,2026-05-28,PL,Standard
USR002264,2024-02-23,GB,Premium
USR002265,2023-07-10,GB,Plus
USR002266,2024-12-28,GB,Standard
USR002267,2026-05-13,ES,Standard
USR002268,2025-12-10,IE,Metal
USR002269,2025-05-15,DE,Standard
USR002270,2026-03-05,PL,Standard
USR002271,2023-09-01,DE,Standard
USR002272,2024-07-11,FR,Standard
USR002273,2026-05-24,DE,Plus
USR002274,2025-02-02,DE,Plus
USR002275,2023-06-19,RO,Premium
USR002276,2023-03-16,GB,Standard
USR002277,2025-01-02,NL,Standard
USR002278,2024-06-06,PL,Standard
USR002279,2023-09-09,RO,Premium
USR002280,2026-07-29,FR,Standard
USR002281,2026-06-16,IE,Standard
USR002282,2024-01-29,SE,Ultra
USR002283,2023-12-14,FR,Standard
USR002284,2025-11-21,IT,Standard
USR002285,2025-08-10,NL,Metal
USR002286,2023-04-12,FR,Premium
USR002287,2024-08-05,PT,Standard
USR002288,2024-09-04,GB,Premium
USR002289,2024-01-01,NL,Standard
USR002290,2025-09-18,NL,Premium
USR002291,2023-02-25,GB,Standard
USR002292,2024-04-25,PL,Metal
USR002293,2023-03-21,FR,Standard
USR002294,2025-10-25,FR,Standard
USR002295,2025-03-28,DE,Standard
USR002296,2023-06-06,IT,Metal
USR002297,2026-04-29,GB,Metal
USR002298,2023-11-09,RO,Standard
USR002299,2025-07-06,CH,Standard
USR002300,2024-07-27,DE,Standard
USR002301,2026-01-13,DE,Standard
USR002302,2025-11-22,PT,Standard
USR002303,2026-07-11,PT,Premium
USR002304,2026-03-25,IT,Standard
USR002305,2023-06-25,DE,Standard
USR002306,2026-04-02,FR,Standard
USR002307,2023-04-17,IT,Standard
USR002308,2023-01-24,RO,Premium
USR002309,2025-05-19,IT,Metal
USR002310,2023-11-23,GB,Standard
USR002311,2024-10-19,FR,Premium
USR002312,2025-07-01,GB,Ultra
USR002313,2024-01-06,CH,Premium
USR002314,2023-08-06,SE,Standard
USR002315,2023-02-23,PL,Premium
USR002316,2024-05-12,DE,Plus
USR002317,2026-04-21,DE,Metal
USR002318,2024-02-27,PT,Standard
USR002319,2026-07-01,GB,Standard
USR002320,2023-09-01,FR,Standard
USR002321,2023-10-24,GB,Standard
USR002322,2025-09-30,PT,Standard
USR002323,2024-04-16,GB,Standard
USR002324,2023-07-07,IE,Metal
USR002325,2023-10-11,GB,Standard
USR002326,2025-10-20,FR,Standard
USR002327,2023-04-30,PT,Standard
USR002328,2024-08-21,DE,Metal
USR002329,2026-05-11,GB,Metal
USR002330,2026-03-15,IT,Ultra
USR002331,2023-04-20,IE,Metal
USR002332,2023-02-20,FR,Standard
USR002333,2026-05-09,FR,Standard
USR002334,2025-08-25,FR,Standard
USR002335,2025-01-12,GB,Standard
USR002336,2026-08-30,GB,Premium
USR002337,2024-08-19,SE,Standard
USR002338,2024-01-17,FR,Standard
USR002339,2024-07-07,NO,Standard
USR002340,2025-06-16,DE,Standard
USR002341,2023-11-25,IT,Premium
USR002342,2024-09-12,ES,Plus
USR002343,2025-09-10,GB,Plus
USR002344,2023-10-27,GB,Standard
USR002345,2024-05-10,FR,Standard
USR002346,2025-08-09,GB,Plus
USR002347,2025-04-04,ES,Standard
USR002348,2023-12-04,GB,Standard
USR002349,2024-11-18,IT,Standard
USR002350,2025-05-27,FR,Standard
USR002351,2025-06-01,FR,Standard
USR002352,2025-10-11,ES,Standard
USR002353,2026-07-28,PL,Premium
USR002354,2025-06-13,IT,Metal
USR002355,2026-02-05,GB,Standard
USR002356,2025-03-07,NL,Standard
USR002357,2026-03-28,GB,Standard
USR002358,2024-08-22,ES,Premium
USR002359,2025-02-12,IT,Standard
USR002360,2025-05-07,ES,Metal
USR002361,2025-12-06,FR,Standard
USR002362,2023-11-27,IT,Standard
USR002363,2026-03-05,ES,Ultra
USR002364,2023-01-08,GB,Standard
USR002365,2025-11-20,DE,Premium
USR002366,2026-06-11,ES,Ultra
USR002367,2024-12-11,FR,Premium
USR002368,2025-07-22,ES,Metal
USR002369,2025-08-06,PL,Plus
USR002370,2026-06-26,IE,Metal
USR002371,2025-12-26,IE,Premium
USR002372,2025-05-16,RO,Standard
USR002373,2025-11-26,NL,Standard
USR002374,2023-01-26,NL,Premium
USR002375,2024-01-02,PL,Metal
USR002376,2025-11-24,ES,Standard
USR002377,2024-01-09,FR,Standard
USR002378,2026-03-07,GB,Standard
USR002379,2026-03-20,FR,Premium
USR002380,2025-08-04,ES,Standard
USR002381,2025-02-02,ES,Standard
USR002382,2023-09-15,IT,Standard
USR002383,2023-04-28,IT,Metal
USR002384,2023-04-23,FR,Plus
USR002385,2024-10-17,NO,Plus
USR002386,2025-03-20,PL,Standard
USR002387,2026-02-01,GB,Plus
USR002388,2025-09-17,GB,Plus
USR002389,2025-04-12,FR,Premium
USR002390,2025-11-02,NL,Standard
USR002391,2023-10-23,IE,Plus
USR002392,2026-06-11,GB,Plus
USR002393,2023-11-27,GB,Standard
USR002394,2025-09-17,GB,Standard
USR002395,2023-02-09,CH,Ultra
USR002396,2024-10-22,FR,Premium
USR002397,2025-03-06,RO,Premium
USR002398,2023-02-24,ES,Standard
USR002399,2025-09-18,ES,Premium
USR002400,2024-10-03,GB,Standard
USR002401,2025-02-17,SE,Premium
USR002402,2024-09-22,FR,Standard
USR002403,2023-11-08,NL,Metal
USR002404,2024-06-28,IE,Standard
USR002405,2024-01-03,DE,Metal
USR002406,2024-05-17,GB,Premium
USR002407,2026-05-17,IE,Standard
USR002408,2026-07-24,NL,Premium
USR002409,2024-10-31,GB,Standard
USR002410,2023-12-27,GB,Standard
USR002411,2026-05-10,PT,Standard
USR002412,2024-01-24,PL,Standard
USR002413,2026-02-08,GB,Standard
USR002414,2024-09-01,IT,Standard
USR002415,2026-04-07,PL,Premium
USR002416,2023-08-20,GB,Metal
USR002417,2023-01-06,GB,Standard
USR002418,2024-09-16,SE,Standard
USR002419,2024-05-09,DE,Standard
USR002420,2024-08-16,GB,Standard
USR002421,2025-11-29,GB,Standard
USR002422,2023-02-12,DE,Premium
USR002423,2025-12-17,IT,Standard
USR002424,2023-07-22,PL,Standard
USR002425,2026-06-16,IT,Standard
USR002426,2024-06-15,NL,Standard
USR002427,2023-04-02,GB,Metal
USR002428,2023-08-24,DE,Standard
USR002429,2025-06-05,FR,Standard
USR002430,2026-05-27,GB,Standard
USR002431,2025-11-17,PL,Standard
USR002432,2025-05-19,ES,Plus
USR002433,2023-09-26,GB,Premium
USR002434,2024-04-19,PT,Standard
USR002435,2023-12-28,NL,Standard
USR002436,2024-02-29,SE,Premium
USR002437,2026-04-10,IT,Standard
USR002438,2024-09-27,ES,Plus
USR002439,2025-11-11,SE,Plus
USR002440,2023-11-22,DE,Standard
USR002441,2024-03-10,GB,Metal
USR002442,2023-01-18,GB,Plus
USR002443,2024-06-20,PL,Premium
USR002444,2024-04-01,GB,Ultra
USR002445,2026-03-20,GB,Standard
USR002446,2026-05-12,NL,Metal
USR002447,2025-11-05,GB,Premium
USR002448,2023-04-12,NL,Standard
USR002449,2025-08-07,IE,Premium
USR002450,2024-10-20,IE,Metal
USR002451,2024-05-22,GB,Standard
USR002452,2025-05-19,DE,Standard
USR002453,2023-09-30,GB,Standard
USR002454,2025-12-05,IT,Plus
USR002455,2024-10-24,ES,Standard
USR002456,2023-09-10,PT,Premium
USR002457,2024-09-06,DE,Plus
USR002458,2024-10-29,IE,Standard
USR002459,2024-01-31,GB,Standard
USR002460,2024-12-14,GB,Metal
USR002461,2023-07-24,GB,Standard
USR002462,2023-04-09,GB,Plus
USR002463,2026-05-11,GB,Metal
USR002464,2026-06-24,FR,Standard
USR002465,2024-11-06,ES,Premium
USR002466,2026-05-05,DE,Standard
USR002467,2025-12-01,PL,Premium
USR002468,2023-07-25,FR,Ultra
USR002469,2025-09-22,CH,Standard
USR002470,2026-04-10,GB,Premium
USR002471,2026-08-04,PL,Ultra
USR002472,2024-01-02,IE,Standard
USR002473,2023-05-14,NL,Standard
USR002474,2023-03-14,ES,Premium
USR002475,2025-07-26,GB,Standard
USR002476,2024-01-13,PT,Premium
USR002477,2024-05-29,ES,Premium
USR002478,2023-06-02,IT,Ultra
USR002479,2025-07-31,PT,Standard
USR002480,2025-10-03,PT,Standard
USR002481,2023-11-10,FR,Standard
USR002482,2023-09-15,DE,Plus
USR002483,2024-11-17,NL,Plus
USR002484,2024-02-26,CH,Standard
USR002485,2025-03-23,IT,Premium
USR002486,2023-09-28,PL,Standard
USR002487,2025-10-12,IE,Metal
USR002488,2026-07-10,NO,Plus
USR002489,2023-12-26,GB,Premium
USR002490,2023-08-12,GB,Plus
USR002491,2026-03-10,NL,Premium
USR002492,2024-08-08,GB,Premium
USR002493,2023-09-22,PT,Standard
USR002494,2023-05-26,PL,Premium
USR002495,2025-09-24,FR,Standard
USR002496,2026-08-07,GB,Metal
USR002497,2023-01-28,GB,Standard
USR002498,2023-11-17,IT,Standard
USR002499,2023-01-17,GB,Standard
USR002500,2023-01-07,PT,Standard
USR002501,2024-11-19,IE,Standard
USR002502,2026-04-04,NL,Standard
USR002503,2024-10-28,RO,Plus
USR002504,2026-02-28,FR,Standard
USR002505,2023-06-03,PL,Ultra
USR002506,2024-10-30,DE,Standard
USR002507,2026-05-31,DE,Ultra
USR002508,2026-05-11,PL,Standard
USR002509,2024-12-29,GB,Standard
USR002510,2026-04-27,ES,Metal
USR002511,2023-05-18,GB,Premium
USR002512,2023-02-27,DE,Standard
USR002513,2026-03-07,PL,Ultra
USR002514,2025-08-16,GB,Standard
USR002515,2025-07-23,GB,Standard
USR002516,2023-10-08,GB,Premium
USR002517,2026-05-05,SE,Standard
USR002518,2026-05-05,GB,Standard
USR002519,2026-03-13,IE,Metal
USR002520,2025-01-14,DE,Standard
USR002521,2024-04-19,GB,Standard
USR002522,2026-05-02,RO,Plus
USR002523,2025-12-22,IT,Plus
USR002524,2023-03-01,GB,Standard
USR002525,2024-01-15,GB,Standard
USR002526,2026-01-11,ES,Standard
USR002527,2025-03-14,GB,Standard
USR002528,2025-07-17,DE,Premium
USR002529,2024-12-09,NL,Standard
USR002530,2024-08-28,NL,Standard
USR002531,2025-10-02,IE,Standard
USR002532,2025-02-11,FR,Standard
USR002533,2023-07-01,PT,Premium
USR002534,2025-12-03,RO,Premium
USR002535,2026-05-22,FR,Ultra
USR002536,2023-06-11,GB,Standard
USR002537,2024-09-08,FR,Standard
USR002538,2024-10-10,ES,Metal
USR002539,2023-12-13,IT,Standard
USR002540,2026-08-19,GB,Plus
USR002541,2023-04-12,NL,Premium
USR002542,2024-09-04,GB,Standard
USR002543,2024-03-23,IT,Plus
USR002544,2023-01-20,ES,Plus
USR002545,2024-10-19,IT,Standard
USR002546,2023-02-10,ES,Standard
USR002547,2026-01-19,FR,Standard
USR002548,2026-06-13,FR,Metal
USR002549,2024-12-25,IT,Standard
USR002550,2026-06-11,IE,Standard
USR002551,2024-03-01,ES,Standard
USR002552,2023-03-19,IE,Metal
USR002553,2023-04-19,DE,Metal
USR002554,2026-03-21,PL,Standard
USR002555,2023-11-24,GB,Ultra
USR002556,2024-02-24,GB,Metal
USR002557,2024-06-17,PL,Standard
USR002558,2025-11-25,GB,Standard
USR002559,2025-08-16,FR,Standard
USR002560,2024-11-14,PL,Standard
USR002561,2026-01-27,DE,Metal
USR002562,2024-08-12,FR,Standard
USR002563,2025-03-26,PT,Premium
USR002564,2024-04-06,IE,Premium
USR002565,2024-10-31,DE,Premium
USR002566,2024-12-10,GB,Premium
USR002567,2023-08-21,NO,Standard
USR002568,2026-04-10,PT,Premium
USR002569,2024-08-12,NL,Standard
USR002570,2024-08-24,IE,Standard
USR002571,2026-03-17,DE,Standard
USR002572,2023-09-23,GB,Standard
USR002573,2026-08-16,GB,Standard
USR002574,2023-08-29,GB,Premium
USR002575,2023-12-14,IT,Standard
USR002576,2023-03-27,GB,Standard
USR002577,2023-11-19,SE,Metal
USR002578,2025-09-30,GB,Standard
USR002579,2024-05-01,DE,Premium
USR002580,2025-12-07,RO,Standard
USR002581,2025-10-05,GB,Plus
USR002582,2023-03-28,DE,Ultra
USR002583,2024-11-15,FR,Premium
USR002584,2023-02-23,PL,Standard
USR002585,2023-07-15,NL,Standard
USR002586,2026-04-22,IT,Standard
USR002587,2023-11-05,ES,Standard
USR002588,2026-07-22,GB,Standard
USR002589,2025-08-18,FR,Premium
USR002590,2023-10-12,GB,Standard
USR002591,2024-12-21,IT,Plus
USR002592,2025-09-05,GB,Premium
USR002593,2023-02-08,ES,Metal
USR002594,2026-08-21,GB,Standard
USR002595,2023-06-11,GB,Plus
USR002596,2024-11-17,FR,Standard
USR002597,2025-03-31,IT,Standard
USR002598,2023-03-21,ES,Standard
USR002599,2026-06-02,FR,Standard
USR002600,2023-04-28,GB,Standard
USR002601,2023-07-14,FR,Standard
USR002602,2026-05-21,NO,Standard
USR002603,2025-07-10,PL,Premium
USR002604,2023-12-30,ES,Premium
USR002605,2025-11-20,IE,Standard
USR002606,2026-05-11,DE,Plus
USR002607,2024-01-07,CH,Standard
USR002608,2026-04-08,IT,Standard
USR002609,2023-02-18,FR,Premium
USR002610,2023-08-30,GB,Standard
USR002611,2024-06-07,NO,Standard
USR002612,2025-12-29,GB,Standard
USR002613,2023-12-17,PL,Standard
USR002614,2023-05-02,FR,Standard
USR002615,2025-03-09,GB,Standard
USR002616,2025-07-22,GB,Premium
USR002617,2026-02-24,DE,Standard
USR002618,2023-08-05,ES,Standard
USR002619,2023-11-24,DE,Standard
USR002620,2023-07-13,FR,Metal
USR002621,2026-02-26,PL,Premium
USR002622,2026-07-04,IT,Premium
USR002623,2023-12-24,DE,Ultra
USR002624,2024-05-16,FR,Plus
USR002625,2025-12-22,GB,Standard
USR002626,2024-08-12,GB,Standard
USR002627,2026-07-22,IT,Standard
USR002628,2025-08-19,ES,Premium
USR002629,2023-05-19,GB,Premium
USR002630,2026-03-13,FR,Standard
USR002631,2024-06-25,IT,Standard
USR002632,2025-02-19,ES,Premium
USR002633,2025-07-10,DE,Standard
USR002634,2026-02-17,GB,Plus
USR002635,2025-09-25,SE,Standard
USR002636,2025-08-26,DE,Plus
USR002637,2025-10-27,IE,Plus
USR002638,2024-07-21,PT,Plus
USR002639,2024-05-08,GB,Metal
USR002640,2025-11-27,GB,Standard
USR002641,2023-10-27,FR,Standard
USR002642,2023-10-21,IE,Standard
USR002643,2026-04-13,ES,Ultra
USR002644,2024-03-22,DE,Metal
USR002645,2025-07-09,ES,Plus
USR002646,2026-04-11,PL,Standard
USR002647,2024-09-03,FR,Standard
USR002648,2024-05-28,GB,Standard
USR002649,2024-09-21,PL,Plus
USR002650,2023-06-06,IT,Plus
USR002651,2023-11-06,NL,Standard
USR002652,2024-01-20,GB,Standard
USR002653,2024-12-15,IT,Standard
USR002654,2024-05-24,DE,Premium
USR002655,2023-05-02,FR,Premium
USR002656,2026-08-18,IE,Plus
USR002657,2024-05-21,GB,Metal
USR002658,2023-02-13,GB,Premium
USR002659,2024-12-04,IT,Standard
USR002660,2023-08-16,DE,Standard
USR002661,2025-04-16,NL,Standard
USR002662,2023-12-13,PL,Plus
USR002663,2025-11-13,NO,Standard
USR002664,2025-05-10,FR,Standard
USR002665,2023-03-21,GB,Metal
USR002666,2026-08-27,ES,Metal
USR002667,2025-05-11,GB,Premium
USR002668,2024-12-16,NL,Premium
USR002669,2023-03-22,IE,Standard
USR002670,2026-02-05,RO,Standard
USR002671,2023-09-14,GB,Standard
USR002672,2026-03-04,RO,Standard
USR002673,2026-03-22,GB,Standard
USR002674,2024-03-24,PT,Premium
USR002675,2024-12-16,FR,Standard
USR002676,2025-03-23,NL,Premium
USR002677,2026-01-24,DE,Standard
USR002678,2026-08-17,IT,Standard
USR002679,2025-10-13,GB,Standard
USR002680,2026-06-27,DE,Premium
USR002681,2023-10-16,GB,Premium
USR002682,2025-12-06,PL,Plus
USR002683,2024-11-15,GB,Metal
USR002684,2025-05-28,DE,Metal
USR002685,2026-05-10,IT,Standard
USR002686,2025-07-15,GB,Metal
USR002687,2023-04-28,DE,Metal
USR002688,2025-02-04,DE,Standard
USR002689,2025-07-23,PL,Standard
USR002690,2025-01-16,GB,Standard
USR002691,2026-02-08,SE,Metal
USR002692,2023-11-13,GB,Plus
USR002693,2023-04-26,IT,Plus
USR002694,2023-06-12,GB,Metal
USR002695,2023-01-21,PL,Plus
USR002696,2026-08-14,NL,Premium
USR002697,2025-11-19,NL,Plus
USR002698,2026-06-28,ES,Standard
USR002699,2023-06-18,DE,Plus
USR002700,2024-04-28,GB,Plus
USR002701,2026-01-05,GB,Standard
USR002702,2024-05-11,GB,Standard
USR002703,2024-11-25,ES,Standard
USR002704,2025-09-08,GB,Plus
USR002705,2024-02-29,GB,Plus
USR002706,2024-04-27,FR,Standard
USR002707,2024-12-15,DE,Standard
USR002708,2024-08-17,IT,Metal
USR002709,2025-05-27,PL,Standard
USR002710,2025-12-03,GB,Standard
USR002711,2023-07-26,PL,Standard
USR002712,2024-11-11,NL,Standard
USR002713,2024-06-30,GB,Premium
USR002714,2025-03-04,NL,Plus
USR002715,2023-12-28,NL,Metal
USR002716,2023-04-20,DE,Standard
USR002717,2026-08-28,GB,Premium
USR002718,2025-10-15,GB,Premium
USR002719,2023-11-26,FR,Standard
USR002720,2023-11-26,GB,Standard
USR002721,2026-07-27,PL,Ultra
USR002722,2025-08-04,NO,Standard
USR002723,2024-08-26,GB,Premium
USR002724,2023-02-13,GB,Metal
USR002725,2024-06-27,DE,Plus
USR002726,2025-05-13,IE,Standard
USR002727,2026-01-26,GB,Plus
USR002728,2024-03-28,GB,Metal
USR002729,2023-04-01,IT,Premium
USR002730,2023-12-05,FR,Standard
USR002731,2023-05-30,GB,Standard
USR002732,2026-03-08,GB,Standard
USR002733,2024-05-12,NL,Standard
USR002734,2025-10-09,NL,Standard
USR002735,2026-01-09,FR,Metal
USR002736,2024-11-18,CH,Standard
USR002737,2026-03-28,NL,Standard
USR002738,2025-03-01,DE,Standard
USR002739,2023-11-17,PL,Standard
USR002740,2025-07-07,GB,Standard
USR002741,2025-12-18,NL,Plus
USR002742,2024-08-21,NL,Premium
USR002743,2024-01-27,PL,Standard
USR002744,2024-08-04,GB,Plus
USR002745,2023-07-16,FR,Standard
USR002746,2024-08-17,DE,Standard
USR002747,2026-04-06,CH,Standard
USR002748,2025-01-16,RO,Standard
USR002749,2023-07-13,ES,Plus
USR002750,2024-09-10,FR,Plus
USR002751,2024-01-23,GB,Standard
USR002752,2024-08-09,DE,Standard
USR002753,2026-05-14,DE,Premium
USR002754,2026-06-24,PL,Plus
USR002755,2024-07-20,ES,Metal
USR002756,2025-07-19,DE,Standard
USR002757,2026-07-11,PL,Premium
USR002758,2026-05-01,GB,Standard
USR002759,2025-03-08,IT,Standard
USR002760,2023-10-14,IT,Metal
USR002761,2023-08-13,DE,Standard
USR002762,2025-11-13,DE,Premium
USR002763,2026-02-27,DE,Standard
USR002764,2023-02-25,PT,Standard
USR002765,2025-02-25,GB,Standard
USR002766,2025-02-27,GB,Plus
USR002767,2023-07-01,DE,Metal
USR002768,2024-03-05,GB,Premium
USR002769,2026-06-21,RO,Plus
USR002770,2023-04-22,GB,Metal
USR002771,2023-11-04,RO,Standard
USR002772,2024-12-14,GB,Standard
USR002773,2024-11-17,ES,Premium
USR002774,2023-04-19,ES,Plus
USR002775,2025-04-16,GB,Standard
USR002776,2026-02-06,DE,Standard
USR002777,2024-03-03,SE,Standard
USR002778,2023-04-24,PT,Metal
USR002779,2024-04-12,DE,Metal
USR002780,2024-04-20,CH,Plus
USR002781,2023-05-18,RO,Standard
USR002782,2025-08-28,ES,Standard
USR002783,2026-08-28,GB,Plus
USR002784,2023-01-26,DE,Standard
USR002785,2026-02-18,GB,Plus
USR002786,2024-04-04,GB,Standard
USR002787,2025-06-24,DE,Standard
USR002788,2025-09-23,GB,Metal
USR002789,2026-03-31,GB,Plus
USR002790,2023-07-07,PL,Standard
USR002791,2025-04-23,PL,Standard
USR002792,2024-08-31,GB,Standard
USR002793,2026-06-08,GB,Plus
USR002794,2024-07-12,GB,Standard
USR002795,2025-07-31,FR,Plus
USR002796,2025-06-20,FR,Plus
USR002797,2024-12-04,NO,Premium
USR002798,2023-07-16,DE,Ultra
USR002799,2023-07-08,GB,Metal
USR002800,2026-05-18,GB,Standard
USR002801,2024-02-20,NL,Premium
USR002802,2024-03-11,FR,Standard
USR002803,2026-07-08,IT,Premium
USR002804,2023-06-18,FR,Premium
USR002805,2024-05-07,GB,Standard
USR002806,2023-12-14,GB,Premium
USR002807,2024-05-23,IE,Premium
USR002808,2024-06-23,IT,Standard
USR002809,2025-12-10,ES,Standard
USR002810,2024-09-23,FR,Standard
USR002811,2026-04-09,GB,Standard
USR002812,2023-09-22,PT,Standard
USR002813,2023-11-15,NO,Metal
USR002814,2023-12-05,PL,Metal
USR002815,2025-02-05,PT,Standard
USR002816,2024-08-09,GB,Standard
USR002817,2026-07-06,FR,Plus
USR002818,2024-02-28,PL,Standard
USR002819,2023-01-10,IT,Plus
USR002820,2023-02-28,DE,Premium
USR002821,2024-12-18,IT,Plus
USR002822,2025-10-09,PL,Metal
USR002823,2025-08-11,GB,Premium
USR002824,2026-05-19,GB,Premium
USR002825,2024-01-26,DE,Standard
USR002826,2024-12-06,DE,Metal
USR002827,2023-11-06,IE,Standard
USR002828,2023-05-07,DE,Ultra
USR002829,2025-07-26,IE,Standard
USR002830,2026-05-06,NL,Plus
USR002831,2025-04-28,IT,Plus
USR002832,2023-04-05,RO,Plus
USR002833,2023-08-30,ES,Standard
USR002834,2024-06-30,GB,Standard
USR002835,2025-07-27,PL,Plus
USR002836,2024-12-14,ES,Standard
USR002837,2023-11-05,NL,Standard
USR002838,2023-06-24,GB,Standard
USR002839,2025-06-03,GB,Metal
USR002840,2025-10-24,GB,Metal
USR002841,2025-03-19,GB,Standard
USR002842,2024-08-28,FR,Plus
USR002843,2025-05-06,IT,Standard
USR002844,2023-02-18,ES,Standard
USR002845,2024-01-08,GB,Ultra
USR002846,2024-12-28,DE,Standard
USR002847,2024-07-26,PT,Standard
USR002848,2023-10-22,GB,Standard
USR002849,2024-04-04,IT,Plus
USR002850,2024-07-23,PL,Standard
USR002851,2025-06-24,RO,Standard
USR002852,2026-06-20,DE,Standard
USR002853,2025-10-22,GB,Plus
USR002854,2026-02-06,PL,Metal
USR002855,2024-06-18,ES,Premium
USR002856,2026-04-04,GB,Metal
USR002857,2023-08-17,IT,Plus
USR002858,2025-07-14,ES,Standard
USR002859,2026-01-25,DE,Metal
USR002860,2024-11-02,GB,Standard
USR002861,2023-08-09,ES,Metal
USR002862,2023-10-19,GB,Premium
USR002863,2023-10-21,GB,Standard
USR002864,2026-03-31,FR,Standard
USR002865,2024-09-06,DE,Metal
USR002866,2023-11-30,GB,Standard
USR002867,2023-01-09,RO,Plus
USR002868,2025-12-25,GB,Ultra
USR002869,2024-03-09,DE,Standard
USR002870,2025-02-11,GB,Plus
USR002871,2023-03-21,DE,Standard
USR002872,2025-11-26,NL,Standard
USR002873,2023-04-09,PL,Plus
USR002874,2023-05-15,IE,Standard
USR002875,2025-07-25,GB,Standard
USR002876,2023-08-06,DE,Standard
USR002877,2026-07-11,GB,Metal
USR002878,2023-06-13,PT,Standard
USR002879,2024-03-04,DE,Standard
USR002880,2025-09-01,IE,Standard
USR002881,2024-01-21,GB,Standard
USR002882,2025-02-27,IT,Metal
USR002883,2025-08-26,IT,Standard
USR002884,2023-07-11,GB,Standard
USR002885,2024-08-05,GB,Premium
USR002886,2025-12-24,IT,Premium
USR002887,2023-08-03,GB,Metal
USR002888,2026-06-18,DE,Standard
USR002889,2025-11-24,GB,Plus
USR002890,2023-06-01,PL,Premium
USR002891,2024-04-10,ES,Standard
USR002892,2026-03-25,NL,Standard
USR002893,2024-11-27,PT,Standard
USR002894,2024-06-20,FR,Metal
USR002895,2023-11-19,GB,Standard
USR002896,2023-01-31,ES,Plus
USR002897,2025-04-10,NL,Standard
USR002898,2023-02-18,CH,Standard
USR002899,2024-07-07,GB,Premium
USR002900,2023-02-28,ES,Metal
USR002901,2024-04-13,FR,Plus
USR002902,2024-11-21,IT,Metal
USR002903,2025-01-04,IT,Standard
USR002904,2026-06-05,FR,Plus
USR002905,2024-01-13,NL,Standard
USR002906,2026-06-28,GB,Standard
USR002907,2023-02-14,GB,Standard
USR002908,2024-05-05,FR,Standard
USR002909,2023-07-08,PT,Standard
USR002910,2026-05-01,GB,Plus
USR002911,2024-07-25,ES,Standard
USR002912,2026-01-02,NO,Plus
USR002913,2025-02-07,DE,Metal
USR002914,2025-07-26,RO,Metal
USR002915,2023-01-25,PL,Metal
USR002916,2025-08-11,RO,Standard
USR002917,2025-03-07,IT,Standard
USR002918,2024-08-16,IE,Standard
USR002919,2023-03-30,GB,Standard
USR002920,2024-01-19,DE,Standard
USR002921,2023-12-15,ES,Standard
USR002922,2024-01-27,IT,Standard
USR002923,2023-08-20,IT,Standard
USR002924,2024-07-21,DE,Plus
USR002925,2025-09-19,GB,Metal
USR002926,2023-03-12,IT,Metal
USR002927,2025-06-23,IE,Standard
USR002928,2026-06-22,IT,Plus
USR002929,2023-08-17,NL,Metal
USR002930,2023-02-02,GB,Premium
USR002931,2024-08-31,FR,Premium
USR002932,2024-02-15,DE,Premium
USR002933,2023-06-25,CH,Standard
USR002934,2026-01-13,IE,Premium
USR002935,2024-12-14,DE,Premium
USR002936,2024-10-06,NL,Standard
USR002937,2024-10-01,GB,Standard
USR002938,2024-12-21,DE,Standard
USR002939,2026-01-26,DE,Metal
USR002940,2023-08-21,IE,Standard
USR002941,2023-02-15,GB,Standard
USR002942,2026-05-03,PL,Plus
USR002943,2023-02-05,GB,Metal
USR002944,2023-03-14,GB,Premium
USR002945,2026-05-22,GB,Standard
USR002946,2024-08-26,IT,Standard
USR002947,2026-05-02,CH,Standard
USR002948,2025-06-24,IE,Plus
USR002949,2024-08-05,IT,Metal
USR002950,2025-08-09,GB,Standard
USR002951,2023-07-19,IT,Metal
USR002952,2025-01-09,NL,Plus
USR002953,2026-01-03,IT,Metal
USR002954,2025-03-03,PT,Ultra
USR002955,2023-11-30,PL,Premium
USR002956,2024-07-13,GB,Standard
USR002957,2026-06-26,GB,Premium
USR002958,2026-05-31,NL,Standard
USR002959,2024-06-15,NL,Plus
USR002960,2026-07-02,FR,Premium
USR002961,2025-07-08,GB,Premium
USR002962,2023-04-26,IT,Metal
USR002963,2026-08-12,IT,Standard
USR002964,2023-12-27,DE,Plus
USR002965,2024-09-20,GB,Ultra
USR002966,2025-12-17,DE,Ultra
USR002967,2026-05-06,GB,Premium
USR002968,2023-11-06,GB,Ultra
USR002969,2024-08-22,GB,Standard
USR002970,2024-08-20,IE,Standard
USR002971,2024-06-27,GB,Standard
USR002972,2024-01-25,IT,Metal
USR002973,2023-01-28,DE,Standard
USR002974,2026-05-20,PT,Premium
USR002975,2024-05-26,FR,Plus
USR002976,2023-06-06,NL,Premium
USR002977,2024-05-20,GB,Standard
USR002978,2023-09-27,PT,Standard
USR002979,2024-12-20,IE,Standard
USR002980,2024-12-01,DE,Ultra
USR002981,2023-06-20,FR,Standard
USR002982,2024-11-03,ES,Standard
USR002983,2023-12-25,PL,Standard
USR002984,2023-02-10,PL,Standard
USR002985,2024-09-14,GB,Standard
USR002986,2024-09-02,GB,Standard
USR002987,2025-02-18,FR,Standard
USR002988,2025-06-05,NL,Standard
USR002989,2025-10-02,GB,Standard
USR002990,2025-09-29,DE,Standard
USR002991,2023-10-16,GB,Premium
USR002992,2026-01-17,GB,Metal
USR002993,2024-01-29,RO,Premium
USR002994,2024-05-02,ES,Metal
USR002995,2026-04-21,GB,Standard
USR002996,2023-02-09,PL,Ultra
USR002997,2024-04-23,ES,Plus
USR002998,2026-02-09,GB,Standard
USR002999,2024-08-26,NO,Standard
USR003000,2023-05-06,GB,Plus
USR003001,2024-11-27,PL,Standard
USR003002,2024-05-13,GB,Standard
USR003003,2025-07-23,FR,Premium
USR003004,2023-05-31,GB,Premium
USR003005,2025-07-14,NL,Metal
USR003006,2026-08-12,IT,Standard
USR003007,2026-07-13,DE,Standard
USR003008,2025-01-04,GB,Plus
USR003009,2023-01-02,IT,Metal
USR003010,2026-07-23,GB,Standard
USR003011,2025-08-26,DE,Standard
USR003012,2023-06-16,DE,Standard
USR003013,2026-04-06,PL,Standard
USR003014,2024-12-19,PT,Standard
USR003015,2025-02-17,IT,Premium
USR003016,2026-03-29,FR,Standard
USR003017,2024-03-18,DE,Standard
USR003018,2026-06-30,DE,Standard
USR003019,2025-03-31,GB,Plus
USR003020,2023-03-06,PL,Standard
USR003021,2025-12-14,DE,Standard
USR003022,2023-07-03,IT,Metal
USR003023,2025-06-11,PT,Premium
USR003024,2025-10-12,GB,Ultra
USR003025,2025-10-20,GB,Premium
USR003026,2026-07-08,IE,Standard
USR003027,2026-08-02,GB,Standard
USR003028,2025-07-12,GB,Standard
USR003029,2025-07-14,NL,Standard
USR003030,2024-01-16,PL,Plus
USR003031,2023-06-23,GB,Premium
USR003032,2023-05-30,GB,Premium
USR003033,2025-09-25,GB,Standard
USR003034,2024-05-27,GB,Metal
USR003035,2024-10-31,ES,Standard
USR003036,2025-05-09,GB,Standard
USR003037,2024-08-31,ES,Plus
USR003038,2026-02-02,PL,Plus
USR003039,2023-03-15,RO,Standard
USR003040,2023-10-20,GB,Standard
USR003041,2026-02-10,FR,Standard
USR003042,2023-10-10,FR,Standard
USR003043,2026-06-21,ES,Plus
USR003044,2025-09-01,DE,Standard
USR003045,2026-05-23,CH,Standard
USR003046,2024-12-05,DE,Premium
USR003047,2024-05-04,DE,Premium
USR003048,2025-09-08,GB,Standard
USR003049,2024-04-17,GB,Metal
USR003050,2023-07-23,CH,Standard
USR003051,2024-06-16,GB,Metal
USR003052,2025-01-11,PT,Ultra
USR003053,2023-08-23,DE,Standard
USR003054,2025-03-24,NO,Premium
USR003055,2025-03-24,FR,Standard
USR003056,2023-07-26,RO,Standard
USR003057,2025-08-24,NL,Standard
USR003058,2025-05-01,FR,Standard
USR003059,2025-08-21,GB,Standard
USR003060,2024-11-09,FR,Standard
USR003061,2023-11-08,GB,Standard
USR003062,2024-07-28,GB,Standard
USR003063,2025-03-24,CH,Standard
USR003064,2024-02-29,IT,Plus
USR003065,2023-04-05,CH,Standard
USR003066,2024-04-06,GB,Plus
USR003067,2025-08-04,GB,Standard
USR003068,2024-06-11,IE,Standard
USR003069,2026-05-30,GB,Standard
USR003070,2025-09-19,IT,Standard
USR003071,2024-07-26,GB,Metal
USR003072,2025-09-01,DE,Premium
USR003073,2026-06-03,RO,Standard
USR003074,2024-12-14,GB,Plus
USR003075,2025-02-12,GB,Premium
USR003076,2026-03-25,DE,Premium
USR003077,2023-10-25,GB,Ultra
USR003078,2023-01-17,RO,Plus
USR003079,2023-10-06,FR,Plus
USR003080,2024-09-13,GB,Standard
USR003081,2025-04-16,GB,Premium
USR003082,2024-12-06,PL,Standard
USR003083,2025-07-23,GB,Plus
USR003084,2025-03-31,RO,Standard
USR003085,2023-08-18,RO,Standard
USR003086,2023-08-29,RO,Standard
USR003087,2026-04-15,DE,Plus
USR003088,2025-03-15,PT,Premium
USR003089,2025-02-17,DE,Standard
USR003090,2023-10-04,GB,Standard
USR003091,2026-02-24,GB,Premium
USR003092,2025-02-23,PL,Standard
USR003093,2024-11-07,PL,Standard
USR003094,2023-02-15,GB,Standard
USR003095,2025-08-25,CH,Plus
USR003096,2024-07-16,ES,Standard
USR003097,2026-05-20,IE,Plus
USR003098,2026-03-12,IT,Standard
USR003099,2026-03-08,GB,Standard
USR003100,2025-05-03,GB,Plus
USR003101,2023-10-20,DE,Metal
USR003102,2023-09-04,GB,Premium
USR003103,2024-04-09,IE,Plus
USR003104,2024-04-21,GB,Metal
USR003105,2024-01-20,GB,Standard
USR003106,2023-08-23,NL,Standard
USR003107,2023-01-26,DE,Standard
USR003108,2023-06-05,CH,Standard
USR003109,2024-08-25,GB,Standard
USR003110,2026-07-22,ES,Plus
USR003111,2023-11-15,GB,Standard
USR003112,2025-05-18,IT,Standard
USR003113,2024-05-08,GB,Standard
USR003114,2026-02-12,GB,Metal
USR003115,2025-06-22,IT,Plus
USR003116,2025-03-28,GB,Metal
USR003117,2023-12-14,ES,Premium
USR003118,2024-12-15,ES,Premium
USR003119,2023-09-18,ES,Standard
USR003120,2023-04-30,DE,Standard
USR003121,2025-09-12,GB,Standard
USR003122,2023-03-06,FR,Standard
USR003123,2023-07-21,IT,Standard
USR003124,2025-01-19,ES,Metal
USR003125,2025-09-14,IE,Ultra
USR003126,2023-10-18,GB,Standard
USR003127,2026-08-23,GB,Standard
USR003128,2025-07-29,IT,Ultra
USR003129,2023-02-21,GB,Standard
USR003130,2025-06-17,FR,Standard
USR003131,2026-06-30,GB,Premium
USR003132,2025-11-22,FR,Standard
USR003133,2026-07-19,FR,Plus
USR003134,2024-10-15,SE,Metal
USR003135,2025-01-16,NL,Standard
USR003136,2024-06-03,RO,Premium
USR003137,2023-10-05,GB,Standard
USR003138,2026-02-15,NO,Plus
USR003139,2023-02-18,CH,Standard
USR003140,2025-07-24,GB,Standard
USR003141,2024-09-28,FR,Plus
USR003142,2025-03-15,IT,Plus
USR003143,2023-01-29,IE,Standard
USR003144,2025-03-15,PL,Standard
USR003145,2025-09-11,GB,Metal
USR003146,2025-03-25,PL,Standard
USR003147,2025-03-31,IE,Standard
USR003148,2025-12-17,NL,Metal
USR003149,2026-01-13,ES,Metal
USR003150,2024-09-15,FR,Metal
USR003151,2023-11-15,IE,Premium
USR003152,2023-10-15,FR,Metal
USR003153,2024-07-22,IT,Premium
USR003154,2024-09-15,FR,Plus
USR003155,2024-08-23,NL,Standard
USR003156,2025-02-25,ES,Standard
USR003157,2024-12-01,GB,Standard
USR003158,2024-08-06,PT,Plus
USR003159,2024-09-07,FR,Premium
USR003160,2024-05-10,FR,Premium
USR003161,2025-09-22,FR,Standard
USR003162,2026-05-17,PT,Standard
USR003163,2023-02-23,ES,Metal
USR003164,2026-04-17,GB,Standard
USR003165,2025-02-09,PL,Standard
USR003166,2024-04-28,GB,Standard
USR003167,2023-03-30,ES,Standard
USR003168,2023-11-06,RO,Standard
USR003169,2023-06-16,FR,Standard
USR003170,2024-03-17,GB,Standard
USR003171,2026-06-16,IE,Premium
USR003172,2026-04-04,NL,Metal
USR003173,2023-02-11,IE,Standard
USR003174,2024-02-20,NL,Standard
USR003175,2024-04-23,GB,Plus
USR003176,2024-03-08,GB,Standard
USR003177,2023-06-27,PT,Standard
USR003178,2026-08-01,FR,Plus
USR003179,2024-08-02,IE,Standard
USR003180,2024-12-18,FR,Standard
USR003181,2023-01-23,GB,Premium
USR003182,2025-04-20,PT,Plus
USR003183,2026-08-21,GB,Standard
USR003184,2026-06-26,DE,Metal
USR003185,2025-06-10,IE,Premium
USR003186,2026-02-06,RO,Metal
USR003187,2025-08-19,DE,Standard
USR003188,2023-05-12,ES,Standard
USR003189,2025-07-20,GB,Standard
USR003190,2024-07-09,GB,Standard
USR003191,2025-05-29,ES,Standard
USR003192,2023-11-30,DE,Standard
USR003193,2023-12-29,IE,Plus
USR003194,2024-12-12,FR,Standard
USR003195,2026-01-23,RO,Premium
USR003196,2025-04-22,FR,Standard
USR003197,2026-06-13,GB,Standard
USR003198,2024-07-05,ES,Premium
USR003199,2025-03-04,GB,Plus
USR003200,2025-12-18,IE,Premium
USR003201,2023-12-26,NL,Standard
USR003202,2024-12-10,GB,Plus
USR003203,2025-04-16,DE,Ultra
USR003204,2023-03-26,PL,Standard
USR003205,2026-04-14,GB,Premium
USR003206,2025-03-14,DE,Premium
USR003207,2023-01-29,GB,Plus
USR003208,2026-05-01,RO,Plus
USR003209,2025-11-11,GB,Metal
USR003210,2025-03-16,GB,Standard
USR003211,2025-06-10,FR,Metal
USR003212,2023-10-22,GB,Standard
USR003213,2023-01-29,RO,Standard
USR003214,2026-04-06,FR,Standard
USR003215,2024-02-06,RO,Ultra
USR003216,2026-03-06,PL,Metal
USR003217,2023-11-19,GB,Standard
USR003218,2025-12-10,IE,Standard
USR003219,2024-12-30,GB,Metal
USR003220,2024-05-26,ES,Standard
USR003221,2025-06-23,ES,Standard
USR003222,2023-04-28,ES,Standard
USR003223,2024-02-22,PL,Standard
USR003224,2024-04-24,GB,Standard
USR003225,2023-05-28,ES,Premium
USR003226,2023-08-13,FR,Standard
USR003227,2023-02-25,FR,Standard
USR003228,2025-10-14,PT,Standard
USR003229,2024-10-27,IT,Standard
USR003230,2026-05-27,GB,Standard
USR003231,2023-03-10,NL,Standard
USR003232,2023-07-17,PL,Standard
USR003233,2024-10-15,IT,Premium
USR003234,2025-12-12,FR,Premium
USR003235,2026-07-21,FR,Metal
USR003236,2024-06-28,FR,Standard
USR003237,2024-10-30,CH,Metal
USR003238,2025-01-23,GB,Standard
USR003239,2024-07-05,NL,Standard
USR003240,2023-01-27,IE,Standard
USR003241,2023-06-04,PL,Standard
USR003242,2024-04-27,IT,Standard
USR003243,2026-01-02,ES,Standard
USR003244,2024-07-18,GB,Standard
USR003245,2026-04-14,GB,Standard
USR003246,2025-04-20,DE,Metal
USR003247,2023-06-11,DE,Premium
USR003248,2025-05-26,PL,Ultra
USR003249,2026-06-06,GB,Metal
USR003250,2023-10-30,GB,Standard
USR003251,2023-12-06,ES,Standard
USR003252,2025-08-11,DE,Plus
USR003253,2025-06-04,IT,Plus
USR003254,2026-01-17,FR,Plus
USR003255,2024-08-11,RO,Ultra
USR003256,2023-07-19,GB,Standard
USR003257,2026-08-17,RO,Plus
USR003258,2025-06-08,ES,Metal
USR003259,2026-02-03,GB,Standard
USR003260,2026-04-30,IT,Standard
USR003261,2025-02-14,RO,Metal
USR003262,2024-11-16,GB,Standard
USR003263,2024-06-05,GB,Premium
USR003264,2024-10-12,NL,Ultra
USR003265,2023-09-27,PL,Standard
USR003266,2025-11-10,GB,Ultra
USR003267,2024-07-21,DE,Standard
USR003268,2026-04-19,GB,Metal
USR003269,2023-08-11,FR,Standard
USR003270,2025-07-14,DE,Standard
USR003271,2023-09-14,RO,Standard
USR003272,2025-06-16,GB,Ultra
USR003273,2026-01-06,IT,Standard
USR003274,2025-10-26,GB,Standard
USR003275,2023-05-22,GB,Standard
USR003276,2026-02-03,GB,Metal
USR003277,2025-12-15,ES,Plus
USR003278,2026-03-09,IT,Standard
USR003279,2023-07-25,NL,Premium
USR003280,2023-04-18,GB,Standard
USR003281,2024-03-22,GB,Standard
USR003282,2024-11-20,IT,Standard
USR003283,2025-09-19,DE,Premium
USR003284,2026-06-18,IT,Standard
USR003285,2025-12-11,CH,Plus
USR003286,2024-03-05,DE,Premium
USR003287,2023-05-05,IE,Metal
USR003288,2025-01-07,GB,Standard
USR003289,2023-06-24,GB,Standard
USR003290,2026-06-28,DE,Premium
USR003291,2025-05-23,RO,Plus
USR003292,2025-06-14,DE,Standard
USR003293,2023-08-19,GB,Plus
USR003294,2025-12-09,NO,Standard
USR003295,2023-01-10,IE,Plus
USR003296,2023-05-24,GB,Premium
USR003297,2025-12-27,NL,Metal
USR003298,2024-02-11,SE,Standard
USR003299,2025-09-08,PL,Premium
USR003300,2026-07-15,GB,Standard
USR003301,2026-08-08,IT,Standard
USR003302,2024-09-06,FR,Standard
USR003303,2024-11-21,IT,Metal
USR003304,2026-07-23,RO,Standard
USR003305,2026-06-11,GB,Standard
USR003306,2025-09-01,IT,Standard
USR003307,2024-02-08,ES,Ultra
USR003308,2023-09-25,GB,Metal
USR003309,2023-11-05,GB,Standard
USR003310,2026-08-24,ES,Metal
USR003311,2023-01-15,GB,Plus
USR003312,2025-11-22,PL,Standard
USR003313,2023-04-22,IT,Plus
USR003314,2025-07-25,IT,Premium
USR003315,2023-06-10,FR,Standard
USR003316,2023-10-19,FR,Standard
USR003317,2026-04-29,ES,Metal
USR003318,2024-05-28,IT,Standard
USR003319,2024-05-22,GB,Standard
USR003320,2026-02-17,PL,Standard
USR003321,2025-07-19,PT,Standard
USR003322,2026-07-30,NL,Standard
USR003323,2024-04-16,GB,Metal
USR003324,2025-07-25,IT,Standard
USR003325,2023-12-07,SE,Metal
USR003326,2024-01-13,DE,Premium
USR003327,2024-12-24,ES,Standard
USR003328,2024-05-19,GB,Standard
USR003329,2023-12-13,GB,Metal
USR003330,2024-09-23,DE,Premium
USR003331,2023-02-24,DE,Plus
USR003332,2024-02-15,PL,Standard
USR003333,2024-01-16,ES,Standard
USR003334,2024-11-23,GB,Premium
USR003335,2026-03-08,GB,Standard
USR003336,2024-04-14,GB,Metal
USR003337,2026-05-17,IE,Premium
USR003338,2023-06-16,FR,Standard
USR003339,2024-10-04,PL,Standard
USR003340,2025-10-23,PT,Metal
USR003341,2025-04-12,ES,Standard
USR003342,2023-01-11,NL,Premium
USR003343,2024-02-25,GB,Metal
USR003344,2025-09-16,GB,Standard
USR003345,2026-03-10,NO,Plus
USR003346,2026-06-27,GB,Plus
USR003347,2024-01-04,IE,Standard
USR003348,2025-07-10,PT,Standard
USR003349,2023-11-01,ES,Standard
USR003350,2026-02-06,FR,Premium
USR003351,2026-08-16,GB,Standard
USR003352,2026-05-30,GB,Standard
USR003353,2024-02-24,FR,Plus
USR003354,2023-03-02,RO,Standard
USR003355,2024-11-13,RO,Premium
USR003356,2026-04-30,GB,Standard
USR003357,2026-01-14,GB,Standard
USR003358,2024-07-23,IT,Standard
USR003359,2024-02-10,FR,Standard
USR003360,2026-04-22,GB,Standard
USR003361,2025-11-29,GB,Standard
USR003362,2026-06-06,FR,Standard
USR003363,2023-02-27,GB,Standard
USR003364,2026-03-03,GB,Standard
USR003365,2025-03-13,PL,Plus
USR003366,2024-10-17,DE,Standard
USR003367,2023-04-08,ES,Ultra
USR003368,2026-08-11,PL,Standard
USR003369,2026-03-25,GB,Plus
USR003370,2025-12-24,CH,Plus
USR003371,2023-10-09,GB,Standard
USR003372,2023-05-06,IE,Standard
USR003373,2025-09-28,PL,Standard
USR003374,2023-08-19,IE,Standard
USR003375,2025-02-25,GB,Standard
USR003376,2025-04-19,PT,Standard
USR003377,2024-09-29,IT,Standard
USR003378,2025-09-02,ES,Standard
USR003379,2023-01-24,FR,Standard
USR003380,2026-02-02,FR,Metal
USR003381,2026-08-13,ES,Ultra
USR003382,2025-04-18,GB,Ultra
USR003383,2023-08-10,SE,Standard
USR003384,2025-05-27,GB,Standard
USR003385,2023-02-08,ES,Plus
USR003386,2023-02-08,PL,Metal
USR003387,2025-07-07,PL,Standard
USR003388,2024-10-08,ES,Plus
USR003389,2026-01-13,PT,Standard
USR003390,2023-02-06,IE,Plus
USR003391,2024-07-27,ES,Standard
USR003392,2026-08-16,DE,Standard
USR003393,2023-11-05,RO,Standard
USR003394,2025-08-27,PL,Premium
USR003395,2025-12-07,GB,Plus
USR003396,2026-03-10,IE,Standard
USR003397,2024-08-03,ES,Standard
USR003398,2026-05-15,GB,Standard
USR003399,2024-07-18,IT,Plus
USR003400,2026-01-04,IE,Standard
USR003401,2023-01-15,FR,Standard
USR003402,2025-11-16,FR,Metal
USR003403,2025-07-22,GB,Premium
USR003404,2023-06-09,GB,Standard
USR003405,2026-01-25,GB,Standard
USR003406,2023-07-17,PL,Premium
USR003407,2024-07-10,ES,Standard
USR003408,2024-10-15,DE,Standard
USR003409,2024-12-30,NL,Plus
USR003410,2023-05-31,IE,Standard
USR003411,2024-01-29,GB,Standard
USR003412,2024-09-16,NL,Standard
USR003413,2026-07-12,RO,Premium
USR003414,2023-04-02,NL,Plus
USR003415,2026-02-21,DE,Standard
USR003416,2023-02-06,IE,Standard
USR003417,2025-11-30,GB,Standard
USR003418,2024-03-24,IE,Standard
USR003419,2024-02-01,GB,Premium
USR003420,2026-08-12,IT,Metal
USR003421,2024-12-17,FR,Standard
USR003422,2025-10-20,DE,Standard
USR003423,2025-12-15,IT,Standard
USR003424,2023-07-14,SE,Standard
USR003425,2024-07-08,GB,Metal
USR003426,2023-08-22,DE,Standard
USR003427,2026-06-17,CH,Premium
USR003428,2024-06-25,FR,Standard
USR003429,2023-04-29,PT,Standard
USR003430,2026-06-13,NL,Standard
USR003431,2025-05-04,FR,Standard
USR003432,2023-09-19,FR,Standard
USR003433,2024-08-04,PL,Standard
USR003434,2025-03-16,ES,Metal
USR003435,2025-03-20,GB,Standard
USR003436,2025-02-18,CH,Premium
USR003437,2026-01-13,NL,Premium
USR003438,2024-03-23,GB,Plus
USR003439,2026-01-24,DE,Metal
USR003440,2024-10-10,PL,Metal
USR003441,2024-09-19,GB,Standard
USR003442,2024-03-01,PT,Standard
USR003443,2024-03-02,FR,Standard
USR003444,2025-06-16,IT,Standard
USR003445,2023-11-20,PL,Standard
USR003446,2023-03-14,GB,Metal
USR003447,2024-04-02,IT,Standard
USR003448,2024-04-23,ES,Standard
USR003449,2026-03-10,RO,Plus
USR003450,2023-09-04,FR,Plus
USR003451,2025-04-30,FR,Standard
USR003452,2024-11-15,FR,Standard
USR003453,2025-09-22,DE,Standard
USR003454,2026-01-11,GB,Standard
USR003455,2026-08-02,GB,Standard
USR003456,2026-06-13,NL,Standard
USR003457,2025-01-03,DE,Metal
USR003458,2023-03-29,ES,Standard
USR003459,2023-09-02,GB,Standard
USR003460,2023-10-28,GB,Metal
USR003461,2024-08-16,GB,Premium
USR003462,2024-01-17,GB,Premium
USR003463,2025-02-04,PL,Standard
USR003464,2025-11-13,DE,Metal
USR003465,2025-02-02,ES,Plus
USR003466,2024-11-06,DE,Plus
USR003467,2024-09-25,FR,Premium
USR003468,2025-05-06,GB,Premium
USR003469,2023-07-04,IE,Premium
USR003470,2024-10-24,DE,Standard
USR003471,2026-06-09,PT,Standard
USR003472,2023-11-23,GB,Ultra
USR003473,2024-03-24,GB,Metal
USR003474,2024-11-20,ES,Standard
USR003475,2023-05-12,PL,Standard
USR003476,2023-03-07,PL,Premium
USR003477,2025-09-19,DE,Standard
USR003478,2024-02-22,GB,Premium
USR003479,2024-12-30,IE,Ultra
USR003480,2026-03-08,DE,Standard
USR003481,2023-04-15,IT,Premium
USR003482,2026-07-18,GB,Standard
USR003483,2025-04-09,FR,Standard
USR003484,2024-06-10,GB,Metal
USR003485,2025-12-16,ES,Premium
USR003486,2024-05-21,DE,Standard
USR003487,2024-10-05,GB,Standard
USR003488,2024-01-07,RO,Metal
USR003489,2025-05-14,FR,Standard
USR003490,2026-03-22,PL,Standard
USR003491,2025-03-26,FR,Standard
USR003492,2025-01-01,ES,Premium
USR003493,2026-06-16,PT,Standard
USR003494,2026-07-01,PL,Standard
USR003495,2025-06-18,GB,Standard
USR003496,2024-05-14,IT,Standard
USR003497,2023-08-19,GB,Premium
USR003498,2024-03-25,GB,Plus
USR003499,2025-07-01,PL,Metal
USR003500,2025-05-25,GB,Metal
USR003501,2026-05-22,IE,Premium
USR003502,2024-03-11,GB,Standard
USR003503,2025-06-04,RO,Standard
USR003504,2025-12-10,GB,Standard
USR003505,2024-09-14,IE,Standard
USR003506,2024-08-05,GB,Standard
USR003507,2026-08-02,IT,Standard
USR003508,2024-12-07,IT,Standard
USR003509,2024-06-10,GB,Premium
USR003510,2023-09-24,GB,Standard
USR003511,2025-12-30,ES,Standard
USR003512,2024-04-16,DE,Standard
USR003513,2023-10-29,GB,Metal
USR003514,2026-01-29,SE,Standard
USR003515,2026-02-01,FR,Plus
USR003516,2024-10-11,IT,Standard
USR003517,2025-02-16,ES,Plus
USR003518,2024-03-01,IT,Standard
USR003519,2026-05-18,ES,Standard
USR003520,2023-09-06,FR,Standard
USR003521,2023-01-12,IE,Standard
USR003522,2025-12-13,IT,Metal
USR003523,2023-05-06,GB,Standard
USR003524,2024-10-15,DE,Premium
USR003525,2024-10-08,DE,Metal
USR003526,2024-11-29,ES,Standard
USR003527,2026-04-24,ES,Premium
USR003528,2024-12-10,FR,Standard
USR003529,2026-02-16,FR,Plus
USR003530,2023-07-31,GB,Plus
USR003531,2026-06-04,GB,Standard
USR003532,2023-10-16,DE,Standard
USR003533,2025-08-15,IT,Standard
USR003534,2026-08-06,FR,Metal
USR003535,2023-12-15,DE,Metal
USR003536,2026-08-04,FR,Metal
USR003537,2023-05-28,SE,Standard
USR003538,2023-04-08,RO,Metal
USR003539,2023-06-16,GB,Metal
USR003540,2025-07-25,PL,Standard
USR003541,2025-10-03,IT,Standard
USR003542,2024-07-11,DE,Standard
USR003543,2024-08-31,GB,Metal
USR003544,2025-02-19,NL,Premium
USR003545,2024-10-29,GB,Metal
USR003546,2023-09-30,GB,Standard
USR003547,2024-08-13,ES,Premium
USR003548,2023-11-06,ES,Metal
USR003549,2025-04-09,PL,Premium
USR003550,2024-09-05,NL,Standard
USR003551,2023-05-18,GB,Premium
USR003552,2024-11-05,ES,Standard
USR003553,2023-12-25,ES,Plus
USR003554,2024-10-20,GB,Standard
USR003555,2023-11-05,GB,Standard
USR003556,2023-06-22,GB,Metal
USR003557,2024-04-07,PL,Standard
USR003558,2023-10-15,PL,Standard
USR003559,2025-12-02,PL,Standard
USR003560,2025-07-18,RO,Plus
USR003561,2026-02-04,FR,Standard
USR003562,2024-02-12,GB,Standard
USR003563,2025-03-23,GB,Standard
USR003564,2023-10-21,RO,Standard
USR003565,2024-12-10,CH,Standard
USR003566,2023-06-02,IT,Standard
USR003567,2025-07-23,GB,Premium
USR003568,2023-10-14,GB,Standard
USR003569,2023-09-30,GB,Premium
USR003570,2026-05-18,DE,Standard
USR003571,2023-06-17,PL,Standard
USR003572,2024-08-13,SE,Plus
USR003573,2024-05-07,PT,Standard
USR003574,2026-04-01,GB,Standard
USR003575,2024-08-08,GB,Metal
USR003576,2023-05-21,GB,Standard
USR003577,2023-07-15,IT,Ultra
USR003578,2025-03-14,NL,Premium
USR003579,2026-01-04,ES,Premium
USR003580,2023-07-04,IE,Standard
USR003581,2023-06-19,DE,Standard
USR003582,2023-05-13,FR,Premium
USR003583,2024-05-12,RO,Plus
USR003584,2023-12-25,IE,Standard
USR003585,2024-10-26,GB,Premium
USR003586,2023-02-08,CH,Premium
USR003587,2024-03-07,GB,Plus
USR003588,2026-03-05,GB,Standard
USR003589,2024-09-11,DE,Standard
USR003590,2025-10-09,PL,Ultra
USR003591,2026-04-08,PL,Premium
USR003592,2026-07-09,IE,Plus
USR003593,2025-04-12,ES,Standard
USR003594,2025-03-25,IE,Standard
USR003595,2026-04-04,DE,Standard
USR003596,2023-01-21,GB,Metal
USR003597,2025-04-22,DE,Standard
USR003598,2025-03-03,FR,Standard
USR003599,2023-09-08,GB,Standard
USR003600,2023-08-02,GB,Premium
USR003601,2026-03-23,FR,Plus
USR003602,2023-06-27,IE,Standard
USR003603,2023-12-26,FR,Premium
USR003604,2025-08-09,IT,Standard
USR003605,2023-08-18,GB,Premium
USR003606,2025-07-20,DE,Standard
USR003607,2024-02-10,CH,Standard
USR003608,2025-12-22,RO,Standard
USR003609,2025-08-22,ES,Standard
USR003610,2026-04-22,GB,Standard
USR003611,2025-10-26,IE,Standard
USR003612,2024-05-21,IT,Premium
USR003613,2024-06-01,IT,Metal
USR003614,2026-06-07,GB,Standard
USR003615,2023-05-05,DE,Standard
USR003616,2026-07-31,IE,Standard
USR003617,2024-07-15,FR,Standard
USR003618,2026-03-26,ES,Metal
USR003619,2023-02-25,NL,Plus
USR003620,2025-07-09,GB,Standard
USR003621,2023-03-12,PL,Standard
USR003622,2025-12-30,GB,Metal
USR003623,2026-03-25,ES,Plus
USR003624,2026-06-18,GB,Plus
USR003625,2026-02-16,DE,Standard
USR003626,2025-05-02,ES,Standard
USR003627,2026-01-27,PT,Plus
USR003628,2025-02-17,DE,Plus
USR003629,2025-11-15,IE,Standard
USR003630,2023-11-04,GB,Standard
USR003631,2026-07-03,IT,Standard
USR003632,2024-07-18,PL,Standard
USR003633,2026-04-25,RO,Premium
USR003634,2024-12-02,PT,Standard
USR003635,2025-01-29,PL,Plus
USR003636,2024-05-25,GB,Metal
USR003637,2023-07-29,GB,Standard
USR003638,2025-07-27,IE,Standard
USR003639,2026-07-05,GB,Premium
USR003640,2024-02-20,GB,Premium
USR003641,2023-12-30,ES,Metal
USR003642,2025-12-23,GB,Standard
USR003643,2025-05-06,DE,Standard
USR003644,2024-01-07,GB,Plus
USR003645,2024-05-21,DE,Plus
USR003646,2026-03-03,DE,Premium
USR003647,2025-11-22,FR,Plus
USR003648,2024-06-27,DE,Standard
USR003649,2023-11-27,SE,Standard
USR003650,2023-08-18,GB,Metal
USR003651,2023-05-24,FR,Standard
USR003652,2025-11-01,GB,Standard
USR003653,2024-09-09,GB,Standard
USR003654,2026-06-09,DE,Standard
USR003655,2026-05-23,GB,Premium
USR003656,2025-05-13,FR,Standard
USR003657,2024-12-24,GB,Standard
USR003658,2025-07-22,FR,Standard
USR003659,2023-08-22,NL,Premium
USR003660,2026-06-18,DE,Standard
USR003661,2023-09-11,GB,Metal
USR003662,2025-10-15,NL,Standard
USR003663,2026-05-13,PT,Premium
USR003664,2024-08-04,IE,Premium
USR003665,2026-05-22,FR,Standard
USR003666,2023-09-16,GB,Ultra
USR003667,2024-01-17,FR,Standard
USR003668,2024-12-31,GB,Standard
USR003669,2026-04-25,PT,Premium
USR003670,2025-12-25,FR,Metal
USR003671,2023-12-30,DE,Standard
USR003672,2024-05-31,DE,Metal
USR003673,2024-12-06,RO,Standard
USR003674,2025-11-13,PL,Premium
USR003675,2025-09-24,GB,Premium
USR003676,2025-09-19,GB,Standard
USR003677,2024-11-26,PL,Plus
USR003678,2024-05-11,NO,Ultra
USR003679,2024-01-14,FR,Standard
USR003680,2025-08-22,IT,Standard
USR003681,2024-11-05,NL,Standard
USR003682,2023-09-27,ES,Premium
USR003683,2023-11-12,PL,Metal
USR003684,2023-10-06,GB,Metal
USR003685,2025-05-16,GB,Plus
USR003686,2023-04-30,FR,Premium
USR003687,2025-03-22,CH,Standard
USR003688,2023-03-21,GB,Standard
USR003689,2026-03-26,FR,Standard
USR003690,2025-07-19,FR,Metal
USR003691,2025-04-12,GB,Standard
USR003692,2026-08-21,RO,Plus
USR003693,2024-11-27,NL,Premium
USR003694,2026-01-25,GB,Standard
USR003695,2025-07-29,GB,Standard
USR003696,2025-11-12,PT,Standard
USR003697,2026-06-15,IE,Metal
USR003698,2024-06-01,FR,Standard
USR003699,2025-12-26,FR,Ultra
USR003700,2026-01-17,DE,Standard
USR003701,2025-10-01,NO,Standard
USR003702,2023-05-06,NL,Metal
USR003703,2023-04-22,PL,Standard
USR003704,2025-04-17,GB,Metal
USR003705,2025-03-27,GB,Metal
USR003706,2025-11-24,RO,Premium
USR003707,2024-03-12,IT,Premium
USR003708,2024-04-18,NL,Metal
USR003709,2024-12-24,NL,Standard
USR003710,2024-09-06,NL,Standard
USR003711,2024-12-06,GB,Standard
USR003712,2024-11-02,GB,Standard
USR003713,2023-03-20,NL,Standard
USR003714,2025-02-14,RO,Premium
USR003715,2024-05-29,FR,Premium
USR003716,2025-05-20,GB,Standard
USR003717,2024-01-10,DE,Standard
USR003718,2026-06-02,GB,Standard
USR003719,2025-06-24,IE,Metal
USR003720,2023-01-06,GB,Premium
USR003721,2023-04-21,ES,Metal
USR003722,2025-04-23,FR,Plus
USR003723,2026-03-25,FR,Standard
USR003724,2026-04-24,IE,Plus
USR003725,2023-05-27,FR,Premium
USR003726,2024-04-21,IT,Ultra
USR003727,2024-12-02,GB,Premium
USR003728,2024-06-30,GB,Metal
USR003729,2026-07-11,PT,Standard
USR003730,2025-01-17,ES,Standard
USR003731,2026-04-09,PL,Metal
USR003732,2024-12-03,GB,Standard
USR003733,2024-03-08,GB,Standard
USR003734,2024-06-08,GB,Metal
USR003735,2024-04-11,SE,Plus
USR003736,2025-11-08,GB,Standard
USR003737,2025-11-12,ES,Premium
USR003738,2023-08-15,GB,Premium
USR003739,2025-06-17,DE,Standard
USR003740,2024-05-16,IE,Ultra
USR003741,2023-06-04,GB,Plus
USR003742,2024-09-29,PL,Standard
USR003743,2024-02-02,GB,Plus
USR003744,2024-01-25,FR,Metal
USR003745,2023-12-05,GB,Standard
USR003746,2026-06-11,PL,Metal
USR003747,2025-03-26,GB,Standard
USR003748,2024-11-20,NL,Premium
USR003749,2025-06-02,DE,Premium
USR003750,2025-02-21,GB,Standard
USR003751,2025-02-04,GB,Metal
USR003752,2025-03-24,GB,Standard
USR003753,2026-05-17,NL,Plus
USR003754,2023-01-09,PL,Premium
USR003755,2023-04-16,NL,Plus
USR003756,2023-06-30,PL,Standard
USR003757,2024-05-27,SE,Plus
USR003758,2024-05-08,PL,Metal
USR003759,2024-11-12,GB,Standard
USR003760,2025-06-17,IT,Standard
USR003761,2023-04-18,GB,Standard
USR003762,2025-09-06,GB,Standard
USR003763,2024-09-15,NL,Standard
USR003764,2026-07-03,IT,Standard
USR003765,2024-05-03,IT,Premium
USR003766,2023-08-21,GB,Standard
USR003767,2025-01-23,ES,Standard
USR003768,2023-08-12,GB,Standard
USR003769,2024-05-03,IE,Standard
USR003770,2025-12-20,GB,Metal
USR003771,2025-09-14,PL,Standard
USR003772,2025-08-29,DE,Standard
USR003773,2023-09-25,IT,Plus
USR003774,2026-03-17,FR,Metal
USR003775,2024-05-02,DE,Metal
USR003776,2025-04-01,PT,Metal
USR003777,2024-12-12,GB,Standard
USR003778,2026-03-05,DE,Standard
USR003779,2025-02-23,GB,Standard
USR003780,2025-03-24,FR,Plus
USR003781,2025-01-12,IT,Standard
USR003782,2024-07-08,PL,Metal
USR003783,2023-09-09,IE,Ultra
USR003784,2023-11-04,PT,Plus
USR003785,2025-01-31,GB,Standard
USR003786,2024-09-09,GB,Metal
USR003787,2024-11-06,FR,Standard
USR003788,2023-07-28,GB,Standard
USR003789,2025-04-27,ES,Standard
USR003790,2023-04-29,RO,Standard
USR003791,2025-07-06,RO,Premium
USR003792,2024-06-04,GB,Metal
USR003793,2023-12-17,GB,Standard
USR003794,2025-08-03,NO,Premium
USR003795,2024-08-15,GB,Plus
USR003796,2026-04-09,DE,Plus
USR003797,2026-02-11,IT,Premium
USR003798,2025-08-28,DE,Premium
USR003799,2023-02-23,GB,Metal
USR003800,2025-10-15,ES,Standard
USR003801,2023-01-15,CH,Standard
USR003802,2023-05-25,DE,Premium
USR003803,2025-03-19,NL,Premium
USR003804,2025-09-10,ES,Metal
USR003805,2024-06-20,NL,Ultra
USR003806,2026-07-17,NO,Plus
USR003807,2025-06-12,FR,Standard
USR003808,2024-10-03,IE,Premium
USR003809,2025-01-23,FR,Standard
USR003810,2025-08-13,PL,Metal
USR003811,2025-11-21,DE,Metal
USR003812,2026-03-23,GB,Plus
USR003813,2024-01-05,IT,Premium
USR003814,2024-07-24,GB,Standard
USR003815,2024-12-16,GB,Standard
USR003816,2026-02-13,IT,Standard
USR003817,2025-10-18,DE,Premium
USR003818,2025-10-03,GB,Plus
USR003819,2023-11-06,NL,Premium
USR003820,2024-09-02,GB,Premium
USR003821,2025-08-10,ES,Premium
USR003822,2025-09-29,RO,Plus
USR003823,2025-01-31,GB,Metal
USR003824,2025-06-10,DE,Plus
USR003825,2024-03-28,GB,Premium
USR003826,2025-12-29,IT,Premium
USR003827,2025-08-08,GB,Standard
USR003828,2025-09-17,DE,Standard
USR003829,2025-03-28,RO,Standard
USR003830,2026-08-14,NO,Metal
USR003831,2023-02-09,GB,Metal
USR003832,2026-01-20,IT,Metal
USR003833,2026-05-20,FR,Metal
USR003834,2025-01-28,RO,Premium
USR003835,2024-05-16,IE,Standard
USR003836,2023-02-05,GB,Standard
USR003837,2025-06-20,SE,Premium
USR003838,2025-11-29,ES,Premium
USR003839,2025-02-02,ES,Metal
USR003840,2024-07-04,DE,Plus
USR003841,2025-11-13,IT,Standard
USR003842,2025-03-07,FR,Standard
USR003843,2025-09-13,GB,Standard
USR003844,2024-05-18,FR,Standard
USR003845,2024-09-17,FR,Standard
USR003846,2023-07-01,DE,Premium
USR003847,2026-02-25,NL,Standard
USR003848,2026-04-24,IT,Standard
USR003849,2023-05-10,FR,Standard
USR003850,2024-11-27,FR,Standard
USR003851,2024-03-16,IT,Standard
USR003852,2024-03-17,GB,Standard
USR003853,2023-10-22,NO,Standard
USR003854,2024-09-09,GB,Metal
USR003855,2023-12-20,NL,Plus
USR003856,2023-06-11,ES,Standard
USR003857,2025-01-13,GB,Standard
USR003858,2025-02-01,NL,Metal
USR003859,2024-12-15,GB,Standard
USR003860,2024-11-04,FR,Metal
USR003861,2026-01-18,GB,Premium
USR003862,2024-05-25,IT,Standard
USR003863,2023-05-23,GB,Standard
USR003864,2026-03-16,GB,Standard
USR003865,2024-03-31,GB,Standard
USR003866,2024-08-08,GB,Standard
USR003867,2025-01-01,GB,Metal
USR003868,2023-11-12,RO,Standard
USR003869,2023-09-01,GB,Standard
USR003870,2025-07-27,FR,Metal
USR003871,2026-01-14,GB,Premium
USR003872,2024-08-05,IT,Premium
USR003873,2024-03-16,IT,Standard
USR003874,2023-05-25,IT,Premium
USR003875,2023-02-19,FR,Standard
USR003876,2025-08-17,GB,Standard
USR003877,2025-07-13,RO,Premium
USR003878,2025-01-05,IE,Premium
USR003879,2023-08-27,DE,Premium
USR003880,2023-06-17,GB,Standard
USR003881,2025-07-16,DE,Metal
USR003882,2025-06-14,ES,Standard
USR003883,2024-09-03,GB,Plus
USR003884,2023-10-16,GB,Premium
USR003885,2023-09-09,IE,Standard
USR003886,2025-03-11,IE,Standard
USR003887,2024-08-26,GB,Plus
USR003888,2026-08-10,IT,Plus
USR003889,2023-01-19,GB,Standard
USR003890,2024-05-25,GB,Premium
USR003891,2023-06-20,NL,Standard
USR003892,2024-03-14,GB,Standard
USR003893,2023-03-03,PL,Ultra
USR003894,2025-02-15,PT,Standard
USR003895,2026-05-07,SE,Standard
USR003896,2024-08-31,PL,Standard
USR003897,2023-11-19,GB,Metal
USR003898,2025-05-03,GB,Standard
USR003899,2023-05-14,PL,Standard
USR003900,2026-08-18,ES,Premium
USR003901,2024-10-23,IT,Plus
USR003902,2026-05-30,NL,Standard
USR003903,2025-09-21,FR,Standard
USR003904,2024-02-01,PL,Plus
USR003905,2024-09-03,IE,Standard
USR003906,2026-01-20,IT,Premium
USR003907,2023-01-11,PL,Standard
USR003908,2024-02-24,IE,Premium
USR003909,2023-07-17,PL,Plus
USR003910,2026-02-23,ES,Ultra
USR003911,2024-05-08,FR,Premium
USR003912,2024-10-02,GB,Standard
USR003913,2024-10-03,IE,Plus
USR003914,2025-10-20,IE,Standard
USR003915,2025-07-11,FR,Standard
USR003916,2026-07-18,GB,Standard
USR003917,2025-12-18,PT,Standard
USR003918,2025-11-16,FR,Standard
USR003919,2025-11-08,NL,Standard
USR003920,2024-12-15,PL,Standard
USR003921,2024-08-21,GB,Standard
USR003922,2026-08-07,PL,Standard
USR003923,2025-01-26,FR,Standard
USR003924,2023-08-09,GB,Standard
USR003925,2023-04-23,PL,Standard
USR003926,2025-05-30,GB,Metal
USR003927,2025-12-01,IE,Standard
USR003928,2025-07-10,NL,Premium
USR003929,2024-09-19,GB,Standard
USR003930,2025-03-02,RO,Standard
USR003931,2024-07-10,RO,Standard
USR003932,2025-01-28,RO,Ultra
USR003933,2024-04-02,PL,Standard
USR003934,2024-03-08,GB,Standard
USR003935,2025-11-18,DE,Standard
USR003936,2025-10-13,GB,Standard
USR003937,2024-03-23,PT,Standard
USR003938,2024-08-11,GB,Premium
USR003939,2025-06-08,NL,Standard
USR003940,2023-05-14,GB,Standard
USR003941,2023-01-31,IT,Plus
USR003942,2024-08-30,GB,Standard
USR003943,2024-05-16,GB,Standard
USR003944,2026-06-10,IE,Standard
USR003945,2025-10-13,FR,Standard
USR003946,2024-05-14,RO,Metal
USR003947,2025-07-12,PL,Standard
USR003948,2023-08-07,ES,Standard
USR003949,2023-12-18,FR,Standard
USR003950,2024-04-09,SE,Standard
USR003951,2024-08-31,NL,Standard
USR003952,2023-04-03,DE,Standard
USR003953,2025-09-10,SE,Ultra
USR003954,2026-02-06,GB,Plus
USR003955,2026-05-23,IT,Premium
USR003956,2023-08-22,FR,Standard
USR003957,2023-02-17,GB,Standard
USR003958,2025-10-25,IT,Premium
USR003959,2023-08-19,GB,Standard
USR003960,2023-03-22,DE,Premium
USR003961,2025-09-16,GB,Plus
USR003962,2023-11-01,IT,Metal
USR003963,2025-03-22,IE,Standard
USR003964,2026-04-30,IT,Standard
USR003965,2025-12-14,GB,Metal
USR003966,2023-07-12,PL,Plus
USR003967,2025-09-03,GB,Standard
USR003968,2025-06-29,ES,Premium
USR003969,2023-09-30,DE,Standard
USR003970,2023-03-06,ES,Standard
USR003971,2023-11-21,SE,Standard
USR003972,2024-12-04,FR,Standard
USR003973,2024-09-12,IE,Standard
USR003974,2024-05-05,GB,Standard
USR003975,2025-05-23,RO,Metal
USR003976,2026-07-21,GB,Premium
USR003977,2023-07-20,ES,Standard
USR003978,2024-09-10,IE,Metal
USR003979,2024-07-26,GB,Premium
USR003980,2026-07-04,FR,Standard
USR003981,2023-07-02,ES,Metal
USR003982,2025-10-07,GB,Plus
USR003983,2024-04-02,ES,Plus
USR003984,2025-06-26,FR,Metal
USR003985,2025-10-10,IT,Standard
USR003986,2025-05-07,ES,Standard
USR003987,2023-10-13,DE,Premium
USR003988,2023-06-07,DE,Standard
USR003989,2026-01-15,GB,Premium
USR003990,2024-07-31,GB,Premium
USR003991,2023-04-03,ES,Standard
USR003992,2024-12-04,FR,Standard
USR003993,2024-08-30,GB,Standard
USR003994,2025-10-31,FR,Standard
USR003995,2023-09-02,RO,Standard
USR003996,2023-09-28,RO,Standard
USR003997,2024-09-01,GB,Standard
USR003998,2025-11-25,NL,Standard
USR003999,2024-05-14,DE,Ultra
USR004000,2023-02-17,NL,Premium
USR004001,2024-01-23,RO,Standard
USR004002,2026-08-27,FR,Standard
USR004003,2023-05-11,IT,Plus
USR004004,2025-07-06,DE,Standard
USR004005,2024-09-23,GB,Standard
USR004006,2024-01-26,GB,Metal
USR004007,2026-07-06,IT,Plus
USR004008,2023-06-20,DE,Standard
USR004009,2025-08-14,PL,Standard
USR004010,2023-10-17,GB,Standard
USR004011,2025-03-08,DE,Ultra
USR004012,2025-04-06,PL,Metal
USR004013,2025-01-19,NL,Standard
USR004014,2024-02-27,GB,Standard
USR004015,2023-09-19,RO,Standard
USR004016,2023-08-02,ES,Standard
USR004017,2025-07-09,PL,Plus
USR004018,2025-02-18,DE,Plus
USR004019,2024-02-14,GB,Standard
USR004020,2024-05-24,GB,Standard
USR004021,2024-02-12,PL,Standard
USR004022,2024-08-30,GB,Standard
USR004023,2023-01-13,PL,Standard
USR004024,2026-08-15,DE,Plus
USR004025,2025-02-17,GB,Standard
USR004026,2024-05-27,IT,Premium
USR004027,2026-08-28,PL,Premium
USR004028,2025-04-04,IT,Plus
USR004029,2023-07-16,ES,Premium
USR004030,2023-04-12,GB,Standard
USR004031,2026-06-02,GB,Premium
USR004032,2025-11-16,NL,Metal
USR004033,2024-10-12,DE,Standard
USR004034,2023-07-09,NL,Metal
USR004035,2025-01-28,CH,Premium
USR004036,2023-10-23,SE,Standard
USR004037,2023-03-01,IT,Plus
USR004038,2025-11-27,DE,Standard
USR004039,2023-11-01,PT,Metal
USR004040,2024-10-09,IT,Standard
USR004041,2025-03-05,FR,Standard
USR004042,2025-12-25,GB,Standard
USR004043,2026-07-31,DE,Ultra
USR004044,2024-04-28,GB,Ultra
USR004045,2025-09-07,GB,Standard
USR004046,2026-08-24,GB,Standard
USR004047,2023-10-26,PL,Premium
USR004048,2024-12-16,IE,Plus
USR004049,2025-04-15,IE,Metal
USR004050,2026-04-29,GB,Plus
USR004051,2023-12-01,GB,Standard
USR004052,2023-12-31,PT,Standard
USR004053,2025-10-15,DE,Standard
USR004054,2024-04-23,GB,Standard
USR004055,2024-11-25,RO,Standard
USR004056,2026-05-01,GB,Premium
USR004057,2025-01-15,GB,Premium
USR004058,2024-11-05,NO,Metal
USR004059,2023-03-16,ES,Ultra
USR004060,2023-09-14,PT,Ultra
USR004061,2023-04-23,GB,Metal
USR004062,2023-12-08,GB,Standard
USR004063,2024-11-14,GB,Standard
USR004064,2026-05-12,GB,Plus
USR004065,2026-03-25,GB,Standard
USR004066,2024-01-25,GB,Standard
USR004067,2023-03-14,FR,Standard
USR004068,2023-07-10,DE,Premium
USR004069,2023-07-25,NL,Standard
USR004070,2026-04-26,IT,Standard
USR004071,2024-12-23,PT,Standard
USR004072,2023-02-21,PT,Plus
USR004073,2024-11-09,PL,Plus
USR004074,2025-03-04,GB,Standard
USR004075,2025-04-03,FR,Plus
USR004076,2025-04-17,GB,Plus
USR004077,2023-03-30,GB,Metal
USR004078,2023-10-30,IT,Premium
USR004079,2023-04-21,IE,Standard
USR004080,2024-12-30,FR,Standard
USR004081,2025-01-28,IE,Ultra
USR004082,2024-03-25,DE,Plus
USR004083,2023-11-16,ES,Plus
USR004084,2026-05-12,PT,Standard
USR004085,2023-12-18,PL,Premium
USR004086,2023-03-03,DE,Plus
USR004087,2025-07-15,GB,Premium
USR004088,2026-07-16,FR,Metal
USR004089,2025-01-24,PL,Standard
USR004090,2025-02-08,SE,Standard
USR004091,2024-07-04,NL,Standard
USR004092,2023-03-16,CH,Metal
USR004093,2026-02-28,GB,Ultra
USR004094,2025-06-14,IE,Standard
USR004095,2024-10-07,IE,Standard
USR004096,2024-07-19,FR,Metal
USR004097,2025-06-03,NL,Standard
USR004098,2025-10-11,FR,Standard
USR004099,2025-12-14,DE,Metal
USR004100,2024-10-06,GB,Standard
USR004101,2026-06-24,CH,Metal
USR004102,2026-07-06,ES,Standard
USR004103,2023-12-29,DE,Premium
USR004104,2024-09-11,FR,Premium
USR004105,2025-10-18,ES,Metal
USR004106,2025-02-17,IE,Ultra
USR004107,2025-05-04,GB,Standard
USR004108,2025-01-19,ES,Metal
USR004109,2023-05-07,GB,Plus
USR004110,2024-10-06,ES,Plus
USR004111,2025-01-12,GB,Premium
USR004112,2026-06-21,PT,Standard
USR004113,2024-10-14,GB,Standard
USR004114,2026-04-09,DE,Premium
USR004115,2024-08-15,ES,Metal
USR004116,2025-05-20,GB,Plus
USR004117,2026-06-09,DE,Ultra
USR004118,2025-07-01,PL,Metal
USR004119,2026-01-25,GB,Premium
USR004120,2026-06-30,PL,Premium
USR004121,2023-06-05,FR,Standard
USR004122,2023-04-21,ES,Standard
USR004123,2023-05-01,GB,Metal
USR004124,2023-04-11,FR,Standard
USR004125,2025-03-09,PL,Premium
USR004126,2023-06-22,IT,Standard
USR004127,2024-10-09,GB,Plus
USR004128,2023-05-06,IT,Metal
USR004129,2025-04-15,IT,Standard
USR004130,2023-11-28,GB,Metal
USR004131,2026-06-07,GB,Standard
USR004132,2026-02-06,GB,Plus
USR004133,2025-04-02,PL,Standard
USR004134,2025-08-18,ES,Standard
USR004135,2024-09-28,ES,Standard
USR004136,2024-02-10,RO,Standard
USR004137,2023-08-25,PT,Plus
USR004138,2026-04-09,GB,Standard
USR004139,2023-06-02,NL,Standard
USR004140,2026-05-18,DE,Standard
USR004141,2026-07-20,FR,Standard
USR004142,2024-01-30,RO,Metal
USR004143,2025-02-15,DE,Standard
USR004144,2024-05-24,PL,Metal
USR004145,2025-04-20,PT,Standard
USR004146,2025-05-08,GB,Plus
USR004147,2025-06-12,GB,Standard
USR004148,2025-05-30,GB,Standard
USR004149,2023-10-13,PT,Standard
USR004150,2026-05-07,RO,Standard
USR004151,2025-09-04,GB,Plus
USR004152,2024-01-29,NL,Premium
USR004153,2023-06-10,FR,Standard
USR004154,2025-06-14,GB,Premium
USR004155,2024-01-16,GB,Premium
USR004156,2023-01-05,GB,Standard
USR004157,2023-06-10,IE,Metal
USR004158,2025-07-20,IT,Standard
USR004159,2024-12-13,GB,Standard
USR004160,2026-03-10,NL,Standard
USR004161,2023-09-26,NL,Standard
USR004162,2025-10-21,GB,Standard
USR004163,2026-04-28,FR,Premium
USR004164,2024-06-08,NL,Standard
USR004165,2024-12-09,PL,Standard
USR004166,2023-09-29,FR,Plus
USR004167,2024-02-03,NL,Premium
USR004168,2023-12-31,GB,Plus
USR004169,2025-10-10,GB,Plus
USR004170,2026-07-04,FR,Standard
USR004171,2026-01-06,GB,Standard
USR004172,2023-02-27,GB,Premium
USR004173,2025-08-16,GB,Premium
USR004174,2024-06-27,NL,Plus
USR004175,2026-01-02,IE,Plus
USR004176,2023-11-17,GB,Standard
USR004177,2023-03-21,FR,Standard
USR004178,2026-07-10,GB,Standard
USR004179,2024-09-23,GB,Plus
USR004180,2023-02-11,DE,Plus
USR004181,2025-02-22,DE,Standard
USR004182,2024-03-25,FR,Premium
USR004183,2025-01-02,GB,Standard
USR004184,2024-08-11,GB,Standard
USR004185,2023-07-23,CH,Standard
USR004186,2025-03-12,GB,Standard
USR004187,2023-10-20,PT,Standard
USR004188,2025-08-15,GB,Standard
USR004189,2026-07-15,GB,Premium
USR004190,2026-04-21,IE,Plus
USR004191,2024-03-23,IT,Metal
USR004192,2023-01-29,GB,Standard
USR004193,2026-07-24,IT,Premium
USR004194,2023-10-10,PL,Premium
USR004195,2023-09-30,GB,Premium
USR004196,2023-05-28,ES,Standard
USR004197,2025-06-07,PL,Ultra
USR004198,2023-07-19,ES,Ultra
USR004199,2025-07-22,DE,Plus
USR004200,2026-07-22,GB,Metal
USR004201,2025-10-04,FR,Standard
USR004202,2024-03-15,FR,Metal
USR004203,2024-06-26,GB,Standard
USR004204,2026-02-27,ES,Premium
USR004205,2024-04-14,GB,Standard
USR004206,2025-01-22,GB,Premium
USR004207,2024-12-13,FR,Standard
USR004208,2026-03-04,FR,Standard
USR004209,2025-08-29,GB,Standard
USR004210,2024-01-02,ES,Metal
USR004211,2025-10-26,RO,Plus
USR004212,2024-04-22,PL,Standard
USR004213,2025-08-23,DE,Metal
USR004214,2025-09-26,PL,Metal
USR004215,2026-04-27,RO,Plus
USR004216,2025-05-17,DE,Metal
USR004217,2024-07-08,IT,Standard
USR004218,2024-11-04,FR,Standard
USR004219,2025-01-20,CH,Premium
USR004220,2023-01-30,DE,Metal
USR004221,2025-08-16,DE,Plus
USR004222,2023-01-10,ES,Standard
USR004223,2026-02-04,NL,Standard
USR004224,2024-01-03,PL,Standard
USR004225,2025-08-25,ES,Plus
USR004226,2024-05-14,PT,Plus
USR004227,2026-02-01,GB,Standard
USR004228,2025-03-17,GB,Plus
USR004229,2025-02-25,DE,Standard
USR004230,2024-02-20,FR,Standard
USR004231,2023-02-15,GB,Plus
USR004232,2023-11-19,GB,Standard
USR004233,2024-07-03,PL,Standard
USR004234,2026-06-11,GB,Plus
USR004235,2023-07-21,GB,Standard
USR004236,2023-04-14,SE,Plus
USR004237,2025-06-20,ES,Standard
USR004238,2025-07-21,GB,Plus
USR004239,2025-08-03,DE,Metal
USR004240,2024-08-31,DE,Standard
USR004241,2026-07-22,GB,Standard
USR004242,2023-11-08,NL,Premium
USR004243,2026-03-05,GB,Standard
USR004244,2026-05-17,DE,Premium
USR004245,2025-05-03,RO,Standard
USR004246,2023-12-09,GB,Standard
USR004247,2026-01-07,NL,Premium
USR004248,2024-06-08,IE,Standard
USR004249,2025-01-18,NL,Premium
USR004250,2023-09-09,PL,Standard
USR004251,2025-04-22,ES,Plus
USR004252,2024-04-18,IT,Standard
USR004253,2024-12-19,GB,Plus
USR004254,2023-08-04,PL,Standard
USR004255,2026-08-05,CH,Metal
USR004256,2023-02-25,PL,Standard
USR004257,2023-07-17,NL,Standard
USR004258,2024-11-06,GB,Plus
USR004259,2023-10-08,PL,Metal
USR004260,2023-01-17,PL,Metal
USR004261,2026-07-17,PL,Standard
USR004262,2026-05-05,ES,Standard
USR004263,2023-07-03,PL,Metal
USR004264,2023-07-08,RO,Plus
USR004265,2025-08-17,RO,Metal
USR004266,2024-11-03,IE,Premium
USR004267,2026-04-16,IE,Standard
USR004268,2025-06-20,PL,Premium
USR004269,2024-07-17,FR,Standard
USR004270,2023-11-15,GB,Standard
USR004271,2024-04-19,ES,Metal
USR004272,2025-08-13,DE,Standard
USR004273,2025-03-25,FR,Standard
USR004274,2024-06-06,ES,Premium
USR004275,2025-01-07,PT,Standard
USR004276,2023-04-09,PL,Standard
USR004277,2023-11-27,DE,Standard
USR004278,2026-03-11,FR,Standard
USR004279,2023-05-01,PT,Standard
USR004280,2025-11-29,ES,Metal
USR004281,2024-04-27,DE,Standard
USR004282,2025-02-15,GB,Standard
USR004283,2024-07-18,GB,Metal
USR004284,2023-02-04,CH,Standard
USR004285,2024-12-26,GB,Premium
USR004286,2026-03-06,GB,Standard
USR004287,2024-01-31,FR,Plus
USR004288,2026-02-20,PL,Plus
USR004289,2025-06-08,GB,Standard
USR004290,2025-11-23,ES,Premium
USR004291,2023-02-28,GB,Plus
USR004292,2024-01-17,GB,Metal
USR004293,2026-03-03,FR,Metal
USR004294,2024-07-26,IE,Standard
USR004295,2025-09-27,NL,Standard
USR004296,2025-08-27,FR,Plus
USR004297,2023-08-14,GB,Standard
USR004298,2023-09-05,IE,Standard
USR004299,2025-05-04,IE,Standard
USR004300,2024-02-13,GB,Metal
USR004301,2025-06-06,RO,Premium
USR004302,2023-11-13,DE,Standard
USR004303,2025-03-09,ES,Plus
USR004304,2025-01-10,IT,Standard
USR004305,2023-12-20,DE,Standard
USR004306,2025-02-10,PT,Standard
USR004307,2025-10-22,DE,Plus
USR004308,2024-07-28,GB,Standard
USR004309,2023-07-11,GB,Standard
USR004310,2024-06-08,PL,Plus
USR004311,2023-01-29,GB,Standard
USR004312,2024-09-27,DE,Standard
USR004313,2026-07-24,IE,Premium
USR004314,2026-05-03,GB,Standard
USR004315,2024-10-25,IT,Plus
USR004316,2023-01-16,FR,Standard
USR004317,2025-07-15,NL,Standard
USR004318,2025-03-15,ES,Premium
USR004319,2024-01-29,DE,Standard
USR004320,2024-06-19,GB,Standard
USR004321,2024-05-08,RO,Plus
USR004322,2024-06-23,GB,Premium
USR004323,2023-02-10,ES,Standard
USR004324,2024-01-15,SE,Standard
USR004325,2023-02-24,DE,Metal
USR004326,2024-01-22,ES,Plus
USR004327,2026-04-08,FR,Premium
USR004328,2025-01-16,NL,Standard
USR004329,2023-02-01,GB,Standard
USR004330,2024-08-01,GB,Plus
USR004331,2024-05-07,FR,Premium
USR004332,2024-04-25,PT,Ultra
USR004333,2024-11-05,FR,Standard
USR004334,2026-04-10,FR,Standard
USR004335,2026-04-03,GB,Premium
USR004336,2023-08-04,RO,Metal
USR004337,2026-05-20,PT,Standard
USR004338,2026-06-01,FR,Plus
USR004339,2023-02-21,FR,Plus
USR004340,2026-08-26,DE,Standard
USR004341,2023-01-24,GB,Standard
USR004342,2023-04-08,IE,Standard
USR004343,2024-08-13,IT,Standard
USR004344,2026-04-12,PL,Metal
USR004345,2025-09-07,IT,Standard
USR004346,2025-06-18,GB,Premium
USR004347,2025-04-03,GB,Plus
USR004348,2026-02-21,FR,Standard
USR004349,2026-08-23,GB,Premium
USR004350,2024-09-11,FR,Premium
USR004351,2025-01-16,GB,Standard
USR004352,2026-05-10,PT,Standard
USR004353,2023-12-21,SE,Standard
USR004354,2025-04-12,FR,Premium
USR004355,2023-11-27,FR,Standard
USR004356,2025-03-04,IT,Standard
USR004357,2026-03-07,PL,Standard
USR004358,2023-05-23,ES,Plus
USR004359,2024-08-06,ES,Standard
USR004360,2023-08-12,NO,Standard
USR004361,2024-12-09,DE,Plus
USR004362,2024-01-22,IE,Metal
USR004363,2025-01-26,DE,Metal
USR004364,2023-11-07,DE,Standard
USR004365,2024-07-21,GB,Standard
USR004366,2023-07-14,GB,Premium
USR004367,2023-01-03,GB,Standard
USR004368,2023-09-15,PL,Premium
USR004369,2025-02-15,DE,Premium
USR004370,2026-06-20,RO,Metal
USR004371,2025-12-24,IE,Standard
USR004372,2026-03-18,CH,Plus
USR004373,2023-11-22,SE,Standard
USR004374,2026-05-19,GB,Plus
USR004375,2023-01-30,PL,Standard
USR004376,2023-03-27,NL,Standard
USR004377,2024-02-08,RO,Standard
USR004378,2024-09-09,IT,Standard
USR004379,2024-01-05,GB,Premium
USR004380,2023-07-03,PT,Premium
USR004381,2025-06-29,NL,Plus
USR004382,2026-05-24,FR,Standard
USR004383,2025-08-31,NL,Standard
USR004384,2025-05-21,IT,Plus
USR004385,2026-01-04,FR,Standard
USR004386,2023-10-28,SE,Metal
USR004387,2024-09-04,GB,Metal
USR004388,2023-10-29,ES,Plus
USR004389,2023-10-11,FR,Metal
USR004390,2026-03-22,IE,Standard
USR004391,2024-07-16,IT,Premium
USR004392,2023-11-13,GB,Standard
USR004393,2025-06-22,ES,Standard
USR004394,2024-06-21,RO,Standard
USR004395,2023-07-14,FR,Standard
USR004396,2023-10-11,IE,Standard
USR004397,2025-01-11,IT,Standard
USR004398,2026-03-20,NL,Plus
USR004399,2024-07-19,GB,Standard
USR004400,2026-03-10,DE,Premium
USR004401,2023-05-05,IE,Premium
USR004402,2023-02-04,GB,Standard
USR004403,2024-06-04,NL,Plus
USR004404,2023-10-01,DE,Standard
USR004405,2024-07-17,GB,Standard
USR004406,2023-11-17,GB,Standard
USR004407,2026-02-01,ES,Standard
USR004408,2024-12-03,GB,Standard
USR004409,2025-01-19,DE,Standard
USR004410,2024-06-07,NL,Standard
USR004411,2026-02-09,IT,Standard
USR004412,2025-02-06,NL,Metal
USR004413,2025-06-08,DE,Metal
USR004414,2026-08-10,GB,Standard
USR004415,2024-01-25,NL,Standard
USR004416,2023-05-22,GB,Standard
USR004417,2023-08-27,DE,Plus
USR004418,2023-08-27,PT,Standard
USR004419,2023-10-03,IT,Plus
USR004420,2026-05-28,GB,Metal
USR004421,2024-05-05,PL,Premium
USR004422,2024-09-13,IE,Plus
USR004423,2024-01-08,PL,Premium
USR004424,2024-11-16,DE,Plus
USR004425,2024-01-31,GB,Premium
USR004426,2024-12-06,GB,Metal
USR004427,2023-05-21,GB,Standard
USR004428,2024-08-14,GB,Plus
USR004429,2025-07-18,PL,Standard
USR004430,2026-01-07,DE,Premium
USR004431,2025-06-14,PT,Plus
USR004432,2025-01-12,SE,Standard
USR004433,2023-01-18,NL,Premium
USR004434,2024-05-23,NL,Premium
USR004435,2025-04-16,NL,Standard
USR004436,2023-04-13,IT,Standard
USR004437,2025-05-16,GB,Plus
USR004438,2026-04-21,GB,Metal
USR004439,2025-04-30,PL,Standard
USR004440,2025-10-08,GB,Premium
USR004441,2026-05-29,IT,Standard
USR004442,2023-08-08,PL,Metal
USR004443,2025-01-06,CH,Standard
USR004444,2024-08-19,GB,Premium
USR004445,2025-07-15,IE,Standard
USR004446,2023-03-14,GB,Premium
USR004447,2026-05-22,FR,Plus
USR004448,2023-05-06,ES,Premium
USR004449,2024-01-07,IE,Standard
USR004450,2025-01-18,RO,Premium
USR004451,2026-02-24,RO,Standard
USR004452,2025-01-11,NO,Metal
USR004453,2025-11-23,NL,Standard
USR004454,2026-04-22,PL,Plus
USR004455,2024-05-25,FR,Standard
USR004456,2023-09-24,FR,Standard
USR004457,2025-12-18,GB,Standard
USR004458,2024-06-28,CH,Premium
USR004459,2025-04-20,DE,Standard
USR004460,2023-12-18,FR,Plus
USR004461,2025-02-08,GB,Standard
USR004462,2025-09-20,IE,Standard
USR004463,2024-03-14,NO,Standard
USR004464,2024-04-09,GB,Standard
USR004465,2026-02-02,GB,Standard
USR004466,2025-10-24,GB,Plus
USR004467,2024-01-25,IT,Premium
USR004468,2023-12-14,DE,Standard
USR004469,2024-09-14,RO,Standard
USR004470,2026-03-19,PL,Metal
USR004471,2024-12-15,GB,Standard
USR004472,2025-05-01,NL,Standard
USR004473,2024-05-13,IE,Plus
USR004474,2026-07-29,GB,Premium
USR004475,2026-06-10,IE,Standard
USR004476,2025-03-27,FR,Standard
USR004477,2024-07-05,NO,Premium
USR004478,2024-05-19,IT,Standard
USR004479,2024-08-16,RO,Plus
USR004480,2025-09-21,FR,Ultra
USR004481,2025-01-30,IT,Standard
USR004482,2024-08-30,DE,Standard
USR004483,2025-01-16,IE,Plus
USR004484,2026-02-05,CH,Metal
USR004485,2025-03-10,GB,Standard
USR004486,2023-11-23,GB,Metal
USR004487,2023-03-21,ES,Plus
USR004488,2023-04-06,IT,Standard
USR004489,2023-08-15,PT,Standard
USR004490,2025-08-31,ES,Standard
USR004491,2025-01-27,IE,Plus
USR004492,2023-04-11,IE,Plus
USR004493,2024-05-19,GB,Standard
USR004494,2023-11-09,ES,Premium
USR004495,2024-11-17,IT,Standard
USR004496,2025-12-15,GB,Ultra
USR004497,2025-07-19,CH,Metal
USR004498,2025-12-16,IT,Standard
USR004499,2024-01-15,GB,Premium
USR004500,2025-03-07,IE,Standard
USR004501,2024-03-17,IE,Standard
USR004502,2024-01-08,GB,Standard
USR004503,2023-08-23,GB,Standard
USR004504,2025-03-13,GB,Standard
USR004505,2025-06-05,DE,Standard
USR004506,2023-01-05,GB,Premium
USR004507,2023-03-29,PL,Plus
USR004508,2024-05-28,IE,Ultra
USR004509,2026-04-27,PL,Standard
USR004510,2025-05-03,DE,Standard
USR004511,2025-11-04,IT,Premium
USR004512,2024-03-01,IE,Metal
USR004513,2025-12-25,ES,Standard
USR004514,2024-10-08,NL,Premium
USR004515,2023-01-27,GB,Standard
USR004516,2024-02-29,PL,Plus
USR004517,2024-09-01,DE,Standard
USR004518,2025-12-25,IT,Standard
USR004519,2024-07-28,RO,Premium
USR004520,2023-12-02,DE,Premium
USR004521,2024-03-29,GB,Standard
USR004522,2024-12-12,PT,Premium
USR004523,2025-03-18,GB,Standard
USR004524,2024-03-29,DE,Standard
USR004525,2025-09-19,PT,Standard
USR004526,2025-03-12,PL,Plus
USR004527,2023-01-02,DE,Standard
USR004528,2025-10-19,ES,Standard
USR004529,2025-06-08,PL,Plus
USR004530,2024-05-05,IE,Metal
USR004531,2023-03-03,RO,Premium
USR004532,2024-06-11,NL,Premium
USR004533,2026-01-02,IE,Standard
USR004534,2023-02-03,GB,Standard
USR004535,2025-01-15,FR,Premium
USR004536,2023-02-11,DE,Standard
USR004537,2026-01-04,FR,Standard
USR004538,2024-10-23,DE,Standard
USR004539,2026-02-08,GB,Standard
USR004540,2026-03-15,ES,Metal
USR004541,2026-07-05,DE,Standard
USR004542,2023-07-28,IT,Standard
USR004543,2025-05-14,GB,Standard
USR004544,2026-03-24,PL,Plus
USR004545,2024-04-01,ES,Plus
USR004546,2025-08-19,RO,Metal
USR004547,2023-09-12,GB,Premium
USR004548,2023-02-19,FR,Standard
USR004549,2026-04-29,GB,Standard
USR004550,2025-03-27,FR,Standard
USR004551,2023-10-03,GB,Premium
USR004552,2026-06-07,FR,Premium
USR004553,2025-03-19,IE,Plus
USR004554,2025-12-19,ES,Premium
USR004555,2026-01-11,DE,Standard
USR004556,2026-05-10,DE,Premium
USR004557,2024-12-03,SE,Metal
USR004558,2025-11-29,GB,Standard
USR004559,2023-01-03,DE,Premium
USR004560,2025-09-16,GB,Metal
USR004561,2025-11-11,GB,Metal
USR004562,2024-05-11,PL,Standard
USR004563,2024-07-29,IE,Metal
USR004564,2025-09-27,CH,Standard
USR004565,2024-05-16,PT,Plus
USR004566,2025-08-06,GB,Standard
USR004567,2023-10-23,RO,Standard
USR004568,2024-03-13,GB,Metal
USR004569,2024-03-24,DE,Ultra
USR004570,2026-02-13,IE,Standard
USR004571,2023-08-21,GB,Plus
USR004572,2025-10-20,DE,Standard
USR004573,2026-04-19,RO,Standard
USR004574,2024-06-23,PL,Standard
USR004575,2025-09-26,RO,Standard
USR004576,2025-04-10,FR,Standard
USR004577,2026-01-28,PT,Standard
USR004578,2024-10-27,GB,Standard
USR004579,2025-10-02,GB,Standard
USR004580,2023-12-10,ES,Metal
USR004581,2023-01-14,GB,Standard
USR004582,2023-01-08,NL,Standard
USR004583,2024-04-16,CH,Ultra
USR004584,2025-11-03,GB,Standard
USR004585,2023-06-13,NL,Plus
USR004586,2024-05-28,ES,Standard
USR004587,2024-01-11,NL,Plus
USR004588,2026-07-20,IE,Premium
USR004589,2023-07-22,ES,Premium
USR004590,2026-01-18,GB,Standard
USR004591,2023-03-21,GB,Standard
USR004592,2025-10-13,GB,Standard
USR004593,2025-06-04,FR,Standard
USR004594,2024-05-31,FR,Standard
USR004595,2024-03-30,DE,Plus
USR004596,2024-01-11,CH,Standard
USR004597,2025-03-05,NL,Metal
USR004598,2024-01-11,RO,Standard
USR004599,2023-11-14,NL,Standard
USR004600,2025-08-13,IT,Standard
USR004601,2023-12-05,PL,Plus
USR004602,2026-07-26,GB,Standard
USR004603,2024-10-31,NL,Standard
USR004604,2023-12-23,DE,Standard
USR004605,2024-10-15,SE,Standard
USR004606,2023-01-25,IE,Standard
USR004607,2026-04-22,PL,Standard
USR004608,2024-04-17,GB,Plus
USR004609,2023-12-23,DE,Standard
USR004610,2025-03-21,FR,Standard
USR004611,2024-12-14,FR,Metal
USR004612,2025-09-24,GB,Metal
USR004613,2026-07-11,DE,Plus
USR004614,2023-07-09,GB,Standard
USR004615,2025-06-29,GB,Metal
USR004616,2024-02-23,SE,Standard
USR004617,2025-06-05,PL,Metal
USR004618,2023-04-16,PT,Standard
USR004619,2025-03-22,IT,Standard
USR004620,2026-08-02,IE,Standard
USR004621,2025-06-14,GB,Standard
USR004622,2025-01-08,IT,Premium
USR004623,2023-12-24,GB,Standard
USR004624,2026-05-22,ES,Standard
USR004625,2023-03-26,GB,Metal
USR004626,2025-03-21,IE,Standard
USR004627,2026-07-03,IT,Metal
USR004628,2023-04-11,NL,Standard
USR004629,2024-01-03,DE,Standard
USR004630,2024-05-26,DE,Standard
USR004631,2025-05-13,NL,Metal
USR004632,2025-09-09,DE,Standard
USR004633,2024-07-26,GB,Standard
USR004634,2024-10-20,DE,Metal
USR004635,2023-06-01,PL,Standard
USR004636,2023-12-19,GB,Premium
USR004637,2024-11-16,GB,Standard
USR004638,2025-05-23,ES,Premium
USR004639,2024-10-05,GB,Plus
USR004640,2023-10-15,FR,Metal
USR004641,2026-01-05,GB,Standard
USR004642,2025-04-26,ES,Standard
USR004643,2024-01-23,GB,Standard
USR004644,2024-03-09,IT,Standard
USR004645,2026-02-13,DE,Metal
USR004646,2026-06-21,FR,Standard
USR004647,2026-04-19,PL,Premium
USR004648,2024-02-06,PT,Standard
USR004649,2025-05-08,RO,Standard
USR004650,2023-07-26,FR,Standard
USR004651,2025-12-02,GB,Premium
USR004652,2026-08-06,ES,Standard
USR004653,2024-04-17,ES,Standard
USR004654,2026-08-04,PT,Premium
USR004655,2026-06-08,GB,Premium
USR004656,2025-11-12,DE,Premium
USR004657,2026-06-22,ES,Plus
USR004658,2025-06-25,GB,Standard
USR004659,2026-05-23,GB,Standard
USR004660,2024-06-02,DE,Premium
USR004661,2023-07-26,DE,Plus
USR004662,2026-04-13,GB,Metal
USR004663,2024-01-24,PL,Ultra
USR004664,2023-03-31,PL,Standard
USR004665,2026-06-16,DE,Premium
USR004666,2023-11-22,PL,Standard
USR004667,2023-07-01,DE,Standard
USR004668,2023-05-19,NL,Premium
USR004669,2023-03-01,IE,Standard
USR004670,2024-03-12,GB,Standard
USR004671,2023-05-25,RO,Metal
USR004672,2026-06-15,FR,Standard
USR004673,2026-07-22,PT,Standard
USR004674,2025-12-18,GB,Standard
USR004675,2026-07-23,PL,Plus
USR004676,2026-04-25,GB,Standard
USR004677,2025-01-03,DE,Metal
USR004678,2025-09-21,FR,Standard
USR004679,2026-03-10,NL,Standard
USR004680,2024-05-12,NL,Standard
USR004681,2024-09-16,IE,Standard
USR004682,2023-05-06,GB,Standard
USR004683,2025-10-26,FR,Standard
USR004684,2026-03-01,IE,Metal
USR004685,2023-08-10,FR,Plus
USR004686,2024-04-08,GB,Standard
USR004687,2024-07-26,FR,Standard
USR004688,2024-04-19,GB,Standard
USR004689,2023-09-10,DE,Standard
USR004690,2023-02-21,PL,Metal
USR004691,2025-07-26,PL,Metal
USR004692,2024-09-27,IE,Standard
USR004693,2023-04-03,IE,Premium
USR004694,2023-02-24,IE,Premium
USR004695,2024-04-26,PL,Standard
USR004696,2024-05-18,PL,Plus
USR004697,2026-07-31,IT,Metal
USR004698,2024-11-01,IE,Plus
USR004699,2026-04-16,NL,Metal
USR004700,2026-07-07,FR,Metal
USR004701,2024-02-19,PL,Standard
USR004702,2025-06-25,GB,Plus
USR004703,2024-05-10,GB,Plus
USR004704,2025-11-18,DE,Standard
USR004705,2024-05-11,ES,Metal
USR004706,2023-10-13,DE,Standard
USR004707,2024-03-16,FR,Standard
USR004708,2023-06-14,IT,Standard
USR004709,2024-05-22,FR,Metal
USR004710,2026-06-20,GB,Ultra
USR004711,2025-04-10,NL,Standard
USR004712,2025-11-21,IT,Premium
USR004713,2025-01-18,PL,Standard
USR004714,2025-12-12,GB,Plus
USR004715,2025-10-14,NL,Standard
USR004716,2025-02-14,ES,Standard
USR004717,2025-04-17,PL,Plus
USR004718,2024-05-26,DE,Standard
USR004719,2023-07-11,FR,Standard
USR004720,2024-04-09,IT,Standard
USR004721,2024-11-25,PL,Standard
USR004722,2023-08-12,GB,Plus
USR004723,2025-10-25,GB,Standard
USR004724,2023-02-19,NL,Premium
USR004725,2024-10-01,CH,Standard
USR004726,2023-06-14,GB,Standard
USR004727,2025-09-12,IT,Standard
USR004728,2024-05-05,RO,Standard
USR004729,2023-09-12,IT,Standard
USR004730,2023-05-14,DE,Premium
USR004731,2025-01-01,FR,Standard
USR004732,2024-01-23,IE,Standard
USR004733,2023-03-05,GB,Standard
USR004734,2024-01-27,GB,Premium
USR004735,2025-10-21,GB,Metal
USR004736,2025-06-11,GB,Plus
USR004737,2026-05-31,GB,Standard
USR004738,2025-09-13,GB,Standard
USR004739,2026-07-10,GB,Standard
USR004740,2026-05-07,PL,Standard
USR004741,2026-04-04,IT,Plus
USR004742,2025-06-17,PL,Metal
USR004743,2024-01-14,PT,Standard
USR004744,2023-08-07,GB,Premium
USR004745,2025-02-27,GB,Standard
USR004746,2023-09-19,DE,Standard
USR004747,2026-02-16,FR,Standard
USR004748,2023-02-15,PT,Premium
USR004749,2024-07-26,GB,Ultra
USR004750,2023-07-07,GB,Premium
USR004751,2026-04-25,GB,Standard
USR004752,2025-03-07,GB,Premium
USR004753,2023-07-21,FR,Plus
USR004754,2026-05-17,PT,Standard
USR004755,2025-04-17,PT,Ultra
USR004756,2025-01-23,ES,Standard
USR004757,2024-05-10,IE,Premium
USR004758,2023-10-01,NL,Metal
USR004759,2024-02-14,IT,Plus
USR004760,2024-07-25,FR,Standard
USR004761,2023-12-18,DE,Premium
USR004762,2024-01-11,FR,Standard
USR004763,2023-08-17,GB,Metal
USR004764,2025-08-22,GB,Standard
USR004765,2025-10-01,SE,Plus
USR004766,2023-03-19,GB,Metal
USR004767,2026-04-15,FR,Standard
USR004768,2024-02-01,ES,Metal
USR004769,2024-09-08,ES,Standard
USR004770,2026-04-06,ES,Standard
USR004771,2025-08-02,PT,Standard
USR004772,2023-02-11,RO,Plus
USR004773,2024-12-05,PL,Standard
USR004774,2024-07-13,FR,Ultra
USR004775,2025-12-05,GB,Standard
USR004776,2023-11-11,PL,Standard
USR004777,2026-02-04,GB,Standard
USR004778,2025-04-10,NL,Plus
USR004779,2024-09-17,ES,Standard
USR004780,2025-08-14,DE,Standard
USR004781,2025-04-16,RO,Standard
USR004782,2024-11-30,IT,Premium
USR004783,2024-04-21,FR,Standard
USR004784,2023-10-04,PT,Plus
USR004785,2025-12-29,DE,Standard
USR004786,2023-12-05,FR,Standard
USR004787,2023-03-20,DE,Standard
USR004788,2024-03-01,FR,Standard
USR004789,2025-10-28,GB,Premium
USR004790,2025-07-11,CH,Premium
USR004791,2025-07-16,FR,Standard
USR004792,2024-03-30,GB,Ultra
USR004793,2025-05-19,GB,Standard
USR004794,2024-09-11,GB,Standard
USR004795,2025-08-19,PL,Metal
USR004796,2026-02-13,GB,Standard
USR004797,2025-03-07,GB,Standard
USR004798,2024-10-23,GB,Standard
USR004799,2025-01-31,IT,Standard
USR004800,2025-02-06,RO,Standard
USR004801,2024-04-29,FR,Plus
USR004802,2025-03-08,GB,Standard
USR004803,2025-06-13,DE,Plus
USR004804,2026-02-25,GB,Standard
USR004805,2025-03-08,IT,Premium
USR004806,2024-06-23,GB,Metal
USR004807,2024-01-06,FR,Plus
USR004808,2026-07-24,FR,Standard
USR004809,2024-02-07,NL,Standard
USR004810,2024-10-08,GB,Standard
USR004811,2023-12-09,DE,Standard
USR004812,2023-04-06,PL,Premium
USR004813,2024-07-14,IE,Plus
USR004814,2024-03-26,DE,Standard
USR004815,2023-08-02,IT,Standard
USR004816,2023-11-04,FR,Standard
USR004817,2023-08-17,GB,Standard
USR004818,2025-08-15,FR,Standard
USR004819,2023-06-30,GB,Premium
USR004820,2024-04-09,PT,Premium
USR004821,2024-11-28,DE,Standard
USR004822,2026-02-21,ES,Standard
USR004823,2024-12-10,NL,Standard
USR004824,2026-03-03,PL,Metal
USR004825,2023-01-14,PL,Standard
USR004826,2024-03-26,ES,Standard
USR004827,2025-07-01,IT,Premium
USR004828,2026-04-09,ES,Standard
USR004829,2026-05-06,GB,Standard
USR004830,2025-05-17,PL,Metal
USR004831,2023-06-12,DE,Plus
USR004832,2023-02-21,IT,Standard
USR004833,2025-09-02,GB,Premium
USR004834,2025-07-10,IT,Plus
USR004835,2024-05-04,NL,Standard
USR004836,2025-08-08,SE,Standard
USR004837,2023-08-08,GB,Standard
USR004838,2023-09-13,FR,Premium
USR004839,2026-07-30,IT,Standard
USR004840,2024-05-23,NL,Plus
USR004841,2023-08-06,ES,Standard
USR004842,2023-10-23,NL,Standard
USR004843,2024-06-17,DE,Premium
USR004844,2026-02-12,GB,Plus
USR004845,2025-07-04,ES,Premium
USR004846,2026-01-31,ES,Standard
USR004847,2023-07-30,GB,Metal
USR004848,2025-05-09,IT,Premium
USR004849,2025-01-24,PL,Standard
USR004850,2024-09-21,IE,Premium
USR004851,2023-04-04,DE,Plus
USR004852,2026-05-01,RO,Metal
USR004853,2024-06-26,ES,Standard
USR004854,2025-04-15,GB,Ultra
USR004855,2024-06-06,FR,Plus
USR004856,2023-01-15,ES,Premium
USR004857,2023-01-05,IT,Metal
USR004858,2025-12-17,GB,Standard
USR004859,2026-03-03,GB,Premium
USR004860,2024-01-24,DE,Premium
USR004861,2024-09-09,GB,Plus
USR004862,2025-08-19,DE,Premium
USR004863,2026-07-14,IT,Standard
USR004864,2024-04-30,PT,Premium
USR004865,2025-02-26,PL,Metal
USR004866,2024-10-27,GB,Plus
USR004867,2025-04-18,NL,Standard
USR004868,2025-03-17,GB,Metal
USR004869,2023-05-16,GB,Standard
USR004870,2025-08-15,DE,Premium
USR004871,2024-01-18,FR,Standard
USR004872,2023-08-15,FR,Standard
USR004873,2023-06-18,PL,Standard
USR004874,2023-04-13,GB,Standard
USR004875,2023-07-08,DE,Standard
USR004876,2025-04-13,FR,Standard
USR004877,2023-09-15,DE,Standard
USR004878,2024-04-15,GB,Metal
USR004879,2023-11-17,GB,Metal
USR004880,2023-10-21,ES,Standard
USR004881,2026-08-09,RO,Standard
USR004882,2025-12-02,IE,Metal
USR004883,2024-11-21,GB,Standard
USR004884,2025-06-18,PL,Ultra
USR004885,2024-11-25,GB,Plus
USR004886,2024-01-13,DE,Standard
USR004887,2024-08-07,DE,Standard
USR004888,2026-05-16,RO,Metal
USR004889,2026-06-15,IT,Ultra
USR004890,2024-08-20,GB,Standard
USR004891,2023-08-23,DE,Standard
USR004892,2025-04-22,ES,Standard
USR004893,2024-06-18,ES,Ultra
USR004894,2024-08-30,DE,Premium
USR004895,2023-06-02,DE,Plus
USR004896,2025-10-30,GB,Standard
USR004897,2026-07-03,ES,Premium
USR004898,2023-04-13,NL,Plus
USR004899,2023-03-23,GB,Standard
USR004900,2023-10-10,ES,Premium
USR004901,2023-08-23,DE,Metal
USR004902,2023-06-25,GB,Standard
USR004903,2025-10-22,GB,Ultra
USR004904,2023-02-05,PL,Premium
USR004905,2023-06-09,GB,Standard
USR004906,2025-07-03,FR,Standard
USR004907,2024-04-27,IT,Ultra
USR004908,2024-06-15,GB,Standard
USR004909,2025-07-10,RO,Premium
USR004910,2024-10-05,ES,Metal
USR004911,2024-02-09,PT,Standard
USR004912,2023-05-26,FR,Metal
USR004913,2024-05-08,GB,Ultra
USR004914,2025-10-18,NL,Premium
USR004915,2026-05-02,PT,Ultra
USR004916,2025-08-19,DE,Standard
USR004917,2023-04-16,GB,Standard
USR004918,2024-12-13,PT,Standard
USR004919,2023-05-12,NL,Standard
USR004920,2023-08-24,GB,Standard
USR004921,2025-05-05,GB,Metal
USR004922,2024-05-24,FR,Standard
USR004923,2025-07-31,GB,Plus
USR004924,2026-03-27,FR,Metal
USR004925,2023-11-13,IT,Premium
USR004926,2023-12-25,GB,Metal
USR004927,2023-01-28,GB,Standard
USR004928,2025-09-05,IT,Standard
USR004929,2025-03-07,NL,Standard
USR004930,2024-06-05,PL,Plus
USR004931,2024-11-25,ES,Premium
USR004932,2024-02-12,NL,Standard
USR004933,2025-11-27,DE,Metal
USR004934,2026-06-20,GB,Plus
USR004935,2024-04-29,GB,Standard
USR004936,2026-04-10,FR,Standard
USR004937,2024-06-03,FR,Standard
USR004938,2023-09-03,GB,Plus
USR004939,2026-03-06,IE,Metal
USR004940,2026-06-04,GB,Premium
USR004941,2023-05-19,GB,Metal
USR004942,2025-11-10,GB,Plus
USR004943,2025-02-27,GB,Premium
USR004944,2025-06-25,GB,Premium
USR004945,2024-06-19,IT,Standard
USR004946,2023-05-13,GB,Standard
USR004947,2024-05-18,PT,Plus
USR004948,2026-03-26,GB,Standard
USR004949,2024-02-29,PT,Premium
USR004950,2023-12-24,CH,Standard
USR004951,2023-02-21,GB,Premium
USR004952,2025-10-31,ES,Metal
USR004953,2024-06-21,FR,Standard
USR004954,2025-06-11,FR,Plus
USR004955,2023-01-03,CH,Standard
USR004956,2024-12-30,GB,Standard
USR004957,2023-01-08,RO,Metal
USR004958,2023-03-26,PT,Standard
USR004959,2025-04-08,ES,Metal
USR004960,2025-01-25,GB,Standard
USR004961,2025-07-16,ES,Standard
USR004962,2024-04-12,DE,Standard
USR004963,2025-07-22,GB,Standard
USR004964,2023-03-21,IE,Plus
USR004965,2024-07-08,PT,Standard
USR004966,2024-03-16,FR,Premium
USR004967,2026-01-15,NL,Standard
USR004968,2024-02-06,DE,Standard
USR004969,2024-03-11,GB,Plus
USR004970,2023-12-24,DE,Premium
USR004971,2023-05-17,IT,Standard
USR004972,2023-07-22,GB,Metal
USR004973,2025-06-16,IE,Standard
USR004974,2024-11-27,PT,Ultra
USR004975,2023-10-14,PL,Standard
USR004976,2025-06-16,FR,Standard
USR004977,2025-11-12,GB,Metal
USR004978,2024-01-02,NL,Standard
USR004979,2023-10-08,NL,Standard
USR004980,2026-05-25,GB,Premium
USR004981,2024-12-20,DE,Standard
USR004982,2024-05-31,PT,Standard
USR004983,2024-04-01,GB,Plus
USR004984,2023-08-21,PL,Premium
USR004985,2026-01-29,IE,Standard
USR004986,2025-09-18,GB,Standard
USR004987,2024-03-20,GB,Standard
USR004988,2023-04-28,NL,Premium
USR004989,2023-12-15,PT,Metal
USR004990,2026-01-07,NL,Standard
USR004991,2026-01-31,GB,Standard
USR004992,2025-10-26,DE,Premium
USR004993,2026-05-12,DE,Premium
USR004994,2026-02-22,DE,Standard
USR004995,2023-11-10,ES,Standard
USR004996,2025-10-15,ES,Standard
USR004997,2023-06-16,ES,Plus
USR004998,2024-02-19,IT,Metal
USR004999,2023-02-27,GB,Standard
USR005000,2026-08-01,PL,Ultra
